Agent,Prior,Target,Score,SMILES,SMILES_state,Input_Scaffold,R-groups,Scaffold,TTBK1_dock,TTBK1_dock (raw),MAOB_dock,MAOB_dock (raw),SA_score,SA_score (raw),step,chunk,global_step
36.5636,37.8063,-37.7982,6.29e-05,CC1=C2CC(c3ccc(-c4oc5cc(O)cc(O)c5c(=O)c4O)cc3C)C(C3C(=O)c4cc(O)cc(O)c4C3=O)C(C)C2=CCC1,1,[*]c1c([*])cc(-c2oc3cc(O)cc(O)c3c(=O)c2O)cc1,C1C2=C(C)CCC=C2C(C)C(C2C(=O)c3c(c(O)cc(O)c3)C2=O)C1*|C*,O=C1c2ccccc2C(=O)C1C1CC2=CCCC=C2CC1c1ccc(-c2cc(=O)c3ccccc3o2)cc1,1e-05,0.0,1e-05,0.0,0.0982271,4.7703,1,1,1
17.2118,16.5256,52.9742,0.5429667,C=CC(C)=CCNc1ccc(-c2oc3cc(O)cc(O)c3c(=O)c2O)cc1C,1,[*]c1c([*])cc(-c2oc3cc(O)cc(O)c3c(=O)c2O)cc1,N(CC=C(C=C)C)*|C*,O=c1cc(-c2ccccc2)oc2ccccc12,0.2301582,7.161,0.9677691,10.364,0.9511951,2.9682,1,1,1
4.8015,3.784,82.2557,0.6721856,Cc1ccc(-c2oc3cc(O)cc(O)c3c(=O)c2O)cc1N,1,[*]c1c([*])cc(-c2oc3cc(O)cc(O)c3c(=O)c2O)cc1,*C|N*,O=c1cc(-c2ccccc2)oc2ccccc12,0.4075337,7.74,0.9155353,9.656,0.9857547,2.5279,1,1,1
5.0163,4.9586,65.3818,0.5495346,Cc1cc(-c2oc3cc(O)cc(O)c3c(=O)c2O)ccc1N,1,[*]c1c([*])cc(-c2oc3cc(O)cc(O)c3c(=O)c2O)cc1,*N|*C,O=c1cc(-c2ccccc2)oc2ccccc12,0.2434194,7.212,0.926216,9.758,0.985917,2.5239,1,1,1
8.0715,8.2167,50.6364,0.4597898,CCNc1cc(-c2oc3cc(O)cc(O)c3c(=O)c2O)ccc1C,1,[*]c1c([*])cc(-c2oc3cc(O)cc(O)c3c(=O)c2O)cc1,*C|CCN*,O=c1cc(-c2ccccc2)oc2ccccc12,0.1633656,6.865,0.8836764,9.409,0.9860268,2.5211,1,1,1
4.8142,5.6267,72.946,0.6138494,Nc1ccc(-c2oc3cc(O)cc(O)c3c(=O)c2O)cc1N,1,[*]c1c([*])cc(-c2oc3cc(O)cc(O)c3c(=O)c2O)cc1,*N|*N,O=c1cc(-c2ccccc2)oc2ccccc12,0.3386784,7.535,0.8802304,9.386,0.9807119,2.635,1,1,1
2.8656,2.1773,75.7824,0.6090601,Cc1ccc(-c2oc3cc(O)cc(O)c3c(=O)c2O)cc1C,1,[*]c1c([*])cc(-c2oc3cc(O)cc(O)c3c(=O)c2O)cc1,*C|C*,O=c1cc(-c2ccccc2)oc2ccccc12,0.302655,7.42,0.9610725,10.228,0.9905877,2.3822,1,1,1
22.2312,20.8096,-19.9832,0.0064558,Cc1cc(-c2oc3cc(O)cc(O)c3c(=O)c2O)ccc1C1=C(C(=O)O)C(O)C(O)C(O)C1,1,[*]c1c([*])cc(-c2oc3cc(O)cc(O)c3c(=O)c2O)cc1,C1C(O)C(O)C(O)C(C(O)=O)=C1*|*C,O=c1cc(-c2ccc(C3=CCCCC3)cc2)oc2ccccc12,0.471608,7.921,1e-05,0.0,0.5042017,3.9942,1,1,1
3.4969,2.2496,-2.2496,0.0,Cc1ccc(-c2oc3cc(O)cc(O)c3c(=O)c2O)cc1C,2,[*]c1c([*])cc(-c2oc3cc(O)cc(O)c3c(=O)c2O)cc1,C*|C*,O=c1cc(-c2ccccc2)oc2ccccc12,0.0,7.42,0.0,10.228,0.0,2.3822,1,1,1
4.4019,4.8037,-4.8037,0.0,Cc1cc(-c2oc3cc(O)cc(O)c3c(=O)c2O)ccc1N,2,[*]c1c([*])cc(-c2oc3cc(O)cc(O)c3c(=O)c2O)cc1,N*|*C,O=c1cc(-c2ccccc2)oc2ccccc12,0.0,7.212,0.0,9.758,0.0,2.5239,1,1,1
5.4878,5.4838,-5.4838,0.0,Nc1ccc(-c2oc3cc(O)cc(O)c3c(=O)c2O)cc1N,2,[*]c1c([*])cc(-c2oc3cc(O)cc(O)c3c(=O)c2O)cc1,N*|*N,O=c1cc(-c2ccccc2)oc2ccccc12,0.0,7.535,0.0,9.386,0.0,2.635,1,1,1
17.0408,16.588,68.4527,0.6643807,CC1=CCCC(Cc2ccc(-c3oc4cc(O)cc(O)c4c(=O)c3O)cc2C)=C1C,1,[*]c1c([*])cc(-c2oc3cc(O)cc(O)c3c(=O)c2O)cc1,C1CC=C(C)C(C)=C1C*|C*,O=c1cc(-c2ccc(CC3=CC=CCC3)cc2)oc2ccccc12,0.5097129,8.027,0.7296779,8.69,0.9357749,3.0692,1,1,1
2.3034,2.1498,-2.1498,0.0,Cc1ccc(-c2oc3cc(O)cc(O)c3c(=O)c2O)cc1C,2,[*]c1c([*])cc(-c2oc3cc(O)cc(O)c3c(=O)c2O)cc1,*C|*C,O=c1cc(-c2ccccc2)oc2ccccc12,0.0,7.42,0.0,10.228,0.0,2.3822,1,1,1
2.4921,2.1498,-2.1498,0.0,Cc1ccc(-c2oc3cc(O)cc(O)c3c(=O)c2O)cc1C,2,[*]c1c([*])cc(-c2oc3cc(O)cc(O)c3c(=O)c2O)cc1,*C|*C,O=c1cc(-c2ccccc2)oc2ccccc12,0.0,7.42,0.0,10.228,0.0,2.3822,1,1,1
13.7497,12.8646,65.4618,0.6119249,CC(C)=CCCC(C)=CCc1ccc(-c2oc3cc(O)cc(O)c3c(=O)c2O)cc1C,1,[*]c1c([*])cc(-c2oc3cc(O)cc(O)c3c(=O)c2O)cc1,C(C)(C)=CCCC(=CC*)C|C*,O=c1cc(-c2ccccc2)oc2ccccc12,0.3211831,7.48,0.933708,9.838,0.954033,2.9463,1,1,1
2.153,2.1498,-2.1498,0.0,Cc1ccc(-c2oc3cc(O)cc(O)c3c(=O)c2O)cc1C,2,[*]c1c([*])cc(-c2oc3cc(O)cc(O)c3c(=O)c2O)cc1,*C|*C,O=c1cc(-c2ccccc2)oc2ccccc12,0.0,7.42,0.0,10.228,0.0,2.3822,1,1,1
5.9712,5.6267,-5.6267,0.0,Nc1ccc(-c2oc3cc(O)cc(O)c3c(=O)c2O)cc1N,2,[*]c1c([*])cc(-c2oc3cc(O)cc(O)c3c(=O)c2O)cc1,*N|*N,O=c1cc(-c2ccccc2)oc2ccccc12,0.0,7.535,0.0,9.386,0.0,2.635,1,1,1
5.2781,4.9586,-4.9586,0.0,Cc1cc(-c2oc3cc(O)cc(O)c3c(=O)c2O)ccc1N,2,[*]c1c([*])cc(-c2oc3cc(O)cc(O)c3c(=O)c2O)cc1,*N|*C,O=c1cc(-c2ccccc2)oc2ccccc12,0.0,7.212,0.0,9.758,0.0,2.5239,1,1,1
30.5574,26.1147,-26.1036,8.73e-05,CC1=NC(C)C(C=Cc2cc(C)c(-c3ccc(-c4oc5cc(O)cc(O)c5c(=O)c4O)cc3C)c(O)c2)=NN1,1,[*]c1c([*])cc(-c2oc3cc(O)cc(O)c3c(=O)c2O)cc1,C1(C)=NC(C)C(C=Cc2cc(C)c(*)c(O)c2)=NN1|*C,O=c1cc(-c2ccc(-c3ccc(C=CC4=NNC=NC4)cc3)cc2)oc2ccccc12,1e-05,0.0,1e-05,0.0,0.5068673,3.9905,1,1,1
1.9931,2.1773,-2.1773,0.0,Cc1ccc(-c2oc3cc(O)cc(O)c3c(=O)c2O)cc1C,2,[*]c1c([*])cc(-c2oc3cc(O)cc(O)c3c(=O)c2O)cc1,*C|C*,O=c1cc(-c2ccccc2)oc2ccccc12,0.0,7.42,0.0,10.228,0.0,2.3822,1,1,1
44.2711,43.7363,-43.7363,0.0,*CC(C)C|C(=NCCCC(NC(=O)C(N)C*)C(=O)NC(CO)C(=O)O)(=O)N[N+](=O)[O-],0,[*]c1c([*])cc(-c2oc3cc(O)cc(O)c3c(=O)c2O)cc1,*CC(C)C|C(=NCCCC(NC(=O)C(N)C*)C(=O)NC(CO)C(=O)O)(=O)N[N+](=O)[O-],,0.0,0.0,0.0,0.0,0.0,0.0,1,1,1
9.6474,10.7602,56.7393,0.52734,CC(C)c1cc(-c2oc3cc(O)cc(O)c3c(=O)c2O)ccc1N,1,[*]c1c([*])cc(-c2oc3cc(O)cc(O)c3c(=O)c2O)cc1,*N|C(C)(*)C,O=c1cc(-c2ccccc2)oc2ccccc12,0.2108734,7.083,0.9672717,10.353,0.9801965,2.6443,1,1,1
3.0651,2.1498,-2.1498,0.0,Cc1ccc(-c2oc3cc(O)cc(O)c3c(=O)c2O)cc1C,2,[*]c1c([*])cc(-c2oc3cc(O)cc(O)c3c(=O)c2O)cc1,*C|*C,O=c1cc(-c2ccccc2)oc2ccccc12,0.0,7.42,0.0,10.228,0.0,2.3822,1,1,1
31.1079,27.2565,-27.244,9.75e-05,CC(C)=CCc1ccc(-c2oc3cc(O)cc(O)c3c(=O)c2O)cc1Nc1ccc(C2=NC(=O)c3cc(O)c(O)cc32)cc1,1,[*]c1c([*])cc(-c2oc3cc(O)cc(O)c3c(=O)c2O)cc1,C(*)C=C(C)C|N1=C(c2ccc(N*)cc2)c2c(cc(O)c(O)c2)C1=O,O=C1N=C(c2ccc(Nc3cccc(-c4cc(=O)c5ccccc5o4)c3)cc2)c2ccccc21,1e-05,0.0,1e-05,0.0,0.8790346,3.3109,1,1,1
24.9774,22.3671,41.7481,0.5008994,COc1cc(Cc2cc(-c3oc4cc(O)cc(O)c4c(=O)c3O)ccc2N)ccc1N,1,[*]c1c([*])cc(-c2oc3cc(O)cc(O)c3c(=O)c2O)cc1,N*|O(C)c1cc(C*)ccc1N,O=c1cc(-c2cccc(Cc3ccccc3)c2)oc2ccccc12,0.4780676,7.939,0.3759982,7.648,0.975894,2.7142,1,1,1
2.1033,2.2496,-2.2496,0.0,Cc1ccc(-c2oc3cc(O)cc(O)c3c(=O)c2O)cc1C,2,[*]c1c([*])cc(-c2oc3cc(O)cc(O)c3c(=O)c2O)cc1,C*|C*,O=c1cc(-c2ccccc2)oc2ccccc12,0.0,7.42,0.0,10.228,0.0,2.3822,1,1,1
2.4287,2.1498,-2.1498,0.0,Cc1ccc(-c2oc3cc(O)cc(O)c3c(=O)c2O)cc1C,2,[*]c1c([*])cc(-c2oc3cc(O)cc(O)c3c(=O)c2O)cc1,*C|*C,O=c1cc(-c2ccccc2)oc2ccccc12,0.0,7.42,0.0,10.228,0.0,2.3822,1,1,1
57.7981,54.32,-54.3094,8.21e-05,CC1=NC2=Nc3c(oc(C)cc3=O)C=CN2C(N)=C(C=NNc2ccc(-c3oc4cc(O)cc(O)c4c(=O)c3O)cc2N)C1=N,1,[*]c1c([*])cc(-c2oc3cc(O)cc(O)c3c(=O)c2O)cc1,n1c2n(c(N)c(C=NN*)c(=N)c1C)C=Cc1c(c(=O)cc(C)o1)N=2|N*,N=C1C=NC2=Nc3c(occc3=O)C=CN2C=C1C=NNc1ccc(-c2cc(=O)c3ccccc3o2)cc1,1e-05,0.0,1e-05,0.0,0.3740427,4.1789,1,1,1
2.0251,2.1498,-2.1498,0.0,Cc1ccc(-c2oc3cc(O)cc(O)c3c(=O)c2O)cc1C,2,[*]c1c([*])cc(-c2oc3cc(O)cc(O)c3c(=O)c2O)cc1,*C|*C,O=c1cc(-c2ccccc2)oc2ccccc12,0.0,7.42,0.0,10.228,0.0,2.3822,1,1,1
21.4001,20.4931,-20.4806,9.82e-05,Nc1ccc(-c2oc3cc(O)cc(O)c3c(=O)c2O)cc1Cc1cc(C(=O)C=Cc2ccc(O)c(O)c2)c(O)cc1O,1,[*]c1c([*])cc(-c2oc3cc(O)cc(O)c3c(=O)c2O)cc1,*N|c1c(O)c(C*)cc(C(=O)C=Cc2ccc(O)c(O)c2)c1O,O=C(C=Cc1ccccc1)c1cccc(Cc2cccc(-c3cc(=O)c4ccccc4o3)c2)c1,1e-05,0.0,1e-05,0.0,0.911954,3.1878,1,1,1
20.9156,20.2066,0.3427,0.1605413,Cc1cc(C=Cc2ccc(-c3oc4cc(O)cc(O)c4c(=O)c3O)cc2N)cc(CO)c1O,1,[*]c1c([*])cc(-c2oc3cc(O)cc(O)c3c(=O)c2O)cc1,c1c(C)c(O)c(CO)cc1C=C*|*N,O=c1cc(-c2ccc(C=Cc3ccccc3)cc2)oc2ccccc12,0.5494868,8.138,0.0193154,5.271,0.9466959,3.0004,1,1,1
9.0245,7.2239,80.6894,0.6868228,CC(C)=CCc1ccc(-c2oc3cc(O)cc(O)c3c(=O)c2O)cc1N,1,[*]c1c([*])cc(-c2oc3cc(O)cc(O)c3c(=O)c2O)cc1,C(*)C=C(C)C|*N,O=c1cc(-c2ccccc2)oc2ccccc12,0.4183483,7.771,0.9501362,10.048,0.9673325,2.8228,1,1,1
4.1337,4.5977,-4.5977,0.0,Nc1ccc(-c2oc3cc(O)cc(O)c3c(=O)c2O)cc1N,1,O=c1c(O)c(-c2ccc([*])c([*])c2)oc2cc(O)cc(O)c12,*N|*N,O=c1cc(-c2ccccc2)oc2ccccc12,0.3386784,7.535,0.8802304,9.386,0.9807119,2.635,2,1,2
2.8943,3.7841,-3.7841,0.0,Cc1cc(-c2oc3cc(O)cc(O)c3c(=O)c2O)ccc1N,1,O=c1c(O)c(-c2ccc([*])c([*])c2)oc2cc(O)cc(O)c12,*N|C*,O=c1cc(-c2ccccc2)oc2ccccc12,0.2434194,7.212,0.926216,9.758,0.985917,2.5239,2,1,2
1.9341,1.7426,-1.7426,0.0,Cc1ccc(-c2oc3cc(O)cc(O)c3c(=O)c2O)cc1C,1,O=c1c(O)c(-c2ccc([*])c([*])c2)oc2cc(O)cc(O)c12,*C|C*,O=c1cc(-c2ccccc2)oc2ccccc12,0.302655,7.42,0.9610725,10.228,0.9905877,2.3822,2,1,2
12.8732,14.3022,61.8772,0.5951515,Nc1cc(-c2oc3cc(O)cc(O)c3c(=O)c2O)ccc1CC=NO,1,O=c1c(O)c(-c2ccc([*])c([*])c2)oc2cc(O)cc(O)c12,C(=NO)C*|*N,O=c1cc(-c2ccccc2)oc2ccccc12,0.3249598,7.492,0.8675519,9.306,0.9394796,3.0472,2,1,2
4.5876,5.7228,-5.7228,0.0,Nc1ccc(-c2oc3cc(O)cc(O)c3c(=O)c2O)cc1N,2,O=c1c(O)c(-c2ccc([*])c([*])c2)oc2cc(O)cc(O)c12,N*|N*,O=c1cc(-c2ccccc2)oc2ccccc12,0.0,7.535,0.0,9.386,0.0,2.635,2,1,2
2.7473,4.9336,-4.9336,0.0,Nc1ccc(-c2oc3cc(O)cc(O)c3c(=O)c2O)cc1N,2,O=c1c(O)c(-c2ccc([*])c([*])c2)oc2cc(O)cc(O)c12,N*|*N,O=c1cc(-c2ccccc2)oc2ccccc12,0.0,7.535,0.0,9.386,0.0,2.635,2,1,2
3.6993,4.3167,-4.3167,0.0,Cc1cc(-c2oc3cc(O)cc(O)c3c(=O)c2O)ccc1N,2,O=c1c(O)c(-c2ccc([*])c([*])c2)oc2cc(O)cc(O)c12,*N|*C,O=c1cc(-c2ccccc2)oc2ccccc12,0.0,7.212,0.0,9.758,0.0,2.5239,2,1,2
15.8478,14.9361,92.5317,0.8395917,Cc1ccc(-c2oc3cc(O)cc(O)c3c(=O)c2O)cc1Nc1c(C)cccc1C,1,O=c1c(O)c(-c2ccc([*])c([*])c2)oc2cc(O)cc(O)c12,*C|c1c(C)c(N*)c(C)cc1,O=c1cc(-c2cccc(Nc3ccccc3)c2)oc2ccccc12,0.6744084,8.506,0.9646712,10.298,0.9856804,2.5298,2,1,2
2.6579,4.1369,-4.1369,0.0,Cc1cc(-c2oc3cc(O)cc(O)c3c(=O)c2O)ccc1N,2,O=c1c(O)c(-c2ccc([*])c([*])c2)oc2cc(O)cc(O)c12,N*|C*,O=c1cc(-c2ccccc2)oc2ccccc12,0.0,7.212,0.0,9.758,0.0,2.5239,2,1,2
2.2397,1.7426,-1.7426,0.0,Cc1ccc(-c2oc3cc(O)cc(O)c3c(=O)c2O)cc1C,2,O=c1c(O)c(-c2ccc([*])c([*])c2)oc2cc(O)cc(O)c12,*C|C*,O=c1cc(-c2ccccc2)oc2ccccc12,0.0,7.42,0.0,10.228,0.0,2.3822,2,1,2
13.0775,13.2812,49.3627,0.4894058,Nc1ccc(-c2oc3cc(O)cc(O)c3c(=O)c2O)cc1C=Cc1cc(O)cc(O)c1,1,O=c1c(O)c(-c2ccc([*])c([*])c2)oc2cc(O)cc(O)c12,N*|c1c(C=C*)cc(O)cc1O,O=c1cc(-c2cccc(C=Cc3ccccc3)c2)oc2ccccc12,0.5809513,8.227,0.2948167,7.394,0.9571102,2.9211,2,1,2
3.2139,4.0192,-4.0192,0.0,Cc1ccc(-c2oc3cc(O)cc(O)c3c(=O)c2O)cc1N,1,O=c1c(O)c(-c2ccc([*])c([*])c2)oc2cc(O)cc(O)c12,*C|*N,O=c1cc(-c2ccccc2)oc2ccccc12,0.4075337,7.74,0.9155353,9.656,0.9857547,2.5279,2,1,2
15.3712,16.6895,-15.6626,0.0080222,Nc1ccc(-c2oc3cc(O)cc(O)c3c(=O)c2O)cc1C=Cc1c(O)cc(C(=O)O)cc1O,1,O=c1c(O)c(-c2ccc([*])c([*])c2)oc2cc(O)cc(O)c12,*N|c1(C=C*)c(O)cc(C(=O)O)cc1O,O=c1cc(-c2cccc(C=Cc3ccccc3)c2)oc2ccccc12,0.5952429,8.268,1e-05,0.0,0.9377655,3.0575,2,1,2
3.1759,1.7847,-1.7847,0.0,Cc1ccc(-c2oc3cc(O)cc(O)c3c(=O)c2O)cc1C,2,O=c1c(O)c(-c2ccc([*])c([*])c2)oc2cc(O)cc(O)c12,*C|*C,O=c1cc(-c2ccccc2)oc2ccccc12,0.0,7.42,0.0,10.228,0.0,2.3822,2,1,2
2.9153,3.7841,-3.7841,0.0,Cc1cc(-c2oc3cc(O)cc(O)c3c(=O)c2O)ccc1N,2,O=c1c(O)c(-c2ccc([*])c([*])c2)oc2cc(O)cc(O)c12,*N|C*,O=c1cc(-c2ccccc2)oc2ccccc12,0.0,7.212,0.0,9.758,0.0,2.5239,2,1,2
2.2803,1.7426,-1.7426,0.0,Cc1ccc(-c2oc3cc(O)cc(O)c3c(=O)c2O)cc1C,2,O=c1c(O)c(-c2ccc([*])c([*])c2)oc2cc(O)cc(O)c12,*C|C*,O=c1cc(-c2ccccc2)oc2ccccc12,0.0,7.42,0.0,10.228,0.0,2.3822,2,1,2
10.0566,9.7034,52.0494,0.4824441,CCNc1cc(-c2oc3cc(O)cc(O)c3c(=O)c2O)ccc1N,1,O=c1c(O)c(-c2ccc([*])c([*])c2)oc2cc(O)cc(O)c12,N*|*NCC,O=c1cc(-c2ccccc2)oc2ccccc12,0.185734,6.973,0.878705,9.376,0.9812195,2.6256,2,1,2
3.1305,4.0192,-4.0192,0.0,Cc1ccc(-c2oc3cc(O)cc(O)c3c(=O)c2O)cc1N,2,O=c1c(O)c(-c2ccc([*])c([*])c2)oc2cc(O)cc(O)c12,*C|*N,O=c1cc(-c2ccccc2)oc2ccccc12,0.0,7.74,0.0,9.656,0.0,2.5279,2,1,2
11.9713,11.1765,79.5452,0.7087635,Cc1cc(-c2oc3cc(O)cc(O)c3c(=O)c2O)ccc1C(F)(F)F,1,O=c1c(O)c(-c2ccc([*])c([*])c2)oc2cc(O)cc(O)c12,C(F)(F)(*)F|*C,O=c1cc(-c2ccccc2)oc2ccccc12,0.4338313,7.815,0.9841309,10.868,0.9812043,2.6258,2,1,2
3.2248,3.7841,-3.7841,0.0,Cc1cc(-c2oc3cc(O)cc(O)c3c(=O)c2O)ccc1N,2,O=c1c(O)c(-c2ccc([*])c([*])c2)oc2cc(O)cc(O)c12,*N|C*,O=c1cc(-c2ccccc2)oc2ccccc12,0.0,7.212,0.0,9.758,0.0,2.5239,2,1,2
2.1911,1.7426,-1.7426,0.0,Cc1ccc(-c2oc3cc(O)cc(O)c3c(=O)c2O)cc1C,2,O=c1c(O)c(-c2ccc([*])c([*])c2)oc2cc(O)cc(O)c12,*C|C*,O=c1cc(-c2ccccc2)oc2ccccc12,0.0,7.42,0.0,10.228,0.0,2.3822,2,1,2
3.8208,4.1247,-4.1247,0.0,Cc1ccc(-c2oc3cc(O)cc(O)c3c(=O)c2O)cc1N,2,O=c1c(O)c(-c2ccc([*])c([*])c2)oc2cc(O)cc(O)c12,C*|*N,O=c1cc(-c2ccccc2)oc2ccccc12,0.0,7.74,0.0,9.656,0.0,2.5279,2,1,2
13.1304,14.9888,68.2105,0.6499946,Nc1ccc(-c2oc3cc(O)cc(O)c3c(=O)c2O)cc1-c1ccc(C(=O)O)cc1,1,O=c1c(O)c(-c2ccc([*])c([*])c2)oc2cc(O)cc(O)c12,N*|C(=O)(c1ccc(*)cc1)O,O=c1cc(-c2cccc(-c3ccccc3)c2)oc2ccccc12,0.5064755,8.018,0.6772462,8.515,0.9861405,2.5182,2,1,2
3.5114,4.1247,-4.1247,0.0,Cc1ccc(-c2oc3cc(O)cc(O)c3c(=O)c2O)cc1N,2,O=c1c(O)c(-c2ccc([*])c([*])c2)oc2cc(O)cc(O)c12,C*|*N,O=c1cc(-c2ccccc2)oc2ccccc12,0.0,7.74,0.0,9.656,0.0,2.5279,2,1,2
2.5219,1.673,-1.673,0.0,Cc1ccc(-c2oc3cc(O)cc(O)c3c(=O)c2O)cc1C,2,O=c1c(O)c(-c2ccc([*])c([*])c2)oc2cc(O)cc(O)c12,C*|C*,O=c1cc(-c2ccccc2)oc2ccccc12,0.0,7.42,0.0,10.228,0.0,2.3822,2,1,2
11.8633,13.1663,-13.1663,0.0,Nc1ccc(-c2oc3cc(O)cc(O)c3c(=O)c2O)cc1C=Cc1cc(O)cc(O)c1,2,O=c1c(O)c(-c2ccc([*])c([*])c2)oc2cc(O)cc(O)c12,*N|C(=Cc1cc(O)cc(O)c1)*,O=c1cc(-c2cccc(C=Cc3ccccc3)c2)oc2ccccc12,0.0,8.227,0.0,7.394,0.0,2.9211,2,1,2
3.5883,4.5977,-4.5977,0.0,Nc1ccc(-c2oc3cc(O)cc(O)c3c(=O)c2O)cc1N,2,O=c1c(O)c(-c2ccc([*])c([*])c2)oc2cc(O)cc(O)c12,*N|*N,O=c1cc(-c2ccccc2)oc2ccccc12,0.0,7.535,0.0,9.386,0.0,2.635,2,1,2
2.9829,1.673,-1.673,0.0,Cc1ccc(-c2oc3cc(O)cc(O)c3c(=O)c2O)cc1C,2,O=c1c(O)c(-c2ccc([*])c([*])c2)oc2cc(O)cc(O)c12,C*|C*,O=c1cc(-c2ccccc2)oc2ccccc12,0.0,7.42,0.0,10.228,0.0,2.3822,2,1,2
3.2658,3.7841,-3.7841,0.0,Cc1cc(-c2oc3cc(O)cc(O)c3c(=O)c2O)ccc1N,2,O=c1c(O)c(-c2ccc([*])c([*])c2)oc2cc(O)cc(O)c12,*N|C*,O=c1cc(-c2ccccc2)oc2ccccc12,0.0,7.212,0.0,9.758,0.0,2.5239,2,1,2
7.3565,8.4144,74.327,0.6464173,CC(C)=CCc1ccc(-c2oc3cc(O)cc(O)c3c(=O)c2O)cc1C,1,O=c1c(O)c(-c2ccc([*])c([*])c2)oc2cc(O)cc(O)c12,*CC=C(C)C|C*,O=c1cc(-c2ccccc2)oc2ccccc12,0.3454801,7.556,0.9851533,10.915,0.9743409,2.7364,2,1,2
1.8828,1.673,-1.673,0.0,Cc1ccc(-c2oc3cc(O)cc(O)c3c(=O)c2O)cc1C,2,O=c1c(O)c(-c2ccc([*])c([*])c2)oc2cc(O)cc(O)c12,C*|C*,O=c1cc(-c2ccccc2)oc2ccccc12,0.0,7.42,0.0,10.228,0.0,2.3822,2,1,2
4.001,4.5752,-4.5752,0.0,Cc1cc(-c2oc3cc(O)cc(O)c3c(=O)c2O)ccc1N,2,O=c1c(O)c(-c2ccc([*])c([*])c2)oc2cc(O)cc(O)c12,N*|*C,O=c1cc(-c2ccccc2)oc2ccccc12,0.0,7.212,0.0,9.758,0.0,2.5239,2,1,2
30.1385,33.3113,-33.301,8.02e-05,CC(C)=CCc1cc(-c2oc3cc(O)cc(O)c3c(=O)c2O)ccc1C1C(=N)C(=O)C(O)C(O)=C1C,1,c1([*])c([*])ccc(-c2c(O)c(=O)c3c(cc(O)cc3O)o2)c1,C(C=C(C)C)*|C1(C)=C(O)C(O)C(=O)C(=N)C1*,N=C1C(=O)CC=CC1c1ccc(-c2cc(=O)c3ccccc3o2)cc1,1e-05,0.0,1e-05,0.0,0.3325337,4.2421,3,1,3
3.2918,3.8585,-3.8585,0.0,Cc1cc(-c2oc3cc(O)cc(O)c3c(=O)c2O)ccc1N,1,c1([*])c([*])ccc(-c2c(O)c(=O)c3c(cc(O)cc3O)o2)c1,C*|*N,O=c1cc(-c2ccccc2)oc2ccccc12,0.2434194,7.212,0.926216,9.758,0.985917,2.5239,3,1,3
3.6284,3.8793,-3.8793,0.0,Cc1cc(-c2oc3cc(O)cc(O)c3c(=O)c2O)ccc1N,2,c1([*])c([*])ccc(-c2c(O)c(=O)c3c(cc(O)cc3O)o2)c1,*C|N*,O=c1cc(-c2ccccc2)oc2ccccc12,0.0,7.212,0.0,9.758,0.0,2.5239,3,1,3
5.3834,9.9196,80.4937,0.7063538,CC(C)=CCc1cc(-c2oc3cc(O)cc(O)c3c(=O)c2O)ccc1C,1,c1([*])c([*])ccc(-c2c(O)c(=O)c3c(cc(O)cc3O)o2)c1,C(=C(C)C)C*|C*,O=c1cc(-c2ccccc2)oc2ccccc12,0.4419783,7.838,0.9619249,10.244,0.9728084,2.7571,3,1,3
13.685,19.8942,-19.8815,9.88e-05,CC(C)=CCCC(C)=CCc1cc(-c2oc3cc(O)cc(O)c3c(=O)c2O)ccc1N,1,c1([*])c([*])ccc(-c2c(O)c(=O)c3c(cc(O)cc3O)o2)c1,C(=C(CCC=C(C)C)C)C*|*N,O=c1cc(-c2ccccc2)oc2ccccc12,1e-05,0.0,1e-05,0.0,0.9417619,3.033,3,1,3
26.8777,31.7137,-31.7011,9.87e-05,CC(=O)c1ccc(C=C(C)NC(=O)CCc2cc(-c3oc4cc(O)cc(O)c4c(=O)c3O)ccc2C)cc1O,1,c1([*])c([*])ccc(-c2c(O)c(=O)c3c(cc(O)cc3O)o2)c1,C(NC(=O)CC*)(C)=Cc1cc(O)c(C(C)=O)cc1|C*,O=C(CCc1cccc(-c2cc(=O)c3ccccc3o2)c1)NC=Cc1ccccc1,1e-05,0.0,1e-05,0.0,0.9372417,3.0607,3,1,3
14.2582,14.2076,72.8154,0.679867,CC(O)=CCc1cc(-c2oc3cc(O)cc(O)c3c(=O)c2O)ccc1C,1,c1([*])c([*])ccc(-c2c(O)c(=O)c3c(cc(O)cc3O)o2)c1,OC(C)=CC*|C*,O=c1cc(-c2ccccc2)oc2ccccc12,0.4085766,7.743,0.9515486,10.069,0.9609718,2.8869,3,1,3
29.1518,33.1324,-33.1324,0.0,C1=C(=NC)C(*)C(=O)C=C1N=Cc1ccc(O)c(CC=C(C)C)c1|*N,0,c1([*])c([*])ccc(-c2c(O)c(=O)c3c(cc(O)cc3O)o2)c1,C1=C(=NC)C(*)C(=O)C=C1N=Cc1ccc(O)c(CC=C(C)C)c1|*N,,0.0,0.0,0.0,0.0,0.0,0.0,3,1,3
6.8507,9.7347,67.8356,0.6060181,C=CCc1ccc(-c2oc3cc(O)cc(O)c3c(=O)c2O)cc1N,1,c1([*])c([*])ccc(-c2c(O)c(=O)c3c(cc(O)cc3O)o2)c1,*N|C=CC*,O=c1cc(-c2ccccc2)oc2ccccc12,0.3057008,7.43,0.9486146,10.026,0.9719751,2.7679,3,1,3
10.0215,10.751,65.4442,0.5952746,Nc1ccc(-c2oc3cc(O)cc(O)c3c(=O)c2O)cc1C(F)(F)F,1,c1([*])c([*])ccc(-c2c(O)c(=O)c3c(cc(O)cc3O)o2)c1,*C(F)(F)F|N*,O=c1cc(-c2ccccc2)oc2ccccc12,0.2827001,7.353,0.9776359,10.625,0.9785444,2.6728,3,1,3
14.8072,14.4639,94.9665,0.8549253,Cc1ccc(O)c(-c2ccc(-c3oc4cc(O)cc(O)c4c(=O)c3O)cc2C)c1,1,c1([*])c([*])ccc(-c2c(O)c(=O)c3c(cc(O)cc3O)o2)c1,*C|c1(O)ccc(C)cc1*,O=c1cc(-c2ccc(-c3ccccc3)cc2)oc2ccccc12,0.6831938,8.534,0.9971611,12.073,0.9840611,2.5675,3,1,3
4.591,6.3889,-6.3889,0.0,Cc1ccc(-c2oc3cc(O)cc(O)c3c(=O)c2O)cc1N,1,c1([*])c([*])ccc(-c2c(O)c(=O)c3c(cc(O)cc3O)o2)c1,*N|*C,O=c1cc(-c2ccccc2)oc2ccccc12,0.4075337,7.74,0.9155353,9.656,0.9857547,2.5279,3,1,3
3.4635,7.1679,-7.1679,0.0,Nc1ccc(-c2oc3cc(O)cc(O)c3c(=O)c2O)cc1N,1,c1([*])c([*])ccc(-c2c(O)c(=O)c3c(cc(O)cc3O)o2)c1,*N|N*,O=c1cc(-c2ccccc2)oc2ccccc12,0.3386784,7.535,0.8802304,9.386,0.9807119,2.635,3,1,3
20.9055,22.7756,-21.5318,0.0097175,C=C(C)OC(=O)CCNc1ccc(-c2oc3cc(O)cc(O)c3c(=O)c2O)cc1C,1,c1([*])c([*])ccc(-c2c(O)c(=O)c3c(cc(O)cc3O)o2)c1,*C|N(*)CCC(=O)OC(C)=C,O=c1cc(-c2ccccc2)oc2ccccc12,1e-05,0.0,0.9490339,10.032,0.9620896,2.8764,3,1,3
28.7417,29.0131,-29.0012,9.24e-05,Cc1cc(C)c2c(c1O)CC(C)(c1ccc(-c3oc4cc(O)cc(O)c4c(=O)c3O)cc1-c1ccc(F)cc1)C=C2,1,c1([*])c([*])ccc(-c2c(O)c(=O)c3c(cc(O)cc3O)o2)c1,c1(*)ccc(F)cc1|C1C(C)(*)C=Cc2c(C)cc(C)c(O)c21,O=c1cc(-c2ccc(C3C=Cc4ccccc4C3)c(-c3ccccc3)c2)oc2ccccc12,1e-05,0.0,1e-05,0.0,0.674076,3.7475,3,1,3
3.507,3.8585,-3.8585,0.0,Cc1cc(-c2oc3cc(O)cc(O)c3c(=O)c2O)ccc1N,2,c1([*])c([*])ccc(-c2c(O)c(=O)c3c(cc(O)cc3O)o2)c1,C*|*N,O=c1cc(-c2ccccc2)oc2ccccc12,0.0,7.212,0.0,9.758,0.0,2.5239,3,1,3
8.6759,12.9585,39.4657,0.409564,C=CCNc1cc(-c2oc3cc(O)cc(O)c3c(=O)c2O)ccc1N,1,c1([*])c([*])ccc(-c2c(O)c(=O)c3c(cc(O)cc3O)o2)c1,C(C=C)N*|*N,O=c1cc(-c2ccccc2)oc2ccccc12,0.1264485,6.657,0.8614848,9.27,0.9711504,2.7783,3,1,3
6.2556,10.099,67.0575,0.6027854,CC(C)=CCc1cc(-c2oc3cc(O)cc(O)c3c(=O)c2O)ccc1N,1,c1([*])c([*])ccc(-c2c(O)c(=O)c3c(cc(O)cc3O)o2)c1,CC(=CC*)C|N*,O=c1cc(-c2ccccc2)oc2ccccc12,0.2960148,7.398,0.9697713,10.41,0.9657127,2.8402,3,1,3
7.5378,8.2967,53.2965,0.4811971,C=CCc1ccc(-c2oc3cc(O)cc(O)c3c(=O)c2O)cc1C,1,c1([*])c([*])ccc(-c2c(O)c(=O)c3c(cc(O)cc3O)o2)c1,*C|C(=C)C*,O=c1cc(-c2ccccc2)oc2ccccc12,0.1677392,6.887,0.9680819,10.371,0.9784117,2.675,3,1,3
3.1025,3.8585,-3.8585,0.0,Cc1cc(-c2oc3cc(O)cc(O)c3c(=O)c2O)ccc1N,2,c1([*])c([*])ccc(-c2c(O)c(=O)c3c(cc(O)cc3O)o2)c1,C*|*N,O=c1cc(-c2ccccc2)oc2ccccc12,0.0,7.212,0.0,9.758,0.0,2.5239,3,1,3
13.5309,14.8113,52.9571,0.5294405,C=C(C)C(C)c1cc(-c2oc3cc(O)cc(O)c3c(=O)c2O)ccc1N,1,c1([*])c([*])ccc(-c2c(O)c(=O)c3c(cc(O)cc3O)o2)c1,C=C(C)C(C)*|N*,O=c1cc(-c2ccccc2)oc2ccccc12,0.2345216,7.178,0.9487547,10.028,0.8402575,3.4232,3,1,3
19.5431,21.3919,49.6482,0.5550004,Cc1cc(O)c2c(-c3cc(-c4oc5cc(O)cc(O)c5c(=O)c4O)ccc3N)cc(=O)oc2c1,1,c1([*])c([*])ccc(-c2c(O)c(=O)c3c(cc(O)cc3O)o2)c1,c1(=O)oc2c(c(O)cc(C)c2)c(*)c1|N*,O=c1cc(-c2cccc(-c3cc(=O)c4ccccc4o3)c2)c2ccccc2o1,0.7276863,8.683,0.3230686,7.486,0.9527709,2.9562,3,1,3
3.4208,1.6344,-1.6344,0.0,Cc1ccc(-c2oc3cc(O)cc(O)c3c(=O)c2O)cc1C,1,c1([*])c([*])ccc(-c2c(O)c(=O)c3c(cc(O)cc3O)o2)c1,C*|*C,O=c1cc(-c2ccccc2)oc2ccccc12,0.302655,7.42,0.9610725,10.228,0.9905877,2.3822,3,1,3
25.0026,26.9169,-26.9057,8.75e-05,C=C(C=CC=C(C)C=CC(C(=O)O)c1cc(-c2oc3cc(O)cc(O)c3c(=O)c2O)ccc1C)CO,1,c1([*])c([*])ccc(-c2c(O)c(=O)c3c(cc(O)cc3O)o2)c1,OCC(=C)C=CC=C(C)C=CC(*)C(=O)O|C*,O=c1cc(-c2ccccc2)oc2ccccc12,1e-05,0.0,1e-05,0.0,0.5125074,3.9826,3,1,3
33.2955,37.7748,-37.7645,8.12e-05,C=CC(C)(CN=CC=NC(=O)O)Cc1cc(-c2oc3cc(O)cc(O)c3c(=O)c2O)ccc1N,1,c1([*])c([*])ccc(-c2c(O)c(=O)c3c(cc(O)cc3O)o2)c1,C(C=NCC(C)(C=C)C*)=NC(=O)O|N*,O=c1cc(-c2ccccc2)oc2ccccc12,1e-05,0.0,1e-05,0.0,0.3530421,4.2104,3,1,3
3.1286,1.6686,-1.6686,0.0,Cc1ccc(-c2oc3cc(O)cc(O)c3c(=O)c2O)cc1C,2,c1([*])c([*])ccc(-c2c(O)c(=O)c3c(cc(O)cc3O)o2)c1,C*|C*,O=c1cc(-c2ccccc2)oc2ccccc12,0.0,7.42,0.0,10.228,0.0,2.3822,3,1,3
23.2004,23.4213,74.2803,0.7632942,CCNN=Cc1ccc(Cc2ccc(-c3oc4cc(O)cc(O)c4c(=O)c3O)cc2C)cc1O,1,c1([*])c([*])ccc(-c2c(O)c(=O)c3c(cc(O)cc3O)o2)c1,C*|c1c(O)c(C=NNCC)ccc1C*,O=c1cc(-c2ccc(Cc3ccccc3)cc2)oc2ccccc12,0.6921567,8.563,0.7565807,8.788,0.9448014,3.0133,3,1,3
3.2987,3.8585,-3.8585,0.0,Cc1cc(-c2oc3cc(O)cc(O)c3c(=O)c2O)ccc1N,2,c1([*])c([*])ccc(-c2c(O)c(=O)c3c(cc(O)cc3O)o2)c1,C*|*N,O=c1cc(-c2ccccc2)oc2ccccc12,0.0,7.212,0.0,9.758,0.0,2.5239,3,1,3
15.9417,19.9589,41.3626,0.4790744,C=CCCc1ccc(-c2oc3cc(O)cc(O)c3c(=O)c2O)cc1NCC=C(C)C,1,c1([*])c([*])ccc(-c2c(O)c(=O)c3c(cc(O)cc3O)o2)c1,*NCC=C(C)C|C(CC=C)*,O=c1cc(-c2ccccc2)oc2ccccc12,0.1681413,6.889,0.9742634,10.525,0.9404012,3.0415,3,1,3
3.3655,3.6747,-3.6747,0.0,Cc1cc(-c2oc3cc(O)cc(O)c3c(=O)c2O)ccc1N,2,c1([*])c([*])ccc(-c2c(O)c(=O)c3c(cc(O)cc3O)o2)c1,*C|*N,O=c1cc(-c2ccccc2)oc2ccccc12,0.0,7.212,0.0,9.758,0.0,2.5239,3,1,3
8.989,13.1826,60.5603,0.5761158,C=CCc1ccc(-c2oc3cc(O)cc(O)c3c(=O)c2O)cc1CC=C(C)C,1,c1([*])c([*])ccc(-c2c(O)c(=O)c3c(cc(O)cc3O)o2)c1,C(=C(C)C)C*|C=CC*,O=c1cc(-c2ccccc2)oc2ccccc12,0.2672108,7.299,0.9651583,10.308,0.9542096,2.9449,3,1,3
4.0966,7.1364,-7.1364,0.0,Nc1ccc(-c2oc3cc(O)cc(O)c3c(=O)c2O)cc1N,2,c1([*])c([*])ccc(-c2c(O)c(=O)c3c(cc(O)cc3O)o2)c1,N*|*N,O=c1cc(-c2ccccc2)oc2ccccc12,0.0,7.535,0.0,9.386,0.0,2.635,3,1,3
2.5941,1.4402,-1.4402,0.0,Cc1ccc(-c2oc3cc(O)cc(O)c3c(=O)c2O)cc1C,1,o1c(-c2cc([*])c([*])cc2)c(O)c(=O)c2c1cc(O)cc2O,*C|C*,O=c1cc(-c2ccccc2)oc2ccccc12,0.302655,7.42,0.9610725,10.228,0.9905877,2.3822,4,1,4
14.6638,20.9509,48.6525,0.5437768,Nc1ccc(-c2oc3cc(O)cc(O)c3c(=O)c2O)cc1CC=NC(=O)O,1,o1c(-c2cc([*])c([*])cc2)c(O)c(=O)c2c1cc(O)cc2O,C(C=NC(=O)O)*|N*,O=c1cc(-c2ccccc2)oc2ccccc12,0.2347801,7.179,0.9698976,10.413,0.9169151,3.1658,4,1,4
6.4528,10.8709,-10.8709,0.0,CC(C)=CCc1cc(-c2oc3cc(O)cc(O)c3c(=O)c2O)ccc1N,1,o1c(-c2cc([*])c([*])cc2)c(O)c(=O)c2c1cc(O)cc2O,CC(C)=CC*|*N,O=c1cc(-c2ccccc2)oc2ccccc12,0.2960148,7.398,0.9697713,10.41,0.9657127,2.8402,4,1,4
24.4706,30.3955,-30.3835,9.31e-05,C=CC(C)(C)c1cc(-c2oc3cc(O)cc(O)c3c(=O)c2O)ccc1C(CC=C(C)C)C(=O)O,1,o1c(-c2cc([*])c([*])cc2)c(O)c(=O)c2c1cc(O)cc2O,C(=C)C(*)(C)C|C(=O)(C(*)CC=C(C)C)O,O=c1cc(-c2ccccc2)oc2ccccc12,1e-05,0.0,1e-05,0.0,0.6997023,3.7061,4,1,4
11.2608,15.3525,-15.3398,9.91e-05,Nc1ccc(-c2oc3cc(O)cc(O)c3c(=O)c2O)cc1NCC=Cc1ccc(O)c(O)c1,1,o1c(-c2cc([*])c([*])cc2)c(O)c(=O)c2c1cc(O)cc2O,*NCC=Cc1cc(O)c(O)cc1|*N,O=c1cc(-c2cccc(NCC=Cc3ccccc3)c2)oc2ccccc12,1e-05,0.0,1e-05,0.0,0.9546932,2.941,4,1,4
2.9841,5.9488,-5.9488,0.0,Cc1cc(-c2oc3cc(O)cc(O)c3c(=O)c2O)ccc1N,1,o1c(-c2cc([*])c([*])cc2)c(O)c(=O)c2c1cc(O)cc2O,C*|N*,O=c1cc(-c2ccccc2)oc2ccccc12,0.2434194,7.212,0.926216,9.758,0.985917,2.5239,4,1,4
13.9009,18.5475,77.078,0.7470742,Cc1ccc(C=Cc2ccc(-c3oc4cc(O)cc(O)c4c(=O)c3O)cc2C)cc1O,1,o1c(-c2cc([*])c([*])cc2)c(O)c(=O)c2c1cc(O)cc2O,*C|C(=Cc1cc(O)c(C)cc1)*,O=c1cc(-c2ccc(C=Cc3ccccc3)cc2)oc2ccccc12,0.668057,8.486,0.7313779,8.696,0.9747832,2.7302,4,1,4
34.024,40.537,-40.5246,9.73e-05,C=CC(=C)c1ccc(NC=C2C(=O)c3cccc(-c4ccc(-c5oc6cc(O)cc(O)c6c(=O)c5O)cc4N)c3C2=O)cc1,1,o1c(-c2cc([*])c([*])cc2)c(O)c(=O)c2c1cc(O)cc2O,*N|C(=C)C(=C)c1ccc(NC=C2C(=O)c3c(c(*)ccc3)C2=O)cc1,O=C1C(=CNc2ccccc2)C(=O)c2c1cccc2-c1ccc(-c2cc(=O)c3ccccc3o2)cc1,1e-05,0.0,1e-05,0.0,0.8728046,3.3308,4,1,4
12.4466,17.9839,69.6932,0.6849778,Nc1ccc(-c2oc3cc(O)cc(O)c3c(=O)c2O)cc1-c1cccc(O)c1O,1,o1c(-c2cc([*])c([*])cc2)c(O)c(=O)c2c1cc(O)cc2O,Oc1c(O)cccc1*|*N,O=c1cc(-c2cccc(-c3ccccc3)c2)oc2ccccc12,0.4040637,7.73,0.9736058,10.507,0.9743538,2.7362,4,1,4
15.4342,22.9211,83.0809,0.828141,Nc1cc(-c2oc3cc(O)cc(O)c3c(=O)c2O)ccc1Cc1cccc(O)c1O,1,o1c(-c2cc([*])c([*])cc2)c(O)c(=O)c2c1cc(O)cc2O,*N|c1(O)c(O)cccc1C*,O=c1cc(-c2ccc(Cc3ccccc3)cc2)oc2ccccc12,0.6753557,8.509,0.9381089,9.889,0.9703984,2.7875,4,1,4
7.0506,9.0673,-9.0673,0.0,C=CCc1ccc(-c2oc3cc(O)cc(O)c3c(=O)c2O)cc1C,1,o1c(-c2cc([*])c([*])cc2)c(O)c(=O)c2c1cc(O)cc2O,*C|C=CC*,O=c1cc(-c2ccccc2)oc2ccccc12,0.1677392,6.887,0.9680819,10.371,0.9784117,2.675,4,1,4
3.7242,1.5175,-1.5175,0.0,Cc1ccc(-c2oc3cc(O)cc(O)c3c(=O)c2O)cc1C,2,o1c(-c2cc([*])c([*])cc2)c(O)c(=O)c2c1cc(O)cc2O,C*|C*,O=c1cc(-c2ccccc2)oc2ccccc12,0.0,7.42,0.0,10.228,0.0,2.3822,4,1,4
36.9393,37.0269,-37.0179,7.05e-05,COC1=C2C(=O)C(C=Nc3ccc(-c4oc5cc(O)cc(O)c5c(=O)c4O)cc3N)C=C(C)C2C=CC=C1,1,o1c(-c2cc([*])c([*])cc2)c(O)c(=O)c2c1cc(O)cc2O,N*|C1=CC=CC(OC)=C2C(=O)C(C=N*)C=C(C)C12,O=C1C2=CC=CC=CC2C=CC1C=Nc1ccc(-c2cc(=O)c3ccccc3o2)cc1,1e-05,0.0,1e-05,0.0,0.1740054,4.5411,4,1,4
26.1817,34.4398,-34.4273,9.78e-05,COC(=O)N=C(C=C(C)c1ccc(O)cc1)Nc1cc(-c2oc3cc(O)cc(O)c3c(=O)c2O)ccc1N,1,o1c(-c2cc([*])c([*])cc2)c(O)c(=O)c2c1cc(O)cc2O,C(N*)(=NC(=O)OC)C=C(c1ccc(O)cc1)C|*N,N=C(C=Cc1ccccc1)Nc1cccc(-c2cc(=O)c3ccccc3o2)c1,1e-05,0.0,1e-05,0.0,0.8959698,3.2519,4,1,4
13.824,15.3518,83.2983,0.7707033,Cc1cc(-c2oc3cc(O)cc(O)c3c(=O)c2O)ccc1NCc1ccc(O)cc1,1,o1c(-c2cc([*])c([*])cc2)c(O)c(=O)c2c1cc(O)cc2O,C*|*NCc1ccc(O)cc1,O=c1cc(-c2ccc(NCc3ccccc3)cc2)oc2ccccc12,0.5312599,8.087,0.9879843,11.064,0.9870113,2.4954,4,1,4
4.0083,5.9488,-5.9488,0.0,Cc1cc(-c2oc3cc(O)cc(O)c3c(=O)c2O)ccc1N,2,o1c(-c2cc([*])c([*])cc2)c(O)c(=O)c2c1cc(O)cc2O,C*|N*,O=c1cc(-c2ccccc2)oc2ccccc12,0.0,7.212,0.0,9.758,0.0,2.5239,4,1,4
3.2435,8.9045,-8.9045,0.0,Nc1ccc(-c2oc3cc(O)cc(O)c3c(=O)c2O)cc1N,1,o1c(-c2cc([*])c([*])cc2)c(O)c(=O)c2c1cc(O)cc2O,N*|*N,O=c1cc(-c2ccccc2)oc2ccccc12,0.3386784,7.535,0.8802304,9.386,0.9807119,2.635,4,1,4
10.8808,15.5402,75.1483,0.7085042,Nc1cc(-c2oc3cc(O)cc(O)c3c(=O)c2O)ccc1-c1ccc(O)cc1,1,o1c(-c2cc([*])c([*])cc2)c(O)c(=O)c2c1cc(O)cc2O,*N|c1c(*)ccc(O)c1,O=c1cc(-c2ccc(-c3ccccc3)cc2)oc2ccccc12,0.4320647,7.81,0.985548,10.934,0.9845981,2.5555,4,1,4
2.6353,1.5175,-1.5175,0.0,Cc1ccc(-c2oc3cc(O)cc(O)c3c(=O)c2O)cc1C,2,o1c(-c2cc([*])c([*])cc2)c(O)c(=O)c2c1cc(O)cc2O,C*|C*,O=c1cc(-c2ccccc2)oc2ccccc12,0.0,7.42,0.0,10.228,0.0,2.3822,4,1,4
20.8193,20.4366,64.1807,0.6610727,COc1ccc(OC)c(C=Cc2cc(-c3oc4cc(O)cc(O)c4c(=O)c3O)ccc2C)c1,1,o1c(-c2cc([*])c([*])cc2)c(O)c(=O)c2c1cc(O)cc2O,*C=Cc1cc(OC)ccc1OC|*C,O=c1cc(-c2cccc(C=Cc3ccccc3)c2)oc2ccccc12,0.6564698,8.45,0.5473485,8.132,0.9778869,2.6835,4,1,4
22.8066,29.0797,56.6732,0.6699449,COC(=O)c1c(-c2ccc(-c3oc4cc(O)cc(O)c4c(=O)c3O)cc2N)oc(C)cc1=O,1,o1c(-c2cc([*])c([*])cc2)c(O)c(=O)c2c1cc(O)cc2O,N*|COC(c1c(*)oc(C)cc1=O)=O,O=c1ccoc(-c2ccc(-c3cc(=O)c4ccccc4o3)cc2)c1,0.4920856,7.978,0.7685643,8.834,0.9435259,3.0217,4,1,4
7.2317,8.7105,-8.7105,0.0,CC(C)=CCc1cc(-c2oc3cc(O)cc(O)c3c(=O)c2O)ccc1C,1,o1c(-c2cc([*])c([*])cc2)c(O)c(=O)c2c1cc(O)cc2O,C(C=C(C)C)*|*C,O=c1cc(-c2ccccc2)oc2ccccc12,0.4419783,7.838,0.9619249,10.244,0.9728084,2.7571,4,1,4
39.3484,47.9767,-47.9646,9.43e-05,Cc1ccc(C(=O)N=C(N=CC=C(N)c2ccc(-c3cc(-c4oc5cc(O)cc(O)c5c(=O)c4O)ccc3N)cc2O)NO)cc1,1,o1c(-c2cc([*])c([*])cc2)c(O)c(=O)c2c1cc(O)cc2O,C(C=NC(NO)=NC(=O)c1ccc(C)cc1)=C(c1c(O)cc(*)cc1)N|*N,O=C(N=CN=CC=Cc1ccc(-c2cccc(-c3cc(=O)c4ccccc4o3)c2)cc1)c1ccccc1,1e-05,0.0,1e-05,0.0,0.7460992,3.6255,4,1,4
3.1925,5.8058,-5.8058,0.0,Cc1cc(-c2oc3cc(O)cc(O)c3c(=O)c2O)ccc1N,2,o1c(-c2cc([*])c([*])cc2)c(O)c(=O)c2c1cc(O)cc2O,C*|*N,O=c1cc(-c2ccccc2)oc2ccccc12,0.0,7.212,0.0,9.758,0.0,2.5239,4,1,4
6.1079,9.7501,51.9687,0.4821782,C=CCc1cc(-c2oc3cc(O)cc(O)c3c(=O)c2O)ccc1N,1,o1c(-c2cc([*])c([*])cc2)c(O)c(=O)c2c1cc(O)cc2O,C=CC*|*N,O=c1cc(-c2ccccc2)oc2ccccc12,0.172822,6.912,0.9482627,10.021,0.9704701,2.7866,4,1,4
3.2812,1.4402,-1.4402,0.0,Cc1ccc(-c2oc3cc(O)cc(O)c3c(=O)c2O)cc1C,2,o1c(-c2cc([*])c([*])cc2)c(O)c(=O)c2c1cc(O)cc2O,*C|C*,O=c1cc(-c2ccccc2)oc2ccccc12,0.0,7.42,0.0,10.228,0.0,2.3822,4,1,4
26.5755,36.1106,60.6945,0.7562897,C=CC(=O)Nc1cc(-c2oc3cc(O)cc(O)c3c(=O)c2O)ccc1Nc1ccc(O)cc1C,1,o1c(-c2cc([*])c([*])cc2)c(O)c(=O)c2c1cc(O)cc2O,C(C=C)(=O)N*|Oc1cc(C)c(N*)cc1,O=c1cc(-c2ccc(Nc3ccccc3)cc2)oc2ccccc12,0.6785031,8.519,0.7460958,8.749,0.9654898,2.8426,4,1,4
16.1109,19.9088,70.1002,0.7031955,Cc1ccc(-c2oc3cc(O)cc(O)c3c(=O)c2O)cc1NC1=CCNC=C1,1,o1c(-c2cc([*])c([*])cc2)c(O)c(=O)c2c1cc(O)cc2O,C1C=C(N*)C=CN1|C*,O=c1cc(-c2cccc(NC3=CCNC=C3)c2)oc2ccccc12,0.4555054,7.876,0.9484741,10.024,0.9211755,3.1459,4,1,4
3.094,1.4402,-1.4402,0.0,Cc1ccc(-c2oc3cc(O)cc(O)c3c(=O)c2O)cc1C,2,o1c(-c2cc([*])c([*])cc2)c(O)c(=O)c2c1cc(O)cc2O,*C|C*,O=c1cc(-c2ccccc2)oc2ccccc12,0.0,7.42,0.0,10.228,0.0,2.3822,4,1,4
31.8103,34.806,-33.785,0.0079768,Cc1cc(-c2cc(-c3oc4cc(O)cc(O)c4c(=O)c3O)ccc2C2CCCC(=O)C2C)c(O)cc1O,1,o1c(-c2cc([*])c([*])cc2)c(O)c(=O)c2c1cc(O)cc2O,*c1cc(C)c(O)cc1O|C1CC(*)C(C)C(=O)C1,O=C1CCCC(c2ccc(-c3cc(=O)c4ccccc4o3)cc2-c2ccccc2)C1,0.710244,8.623,1e-05,0.0,0.6402169,3.7998,4,1,4
3.3386,5.9488,-5.9488,0.0,Cc1cc(-c2oc3cc(O)cc(O)c3c(=O)c2O)ccc1N,2,o1c(-c2cc([*])c([*])cc2)c(O)c(=O)c2c1cc(O)cc2O,C*|N*,O=c1cc(-c2ccccc2)oc2ccccc12,0.0,7.212,0.0,9.758,0.0,2.5239,4,1,4
12.5672,21.0017,-21.0017,0.0,C=CCc1ccc(-c2oc3cc(O)cc(O)c3c(=O)c2O)cc1CC=C(C)C=C,1,o1c(-c2cc([*])c([*])cc2)c(O)c(=O)c2c1cc(O)cc2O,C(=C)C(C)=CC*|C=CC*,O=c1cc(-c2ccccc2)oc2ccccc12,0.2238455,7.136,0.9927665,11.42,0.9206496,3.1484,4,1,4
7.7917,11.0397,-11.0397,0.0,C=CCc1ccc(-c2oc3cc(O)cc(O)c3c(=O)c2O)cc1CC=C(C)C,1,c1c([*])c([*])ccc1-c1oc2c(c(=O)c1O)c(O)cc(O)c2,*CC=C(C)C|C=CC*,O=c1cc(-c2ccccc2)oc2ccccc12,0.2672108,7.299,0.9651583,10.308,0.9542096,2.9449,5,1,5
13.8198,17.7205,-17.7205,0.0,CC(C)=CC(=O)Cc1ccc(-c2oc3cc(O)cc(O)c3c(=O)c2O)cc1N,1,c1c([*])c([*])ccc1-c1oc2c(c(=O)c1O)c(O)cc(O)c2,N*|O=C(C=C(C)C)C*,O=c1cc(-c2ccccc2)oc2ccccc12,0.4359534,7.821,0.9506113,10.055,0.9582303,2.9115,5,1,5
3.7431,6.6494,-6.6494,0.0,Nc1ccc(-c2oc3cc(O)cc(O)c3c(=O)c2O)cc1N,1,c1c([*])c([*])ccc1-c1oc2c(c(=O)c1O)c(O)cc(O)c2,*N|N*,O=c1cc(-c2ccccc2)oc2ccccc12,0.3386784,7.535,0.8802304,9.386,0.9807119,2.635,5,1,5
19.9494,25.1515,-25.1515,0.0,C=CCc1ccc(-c2oc3cc(O)cc(O)c3c(=O)c2O)cc1NC(C)=CC(=O)O,1,c1c([*])c([*])ccc1-c1oc2c(c(=O)c1O)c(O)cc(O)c2,C(O)(C=C(N*)C)=O|C(*)C=C,O=c1cc(-c2ccccc2)oc2ccccc12,0.2847473,7.36,0.87809,9.372,0.9441905,3.0173,5,1,5
5.6836,4.8867,-4.8867,0.0,Cc1ccc(-c2oc3cc(O)cc(O)c3c(=O)c2O)cc1N,1,c1c([*])c([*])ccc1-c1oc2c(c(=O)c1O)c(O)cc(O)c2,*N|C*,O=c1cc(-c2ccccc2)oc2ccccc12,0.4075337,7.74,0.9155353,9.656,0.9857547,2.5279,5,1,5
18.3627,23.5957,86.773,0.8622553,CC(=O)Nc1ccc(C)c(-c2cc(-c3oc4cc(O)cc(O)c4c(=O)c3O)ccc2N)c1,1,c1c([*])c([*])ccc1-c1oc2c(c(=O)c1O)c(O)cc(O)c2,C(Nc1ccc(C)c(*)c1)(C)=O|N*,O=c1cc(-c2cccc(-c3ccccc3)c2)oc2ccccc12,0.7009774,8.592,0.9947942,11.65,0.9801782,2.6447,5,1,5
3.9642,5.876,-5.876,0.0,Nc1ccc(-c2oc3cc(O)cc(O)c3c(=O)c2O)cc1N,2,c1c([*])c([*])ccc1-c1oc2c(c(=O)c1O)c(O)cc(O)c2,*N|*N,O=c1cc(-c2ccccc2)oc2ccccc12,0.0,7.535,0.0,9.386,0.0,2.635,5,1,5
21.2314,26.3367,-26.3367,0.0,COC(=CC(C)=CC(=O)O)c1cc(-c2oc3cc(O)cc(O)c3c(=O)c2O)ccc1N,1,c1c([*])c([*])ccc1-c1oc2c(c(=O)c1O)c(O)cc(O)c2,O=C(O)C=C(C)C=C(*)OC|*N,O=c1cc(-c2ccccc2)oc2ccccc12,0.5255221,8.071,0.3348213,7.523,0.9166192,3.1671,5,1,5
19.4977,23.8869,-23.8869,0.0,C=CCc1cc(-c2oc3cc(O)cc(O)c3c(=O)c2O)ccc1C(C=O)C(=O)NO,1,c1c([*])c([*])ccc1-c1oc2c(c(=O)c1O)c(O)cc(O)c2,C(=C)C*|C(=O)(C(*)C=O)NO,O=c1cc(-c2ccccc2)oc2ccccc12,0.5608592,8.17,0.9760073,10.575,0.7174687,3.6762,5,1,5
4.976,9.4623,-9.4623,0.0,CC(C)=CCc1cc(-c2oc3cc(O)cc(O)c3c(=O)c2O)ccc1N,1,c1c([*])c([*])ccc1-c1oc2c(c(=O)c1O)c(O)cc(O)c2,*CC=C(C)C|N*,O=c1cc(-c2ccccc2)oc2ccccc12,0.2960148,7.398,0.9697713,10.41,0.9657127,2.8402,5,1,5
13.5735,18.1248,-18.1248,0.0,Nc1ccc(-c2oc3cc(O)cc(O)c3c(=O)c2O)cc1C=CC(=O)O,1,c1c([*])c([*])ccc1-c1oc2c(c(=O)c1O)c(O)cc(O)c2,C(O)(C=C*)=O|N*,O=c1cc(-c2ccccc2)oc2ccccc12,0.3136997,7.456,0.9106253,9.613,0.9724988,2.7612,5,1,5
27.4879,29.1476,-29.1351,9.82e-05,CC(=CC(N)=NCCCCNc1ccc(-c2oc3cc(O)cc(O)c3c(=O)c2O)cc1N)c1ccc(O)cc1,1,c1c([*])c([*])ccc1-c1oc2c(c(=O)c1O)c(O)cc(O)c2,N*|C(N*)CCCN=C(N)C=C(C)c1ccc(O)cc1,O=c1cc(-c2ccc(NCCCCN=CC=Cc3ccccc3)cc2)oc2ccccc12,1e-05,0.0,1e-05,0.0,0.911247,3.1908,5,1,5
12.2256,13.1457,34.4401,0.3717639,Cc1ccc(-c2oc3cc(O)cc(O)c3c(=O)c2O)cc1C=Cc1ccc(O)c(O)c1,1,c1c([*])c([*])ccc1-c1oc2c(c(=O)c1O)c(O)cc(O)c2,c1(O)c(O)ccc(C=C*)c1|C*,O=c1cc(-c2cccc(C=Cc3ccccc3)c2)oc2ccccc12,0.7721286,8.848,0.1106775,6.552,0.9723851,2.7626,5,1,5
8.693,14.0071,-14.0071,0.0,NCCc1cc(-c2oc3cc(O)cc(O)c3c(=O)c2O)ccc1N,1,c1c([*])c([*])ccc1-c1oc2c(c(=O)c1O)c(O)cc(O)c2,C(N)C*|*N,O=c1cc(-c2ccccc2)oc2ccccc12,0.1761385,6.928,0.8546505,9.231,0.977734,2.6859,5,1,5
8.8739,13.5958,80.2766,0.733378,Nc1ccc(-c2oc3cc(O)cc(O)c3c(=O)c2O)cc1-c1ccccc1,1,c1c([*])c([*])ccc1-c1oc2c(c(=O)c1O)c(O)cc(O)c2,c1(*)ccccc1|N*,O=c1cc(-c2cccc(-c3ccccc3)c2)oc2ccccc12,0.4662323,7.906,0.9932557,11.469,0.9892645,2.4284,5,1,5
9.617,14.2313,-14.2186,9.88e-05,CC(C)=CCCC(C)=CCc1cc(-c2oc3cc(O)cc(O)c3c(=O)c2O)ccc1N,1,c1c([*])c([*])ccc1-c1oc2c(c(=O)c1O)c(O)cc(O)c2,*CC=C(CCC=C(C)C)C|N*,O=c1cc(-c2ccccc2)oc2ccccc12,1e-05,0.0,1e-05,0.0,0.9417619,3.033,5,1,5
6.5013,10.6922,-10.6922,0.0,CC(C)=CCc1cc(-c2oc3cc(O)cc(O)c3c(=O)c2O)ccc1N,2,c1c([*])c([*])ccc1-c1oc2c(c(=O)c1O)c(O)cc(O)c2,CC(C)=CC*|N*,O=c1cc(-c2ccccc2)oc2ccccc12,0.0,7.398,0.0,10.41,0.0,2.8402,5,1,5
34.4049,39.8454,-39.8329,9.77e-05,Nc1ccc(-c2oc3cc(O)cc(O)c3c(=O)c2O)cc1Cc1ccc(C(=CCN=C(O)c2ccc(O)cc2)C(=O)O)cc1,1,c1c([*])c([*])ccc1-c1oc2c(c(=O)c1O)c(O)cc(O)c2,C(N=C(c1ccc(O)cc1)O)C=C(c1ccc(C*)cc1)C(O)=O|*N,O=c1cc(-c2cccc(Cc3ccc(C=CCN=Cc4ccccc4)cc3)c2)oc2ccccc12,1e-05,0.0,1e-05,0.0,0.8923481,3.2652,5,1,5
32.6396,32.75,-32.7375,9.8e-05,Cc1ccc(-c2oc3cc(O)cc(O)c3c(=O)c2O)cc1Cc1c(NC(=O)NN)[nH]c(=O)n(C)c1=O,1,c1c([*])c([*])ccc1-c1oc2c(c(=O)c1O)c(O)cc(O)c2,[nH]1c(=O)n(C)c(=O)c(C*)c1NC(NN)=O|C*,O=c1[nH]cc(Cc2cccc(-c3cc(=O)c4ccccc4o3)c2)c(=O)[nH]1,1e-05,0.0,1e-05,0.0,0.9028078,3.2256,5,1,5
7.8655,15.1203,66.4147,0.6369922,Nc1ccc(-c2oc3cc(O)cc(O)c3c(=O)c2O)cc1-c1ccc(O)cc1,1,c1c([*])c([*])ccc1-c1oc2c(c(=O)c1O)c(O)cc(O)c2,Oc1ccc(*)cc1|N*,O=c1cc(-c2cccc(-c3ccccc3)c2)oc2ccccc12,0.4412686,7.836,0.7394977,8.725,0.9848968,2.5485,5,1,5
3.3562,6.2026,-6.2026,0.0,Nc1ccc(-c2oc3cc(O)cc(O)c3c(=O)c2O)cc1N,2,c1c([*])c([*])ccc1-c1oc2c(c(=O)c1O)c(O)cc(O)c2,N*|*N,O=c1cc(-c2ccccc2)oc2ccccc12,0.0,7.535,0.0,9.386,0.0,2.635,5,1,5
7.6386,13.788,-13.788,0.0,Nc1cc(-c2oc3cc(O)cc(O)c3c(=O)c2O)ccc1-c1ccc(O)cc1,1,c1c([*])c([*])ccc1-c1oc2c(c(=O)c1O)c(O)cc(O)c2,N*|Oc1ccc(*)cc1,O=c1cc(-c2ccc(-c3ccccc3)cc2)oc2ccccc12,0.4320647,7.81,0.985548,10.934,0.9845981,2.5555,5,1,5
14.0077,23.8525,80.5827,0.8158998,Cc1cc(N)ccc1Cc1cc(-c2oc3cc(O)cc(O)c3c(=O)c2O)ccc1N,1,c1c([*])c([*])ccc1-c1oc2c(c(=O)c1O)c(O)cc(O)c2,Nc1cc(C)c(C*)cc1|N*,O=c1cc(-c2cccc(Cc3ccccc3)c2)oc2ccccc12,0.6397334,8.399,0.9527938,10.088,0.9731686,2.7524,5,1,5
13.7837,19.0896,-19.0896,0.0,C=CCOC(=O)Cc1ccc(-c2oc3cc(O)cc(O)c3c(=O)c2O)cc1N,1,c1c([*])c([*])ccc1-c1oc2c(c(=O)c1O)c(O)cc(O)c2,*N|C(C=C)OC(=O)C*,O=c1cc(-c2ccccc2)oc2ccccc12,0.2725988,7.318,0.9436296,9.958,0.9688197,2.8061,5,1,5
3.7449,5.876,-5.876,0.0,Nc1ccc(-c2oc3cc(O)cc(O)c3c(=O)c2O)cc1N,2,c1c([*])c([*])ccc1-c1oc2c(c(=O)c1O)c(O)cc(O)c2,*N|*N,O=c1cc(-c2ccccc2)oc2ccccc12,0.0,7.535,0.0,9.386,0.0,2.635,5,1,5
33.2684,34.6106,-34.5988,9.17e-05,CC(C(=O)N=C(N)CO)c1cc(-c2oc3cc(O)cc(O)c3c(=O)c2O)ccc1NCc1ccc(O)c(O)c1,1,c1c([*])c([*])ccc1-c1oc2c(c(=O)c1O)c(O)cc(O)c2,OCC(N)=NC(=O)C(C)*|C(N*)c1ccc(O)c(O)c1,O=c1cc(-c2ccc(NCc3ccccc3)cc2)oc2ccccc12,1e-05,0.0,1e-05,0.0,0.6471512,3.7893,5,1,5
14.124,18.1018,45.2295,0.4947759,Cc1cc(Nc2cc(-c3oc4cc(O)cc(O)c4c(=O)c3O)ccc2N)cc(C)c1O,1,c1c([*])c([*])ccc1-c1oc2c(c(=O)c1O)c(O)cc(O)c2,c1(N*)cc(C)c(O)c(C)c1|N*,O=c1cc(-c2cccc(Nc3ccccc3)c2)oc2ccccc12,0.7170081,8.646,0.2434194,7.212,0.9733846,2.7495,5,1,5
30.5724,39.0606,-39.0483,9.62e-05,C=CCc1ccc(OCC=CCc2cc(-c3oc4cc(O)cc(O)c4c(=O)c3O)ccc2N)c(C=NOC(C)(C)C)c1,1,c1c([*])c([*])ccc1-c1oc2c(c(=O)c1O)c(O)cc(O)c2,C(=CC*)COc1ccc(CC=C)cc1C=NOC(C)(C)C|N*,O=c1cc(-c2cccc(CC=CCOc3ccccc3)c2)oc2ccccc12,1e-05,0.0,1e-05,0.0,0.8256892,3.4596,5,1,5
18.3802,26.5465,67.8707,0.7376342,O=C(O)Cc1ccc(-c2oc3cc(O)cc(O)c3c(=O)c2O)cc1Nc1ccc(O)c(O)c1,1,c1c([*])c([*])ccc1-c1oc2c(c(=O)c1O)c(O)cc(O)c2,Oc1ccc(N*)cc1O|C(C(=O)O)*,O=c1cc(-c2cccc(Nc3ccccc3)c2)oc2ccccc12,0.5337677,8.094,0.8886123,9.443,0.9706799,2.7841,5,1,5
25.9179,25.8643,74.0115,0.7802793,COC(=O)Nc1cc(C=Cc2ccc(-c3oc4cc(O)cc(O)c4c(=O)c3O)cc2C)ccc1C,1,c1c([*])c([*])ccc1-c1oc2c(c(=O)c1O)c(O)cc(O)c2,*C|N(C(OC)=O)c1cc(C=C*)ccc1C,O=c1cc(-c2ccc(C=Cc3ccccc3)cc2)oc2ccccc12,0.7828329,8.891,0.6973451,8.58,0.970548,2.7857,5,1,5
35.4346,42.1617,-24.9989,0.1340845,C=CC(=O)Cc1cc(-c2oc3cc(O)cc(O)c3c(=O)c2O)ccc1C(C)=CC=CC(C)=NOC(C)=O,1,c1c([*])c([*])ccc1-c1oc2c(c(=O)c1O)c(O)cc(O)c2,C(C=C)(=O)C*|C(=O)(C)ON=C(C)C=CC=C(*)C,O=c1cc(-c2ccccc2)oc2ccccc12,0.3978419,7.712,0.0186456,5.246,0.7876263,3.5446,5,1,5
13.7075,18.337,-18.337,0.0,C=C=CCc1cc(-c2oc3cc(O)cc(O)c3c(=O)c2O)ccc1N,1,c1c([*])c([*])ccc1-c1oc2c(c(=O)c1O)c(O)cc(O)c2,*CC=C=C|*N,O=c1cc(-c2ccccc2)oc2ccccc12,0.2276182,7.151,0.9570054,10.156,0.9222435,3.1407,5,1,5
5.7361,6.279,-6.279,0.0,Cc1ccc(-c2oc3cc(O)cc(O)c3c(=O)c2O)cc1N,1,c1c(O)c2c(cc1O)oc(-c1cc([*])c([*])cc1)c(O)c2=O,N*|*C,O=c1cc(-c2ccccc2)oc2ccccc12,0.4075337,7.74,0.9155353,9.656,0.9857547,2.5279,6,1,6
10.831,17.4425,80.671,0.7665114,Nc1cc(-c2oc3cc(O)cc(O)c3c(=O)c2O)ccc1-c1ccc(O)cc1O,1,c1c(O)c2c(cc1O)oc(-c1cc([*])c([*])cc1)c(O)c2=O,N*|Oc1ccc(*)c(O)c1,O=c1cc(-c2ccc(-c3ccccc3)cc2)oc2ccccc12,0.5265986,8.074,0.989652,11.169,0.9742461,2.7377,6,1,6
13.5069,17.4022,-17.4022,0.0,C=CCc1ccc(-c2oc3cc(O)cc(O)c3c(=O)c2O)cc1CC,1,c1c(O)c2c(cc1O)oc(-c1cc([*])c([*])cc1)c(O)c2=O,CC*|C(=C)C*,O=c1cc(-c2ccccc2)oc2ccccc12,0.1457074,6.771,0.9672261,10.352,0.9750589,2.7263,6,1,6
10.4178,10.2983,-10.2983,0.0,Cc1cc(-c2oc3cc(O)cc(O)c3c(=O)c2O)ccc1C(F)(F)F,1,c1c(O)c2c(cc1O)oc(-c1cc([*])c([*])cc1)c(O)c2=O,*C|FC(F)(F)*,O=c1cc(-c2ccccc2)oc2ccccc12,0.4338313,7.815,0.9841309,10.868,0.9812043,2.6258,6,1,6
12.0948,20.8721,76.7508,0.7626787,Cc1cc(N)ccc1-c1cc(-c2oc3cc(O)cc(O)c3c(=O)c2O)ccc1N,1,c1c(O)c2c(cc1O)oc(-c1cc([*])c([*])cc1)c(O)c2=O,c1(N)cc(C)c(*)cc1|*N,O=c1cc(-c2cccc(-c3ccccc3)c2)oc2ccccc12,0.5186998,8.052,0.9901412,11.203,0.9783215,2.6764,6,1,6
13.0112,19.096,-19.096,0.0,CNc1ccc(-c2oc3cc(O)cc(O)c3c(=O)c2O)cc1NCCN,1,c1c(O)c2c(cc1O)oc(-c1cc([*])c([*])cc1)c(O)c2=O,C(N)CN*|*NC,O=c1cc(-c2ccccc2)oc2ccccc12,0.1623846,6.86,0.8523111,9.218,0.9721191,2.7661,6,1,6
12.6393,23.895,74.6242,0.7696818,Nc1ccc(CNc2ccc(-c3oc4cc(O)cc(O)c4c(=O)c3O)cc2N)cc1,1,c1c(O)c2c(cc1O)oc(-c1cc([*])c([*])cc1)c(O)c2=O,N*|c1cc(N)ccc1CN*,O=c1cc(-c2ccc(NCc3ccccc3)cc2)oc2ccccc12,0.5402084,8.112,0.9706038,10.43,0.9825381,2.5998,6,1,6
3.7652,6.3465,-6.3465,0.0,Nc1ccc(-c2oc3cc(O)cc(O)c3c(=O)c2O)cc1N,1,c1c(O)c2c(cc1O)oc(-c1cc([*])c([*])cc1)c(O)c2=O,*N|*N,O=c1cc(-c2ccccc2)oc2ccccc12,0.3386784,7.535,0.8802304,9.386,0.9807119,2.635,6,1,6
22.0232,26.0839,-26.0715,9.66e-05,Nc1cc(-c2oc3cc(O)cc(O)c3c(=O)c2O)ccc1C(C(=O)O)C(=O)c1ccc(O)c(O)c1,1,c1c(O)c2c(cc1O)oc(-c1cc([*])c([*])cc1)c(O)c2=O,N*|C(=O)(O)C(*)C(=O)c1ccc(O)c(O)c1,O=C(Cc1ccc(-c2cc(=O)c3ccccc3o2)cc1)c1ccccc1,1e-05,0.0,1e-05,0.0,0.8393911,3.4254,6,1,6
3.097,7.2826,-7.2826,0.0,Nc1ccc(-c2oc3cc(O)cc(O)c3c(=O)c2O)cc1N,2,c1c(O)c2c(cc1O)oc(-c1cc([*])c([*])cc1)c(O)c2=O,N*|*N,O=c1cc(-c2ccccc2)oc2ccccc12,0.0,7.535,0.0,9.386,0.0,2.635,6,1,6
3.3768,8.4991,-8.4991,0.0,Nc1ccc(-c2oc3cc(O)cc(O)c3c(=O)c2O)cc1N,2,c1c(O)c2c(cc1O)oc(-c1cc([*])c([*])cc1)c(O)c2=O,N*|N*,O=c1cc(-c2ccccc2)oc2ccccc12,0.0,7.535,0.0,9.386,0.0,2.635,6,1,6
8.1183,16.9795,-16.9795,0.0,Nc1cc(-c2oc3cc(O)cc(O)c3c(=O)c2O)ccc1-c1ccc(O)cc1,1,c1c(O)c2c(cc1O)oc(-c1cc([*])c([*])cc1)c(O)c2=O,N*|c1cc(*)ccc1O,O=c1cc(-c2ccc(-c3ccccc3)cc2)oc2ccccc12,0.4320647,7.81,0.985548,10.934,0.9845981,2.5555,6,1,6
14.4473,17.1354,-17.1354,0.0,CC(=CCc1cc(-c2oc3cc(O)cc(O)c3c(=O)c2O)ccc1N)C(=O)O,1,c1c(O)c2c(cc1O)oc(-c1cc([*])c([*])cc1)c(O)c2=O,C(C)(C(O)=O)=CC*|*N,O=c1cc(-c2ccccc2)oc2ccccc12,0.3576174,7.593,0.970107,10.418,0.9543332,2.9439,6,1,6
32.9542,34.2168,-34.2057,8.72e-05,CC(C)=CCc1cc(-c2oc3cc(O)cc(O)c3c(=O)c2O)ccc1C1C(=O)C(C)=C(N)c2c1ccc(C=O)c2O,1,c1c(O)c2c(cc1O)oc(-c1cc([*])c([*])cc1)c(O)c2=O,*CC=C(C)C|NC1=C(C)C(=O)C(*)c2c1c(O)c(C=O)cc2,O=C1C=Cc2ccccc2C1c1ccc(-c2cc(=O)c3ccccc3o2)cc1,1e-05,0.0,1e-05,0.0,0.503085,3.9957,6,1,6
25.7764,39.7592,-39.7466,9.84e-05,C=CCc1cc(Nc2cc(-c3oc4cc(O)cc(O)c4c(=O)c3O)ccc2-c2cc(C(N)=O)c(O)cc2C)ccc1O,1,c1c(O)c2c(cc1O)oc(-c1cc([*])c([*])cc1)c(O)c2=O,Oc1ccc(N*)cc1CC=C|C(=O)(N)c1c(O)cc(C)c(*)c1,O=c1cc(-c2ccc(-c3ccccc3)c(Nc3ccccc3)c2)oc2ccccc12,1e-05,0.0,1e-05,0.0,0.9215925,3.1439,6,1,6
11.3382,15.5309,-15.5309,0.0,C=CCc1ccc(-c2oc3cc(O)cc(O)c3c(=O)c2O)cc1CC=C(C)C,1,c1c(O)c2c(cc1O)oc(-c1cc([*])c([*])cc1)c(O)c2=O,CC(C)=CC*|C(=C)C*,O=c1cc(-c2ccccc2)oc2ccccc12,0.2672108,7.299,0.9651583,10.308,0.9542096,2.9449,6,1,6
19.752,26.0275,61.3983,0.683014,N=C(O)c1ccc(-c2ccc(-c3oc4cc(O)cc(O)c4c(=O)c3O)cc2N)c(O)c1,1,c1c(O)c2c(cc1O)oc(-c1cc([*])c([*])cc1)c(O)c2=O,*N|N=C(O)c1cc(O)c(*)cc1,O=c1cc(-c2ccc(-c3ccccc3)cc2)oc2ccccc12,0.3985317,7.714,0.9898995,11.186,0.9550811,2.9379,6,1,6
12.8196,22.0557,63.2501,0.6664516,C=CCc1ccc(-c2oc3cc(O)cc(O)c3c(=O)c2O)cc1-c1ccc(O)c(O)c1,1,c1c(O)c2c(cc1O)oc(-c1cc([*])c([*])cc1)c(O)c2=O,Oc1c(O)ccc(*)c1|C(*)C=C,O=c1cc(-c2cccc(-c3ccccc3)c2)oc2ccccc12,0.4292419,7.802,0.8599319,9.261,0.9649636,2.848,6,1,6
11.0939,17.1733,-17.1733,0.0,Nc1ccc(-c2oc3cc(O)cc(O)c3c(=O)c2O)cc1NCO,1,c1c(O)c2c(cc1O)oc(-c1cc([*])c([*])cc1)c(O)c2=O,*NCO|N*,O=c1cc(-c2ccccc2)oc2ccccc12,0.3284419,7.503,0.8354507,9.129,0.9692315,2.8013,6,1,6
9.1774,17.9316,-17.9316,0.0,Nc1cc(-c2oc3cc(O)cc(O)c3c(=O)c2O)ccc1-c1ccc(O)cc1,2,c1c(O)c2c(cc1O)oc(-c1cc([*])c([*])cc1)c(O)c2=O,*N|c1c(O)ccc(*)c1,O=c1cc(-c2ccc(-c3ccccc3)cc2)oc2ccccc12,0.0,7.81,0.0,10.934,0.0,2.5555,6,1,6
9.0678,10.7178,-10.7178,0.0,CCNc1ccc(-c2oc3cc(O)cc(O)c3c(=O)c2O)cc1C,1,c1c(O)c2c(cc1O)oc(-c1cc([*])c([*])cc1)c(O)c2=O,C*|CCN*,O=c1cc(-c2ccccc2)oc2ccccc12,0.1606305,6.851,0.9310775,9.809,0.9863603,2.5126,6,1,6
35.1299,37.809,-37.7965,9.75e-05,Cc1cc(O)cc(C)c1NC(=O)CN=C(O)CCc1ccc(-c2oc3cc(O)cc(O)c3c(=O)c2O)cc1CCN,1,c1c(O)c2c(cc1O)oc(-c1cc([*])c([*])cc1)c(O)c2=O,C(*)CN|C(*)CC(=NCC(=O)Nc1c(C)cc(O)cc1C)O,O=C(CN=CCCc1ccc(-c2cc(=O)c3ccccc3o2)cc1)Nc1ccccc1,1e-05,0.0,1e-05,0.0,0.8808093,3.3051,6,1,6
15.8885,23.0472,86.1941,0.853447,O=c1c(O)c(-c2ccc(Cc3ccc(O)cc3)c(C(F)(F)F)c2)oc2cc(O)cc(O)c12,1,c1c(O)c2c(cc1O)oc(-c1cc([*])c([*])cc1)c(O)c2=O,C(F)(F)(F)*|c1(C*)ccc(O)cc1,O=c1cc(-c2ccc(Cc3ccccc3)cc2)oc2ccccc12,0.7134908,8.634,0.9535007,10.099,0.9782818,2.6771,6,1,6
8.1417,16.0539,80.4452,0.7538989,Nc1cc(-c2oc3cc(O)cc(O)c3c(=O)c2O)ccc1-c1ccccc1,1,c1c(O)c2c(cc1O)oc(-c1cc([*])c([*])cc1)c(O)c2=O,*N|c1(*)ccccc1,O=c1cc(-c2ccc(-c3ccccc3)cc2)oc2ccccc12,0.501439,8.004,0.9895929,11.165,0.9890455,2.4355,6,1,6
23.1579,34.1362,17.527,0.4036194,Cc1ccc(-c2cc(-c3oc4cc(O)cc(O)c4c(=O)c3O)ccc2Cc2ccc(O)c(C)c2)cc1C,1,c1c(O)c2c(cc1O)oc(-c1cc([*])c([*])cc1)c(O)c2=O,*c1ccc(C)c(C)c1|c1cc(O)c(C)cc1C*,O=c1cc(-c2ccc(Cc3ccccc3)c(-c3ccccc3)c2)oc2ccccc12,0.8111995,9.013,0.1293376,6.675,0.9730951,2.7533,6,1,6
8.0535,1.5792,-1.5792,0.0,Cc1ccc(-c2oc3cc(O)cc(O)c3c(=O)c2O)cc1C,1,c1c(O)c2c(cc1O)oc(-c1cc([*])c([*])cc1)c(O)c2=O,C*|C*,O=c1cc(-c2ccccc2)oc2ccccc12,0.302655,7.42,0.9610725,10.228,0.9905877,2.3822,6,1,6
12.0614,21.0826,72.5356,0.7313928,Cc1cc(-c2ccc(-c3oc4cc(O)cc(O)c4c(=O)c3O)cc2N)ccc1N,1,c1c(O)c2c(cc1O)oc(-c1cc([*])c([*])cc1)c(O)c2=O,N*|Nc1ccc(*)cc1C,O=c1cc(-c2ccc(-c3ccccc3)cc2)oc2ccccc12,0.4744779,7.929,0.9746929,10.537,0.9785565,2.6726,6,1,6
13.4576,21.2227,-21.2227,0.0,C=CCc1ccc(-c2oc3cc(O)cc(O)c3c(=O)c2O)cc1NCCO,1,c1c(O)c2c(cc1O)oc(-c1cc([*])c([*])cc1)c(O)c2=O,C(N*)CO|C(*)C=C,O=c1cc(-c2ccccc2)oc2ccccc12,0.1647472,6.872,0.9217701,9.714,0.9655526,2.8419,6,1,6
3.7768,7.6611,-7.6611,0.0,Nc1ccc(-c2oc3cc(O)cc(O)c3c(=O)c2O)cc1N,2,c1c(O)c2c(cc1O)oc(-c1cc([*])c([*])cc1)c(O)c2=O,*N|N*,O=c1cc(-c2ccccc2)oc2ccccc12,0.0,7.535,0.0,9.386,0.0,2.635,6,1,6
5.8256,10.0219,-10.0219,0.0,CC(C)=CCc1cc(-c2oc3cc(O)cc(O)c3c(=O)c2O)ccc1N,1,c1c(O)c2c(cc1O)oc(-c1cc([*])c([*])cc1)c(O)c2=O,*CC=C(C)C|*N,O=c1cc(-c2ccccc2)oc2ccccc12,0.2960148,7.398,0.9697713,10.41,0.9657127,2.8402,6,1,6
10.6774,17.1563,-17.1563,0.0,COC(=O)Cc1cc(-c2oc3cc(O)cc(O)c3c(=O)c2O)ccc1N,1,c1c(O)c2c(cc1O)oc(-c1cc([*])c([*])cc1)c(O)c2=O,O=C(OC)C*|N*,O=c1cc(-c2ccccc2)oc2ccccc12,0.1780258,6.937,0.9348567,9.851,0.9795681,2.6554,6,1,6
17.4676,27.9555,59.884,0.6862465,N=C(N)Cc1ccc(-c2oc3cc(O)cc(O)c3c(=O)c2O)cc1C=Cc1ccc(O)c(O)c1,1,c1c(O)c2c(cc1O)oc(-c1cc([*])c([*])cc1)c(O)c2=O,c1(O)c(O)ccc(C=C*)c1|N=C(C*)N,O=c1cc(-c2cccc(C=Cc3ccccc3)c2)oc2ccccc12,0.7164237,8.644,0.5633388,8.177,0.9343759,3.0772,6,1,6
20.2785,28.9564,-28.9437,9.93e-05,O=c1c(O)c(-c2ccc(C=Cc3ccccc3)c(Cc3cccc(O)c3O)c2)oc2cc(O)cc(O)c12,1,c1(=O)c(O)c(-c2cc([*])c([*])cc2)oc2cc(O)cc(O)c12,Oc1c(O)cccc1C*|c1cccc(C=C*)c1,O=c1cc(-c2ccc(C=Cc3ccccc3)c(Cc3ccccc3)c2)oc2ccccc12,1e-05,0.0,1e-05,0.0,0.9642913,2.8549,7,1,7
22.0683,29.1181,-29.106,9.48e-05,O=CNc1cc(C(O)CNc2ccc(-c3oc4cc(O)cc(O)c4c(=O)c3O)cc2-c2ccc(O)c(O)c2)ccc1O,1,c1(=O)c(O)c(-c2cc([*])c([*])cc2)oc2cc(O)cc(O)c12,c1c(O)c(O)ccc1*|C(O)(CN*)c1ccc(O)c(NC=O)c1,O=c1cc(-c2ccc(NCCc3ccccc3)c(-c3ccccc3)c2)oc2ccccc12,1e-05,0.0,1e-05,0.0,0.7661306,3.5877,7,1,7
22.7407,34.1068,-34.0942,9.91e-05,Cc1ccc(-c2ccc(-c3oc4cc(O)cc(O)c4c(=O)c3O)cc2-c2ccc(C)cc2C=NNC(N)=S)cc1,1,c1(=O)c(O)c(-c2cc([*])c([*])cc2)oc2cc(O)cc(O)c12,C(c1c(*)ccc(C)c1)=NNC(=S)N|c1(C)ccc(*)cc1,O=c1cc(-c2ccc(-c3ccccc3)c(-c3ccccc3)c2)oc2ccccc12,1e-05,0.0,1e-05,0.0,0.955806,2.932,7,1,7
9.1673,14.5473,79.3107,0.7332659,Cc1ccc(Nc2cc(-c3oc4cc(O)cc(O)c4c(=O)c3O)ccc2N)cc1,1,c1(=O)c(O)c(-c2cc([*])c([*])cc2)oc2cc(O)cc(O)c12,*Nc1ccc(C)cc1|*N,O=c1cc(-c2cccc(Nc3ccccc3)c2)oc2ccccc12,0.4967621,7.991,0.9330817,9.831,0.9866684,2.5046,7,1,7
10.8406,18.755,84.3392,0.805424,Nc1cccc(-c2cc(-c3oc4cc(O)cc(O)c4c(=O)c3O)ccc2N)c1,1,c1(=O)c(O)c(-c2cc([*])c([*])cc2)oc2cc(O)cc(O)c12,c1c(N)cccc1*|*N,O=c1cc(-c2cccc(-c3ccccc3)c2)oc2ccccc12,0.593161,8.262,0.9904456,11.225,0.9820113,2.6103,7,1,7
11.7136,25.5642,-24.4288,0.0088707,Cc1ccc(-c2cc(-c3oc4cc(O)cc(O)c4c(=O)c3O)ccc2Nc2ccc(O)cc2)cc1,1,c1(=O)c(O)c(-c2cc([*])c([*])cc2)oc2cc(O)cc(O)c12,c1cc(C)ccc1*|Oc1ccc(N*)cc1,O=c1cc(-c2ccc(Nc3ccccc3)c(-c3ccccc3)c2)oc2ccccc12,0.7471849,8.753,1e-05,0.0,0.983886,2.5714,7,1,7
17.4464,29.1201,-29.1073,9.94e-05,O=C(CNc1ccc(-c2oc3cc(O)cc(O)c3c(=O)c2O)cc1-c1ccc(O)cc1)c1ccc(O)cc1,1,c1(=O)c(O)c(-c2cc([*])c([*])cc2)oc2cc(O)cc(O)c12,c1cc(O)ccc1*|C(N*)C(=O)c1ccc(O)cc1,O=C(CNc1ccc(-c2cc(=O)c3ccccc3o2)cc1-c1ccccc1)c1ccccc1,1e-05,0.0,1e-05,0.0,0.9728019,2.7572,7,1,7
12.2288,16.5642,68.6456,0.6657016,Nc1ccc(-c2oc3cc(O)cc(O)c3c(=O)c2O)cc1Nc1ccc(O)c(O)c1,1,c1(=O)c(O)c(-c2cc([*])c([*])cc2)oc2cc(O)cc(O)c12,c1(O)c(O)cc(N*)cc1|*N,O=c1cc(-c2cccc(Nc3ccccc3)c2)oc2ccccc12,0.5629846,8.176,0.6499501,8.43,0.9764392,2.706,7,1,7
13.8739,25.7205,-24.4814,0.0096811,Cc1ccc(-c2cc(-c3oc4cc(O)cc(O)c4c(=O)c3O)ccc2-c2ccc(O)c(C)c2)cc1,1,c1(=O)c(O)c(-c2cc([*])c([*])cc2)oc2cc(O)cc(O)c12,*c1ccc(C)cc1|c1c(O)c(C)cc(*)c1,O=c1cc(-c2ccc(-c3ccccc3)c(-c3ccccc3)c2)oc2ccccc12,0.9302417,9.8,1e-05,0.0,0.9827423,2.5956,7,1,7
13.855,26.5524,-25.4121,0.0089091,Cc1cccc(-c2cc(-c3oc4cc(O)cc(O)c4c(=O)c3O)ccc2-c2ccc(N)cc2)c1,1,c1(=O)c(O)c(-c2cc([*])c([*])cc2)oc2cc(O)cc(O)c12,c1(*)cc(C)ccc1|c1c(N)ccc(*)c1,O=c1cc(-c2ccc(-c3ccccc3)c(-c3ccccc3)c2)oc2ccccc12,0.7549868,8.782,1e-05,0.0,0.9846719,2.5538,7,1,7
11.1067,21.9464,60.2272,0.6419814,Cc1cc(Nc2cc(-c3oc4cc(O)cc(O)c4c(=O)c3O)ccc2N)ccc1N,1,c1(=O)c(O)c(-c2cc([*])c([*])cc2)oc2cc(O)cc(O)c12,c1(C)c(N)ccc(N*)c1|N*,O=c1cc(-c2cccc(Nc3ccccc3)c2)oc2ccccc12,0.696433,8.577,0.479504,7.943,0.9778422,2.6842,7,1,7
36.6318,43.6726,-43.6602,9.75e-05,CN=c1cc(O)c(C(N)=O)c(-c2cc(-c3oc4cc(O)cc(O)c4c(=O)c3O)ccc2Cc2ccc(C)cc2)cc1O,1,c1(=O)c(O)c(-c2cc([*])c([*])cc2)oc2cc(O)cc(O)c12,NC(c1c(O)cc(=NC)c(O)cc1*)=O|c1(C*)ccc(C)cc1,N=c1cccc(-c2cc(-c3cc(=O)c4ccccc4o3)ccc2Cc2ccccc2)cc1,1e-05,0.0,1e-05,0.0,0.8803959,3.3065,7,1,7
16.7355,26.8076,-26.7949,9.95e-05,Cc1ccccc1-c1cc(-c2oc3cc(O)cc(O)c3c(=O)c2O)ccc1NCc1ccc(O)c(O)c1,1,c1(=O)c(O)c(-c2cc([*])c([*])cc2)oc2cc(O)cc(O)c12,c1c(*)c(C)ccc1|Oc1c(O)ccc(CN*)c1,O=c1cc(-c2ccc(NCc3ccccc3)c(-c3ccccc3)c2)oc2ccccc12,1e-05,0.0,1e-05,0.0,0.9745007,2.7342,7,1,7
4.5358,5.2361,-5.2361,0.0,Nc1ccc(-c2oc3cc(O)cc(O)c3c(=O)c2O)cc1N,1,c1(=O)c(O)c(-c2cc([*])c([*])cc2)oc2cc(O)cc(O)c12,*N|N*,O=c1cc(-c2ccccc2)oc2ccccc12,0.3386784,7.535,0.8802304,9.386,0.9807119,2.635,7,1,7
23.4521,34.3243,-34.3117,9.85e-05,Cc1cc(C=Nc2ccc(C)c(-c3cc(-c4oc5cc(O)cc(O)c5c(=O)c4O)ccc3NCC(=O)O)c2)ccc1O,1,c1(=O)c(O)c(-c2cc([*])c([*])cc2)oc2cc(O)cc(O)c12,N(c1ccc(C)c(*)c1)=Cc1ccc(O)c(C)c1|C(N*)C(=O)O,O=c1cc(-c2cccc(-c3cccc(N=Cc4ccccc4)c3)c2)oc2ccccc12,1e-05,0.0,1e-05,0.0,0.9263055,3.1205,7,1,7
7.6618,13.0784,92.6315,0.8258585,Nc1cc(-c2oc3cc(O)cc(O)c3c(=O)c2O)ccc1-c1ccc(O)c(O)c1,1,c1(=O)c(O)c(-c2cc([*])c([*])cc2)oc2cc(O)cc(O)c12,*N|c1c(O)c(O)ccc1*,O=c1cc(-c2ccc(-c3ccccc3)cc2)oc2ccccc12,0.6334077,8.38,0.9896961,11.172,0.9775926,2.6882,7,1,7
13.6255,25.1505,67.2843,0.722147,CNc1ccc(-c2ccc(-c3oc4cc(O)cc(O)c4c(=O)c3O)cc2N)c(C)c1,1,c1(=O)c(O)c(-c2cc([*])c([*])cc2)oc2cc(O)cc(O)c12,N*|c1(C)cc(NC)ccc1*,O=c1cc(-c2ccc(-c3ccccc3)cc2)oc2ccccc12,0.4540782,7.872,0.9878469,11.056,0.9760854,2.7113,7,1,7
16.2627,25.8402,-25.8277,9.83e-05,Cc1cccc(O)c1N=Nc1ccc(O)c(-c2cc(-c3oc4cc(O)cc(O)c4c(=O)c3O)ccc2N)c1,1,c1(=O)c(O)c(-c2cc([*])c([*])cc2)oc2cc(O)cc(O)c12,Oc1cccc(C)c1N=Nc1ccc(O)c(*)c1|*N,O=c1cc(-c2cccc(-c3cccc(N=Nc4ccccc4)c3)c2)oc2ccccc12,1e-05,0.0,1e-05,0.0,0.919619,3.1532,7,1,7
11.715,17.0245,-16.0536,0.0075854,Cc1cc(N)c(O)cc1-c1cc(-c2oc3cc(O)cc(O)c3c(=O)c2O)ccc1N,1,c1(=O)c(O)c(-c2cc([*])c([*])cc2)oc2cc(O)cc(O)c12,Oc1c(N)cc(C)c(*)c1|N*,O=c1cc(-c2cccc(-c3ccccc3)c2)oc2ccccc12,0.5100724,8.028,1e-05,0.0,0.9652482,2.8451,7,1,7
16.9293,29.5818,-29.5691,9.95e-05,Cc1ccc(CNc2ccc(-c3oc4cc(O)cc(O)c4c(=O)c3O)cc2-c2ccc(C)cc2O)cc1,1,c1(=O)c(O)c(-c2cc([*])c([*])cc2)oc2cc(O)cc(O)c12,c1c(C)cc(O)c(*)c1|c1c(C)ccc(CN*)c1,O=c1cc(-c2ccc(NCc3ccccc3)c(-c3ccccc3)c2)oc2ccccc12,1e-05,0.0,1e-05,0.0,0.9767677,2.701,7,1,7
8.2094,18.3775,79.9398,0.7681041,Cc1ccc(O)c(Nc2cc(-c3oc4cc(O)cc(O)c4c(=O)c3O)ccc2N)c1,1,c1(=O)c(O)c(-c2cc([*])c([*])cc2)oc2cc(O)cc(O)c12,Oc1ccc(C)cc1N*|*N,O=c1cc(-c2cccc(Nc3ccccc3)c2)oc2ccccc12,0.5409232,8.114,0.9665814,10.338,0.9780306,2.6812,7,1,7
4.6381,5.4715,-5.4715,0.0,Nc1ccc(-c2oc3cc(O)cc(O)c3c(=O)c2O)cc1N,2,c1(=O)c(O)c(-c2cc([*])c([*])cc2)oc2cc(O)cc(O)c12,N*|*N,O=c1cc(-c2ccccc2)oc2ccccc12,0.0,7.535,0.0,9.386,0.0,2.635,7,1,7
33.4215,56.3522,-56.3522,0.0,c1(C)cc(C)ccc1O)c1ccc(N*)cc1|C(=Nc1ccccc1)*,0,c1(=O)c(O)c(-c2cc([*])c([*])cc2)oc2cc(O)cc(O)c12,c1(C)cc(C)ccc1O)c1ccc(N*)cc1|C(=Nc1ccccc1)*,,0.0,0.0,0.0,0.0,0.0,0.0,7,1,7
12.3643,13.4931,-12.451,0.0081415,Nc1cc(-c2oc3cc(O)cc(O)c3c(=O)c2O)ccc1C=Cc1ccc(O)c(O)c1,1,c1(=O)c(O)c(-c2cc([*])c([*])cc2)oc2cc(O)cc(O)c12,N*|Oc1ccc(C=C*)cc1O,O=c1cc(-c2ccc(C=Cc3ccccc3)cc2)oc2ccccc12,0.60869,8.307,1e-05,0.0,0.9654742,2.8427,7,1,7
14.2008,22.916,16.6764,0.3093161,COc1ccc(C=Nc2cc(-c3oc4cc(O)cc(O)c4c(=O)c3O)ccc2N)cc1,1,c1(=O)c(O)c(-c2cc([*])c([*])cc2)oc2cc(O)cc(O)c12,c1cc(OC)ccc1C=N*|N*,O=c1cc(-c2cccc(N=Cc3ccccc3)c2)oc2ccccc12,0.4687401,7.913,0.1151455,6.583,0.9719734,2.7679,7,1,7
10.9694,13.1818,93.9723,0.8371417,Cc1cc(-c2oc3cc(O)cc(O)c3c(=O)c2O)ccc1-c1ccc(O)cc1,1,c1(=O)c(O)c(-c2cc([*])c([*])cc2)oc2cc(O)cc(O)c12,C*|c1(*)ccc(O)cc1,O=c1cc(-c2ccc(-c3ccccc3)cc2)oc2ccccc12,0.6525648,8.438,0.9883875,11.088,0.9883097,2.4583,7,1,7
20.6055,29.0321,-27.7737,0.0098317,Cc1cc(Nc2cc(-c3oc4cc(O)cc(O)c4c(=O)c3O)ccc2NCC(=O)O)ccc1F,1,c1(=O)c(O)c(-c2cc([*])c([*])cc2)oc2cc(O)cc(O)c12,Fc1ccc(N*)cc1C|C(N*)C(O)=O,O=c1cc(-c2cccc(Nc3ccccc3)c2)oc2ccccc12,1e-05,0.0,0.9719289,10.463,0.9724643,2.7616,7,1,7
24.0856,29.931,16.6889,0.3642181,O=c1c(O)c(-c2ccc(-c3c(Cl)cccc3Cl)c(CC=NO)c2)oc2cc(O)cc(O)c12,1,c1(=O)c(O)c(-c2cc([*])c([*])cc2)oc2cc(O)cc(O)c12,C(*)C=NO|*c1c(Cl)cccc1Cl,O=c1cc(-c2ccc(-c3ccccc3)cc2)oc2ccccc12,0.4555054,7.876,0.1814203,6.953,0.9385312,3.053,7,1,7
31.0835,41.3492,-41.3492,0.0,[nH]1c(C)cc(N=C)cc1=O)*|c1c(O)c(O)ccc1*,0,c1(=O)c(O)c(-c2cc([*])c([*])cc2)oc2cc(O)cc(O)c12,[nH]1c(C)cc(N=C)cc1=O)*|c1c(O)c(O)ccc1*,,0.0,0.0,0.0,0.0,0.0,0.0,7,1,7
16.5752,27.7341,-7.5691,0.1575396,Nc1cc(-c2oc3cc(O)cc(O)c3c(=O)c2O)ccc1Nc1ccc(N=Cc2ccccc2O)cc1,1,c1(=O)c(O)c(-c2cc([*])c([*])cc2)oc2cc(O)cc(O)c12,*N|Oc1ccccc1C=Nc1ccc(N*)cc1,O=c1cc(-c2ccc(Nc3ccc(N=Cc4ccccc4)cc3)cc2)oc2ccccc12,0.6256886,8.357,0.0160499,5.14,0.9622461,2.8749,7,1,7
19.8714,32.9966,70.4966,0.8085402,O=c1c(O)c(-c2ccc(Nc3ccccc3F)c(Nc3cccc(O)c3)c2)oc2cc(O)cc(O)c12,1,c1(=O)c(O)c(-c2cc([*])c([*])cc2)oc2cc(O)cc(O)c12,Oc1cccc(N*)c1|N(c1ccccc1F)*,O=c1cc(-c2ccc(Nc3ccccc3)c(Nc3ccccc3)c2)oc2ccccc12,0.7336338,8.704,0.8107584,9.011,0.976712,2.7019,7,1,7
15.6658,23.7362,57.7753,0.6368086,CN(C)c1ccc(-c2oc3cc(O)cc(O)c3c(=O)c2O)cc1-c1ccccc1,1,c1(=O)c(O)c(-c2cc([*])c([*])cc2)oc2cc(O)cc(O)c12,c1ccccc1*|N(C)(*)C,O=c1cc(-c2cccc(-c3ccccc3)c2)oc2ccccc12,0.3756606,7.647,0.8673866,9.305,0.9863435,2.513,7,1,7
10.8377,21.14,79.0153,0.7824634,Cc1ccc(Nc2ccc(-c3oc4cc(O)cc(O)c4c(=O)c3O)cc2-c2ccccc2)cc1,1,c12c(oc(-c3ccc([*])c([*])c3)c(O)c1=O)cc(O)cc2O,*Nc1ccc(C)cc1|c1(*)ccccc1,O=c1cc(-c2ccc(Nc3ccccc3)c(-c3ccccc3)c2)oc2ccccc12,0.7302455,8.692,0.7460958,8.749,0.9880822,2.4651,8,1,8
9.7976,17.991,88.7847,0.8341853,O=c1c(O)c(-c2ccc(-c3ccc(O)cc3)c(-c3ccc(O)cc3)c2)oc2cc(O)cc(O)c12,1,c12c(oc(-c3ccc([*])c([*])c3)c(O)c1=O)cc(O)cc2O,Oc1ccc(*)cc1|*c1ccc(O)cc1,O=c1cc(-c2ccc(-c3ccccc3)c(-c3ccccc3)c2)oc2ccccc12,0.8038184,8.98,0.7969208,8.95,0.9843883,2.5602,8,1,8
14.456,22.6943,59.8337,0.6447504,O=CCNc1ccc(-c2oc3cc(O)cc(O)c3c(=O)c2O)cc1-c1ccc(O)cc1,1,c12c(oc(-c3ccc([*])c([*])c3)c(O)c1=O)cc(O)cc2O,*NCC=O|c1cc(*)ccc1O,O=c1cc(-c2cccc(-c3ccccc3)c2)oc2ccccc12,0.3743115,7.643,0.9054592,9.57,0.9699602,2.7928,8,1,8
18.4073,22.2228,65.6942,0.686851,Nc1cc(-c2oc3cc(O)cc(O)c3c(=O)c2O)ccc1-c1ccc(N)c(O)c(=O)c1,1,c12c(oc(-c3ccc([*])c([*])c3)c(O)c1=O)cc(O)cc2O,c1c(N)c(O)c(=O)cc(*)c1|*N,O=c1ccccc(-c2ccc(-c3cc(=O)c4ccccc4o3)cc2)c1,0.4075337,7.74,0.9793608,10.682,0.9596215,2.8992,8,1,8
13.7913,20.3274,-20.3146,9.94e-05,Cc1ccc(-c2cc(-c3oc4cc(O)cc(O)c4c(=O)c3O)ccc2C=Cc2ccc(O)c(O)c2)cc1,1,c12c(oc(-c3ccc([*])c([*])c3)c(O)c1=O)cc(O)cc2O,C(=Cc1ccc(O)c(O)c1)*|c1c(*)ccc(C)c1,O=c1cc(-c2ccc(C=Cc3ccccc3)c(-c3ccccc3)c2)oc2ccccc12,1e-05,0.0,1e-05,0.0,0.9700441,2.7918,8,1,8
12.5476,23.4106,-22.2045,0.0094228,O=c1c(O)c(-c2ccc(-c3ccccc3F)c(-c3ccc(O)cc3)c2)oc2cc(O)cc(O)c12,1,c12c(oc(-c3ccc([*])c([*])c3)c(O)c1=O)cc(O)cc2O,c1(F)ccccc1*|c1cc(O)ccc1*,O=c1cc(-c2ccc(-c3ccccc3)c(-c3ccccc3)c2)oc2ccccc12,0.8685411,9.312,1e-05,0.0,0.9847433,2.5521,8,1,8
16.9054,25.6235,-25.6235,0.0,N*|c1c(*)oc(C)cc1,0,c12c(oc(-c3ccc([*])c([*])c3)c(O)c1=O)cc(O)cc2O,N*|c1c(*)oc(C)cc1,,0.0,0.0,0.0,0.0,0.0,0.0,8,1,8
11.8904,21.6998,-20.5461,0.0090132,O=c1c(O)c(-c2ccc(-c3ccc(O)cc3)c(Cc3ccccc3)c2)oc2cc(O)cc(O)c12,1,c12c(oc(-c3ccc([*])c([*])c3)c(O)c1=O)cc(O)cc2O,Oc1ccc(*)cc1|c1cc(C*)ccc1,O=c1cc(-c2ccc(-c3ccccc3)c(Cc3ccccc3)c2)oc2ccccc12,0.7766543,8.866,1e-05,0.0,0.9861381,2.5183,8,1,8
20.2906,20.6501,72.8855,0.7307467,Cc1nc(-c2cc(-c3oc4cc(O)cc(O)c4c(=O)c3O)ccc2N)c[nH]1,1,c12c(oc(-c3ccc([*])c([*])c3)c(O)c1=O)cc(O)cc2O,*N|c1(*)c[nH]c(C)n1,O=c1cc(-c2cccc(-c3c[nH]cn3)c2)oc2ccccc12,0.4845344,7.957,0.9783177,10.647,0.9273109,3.1154,8,1,8
22.6926,29.5222,-29.5099,9.53e-05,C=CC(C)(O)C=Cc1ccc(-c2oc3cc(O)cc(O)c3c(=O)c2O)cc1-c1cc(C)ccc1C,1,c12c(oc(-c3ccc([*])c([*])c3)c(O)c1=O)cc(O)cc2O,C(=C)C(O)(C)C=C*|Cc1ccc(C)cc1*,O=c1cc(-c2cccc(-c3ccccc3)c2)oc2ccccc12,1e-05,0.0,1e-05,0.0,0.7871745,3.5456,8,1,8
15.8486,27.4186,-27.4059,9.92e-05,Cc1ccc(C)c(-c2ccc(-c3oc4cc(O)cc(O)c4c(=O)c3O)cc2-c2ccc(O)c(O)c2)c1O,1,c12c(oc(-c3ccc([*])c([*])c3)c(O)c1=O)cc(O)cc2O,c1(C)ccc(C)c(O)c1*|c1c(*)ccc(O)c1O,O=c1cc(-c2ccc(-c3ccccc3)c(-c3ccccc3)c2)oc2ccccc12,1e-05,0.0,1e-05,0.0,0.96005,2.8954,8,1,8
31.4491,41.2985,-41.2872,8.8e-05,C=CC1(C)Oc2ccc(O)cc2C1c1ccc(-c2oc3cc(O)cc(O)c3c(=O)c2O)cc1-c1cccc(O)c1,1,c12c(oc(-c3ccc([*])c([*])c3)c(O)c1=O)cc(O)cc2O,CC1(C=C)C(*)c2cc(O)ccc2O1|c1(O)cccc(*)c1,O=c1cc(-c2ccc(C3COc4ccccc43)c(-c3ccccc3)c2)oc2ccccc12,1e-05,0.0,1e-05,0.0,0.5265245,3.9631,8,1,8
14.5394,24.802,-23.6422,0.0090604,Cc1ccc(-c2cc(-c3oc4cc(O)cc(O)c4c(=O)c3O)ccc2Nc2ccc(C)cc2C)cc1,1,c12c(oc(-c3ccc([*])c([*])c3)c(O)c1=O)cc(O)cc2O,c1(C)ccc(N*)c(C)c1|c1c(*)ccc(C)c1,O=c1cc(-c2ccc(Nc3ccccc3)c(-c3ccccc3)c2)oc2ccccc12,0.7881672,8.913,1e-05,0.0,0.9829068,2.5922,8,1,8
8.1512,18.4994,-18.4994,0.0,O=c1c(O)c(-c2ccc(-c3ccc(O)cc3)c(-c3ccc(O)cc3)c2)oc2cc(O)cc(O)c12,2,c12c(oc(-c3ccc([*])c([*])c3)c(O)c1=O)cc(O)cc2O,c1cc(*)ccc1O|c1cc(O)ccc1*,O=c1cc(-c2ccc(-c3ccccc3)c(-c3ccccc3)c2)oc2ccccc12,0.0,8.98,0.0,8.95,0.0,2.5602,8,1,8
19.0024,32.5424,-32.5296,9.95e-05,Cc1ccc(-c2cc(-c3oc4cc(O)cc(O)c4c(=O)c3O)ccc2-c2ccc3cccc(O)c3c2)cc1C,1,c12c(oc(-c3ccc([*])c([*])c3)c(O)c1=O)cc(O)cc2O,c1(O)cccc2ccc(*)cc12|c1cc(C)c(C)cc1*,O=c1cc(-c2ccc(-c3ccc4ccccc4c3)c(-c3ccccc3)c2)oc2ccccc12,1e-05,0.0,1e-05,0.0,0.974708,2.7313,8,1,8
16.0515,25.7719,-25.7591,9.95e-05,Nc1cc(-c2ccc(-c3oc4cc(O)cc(O)c4c(=O)c3O)cc2-c2ccc(O)cc2)cc2ccccc12,1,c12c(oc(-c3ccc([*])c([*])c3)c(O)c1=O)cc(O)cc2O,c1c2c(N)cc(*)cc2ccc1|c1(*)ccc(O)cc1,O=c1cc(-c2ccc(-c3ccc4ccccc4c3)c(-c3ccccc3)c2)oc2ccccc12,1e-05,0.0,1e-05,0.0,0.9736679,2.7457,8,1,8
19.2009,29.1613,-29.1486,9.93e-05,Cc1ccc(-c2cc(-c3oc4cc(O)cc(O)c4c(=O)c3O)ccc2-c2ccc(O)c(CO)c2O)cc1,1,c12c(oc(-c3ccc([*])c([*])c3)c(O)c1=O)cc(O)cc2O,Oc1ccc(*)c(O)c1CO|c1c(C)ccc(*)c1,O=c1cc(-c2ccc(-c3ccccc3)c(-c3ccccc3)c2)oc2ccccc12,1e-05,0.0,1e-05,0.0,0.9644348,2.8534,8,1,8
17.4441,27.6435,-27.6307,9.96e-05,Cc1ccc(CNc2ccc(-c3oc4cc(O)cc(O)c4c(=O)c3O)cc2Nc2ccc(O)cc2)cc1,1,c12c(oc(-c3ccc([*])c([*])c3)c(O)c1=O)cc(O)cc2O,*NCc1ccc(C)cc1|c1cc(O)ccc1N*,O=c1cc(-c2ccc(NCc3ccccc3)c(Nc3ccccc3)c2)oc2ccccc12,1e-05,0.0,1e-05,0.0,0.9806193,2.6367,8,1,8
13.3189,19.8283,-18.626,0.0093937,O=c1c(O)c(-c2ccc(-c3ccccc3)c(Cc3ccc(O)cc3)c2)oc2cc(O)cc(O)c12,1,c12c(oc(-c3ccc([*])c([*])c3)c(O)c1=O)cc(O)cc2O,*c1ccccc1|c1(C*)ccc(O)cc1,O=c1cc(-c2ccc(-c3ccccc3)c(Cc3ccccc3)c2)oc2ccccc12,0.8613129,9.269,1e-05,0.0,0.9859926,2.522,8,1,8
16.3495,27.6791,58.5609,0.67375,NCCc1ccc(-c2oc3cc(O)cc(O)c3c(=O)c2O)cc1-c1ccc(N)cc1,1,c12c(oc(-c3ccc([*])c([*])c3)c(O)c1=O)cc(O)cc2O,C(*)CN|c1(N)ccc(*)cc1,O=c1cc(-c2cccc(-c3ccccc3)c2)oc2ccccc12,0.4292419,7.802,0.8770075,9.365,0.9796771,2.6535,8,1,8
12.682,19.87,75.0503,0.7415643,Nc1cc(-c2oc3cc(O)cc(O)c3c(=O)c2O)ccc1-c1cccc(C=O)c1,1,c12c(oc(-c3ccc([*])c([*])c3)c(O)c1=O)cc(O)cc2O,c1c(*)cccc1C=O|*N,O=c1cc(-c2ccc(-c3ccccc3)cc2)oc2ccccc12,0.4848939,7.958,0.9876202,11.043,0.9778466,2.6841,8,1,8
12.6501,23.8207,-22.6337,0.0092735,Nc1ccc(C=Cc2ccc(-c3oc4cc(O)cc(O)c4c(=O)c3O)cc2-c2ccccc2)cc1,1,c12c(oc(-c3ccc([*])c([*])c3)c(O)c1=O)cc(O)cc2O,c1cc(N)ccc1C=C*|c1cc(*)ccc1,O=c1cc(-c2ccc(C=Cc3ccccc3)c(-c3ccccc3)c2)oc2ccccc12,0.8368309,9.136,1e-05,0.0,0.9793574,2.6591,8,1,8
20.723,34.2305,-34.2178,9.92e-05,Cc1ccc(-c2cc(-c3oc4cc(O)cc(O)c4c(=O)c3O)ccc2-c2cc(C=Cc3ccc(O)cc3)ccc2O)cc1,1,c12c(oc(-c3ccc([*])c([*])c3)c(O)c1=O)cc(O)cc2O,Oc1ccc(C=Cc2ccc(O)cc2)cc1*|c1cc(C)ccc1*,O=c1cc(-c2ccc(-c3cccc(C=Cc4ccccc4)c3)c(-c3ccccc3)c2)oc2ccccc12,1e-05,0.0,1e-05,0.0,0.9621745,2.8756,8,1,8
18.1929,19.9641,83.2626,0.8064585,Cc1cc(-c2cc(-c3oc4cc(O)cc(O)c4c(=O)c3O)ccc2C(F)(F)F)ccc1O,1,c12c(oc(-c3ccc([*])c([*])c3)c(O)c1=O)cc(O)cc2O,C(F)(*)(F)F|Cc1cc(*)ccc1O,O=c1cc(-c2cccc(-c3ccccc3)c2)oc2ccccc12,0.6035362,8.292,0.9805203,10.723,0.9740704,2.7402,8,1,8
11.3353,19.9593,85.5849,0.8245637,O=c1c(O)c(-c2ccc(-c3ccc(F)cc3)c(-c3ccccc3O)c2)oc2cc(O)cc(O)c12,1,c12c(oc(-c3ccc([*])c([*])c3)c(O)c1=O)cc(O)cc2O,c1(F)ccc(*)cc1|c1(O)ccccc1*,O=c1cc(-c2ccc(-c3ccccc3)c(-c3ccccc3)c2)oc2ccccc12,0.806752,8.993,0.7711142,8.844,0.984926,2.5479,8,1,8
26.8952,39.5363,-39.5363,0.0,c1c2c(c(O)ccc(N=Nc3ccc(*)cc3)c2O)ccc1|N*,0,c12c(oc(-c3ccc([*])c([*])c3)c(O)c1=O)cc(O)cc2O,c1c2c(c(O)ccc(N=Nc3ccc(*)cc3)c2O)ccc1|N*,,0.0,0.0,0.0,0.0,0.0,0.0,8,1,8
28.8876,37.6864,-37.674,9.72e-05,CC1NCCCc2cc(-c3ccc(-c4oc5cc(O)cc(O)c5c(=O)c4O)cc3Cc3ccccc3)ccc21,1,c12c(oc(-c3ccc([*])c([*])c3)c(O)c1=O)cc(O)cc2O,C1CNC(C)c2ccc(*)cc2C1|c1cc(C*)ccc1,O=c1cc(-c2ccc(-c3ccc4c(c3)CCCNC4)c(Cc3ccccc3)c2)oc2ccccc12,1e-05,0.0,1e-05,0.0,0.8687079,3.3435,8,1,8
12.7304,22.8181,-21.7481,0.0083592,O=c1c(O)c(-c2ccc(C=Cc3cccc(O)c3)c(-c3ccc(O)cc3)c2)oc2cc(O)cc(O)c12,1,c12c(oc(-c3ccc([*])c([*])c3)c(O)c1=O)cc(O)cc2O,c1c(O)cccc1C=C*|c1cc(*)ccc1O,O=c1cc(-c2ccc(C=Cc3ccccc3)c(-c3ccccc3)c2)oc2ccccc12,0.6483113,8.425,1e-05,0.0,0.9711126,2.7788,8,1,8
13.2949,20.9532,65.0352,0.6717839,O=c1c(O)c(-c2ccc(-c3ccc(O)cc3)c(Nc3ccc(F)cc3)c2)oc2cc(O)cc(O)c12,1,c12c(oc(-c3ccc([*])c([*])c3)c(O)c1=O)cc(O)cc2O,c1c(*)ccc(O)c1|c1c(F)ccc(N*)c1,O=c1cc(-c2ccc(-c3ccccc3)c(Nc3ccccc3)c2)oc2ccccc12,0.7531185,8.775,0.495323,7.987,0.9832059,2.586,8,1,8
14.2415,30.5754,-30.5628,9.88e-05,Cc1ccc(O)c(O)c1-c1ccc(-c2oc3cc(O)cc(O)c3c(=O)c2O)cc1Cc1cccc(O)c1O,1,c12c(oc(-c3ccc([*])c([*])c3)c(O)c1=O)cc(O)cc2O,Oc1c(O)ccc(C)c1*|c1(O)c(O)cccc1C*,O=c1cc(-c2ccc(-c3ccccc3)c(Cc3ccccc3)c2)oc2ccccc12,1e-05,0.0,1e-05,0.0,0.9403471,3.0419,8,1,8
14.9937,22.5759,57.521,0.6257575,Cc1ccccc1-c1ccc(-c2oc3cc(O)cc(O)c3c(=O)c2O)cc1-c1ccc(O)cc1,1,c12c(oc(-c3ccc([*])c([*])c3)c(O)c1=O)cc(O)cc2O,Cc1c(*)cccc1|c1(*)ccc(O)cc1,O=c1cc(-c2ccc(-c3ccccc3)c(-c3ccccc3)c2)oc2ccccc12,0.8403373,9.154,0.371283,7.634,0.9856273,2.5311,8,1,8
5.2493,8.472,-8.472,0.0,Nc1ccc(-c2oc3cc(O)cc(O)c3c(=O)c2O)cc1N,1,c12c(oc(-c3ccc([*])c([*])c3)c(O)c1=O)cc(O)cc2O,N*|N*,O=c1cc(-c2ccccc2)oc2ccccc12,0.3386784,7.535,0.8802304,9.386,0.9807119,2.635,8,1,8
20.9134,25.5128,79.6833,0.8218445,CC(C)=C(c1cccc(O)c1)c1ccc(-c2oc3cc(O)cc(O)c3c(=O)c2O)cc1N,1,c1c(O)c2c(oc(-c3ccc([*])c([*])c3)c(O)c2=O)cc1O,*C(=C(C)C)c1cccc(O)c1|*N,,0.6427131,8.408,0.9749753,10.545,0.9548317,2.9399,1,2,9
8.369,16.5494,65.9453,0.6444899,Nc1ccc(-c2oc3cc(O)cc(O)c3c(=O)c2O)cc1-c1ccccc1O,1,c1c(O)c2c(oc(-c3ccc([*])c([*])c3)c(O)c2=O)cc1O,*N|c1(O)c(*)cccc1,,0.341262,7.543,0.9856704,10.94,0.982746,2.5956,1,2,9
5.7965,8.9213,69.6897,0.6141484,Nc1ccc(-c2oc3cc(O)cc(O)c3c(=O)c2O)cc1N,1,c1c(O)c2c(oc(-c3ccc([*])c([*])c3)c(O)c2=O)cc1O,N*|N*,,0.3377122,7.532,0.8838241,9.41,0.9807119,2.635,1,2,9
9.925,25.6781,55.3033,0.6326674,O=c1c(O)c(-c2ccc(-c3ccccc3O)c(-c3ccc(O)cc3)c2)oc2cc(O)cc(O)c12,1,c1c(O)c2c(oc(-c3ccc([*])c([*])c3)c(O)c2=O)cc1O,Oc1ccccc1*|c1cc(O)ccc1*,,0.8236526,9.071,0.3899399,7.689,0.9826383,2.5978,1,2,9
14.1396,26.9842,-25.8927,0.0085277,Cc1cc(O)ccc1Nc1ccc(-c2oc3cc(O)cc(O)c3c(=O)c2O)cc1-c1ccccc1,1,c1c(O)c2c(oc(-c3ccc([*])c([*])c3)c(O)c2=O)cc1O,c1(O)ccc(N*)c(C)c1|c1(*)ccccc1,,0.677875,8.517,1e-05,0.0,0.9814759,2.6207,1,2,9
16.5482,26.5344,67.5298,0.7348768,CC(=O)c1ccccc1Nc1ccc(-c2oc3cc(O)cc(O)c3c(=O)c2O)cc1N,1,c1c(O)c2c(oc(-c3ccc([*])c([*])c3)c(O)c2=O)cc1O,*Nc1ccccc1C(C)=O|N*,,0.471608,7.921,0.9907008,11.244,0.981805,2.6143,1,2,9
6.9785,14.6902,77.041,0.7166502,Nc1ccc(-c2oc3cc(O)cc(O)c3c(=O)c2O)cc1-c1ccc(O)cc1,1,c1c(O)c2c(oc(-c3ccc([*])c([*])c3)c(O)c2=O)cc1O,*N|c1cc(*)ccc1O,,0.4430435,7.841,0.988841,11.116,0.9848968,2.5485,1,2,9
13.7322,26.9512,55.4791,0.6439871,O=CCNc1ccc(-c2oc3cc(O)cc(O)c3c(=O)c2O)cc1-c1ccc(O)cc1,1,c1c(O)c2c(oc(-c3ccc([*])c([*])c3)c(O)c2=O)cc1O,N(*)CC=O|c1cc(*)ccc1O,,0.3739746,7.642,0.9035952,9.555,0.9699602,2.7928,1,2,9
8.1108,15.5353,89.2258,0.8184461,Nc1cc(-c2oc3cc(O)cc(O)c3c(=O)c2O)ccc1-c1ccc(O)c(O)c1,1,c1c(O)c2c(oc(-c3ccc([*])c([*])c3)c(O)c2=O)cc1O,c1c(O)c(O)ccc1*|*N,,0.6192631,8.338,0.98974,11.175,0.9775926,2.6882,1,2,9
8.7087,22.4437,51.774,0.5798257,C=CCc1ccc(-c2oc3cc(O)cc(O)c3c(=O)c2O)cc1-c1ccc(O)cc1,1,c1c(O)c2c(oc(-c3ccc([*])c([*])c3)c(O)c2=O)cc1O,*CC=C|c1(O)ccc(*)cc1,,0.3625916,7.608,0.7149596,8.639,0.9751893,2.7244,1,2,9
8.6381,21.0101,89.6377,0.8644367,O=c1c(O)c(-c2ccc(-c3ccc(O)cc3)c(-c3ccc(O)cc3)c2)oc2cc(O)cc(O)c12,1,c1c(O)c2c(oc(-c3ccc([*])c([*])c3)c(O)c2=O)cc1O,c1(O)ccc(*)cc1|c1(*)ccc(O)cc1,,0.8038184,8.98,0.8711478,9.328,0.9843883,2.5602,1,2,9
5.3191,8.9213,-8.9213,0.0,Nc1ccc(-c2oc3cc(O)cc(O)c3c(=O)c2O)cc1N,2,c1c(O)c2c(oc(-c3ccc([*])c([*])c3)c(O)c2=O)cc1O,N*|N*,,0.0,7.532,0.0,9.41,0.0,2.635,1,2,9
13.718,30.5141,52.7668,0.650632,CNc1ccc(Nc2ccc(-c3oc4cc(O)cc(O)c4c(=O)c3O)cc2N)cc1N,1,c1c(O)c2c(oc(-c3ccc([*])c([*])c3)c(O)c2=O)cc1O,c1cc(NC)c(N)cc1N*|N*,,0.4462417,7.85,0.7766543,8.866,0.970691,2.7839,1,2,9
13.0938,25.186,62.6219,0.685999,O=CCc1ccc(-c2oc3cc(O)cc(O)c3c(=O)c2O)cc1-c1ccc(O)c(O)c1,1,c1c(O)c2c(oc(-c3ccc([*])c([*])c3)c(O)c2=O)cc1O,*CC=O|c1(O)c(O)ccc(*)c1,,0.5222916,8.062,0.7615809,8.807,0.9601949,2.8941,1,2,9
13.4494,29.1893,-29.1765,9.97e-05,Cc1ccc(Nc2ccc(-c3oc4cc(O)cc(O)c4c(=O)c3O)cc2Nc2ccc(C)cc2)cc1,1,c1c(O)c2c(oc(-c3ccc([*])c([*])c3)c(O)c2=O)cc1O,c1(C)ccc(N*)cc1|c1(N*)ccc(C)cc1,,1e-05,0.0,1e-05,0.0,0.9844105,2.5597,1,2,9
6.732,23.3847,86.3994,0.8576881,Cc1ccc(O)c(Nc2ccc(-c3oc4cc(O)cc(O)c4c(=O)c3O)cc2N)c1,1,c1c(O)c2c(oc(-c3ccc([*])c([*])c3)c(O)c2=O)cc1O,c1(O)ccc(C)cc1N*|N*,,0.7072733,8.613,0.9738635,10.514,0.9783093,2.6766,1,2,9
11.6594,14.4126,48.2471,0.4895288,CCCc1cc(-c2oc3cc(O)cc(O)c3c(=O)c2O)ccc1N,1,c1c(O)c2c(oc(-c3ccc([*])c([*])c3)c(O)c2=O)cc1O,*N|C(*)CC,,0.1792929,6.943,0.9435529,9.957,0.9822736,2.6051,1,2,9
12.1433,22.1487,-20.9749,0.00917,O=c1c(O)c(-c2ccc(-c3ccc(O)cc3)c(Cc3ccc(O)cc3)c2)oc2cc(O)cc(O)c12,1,c1c(O)c2c(oc(-c3ccc([*])c([*])c3)c(O)c2=O)cc1O,c1(*)ccc(O)cc1|Oc1ccc(C*)cc1,,0.8129566,9.021,1e-05,0.0,0.9811361,2.6271,1,2,9
12.2805,19.4953,85.7864,0.8225135,Nc1cc(-c2oc3cc(O)cc(O)c3c(=O)c2O)ccc1-c1cc(F)ccc1O,1,c1c(O)c2c(oc(-c3ccc([*])c([*])c3)c(O)c2=O)cc1O,c1cc(O)c(*)cc1F|*N,,0.6324046,8.377,0.9813017,10.752,0.9775075,2.6895,1,2,9
12.5471,25.8994,-25.8866,9.95e-05,Nc1ccc(-c2cc(-c3oc4cc(O)cc(O)c4c(=O)c3O)ccc2-c2ccc(O)c(O)c2)cc1,1,c1c(O)c2c(oc(-c3ccc([*])c([*])c3)c(O)c2=O)cc1O,c1c(*)ccc(O)c1O|c1c(N)ccc(*)c1,,1e-05,0.0,1e-05,0.0,0.9771535,2.6951,1,2,9
16.5992,32.8234,54.3187,0.6807975,O=c1c(O)c(-c2ccc(Nc3ccoc3)c(-c3ccc(O)cc3)c2)oc2cc(O)cc(O)c12,1,c1c(O)c2c(oc(-c3ccc([*])c([*])c3)c(O)c2=O)cc1O,o1ccc(N*)c1|c1(O)ccc(*)cc1,,0.5875928,8.246,0.6648579,8.476,0.9582506,2.9113,1,2,9
11.5802,16.6808,-16.6808,0.0,Nc1ccc(-c2oc3cc(O)cc(O)c3c(=O)c2O)cc1-c1ccccc1O,2,c1c(O)c2c(oc(-c3ccc([*])c([*])c3)c(O)c2=O)cc1O,*N|c1ccc(*)c(O)c1,,0.0,7.543,0.0,10.94,0.0,2.5956,1,2,9
12.0713,19.2521,72.2032,0.7144943,Cc1ccc(-c2cc(-c3oc4cc(O)cc(O)c4c(=O)c3O)ccc2N)cc1O,1,c1c(O)c2c(oc(-c3ccc([*])c([*])c3)c(O)c2=O)cc1O,N*|c1c(*)cc(O)c(C)c1,,0.444109,7.844,0.9818994,10.775,0.9792212,2.6614,1,2,9
70.0433,93.557,-93.5521,3.83e-05,CC1=CCC(O)C2C(c3cc(-c4oc5cc(O)cc(O)c5c(=O)c4O)ccc3-c3ccc(Sc4cc(C)c(C)c(O)c4C)cc3)=CC(C)=NC2C(O)CNC1C,1,c1c(O)c2c(oc(-c3ccc([*])c([*])c3)c(O)c2=O)cc1O,Cc1c(O)c(C)c(Sc2ccc(*)cc2)cc1C|C12C(O)CC=C(C)C(C)NCC(O)C1N=C(C)C=C2*,,1e-05,0.0,1e-05,0.0,0.0082048,5.6659,1,2,9
15.1459,25.9432,58.4688,0.6594683,C=CCNc1ccc(-c2oc3cc(O)cc(O)c3c(=O)c2O)cc1Cc1ccc(O)cc1,1,c1c(O)c2c(oc(-c3ccc([*])c([*])c3)c(O)c2=O)cc1O,N(CC=C)*|c1c(C*)ccc(O)c1,,0.3675954,7.623,0.9750804,10.548,0.9708425,2.7821,1,2,9
16.4401,29.4528,80.7955,0.8613147,O=c1c(O)c(-c2ccc(-c3ccccc3)c(Nc3cccc(O)c3)c2)oc2cc(O)cc(O)c12,1,c1c(O)c2c(oc(-c3ccc([*])c([*])c3)c(O)c2=O)cc1O,c1ccccc1*|N(c1cc(O)ccc1)*,,0.8198586,9.053,0.8466067,9.187,0.9839389,2.5702,1,2,9
14.5424,35.5353,-34.3577,0.0092003,Cc1ccc(-c2cc(-c3oc4cc(O)cc(O)c4c(=O)c3O)ccc2Nc2cc(N)ccc2C)cc1,1,c1c(O)c2c(oc(-c3ccc([*])c([*])c3)c(O)c2=O)cc1O,Cc1ccc(N)cc1N*|c1c(C)ccc(*)c1,,0.8207071,9.057,1e-05,0.0,0.9786788,2.6705,1,2,9
11.4928,15.881,66.1927,0.6412011,Nc1ccc(-c2oc3cc(O)cc(O)c3c(=O)c2O)cc1-c1ccco1,1,c1c(O)c2c(oc(-c3ccc([*])c([*])c3)c(O)c2=O)cc1O,*N|o1c(*)ccc1,,0.3393235,7.537,0.9812488,10.75,0.9776534,2.6872,1,2,9
9.1777,28.88,28.8649,0.4511318,Cc1ccc(Nc2ccc(-c3oc4cc(O)cc(O)c4c(=O)c3O)cc2-c2ccccc2O)cc1,1,c1c(O)c2c(oc(-c3ccc([*])c([*])c3)c(O)c2=O)cc1O,c1c(C)ccc(N*)c1|Oc1ccccc1*,,0.6967373,8.578,0.1980033,7.028,0.9818249,2.614,1,2,9
17.5889,29.1564,82.8503,0.8750528,Cc1ccc(CNc2ccc(-c3oc4cc(O)cc(O)c4c(=O)c3O)cc2-c2cccc(C)c2)cc1,1,c1c(O)c2c(oc(-c3ccc([*])c([*])c3)c(O)c2=O)cc1O,N(*)Cc1ccc(C)cc1|c1cc(C)cc(*)c1,,0.7568454,8.789,0.9540086,10.107,0.9841297,2.566,1,2,9
5.6107,14.243,-14.243,0.0,Nc1ccc(-c2oc3cc(O)cc(O)c3c(=O)c2O)cc1-c1ccc(O)cc1,2,c1c(O)c2c(oc(-c3ccc([*])c([*])c3)c(O)c2=O)cc1O,N*|c1c(*)ccc(O)c1,,0.0,7.841,0.0,11.116,0.0,2.5485,1,2,9
6.6015,13.7958,80.3022,0.7351406,Nc1ccc(-c2oc3cc(O)cc(O)c3c(=O)c2O)cc1-c1ccccc1,1,c1c(O)c2c(oc(-c3ccc([*])c([*])c3)c(O)c2=O)cc1O,N*|*c1ccccc1,,0.4690984,7.914,0.9931293,11.456,0.9892645,2.4284,1,2,9
14.9825,20.8042,36.4437,0.4472498,O=c1c(O)c(-c2ccc(-c3ccc(O)cc3)c(-c3ccc(O)c(F)c3)c2)oc2cc(O)cc(O)c12,1,O=c1c2c(O)cc(O)cc2oc(-c2cc([*])c([*])cc2)c1O,Fc1cc(*)ccc1O|c1cc(*)ccc1O,,0.8378111,9.141,0.1614082,6.855,0.9786047,2.6718,2,2,10
2.5014,6.0562,72.5548,0.6141484,Nc1ccc(-c2oc3cc(O)cc(O)c3c(=O)c2O)cc1N,1,O=c1c2c(O)cc(O)cc2oc(-c2cc([*])c([*])cc2)c1O,*N|N*,,0.3377122,7.532,0.8838241,9.41,0.9807119,2.635,2,2,10
9.8409,14.0347,85.1088,0.7745582,Nc1cc(-c2oc3cc(O)cc(O)c3c(=O)c2O)ccc1-c1ccc(O)cc1O,1,O=c1c2c(O)cc(O)cc2oc(-c2cc([*])c([*])cc2)c1O,N*|*c1ccc(O)cc1O,,0.5441377,8.123,0.9830871,10.823,0.9742461,2.7377,2,2,10
8.1495,14.938,86.1486,0.7897393,Nc1cc(-c2oc3cc(O)cc(O)c3c(=O)c2O)ccc1-c1ccc(F)cc1,1,O=c1c2c(O)cc(O)cc2oc(-c2cc([*])c([*])cc2)c1O,*N|Fc1ccc(*)cc1,,0.5619224,8.173,0.9928488,11.428,0.9869606,2.4968,2,2,10
9.6327,16.3764,83.1668,0.7776815,Cc1cccc(-c2ccc(-c3oc4cc(O)cc(O)c4c(=O)c3O)cc2N)c1,1,O=c1c2c(O)cc(O)cc2oc(-c2cc([*])c([*])cc2)c1O,*N|c1(C)cccc(*)c1,,0.5416378,8.116,0.9917628,11.329,0.9857693,2.5276,2,2,10
15.9777,26.3856,48.2706,0.5832516,COc1cc(F)ccc1Nc1cc(-c2oc3cc(O)cc(O)c3c(=O)c2O)ccc1N,1,O=c1c2c(O)cc(O)cc2oc(-c2cc([*])c([*])cc2)c1O,c1(N*)ccc(F)cc1OC|N*,,0.3236983,7.488,0.8105376,9.01,0.9805109,2.6387,2,2,10
7.5757,15.2423,86.6654,0.7961539,Nc1cc(-c2oc3cc(O)cc(O)c3c(=O)c2O)ccc1Nc1ccc(O)cc1,1,O=c1c2c(O)cc(O)cc2oc(-c2cc([*])c([*])cc2)c1O,*N|c1c(N*)ccc(O)c1,,0.585848,8.241,0.9733083,10.499,0.9838173,2.5729,2,2,10
7.3441,15.459,79.5373,0.7421582,Cc1ccc(Nc2ccc(-c3oc4cc(O)cc(O)c4c(=O)c3O)cc2N)cc1,1,O=c1c2c(O)cc(O)cc2oc(-c2cc([*])c([*])cc2)c1O,N*|*Nc1ccc(C)cc1,,0.4964022,7.99,0.9622399,10.25,0.9868432,2.4999,2,2,10
7.813,15.9943,81.8491,0.7644015,Nc1cc(-c2oc3cc(O)cc(O)c3c(=O)c2O)ccc1Nc1ccccc1,1,O=c1c2c(O)cc(O)cc2oc(-c2cc([*])c([*])cc2)c1O,N*|c1ccc(N*)cc1,,0.5215735,8.06,0.9853208,10.923,0.9881468,2.4632,2,2,10
7.1293,13.0877,71.2243,0.6586875,Nc1ccc(-c2oc3cc(O)cc(O)c3c(=O)c2O)cc1-c1ccoc1,1,O=c1c2c(O)cc(O)cc2oc(-c2cc([*])c([*])cc2)c1O,o1ccc(*)c1|N*,,0.3645896,7.614,0.9808204,10.734,0.9696379,2.7966,2,2,10
20.4055,27.7746,75.8087,0.8092444,Nc1cc(-c2oc3cc(O)cc(O)c3c(=O)c2O)ccc1Nc1ccc2c(c1)CNN=CN2,1,O=c1c2c(O)cc(O)cc2oc(-c2cc([*])c([*])cc2)c1O,N*|C1c2c(ccc(N*)c2)NC=NN1,,0.7813614,8.885,0.8038184,8.98,0.8797897,3.3085,2,2,10
11.6475,17.1904,52.0723,0.5411151,Nc1ccc(C=CNc2cc(-c3oc4cc(O)cc(O)c4c(=O)c3O)ccc2N)cc1,1,O=c1c2c(O)cc(O)cc2oc(-c2cc([*])c([*])cc2)c1O,*NC=Cc1ccc(N)cc1|N*,,0.8080945,8.999,0.2717436,7.315,0.9620671,2.8766,2,2,10
11.4409,21.002,73.5095,0.7383714,Nc1cc(-c2oc3cc(O)cc(O)c3c(=O)c2O)ccc1NCc1ccc[nH]1,1,O=c1c2c(O)cc(O)cc2oc(-c2cc([*])c([*])cc2)c1O,N*|[nH]1cccc1CN*,,0.4848939,7.958,0.984596,10.889,0.962863,2.869,2,2,10
3.46,5.3818,-5.3818,0.0,Nc1ccc(-c2oc3cc(O)cc(O)c3c(=O)c2O)cc1N,2,O=c1c2c(O)cc(O)cc2oc(-c2cc([*])c([*])cc2)c1O,*N|*N,,0.0,7.532,0.0,9.41,0.0,2.635,2,2,10
3.0548,6.9117,-6.9117,0.0,Nc1ccc(-c2oc3cc(O)cc(O)c3c(=O)c2O)cc1N,2,O=c1c2c(O)cc(O)cc2oc(-c2cc([*])c([*])cc2)c1O,N*|N*,,0.0,7.532,0.0,9.41,0.0,2.635,2,2,10
36.6137,34.9536,-34.9441,7.44e-05,Nc1ccc(-c2oc3cc(O)cc(O)c3c(=O)c2O)cc1NN=CC1=C(O)N=C=CC=C(O)C(O)=C1O,1,O=c1c2c(O)cc(O)cc2oc(-c2cc([*])c([*])cc2)c1O,C(c1c(N=cccc(O)c(O)c1O)O)=NN*|N*,,1e-05,0.0,1e-05,0.0,0.22839,4.423,2,2,10
14.5947,20.4486,39.8074,0.4707499,Cc1cccc(-c2ccc(-c3oc4cc(O)cc(O)c4c(=O)c3O)cc2-c2ccc(O)cc2)c1,1,O=c1c2c(O)cc(O)cc2oc(-c2cc([*])c([*])cc2)c1O,c1(O)ccc(*)cc1|c1(*)cccc(C)c1,,0.8482811,9.196,0.180567,6.949,0.9853597,2.5376,2,2,10
8.2093,16.454,87.3127,0.8106776,Nc1cc(-c2oc3cc(O)cc(O)c3c(=O)c2O)ccc1Nc1ccc(O)c(O)c1,1,O=c1c2c(O)cc(O)cc2oc(-c2cc([*])c([*])cc2)c1O,N*|c1c(O)c(O)ccc1N*,,0.6145015,8.324,0.9743355,10.527,0.9767376,2.7015,2,2,10
6.8352,16.3804,73.8806,0.7051635,Nc1ccc(-c2oc3cc(O)cc(O)c3c(=O)c2O)cc1Nc1ccc(O)cc1,1,O=c1c2c(O)cc(O)cc2oc(-c2cc([*])c([*])cc2)c1O,c1c(O)ccc(N*)c1|N*,,0.5258808,8.072,0.8006218,8.966,0.983603,2.5776,2,2,10
17.4195,31.8103,-31.7976,9.96e-05,Cc1ccc(-c2ccc(-c3oc4cc(O)cc(O)c4c(=O)c3O)cc2Nc2ccccc2C(N)=O)cc1,1,O=c1c2c(O)cc(O)cc2oc(-c2cc([*])c([*])cc2)c1O,C(=O)(N)c1ccccc1N*|c1c(C)ccc(*)c1,,1e-05,0.0,1e-05,0.0,0.9809439,2.6307,2,2,10
17.5895,24.3037,-24.291,9.94e-05,O=c1c(O)c(-c2ccc(-c3ccc(O)cc3)c(NCc3ccc(O)cc3O)c2)oc2cc(O)cc(O)c12,1,O=c1c2c(O)cc(O)cc2oc(-c2cc([*])c([*])cc2)c1O,c1(CN*)ccc(O)cc1O|c1(*)ccc(O)cc1,,1e-05,0.0,1e-05,0.0,0.969368,2.7997,2,2,10
11.2942,15.4669,63.3732,0.615938,Nc1ccc(-c2oc3cc(O)cc(O)c3c(=O)c2O)cc1-c1ccc(O)c(=O)o1,1,O=c1c2c(O)cc(O)cc2oc(-c2cc([*])c([*])cc2)c1O,c1(O)ccc(*)oc1=O|N*,,0.4601492,7.889,0.6600311,8.461,0.9610785,2.8859,2,2,10
5.1951,13.2986,68.7751,0.6412011,Nc1ccc(-c2oc3cc(O)cc(O)c3c(=O)c2O)cc1-c1ccco1,1,O=c1c2c(O)cc(O)cc2oc(-c2cc([*])c([*])cc2)c1O,o1cccc1*|*N,,0.3393235,7.537,0.9812488,10.75,0.9776534,2.6872,2,2,10
9.8111,20.7765,62.1924,0.6481946,CNc1ccc(-c2cc(-c3oc4cc(O)cc(O)c4c(=O)c3O)ccc2N)cc1,1,O=c1c2c(O)cc(O)cc2oc(-c2cc([*])c([*])cc2)c1O,N(c1ccc(*)cc1)C|N*,,0.4712495,7.92,0.7239634,8.67,0.9830865,2.5885,2,2,10
10.157,19.6082,77.5685,0.7591928,Nc1cc(-c2oc3cc(O)cc(O)c3c(=O)c2O)ccc1-c1ccc(Cl)cc1,1,O=c1c2c(O)cc(O)cc2oc(-c2cc([*])c([*])cc2)c1O,N*|c1cc(*)ccc1Cl,,0.5086339,8.024,0.9937747,11.525,0.9871293,2.4922,2,2,10
3.4199,6.0562,-6.0562,0.0,Nc1ccc(-c2oc3cc(O)cc(O)c3c(=O)c2O)cc1N,2,O=c1c2c(O)cc(O)cc2oc(-c2cc([*])c([*])cc2)c1O,*N|N*,,0.0,7.532,0.0,9.41,0.0,2.635,2,2,10
8.0791,12.4323,71.3204,0.6543184,Nc1cc(-c2oc3cc(O)cc(O)c3c(=O)c2O)ccc1NCCO,1,O=c1c2c(O)cc(O)cc2oc(-c2cc([*])c([*])cc2)c1O,N*|C(N*)CO,,0.4152001,7.762,0.843022,9.168,0.9789332,2.6663,2,2,10
7.6508,4.1303,66.0883,0.5485821,Cc1cc(-c2oc3cc(O)cc(O)c3c(=O)c2O)ccc1N,1,O=c1c2c(O)cc(O)cc2oc(-c2cc([*])c([*])cc2)c1O,C*|N*,,0.2426252,7.209,0.9252264,9.748,0.985917,2.5239,2,2,10
12.7013,26.8308,-25.7468,0.0084692,Nc1ccc(-c2cc(-c3oc4cc(O)cc(O)c4c(=O)c3O)ccc2Nc2ccc(O)cc2)cc1,1,O=c1c2c(O)cc(O)cc2oc(-c2cc([*])c([*])cc2)c1O,Nc1ccc(*)cc1|c1cc(O)ccc1N*,,0.6667793,8.482,1e-05,0.0,0.9800574,2.6468,2,2,10
8.6127,14.1829,76.3502,0.7072901,Nc1ccc(-c2oc3cc(O)cc(O)c3c(=O)c2O)cc1-c1ccc(O)cc1O,1,O=c1c2c(O)cc(O)cc2oc(-c2cc([*])c([*])cc2)c1O,c1(O)c(*)ccc(O)c1|N*,,0.4320647,7.81,0.9862481,10.969,0.9748055,2.7299,2,2,10
11.9832,19.6945,68.3147,0.6875713,Nc1nc(-c2cc(-c3oc4cc(O)cc(O)c4c(=O)c3O)ccc2N)c[nH]1,1,O=c1c2c(O)cc(O)cc2oc(-c2cc([*])c([*])cc2)c1O,n1c(N)[nH]cc1*|*N,,0.413803,7.758,0.9866331,10.989,0.921914,3.1423,2,2,10
9.0148,15.1939,87.3579,0.8011863,Nc1cc(-c2oc3cc(O)cc(O)c3c(=O)c2O)ccc1NCc1ccccc1,1,O=c1c2c(O)cc(O)cc2oc(-c2cc([*])c([*])cc2)c1O,N*|c1ccc(CN*)cc1,,0.585848,8.241,0.986576,10.986,0.9881811,2.4622,2,2,10
13.3638,18.6338,50.2644,0.5382672,Nc1ccc(-c2oc3cc(O)cc(O)c3c(=O)c2O)cc1NCc1cccs1,1,[*]c1c([*])cc(-c2oc3cc(O)cc(O)c3c(=O)c2O)cc1,N*|s1cccc1CN*,,0.2342634,7.177,0.9176259,9.675,0.9777987,2.6849,3,2,11
8.4627,13.0348,83.4602,0.7538677,NC(N)=NN=CCc1ccc(-c2oc3cc(O)cc(O)c3c(=O)c2O)cc1N,1,[*]c1c([*])cc(-c2oc3cc(O)cc(O)c3c(=O)c2O)cc1,*CC=NN=C(N)N|N*,,0.534842,8.097,0.9636266,10.277,0.9166573,3.1669,3,2,11
13.0156,24.7187,73.4122,0.7666475,CNc1ccc(-c2ccc(-c3oc4cc(O)cc(O)c4c(=O)c3O)cc2N)c(N)c1,1,[*]c1c([*])cc(-c2oc3cc(O)cc(O)c3c(=O)c2O)cc1,c1(N)cc(NC)ccc1*|N*,,0.527316,8.076,0.9918563,11.337,0.9681424,2.8138,3,2,11
8.2233,15.8737,80.6791,0.7543191,Nc1cc(-c2oc3cc(O)cc(O)c3c(=O)c2O)ccc1Nc1cccc(O)c1,1,[*]c1c([*])cc(-c2oc3cc(O)cc(O)c3c(=O)c2O)cc1,c1ccc(O)cc1N*|N*,,0.5140275,8.039,0.9705215,10.428,0.9812787,2.6244,3,2,11
13.6469,18.4418,65.573,0.6563653,NNC(=O)CNc1cc(-c2oc3cc(O)cc(O)c3c(=O)c2O)ccc1N,1,[*]c1c([*])cc(-c2oc3cc(O)cc(O)c3c(=O)c2O)cc1,N*|N(C(=O)CN*)N,,0.3716191,7.635,0.953052,10.092,0.9711772,2.7779,3,2,11
7.1023,10.1804,83.9176,0.7351406,Nc1ccc(-c2oc3cc(O)cc(O)c3c(=O)c2O)cc1-c1ccccc1,1,[*]c1c([*])cc(-c2oc3cc(O)cc(O)c3c(=O)c2O)cc1,N*|c1ccc(*)cc1,,0.4690984,7.914,0.9931293,11.456,0.9892645,2.4284,3,2,11
20.4074,25.2972,-25.2845,9.95e-05,Cc1cccc(Nc2ccc(-c3oc4cc(O)cc(O)c4c(=O)c3O)cc2Nc2cc(O)ccc2C)c1,1,[*]c1c([*])cc(-c2oc3cc(O)cc(O)c3c(=O)c2O)cc1,*Nc1cccc(C)c1|c1(O)ccc(C)c(N*)c1,,1e-05,0.0,1e-05,0.0,0.9729889,2.7547,3,2,11
11.6465,16.0929,37.3449,0.4174834,CCNc1ccc(-c2oc3cc(O)cc(O)c3c(=O)c2O)cc1NCCN,1,[*]c1c([*])cc(-c2oc3cc(O)cc(O)c3c(=O)c2O)cc1,N(CC)*|C(N*)CN,,0.1362979,6.717,0.8376155,9.14,0.9730357,2.7541,3,2,11
22.8864,30.9437,-30.9311,9.84e-05,C=CNC(=O)NCCNc1cc(-c2oc3cc(O)cc(O)c3c(=O)c2O)ccc1NCCN,1,[*]c1c([*])cc(-c2oc3cc(O)cc(O)c3c(=O)c2O)cc1,N(CCN)*|N(C=C)C(=O)NCCN*,,1e-05,0.0,1e-05,0.0,0.9224553,3.1397,3,2,11
16.6715,32.7452,-32.7325,9.95e-05,Nc1cc(-c2oc3cc(O)cc(O)c3c(=O)c2O)ccc1Nc1ccc(Nc2ccccc2)c(=O)cc1,1,[*]c1c([*])cc(-c2oc3cc(O)cc(O)c3c(=O)c2O)cc1,c1(=O)ccc(N*)ccc1Nc1ccccc1|*N,,1e-05,0.0,1e-05,0.0,0.9732418,2.7514,3,2,11
9.625,22.9865,73.2663,0.7519751,Nc1cc(O)ccc1Nc1ccc(-c2oc3cc(O)cc(O)c3c(=O)c2O)cc1N,1,[*]c1c([*])cc(-c2oc3cc(O)cc(O)c3c(=O)c2O)cc1,Nc1cc(O)ccc1N*|N*,,0.5294676,8.082,0.9395959,9.907,0.9715303,2.7735,3,2,11
20.065,31.7923,-31.7795,9.94e-05,NCCNc1cc(-c2oc3cc(O)cc(O)c3c(=O)c2O)ccc1Nc1cccc(NC(N)=O)c1,1,[*]c1c([*])cc(-c2oc3cc(O)cc(O)c3c(=O)c2O)cc1,N(C(=O)N)c1cc(N*)ccc1|C(N*)CN,,1e-05,0.0,1e-05,0.0,0.9685471,2.8092,3,2,11
34.6517,48.9882,-48.9758,9.68e-05,Nc1cc(S(=O)(=O)Nc2ccc(-c3ccc(-c4oc5cc(O)cc(O)c5c(=O)c4O)cc3NCC(=NO)c3cc(O)ccc3O)cc2)ccc1O,1,[*]c1c([*])cc(-c2oc3cc(O)cc(O)c3c(=O)c2O)cc1,N(c1ccc(*)cc1)S(=O)(=O)c1ccc(O)c(N)c1|N(O)=C(CN*)c1c(O)ccc(O)c1,,1e-05,0.0,1e-05,0.0,0.8477954,3.4033,3,2,11
8.9726,13.2112,69.786,0.6484158,Nc1ccc(-c2oc3cc(O)cc(O)c3c(=O)c2O)cc1Nc1ccccc1,1,[*]c1c([*])cc(-c2oc3cc(O)cc(O)c3c(=O)c2O)cc1,*N|c1ccc(N*)cc1,,0.3546476,7.584,0.9604213,10.216,0.9879852,2.468,3,2,11
12.6789,19.8492,40.6401,0.4725722,CCNc1ccc(-c2cc(-c3oc4cc(O)cc(O)c4c(=O)c3O)ccc2N)cc1,1,[*]c1c([*])cc(-c2oc3cc(O)cc(O)c3c(=O)c2O)cc1,N*|c1c(NCC)ccc(*)c1,,0.4370152,7.824,0.3543183,7.583,0.9830166,2.59,3,2,11
3.7719,5.4838,73.1272,0.6141484,Nc1ccc(-c2oc3cc(O)cc(O)c3c(=O)c2O)cc1N,1,[*]c1c([*])cc(-c2oc3cc(O)cc(O)c3c(=O)c2O)cc1,N*|*N,,0.3377122,7.532,0.8838241,9.41,0.9807119,2.635,3,2,11
6.8841,14.8322,-14.8322,0.0,Nc1cc(-c2oc3cc(O)cc(O)c3c(=O)c2O)ccc1Nc1cccc(O)c1,2,[*]c1c([*])cc(-c2oc3cc(O)cc(O)c3c(=O)c2O)cc1,Oc1cccc(N*)c1|N*,,0.0,8.039,0.0,10.428,0.0,2.6244,3,2,11
8.0198,13.3785,84.4649,0.7644015,Nc1cc(-c2oc3cc(O)cc(O)c3c(=O)c2O)ccc1Nc1ccccc1,1,[*]c1c([*])cc(-c2oc3cc(O)cc(O)c3c(=O)c2O)cc1,c1cccc(N*)c1|*N,,0.5215735,8.06,0.9853208,10.923,0.9881468,2.4632,3,2,11
2.6467,5.4681,-5.4681,0.0,Nc1ccc(-c2oc3cc(O)cc(O)c3c(=O)c2O)cc1N,2,[*]c1c([*])cc(-c2oc3cc(O)cc(O)c3c(=O)c2O)cc1,N*|N*,,0.0,7.532,0.0,9.41,0.0,2.635,3,2,11
4.0966,5.6267,-5.6267,0.0,Nc1ccc(-c2oc3cc(O)cc(O)c3c(=O)c2O)cc1N,2,[*]c1c([*])cc(-c2oc3cc(O)cc(O)c3c(=O)c2O)cc1,*N|*N,,0.0,7.532,0.0,9.41,0.0,2.635,3,2,11
2.9773,5.4838,-5.4838,0.0,Nc1ccc(-c2oc3cc(O)cc(O)c3c(=O)c2O)cc1N,2,[*]c1c([*])cc(-c2oc3cc(O)cc(O)c3c(=O)c2O)cc1,N*|*N,,0.0,7.532,0.0,9.41,0.0,2.635,3,2,11
18.4787,24.821,-24.8084,9.89e-05,NN=Cc1cc(O)cc(Nc2ccc(-c3oc4cc(O)cc(O)c4c(=O)c3O)cc2N)c1,1,[*]c1c([*])cc(-c2oc3cc(O)cc(O)c3c(=O)c2O)cc1,c1c(N*)cc(O)cc1C=NN|N*,,1e-05,0.0,1e-05,0.0,0.9449327,3.0124,3,2,11
11.7997,18.8506,67.8426,0.6772904,CNc1cc(-c2oc3cc(O)cc(O)c3c(=O)c2O)ccc1Nc1ccccc1,1,[*]c1c([*])cc(-c2oc3cc(O)cc(O)c3c(=O)c2O)cc1,c1c(N*)cccc1|N(*)C,,0.3889133,7.686,0.9778551,10.632,0.9854169,2.5362,3,2,11
9.4954,14.2245,79.8778,0.7351744,Nc1ccc(-c2oc3cc(O)cc(O)c3c(=O)c2O)cc1Nc1ccccc1O,1,[*]c1c([*])cc(-c2oc3cc(O)cc(O)c3c(=O)c2O)cc1,N*|Oc1c(N*)cccc1,,0.4924453,7.979,0.9499996,10.046,0.9812707,2.6246,3,2,11
15.3422,19.1522,51.0754,0.5486535,NCCNc1cc(-c2oc3cc(O)cc(O)c3c(=O)c2O)ccc1CC(=O)O,1,[*]c1c([*])cc(-c2oc3cc(O)cc(O)c3c(=O)c2O)cc1,C(=O)(O)C*|N(*)CCN,,0.2585665,7.268,0.8743442,9.348,0.9727061,2.7585,3,2,11
7.4222,13.1094,92.4091,0.8243628,Nc1cc(-c2oc3cc(O)cc(O)c3c(=O)c2O)ccc1NCc1ccc(O)cc1,1,[*]c1c([*])cc(-c2oc3cc(O)cc(O)c3c(=O)c2O)cc1,C(N*)c1ccc(O)cc1|N*,,0.6403965,8.401,0.9715734,10.454,0.9834289,2.5813,3,2,11
17.7731,23.5931,-22.4494,0.0089351,NCc1cc(-c2cc(-c3oc4cc(O)cc(O)c4c(=O)c3O)ccc2-c2ccc(O)cc2)ccc1O,1,[*]c1c([*])cc(-c2oc3cc(O)cc(O)c3c(=O)c2O)cc1,c1(O)ccc(*)cc1|c1(O)ccc(*)cc1CN,,0.7654783,8.822,1e-05,0.0,0.9719616,2.7681,3,2,11
2.5711,5.4681,-5.4681,0.0,Nc1ccc(-c2oc3cc(O)cc(O)c3c(=O)c2O)cc1N,2,[*]c1c([*])cc(-c2oc3cc(O)cc(O)c3c(=O)c2O)cc1,N*|N*,,0.0,7.532,0.0,9.41,0.0,2.635,3,2,11
24.3964,28.8221,-27.6266,0.0093399,Nc1ccc(CC(=O)Nc2cc(-c3oc4cc(O)cc(O)c4c(=O)c3O)ccc2N)c(O)c1,1,[*]c1c([*])cc(-c2oc3cc(O)cc(O)c3c(=O)c2O)cc1,N*|N(C(=O)Cc1c(O)cc(N)cc1)*,,0.8558974,9.238,1e-05,0.0,0.9702432,2.7894,3,2,11
14.4598,20.9848,68.4125,0.6984162,O=c1c(O)c(-c2ccc(Nc3ccc(O)cc3)c(-c3ccc(F)cc3)c2)oc2cc(O)cc(O)c12,1,[*]c1c([*])cc(-c2oc3cc(O)cc(O)c3c(=O)c2O)cc1,Oc1ccc(N*)cc1|c1cc(F)ccc1*,,0.6878473,8.549,0.5976676,8.275,0.9832593,2.5849,3,2,11
13.011,17.8353,67.3507,0.6655152,Cc1ccc(-c2cc(-c3oc4cc(O)cc(O)c4c(=O)c3O)ccc2N)c(N)c1,1,[*]c1c([*])cc(-c2oc3cc(O)cc(O)c3c(=O)c2O)cc1,N*|c1(N)c(*)ccc(C)c1,,0.3851579,7.675,0.9488944,10.03,0.9774097,2.6911,3,2,11
7.1038,16.8557,76.4773,0.7291642,Nc1ccc(Nc2ccc(-c3oc4cc(O)cc(O)c4c(=O)c3O)cc2N)cc1,1,[*]c1c([*])cc(-c2oc3cc(O)cc(O)c3c(=O)c2O)cc1,c1(N)ccc(N*)cc1|N*,,0.471608,7.921,0.9710116,10.44,0.982914,2.5921,3,2,11
3.0104,6.0033,72.6077,0.6141484,Nc1ccc(-c2oc3cc(O)cc(O)c3c(=O)c2O)cc1N,1,c12cc(O)cc(O)c1c(=O)c(O)c(-c1ccc([*])c([*])c1)o2,*N|*N,,0.3377122,7.532,0.8838241,9.41,0.9807119,2.635,4,2,12
2.0717,5.9355,-5.9355,0.0,Nc1ccc(-c2oc3cc(O)cc(O)c3c(=O)c2O)cc1N,2,c12cc(O)cc(O)c1c(=O)c(O)c(-c1ccc([*])c([*])c1)o2,N*|*N,,0.0,7.532,0.0,9.41,0.0,2.635,4,2,12
2.1599,5.9355,-5.9355,0.0,Nc1ccc(-c2oc3cc(O)cc(O)c3c(=O)c2O)cc1N,2,c12cc(O)cc(O)c1c(=O)c(O)c(-c1ccc([*])c([*])c1)o2,N*|*N,,0.0,7.532,0.0,9.41,0.0,2.635,4,2,12
8.8187,15.8877,91.3551,0.837834,Nc1ccc(-c2oc3cc(O)cc(O)c3c(=O)c2O)cc1NCc1ccc(F)cc1,1,c12cc(O)cc(O)c1c(=O)c(O)c(-c1ccc([*])c([*])c1)o2,N*|C(N*)c1ccc(F)cc1,,0.6797574,8.523,0.9520767,10.077,0.9856852,2.5296,4,2,12
8.7064,15.6464,75.425,0.7114952,Nc1ccc(-c2cc(-c3oc4cc(O)cc(O)c4c(=O)c3O)ccc2N)cc1,1,c12cc(O)cc(O)c1c(=O)c(O)c(-c1ccc([*])c([*])c1)o2,*N|c1cc(*)ccc1N,,0.4377236,7.826,0.9833954,10.836,0.9840194,2.5685,4,2,12
7.3647,14.8363,67.6584,0.6444899,Nc1ccc(-c2oc3cc(O)cc(O)c3c(=O)c2O)cc1-c1ccccc1O,1,c12cc(O)cc(O)c1c(=O)c(O)c(-c1ccc([*])c([*])c1)o2,N*|Oc1c(*)cccc1,,0.341262,7.543,0.9856704,10.94,0.982746,2.5956,4,2,12
2.313,7.1163,-7.1163,0.0,Nc1ccc(-c2oc3cc(O)cc(O)c3c(=O)c2O)cc1N,2,c12cc(O)cc(O)c1c(=O)c(O)c(-c1ccc([*])c([*])c1)o2,*N|N*,,0.0,7.532,0.0,9.41,0.0,2.635,4,2,12
5.2292,11.1758,82.9221,0.7351406,Nc1ccc(-c2oc3cc(O)cc(O)c3c(=O)c2O)cc1-c1ccccc1,1,c12cc(O)cc(O)c1c(=O)c(O)c(-c1ccc([*])c([*])c1)o2,N*|c1c(*)cccc1,,0.4690984,7.914,0.9931293,11.456,0.9892645,2.4284,4,2,12
19.074,31.319,19.2269,0.3948895,CNC(=NO)c1ccc(-c2cc(-c3oc4cc(O)cc(O)c4c(=O)c3O)ccc2N)cc1,1,c12cc(O)cc(O)c1c(=O)c(O)c(-c1ccc([*])c([*])c1)o2,N*|N(C(=NO)c1ccc(*)cc1)C,,0.3909674,7.692,0.2563655,7.26,0.9558226,2.9319,4,2,12
11.1524,19.4797,-18.2192,0.009848,Nc1ccccc1Nc1ccc(-c2oc3cc(O)cc(O)c3c(=O)c2O)cc1N,1,c12cc(O)cc(O)c1c(=O)c(O)c(-c1ccc([*])c([*])c1)o2,*Nc1ccccc1N|N*,,1e-05,0.0,0.9714539,10.451,0.981539,2.6195,4,2,12
2.3895,5.9355,-5.9355,0.0,Nc1ccc(-c2oc3cc(O)cc(O)c3c(=O)c2O)cc1N,2,c12cc(O)cc(O)c1c(=O)c(O)c(-c1ccc([*])c([*])c1)o2,N*|*N,,0.0,7.532,0.0,9.41,0.0,2.635,4,2,12
10.3159,14.2331,79.7871,0.7345325,Nc1cc(-c2oc3cc(O)cc(O)c3c(=O)c2O)ccc1NC1CCCCC1,1,c12cc(O)cc(O)c1c(=O)c(O)c(-c1ccc([*])c([*])c1)o2,C1CCCCC1N*|N*,,0.5201367,8.056,0.8975402,9.508,0.9810984,2.6278,4,2,12
9.3837,15.2194,68.7038,0.6556498,Nc1ccc(-c2oc3cc(O)cc(O)c3c(=O)c2O)cc1-c1ccccc1F,1,c12cc(O)cc(O)c1c(=O)c(O)c(-c1ccc([*])c([*])c1)o2,N*|c1c(F)c(*)ccc1,,0.3526738,7.578,0.9943193,11.589,0.9852843,2.5394,4,2,12
7.0588,11.8044,58.8176,0.5517346,CNc1cc(-c2oc3cc(O)cc(O)c3c(=O)c2O)ccc1N,1,c12cc(O)cc(O)c1c(=O)c(O)c(-c1ccc([*])c([*])c1)o2,*N|CN*,,0.2547229,7.254,0.89661,9.501,0.9801848,2.6446,4,2,12
2.181,7.1163,-7.1163,0.0,Nc1ccc(-c2oc3cc(O)cc(O)c3c(=O)c2O)cc1N,2,c12cc(O)cc(O)c1c(=O)c(O)c(-c1ccc([*])c([*])c1)o2,*N|N*,,0.0,7.532,0.0,9.41,0.0,2.635,4,2,12
1.1554,7.2732,-7.2732,0.0,Nc1ccc(-c2oc3cc(O)cc(O)c3c(=O)c2O)cc1N,2,c12cc(O)cc(O)c1c(=O)c(O)c(-c1ccc([*])c([*])c1)o2,N*|N*,,0.0,7.532,0.0,9.41,0.0,2.635,4,2,12
2.3144,7.1163,-7.1163,0.0,Nc1ccc(-c2oc3cc(O)cc(O)c3c(=O)c2O)cc1N,2,c12cc(O)cc(O)c1c(=O)c(O)c(-c1ccc([*])c([*])c1)o2,*N|N*,,0.0,7.532,0.0,9.41,0.0,2.635,4,2,12
4.3594,10.6041,-10.6041,0.0,Nc1ccc(-c2oc3cc(O)cc(O)c3c(=O)c2O)cc1-c1ccccc1,2,c12cc(O)cc(O)c1c(=O)c(O)c(-c1ccc([*])c([*])c1)o2,N*|c1cc(*)ccc1,,0.0,7.914,0.0,11.456,0.0,2.4284,4,2,12
9.1643,18.6405,86.1248,0.8184792,Nc1cc(-c2oc3cc(O)cc(O)c3c(=O)c2O)ccc1Nc1ccccc1O,1,c12cc(O)cc(O)c1c(=O)c(O)c(-c1ccc([*])c([*])c1)o2,Oc1c(N*)cccc1|N*,,0.625014,8.355,0.9787709,10.662,0.9815149,2.6199,4,2,12
2.1373,7.1163,-7.1163,0.0,Nc1ccc(-c2oc3cc(O)cc(O)c3c(=O)c2O)cc1N,2,c12cc(O)cc(O)c1c(=O)c(O)c(-c1ccc([*])c([*])c1)o2,*N|N*,,0.0,7.532,0.0,9.41,0.0,2.635,4,2,12
1.2583,7.2732,-7.2732,0.0,Nc1ccc(-c2oc3cc(O)cc(O)c3c(=O)c2O)cc1N,2,c12cc(O)cc(O)c1c(=O)c(O)c(-c1ccc([*])c([*])c1)o2,N*|N*,,0.0,7.532,0.0,9.41,0.0,2.635,4,2,12
1.2741,7.2732,-7.2732,0.0,Nc1ccc(-c2oc3cc(O)cc(O)c3c(=O)c2O)cc1N,2,c12cc(O)cc(O)c1c(=O)c(O)c(-c1ccc([*])c([*])c1)o2,N*|N*,,0.0,7.532,0.0,9.41,0.0,2.635,4,2,12
5.6819,12.0681,-12.0681,0.0,Nc1ccc(-c2oc3cc(O)cc(O)c3c(=O)c2O)cc1-c1ccccc1,2,c12cc(O)cc(O)c1c(=O)c(O)c(-c1ccc([*])c([*])c1)o2,N*|c1ccccc1*,,0.0,7.914,0.0,11.456,0.0,2.4284,4,2,12
1.9867,7.2732,-7.2732,0.0,Nc1ccc(-c2oc3cc(O)cc(O)c3c(=O)c2O)cc1N,2,c12cc(O)cc(O)c1c(=O)c(O)c(-c1ccc([*])c([*])c1)o2,N*|N*,,0.0,7.532,0.0,9.41,0.0,2.635,4,2,12
6.93,12.5614,-12.5614,0.0,Nc1ccc(-c2oc3cc(O)cc(O)c3c(=O)c2O)cc1-c1ccccc1,2,c12cc(O)cc(O)c1c(=O)c(O)c(-c1ccc([*])c([*])c1)o2,*N|c1ccccc1*,,0.0,7.914,0.0,11.456,0.0,2.4284,4,2,12
1.0879,7.2732,-7.2732,0.0,Nc1ccc(-c2oc3cc(O)cc(O)c3c(=O)c2O)cc1N,2,c12cc(O)cc(O)c1c(=O)c(O)c(-c1ccc([*])c([*])c1)o2,N*|N*,,0.0,7.532,0.0,9.41,0.0,2.635,4,2,12
11.8986,19.9344,78.383,0.7681049,Cc1ccc(Nc2cc(-c3oc4cc(O)cc(O)c4c(=O)c3O)ccc2N)cc1O,1,c12cc(O)cc(O)c1c(=O)c(O)c(-c1ccc([*])c([*])c1)o2,N*|c1(N*)ccc(C)c(O)c1,,0.5487742,8.136,0.9529231,10.09,0.977686,2.6867,4,2,12
8.7106,16.1027,83.6686,0.7794634,NC(=O)CNc1ccc(-c2oc3cc(O)cc(O)c3c(=O)c2O)cc1N,1,c12cc(O)cc(O)c1c(=O)c(O)c(-c1ccc([*])c([*])c1)o2,NC(CN*)=O|N*,,0.5834017,8.234,0.9304283,9.802,0.9765115,2.7049,4,2,12
6.0219,12.6672,79.064,0.7166502,Nc1ccc(-c2oc3cc(O)cc(O)c3c(=O)c2O)cc1-c1ccc(O)cc1,1,c12cc(O)cc(O)c1c(=O)c(O)c(-c1ccc([*])c([*])c1)o2,N*|c1(O)ccc(*)cc1,,0.4430435,7.841,0.988841,11.116,0.9848968,2.5485,4,2,12
8.9292,14.5419,90.0192,0.8168836,Nc1ccc(-c2oc3cc(O)cc(O)c3c(=O)c2O)cc1-c1cccc(F)c1,1,c12cc(O)cc(O)c1c(=O)c(O)c(-c1ccc([*])c([*])c1)o2,N*|c1(F)cc(*)ccc1,,0.6104025,8.312,0.9954759,11.748,0.98516,2.5423,4,2,12
1.7608,7.2732,-7.2732,0.0,Nc1ccc(-c2oc3cc(O)cc(O)c3c(=O)c2O)cc1N,2,c12cc(O)cc(O)c1c(=O)c(O)c(-c1ccc([*])c([*])c1)o2,N*|N*,,0.0,7.532,0.0,9.41,0.0,2.635,4,2,12
6.0576,10.0617,66.3265,0.5967825,CNc1ccc(-c2oc3cc(O)cc(O)c3c(=O)c2O)cc1N,1,c12cc(O)cc(O)c1c(=O)c(O)c(-c1ccc([*])c([*])c1)o2,*NC|N*,,0.3208694,7.479,0.8660566,9.297,0.9802377,2.6436,4,2,12
8.9888,17.5717,66.7403,0.6586875,Nc1ccc(-c2oc3cc(O)cc(O)c3c(=O)c2O)cc1-c1ccoc1,1,c1c2c(c(O)cc1O)c(=O)c(O)c(-c1cc([*])c([*])cc1)o2,c1cocc1*|N*,,0.3645896,7.614,0.9808204,10.734,0.9696379,2.7966,5,2,13
10.7545,13.7846,66.8485,0.6299458,CC(=O)Nc1cc(-c2oc3cc(O)cc(O)c3c(=O)c2O)ccc1N,1,c1c2c(c(O)cc1O)c(=O)c(O)c(-c1cc([*])c([*])cc1)o2,*NC(C)=O|N*,,0.3278074,7.501,0.9686112,10.383,0.9839646,2.5697,5,2,13
10.6969,21.7331,79.4792,0.7907212,Nc1cc(-c2oc3cc(O)cc(O)c3c(=O)c2O)ccc1-c1ccc(F)c(F)c1,1,c1c2c(c(O)cc1O)c(=O)c(O)c(-c1cc([*])c([*])cc1)o2,N*|Fc1c(F)cc(*)cc1,,0.5636929,8.178,0.9953377,11.727,0.9819537,2.6114,5,2,13
1.7109,8.7588,69.8522,0.6141484,Nc1ccc(-c2oc3cc(O)cc(O)c3c(=O)c2O)cc1N,1,c1c2c(c(O)cc1O)c(=O)c(O)c(-c1cc([*])c([*])cc1)o2,N*|N*,,0.3377122,7.532,0.8838241,9.41,0.9807119,2.635,5,2,13
9.072,20.6965,81.7613,0.8004519,Nc1cc(-c2oc3cc(O)cc(O)c3c(=O)c2O)ccc1-c1cccc(F)c1,1,c1c2c(c(O)cc1O)c(=O)c(O)c(-c1cc([*])c([*])cc1)o2,N*|c1c(*)cccc1F,,0.5823519,8.231,0.9918911,11.34,0.9848664,2.5493,5,2,13
1.6816,8.7588,-8.7588,0.0,Nc1ccc(-c2oc3cc(O)cc(O)c3c(=O)c2O)cc1N,2,c1c2c(c(O)cc1O)c(=O)c(O)c(-c1cc([*])c([*])cc1)o2,N*|N*,,0.0,7.532,0.0,9.41,0.0,2.635,5,2,13
8.3227,21.4845,75.6922,0.7591928,Nc1cc(-c2oc3cc(O)cc(O)c3c(=O)c2O)ccc1-c1ccc(Cl)cc1,1,c1c2c(c(O)cc1O)c(=O)c(O)c(-c1cc([*])c([*])cc1)o2,N*|c1(Cl)ccc(*)cc1,,0.5086339,8.024,0.9937747,11.525,0.9871293,2.4922,5,2,13
6.5696,17.8672,82.5147,0.7842338,Nc1cc(-c2oc3cc(O)cc(O)c3c(=O)c2O)ccc1-c1ccccc1O,1,c1c2c(c(O)cc1O)c(=O)c(O)c(-c1cc([*])c([*])cc1)o2,*N|c1(O)c(*)cccc1,,0.5551804,8.154,0.9897983,11.179,0.9823498,2.6036,5,2,13
6.9571,19.8285,75.1677,0.7421582,Cc1ccc(Nc2ccc(-c3oc4cc(O)cc(O)c4c(=O)c3O)cc2N)cc1,1,c1c2c(c(O)cc1O)c(=O)c(O)c(-c1cc([*])c([*])cc1)o2,N*|c1c(C)ccc(N*)c1,,0.4964022,7.99,0.9622399,10.25,0.9868432,2.4999,5,2,13
1.9277,8.7588,-8.7588,0.0,Nc1ccc(-c2oc3cc(O)cc(O)c3c(=O)c2O)cc1N,2,c1c2c(c(O)cc1O)c(=O)c(O)c(-c1cc([*])c([*])cc1)o2,N*|N*,,0.0,7.532,0.0,9.41,0.0,2.635,5,2,13
10.4015,19.6233,88.0741,0.8413861,Nc1cc(-c2oc3cc(O)cc(O)c3c(=O)c2O)ccc1NCCc1ccc(O)cc1,1,c1c2c(c(O)cc1O)c(=O)c(O)c(-c1cc([*])c([*])cc1)o2,N*|N(*)CCc1ccc(O)cc1,,0.6869195,8.546,0.9540086,10.107,0.9818845,2.6128,5,2,13
19.3421,27.2209,-27.2084,9.77e-05,Nc1ccc(-c2oc3cc(O)cc(O)c3c(=O)c2O)cc1NC(c1ccc(O)cc1)c1cccc(O)c1,1,c1c2c(c(O)cc1O)c(=O)c(O)c(-c1cc([*])c([*])cc1)o2,*NC(c1ccc(O)cc1)c1cccc(O)c1|N*,,1e-05,0.0,1e-05,0.0,0.8913326,3.2688,5,2,13
10.3359,23.2042,78.7417,0.7964527,Nc1cc(-c2oc3cc(O)cc(O)c3c(=O)c2O)ccc1Nc1ccc(F)c(F)c1,1,c1c2c(c(O)cc1O)c(=O)c(O)c(-c1cc([*])c([*])cc1)o2,N*|c1(F)c(F)ccc(N*)c1,,0.5847999,8.238,0.977159,10.61,0.9814203,2.6217,5,2,13
8.6861,12.5639,81.5341,0.7351406,Nc1ccc(-c2oc3cc(O)cc(O)c3c(=O)c2O)cc1-c1ccccc1,1,c1c2c(c(O)cc1O)c(=O)c(O)c(-c1cc([*])c([*])cc1)o2,*c1ccccc1|N*,,0.4690984,7.914,0.9931293,11.456,0.9892645,2.4284,5,2,13
7.2051,18.6794,83.2283,0.7961539,Nc1cc(-c2oc3cc(O)cc(O)c3c(=O)c2O)ccc1Nc1ccc(O)cc1,1,c1c2c(c(O)cc1O)c(=O)c(O)c(-c1cc([*])c([*])cc1)o2,N*|c1c(N*)ccc(O)c1,,0.585848,8.241,0.9733083,10.499,0.9838173,2.5729,5,2,13
8.0096,17.9478,76.5675,0.7384003,Nc1cc(-c2oc3cc(O)cc(O)c3c(=O)c2O)ccc1-c1cccs1,1,c1c2c(c(O)cc1O)c(=O)c(O)c(-c1cc([*])c([*])cc1)o2,N*|s1cccc1*,,0.4859723,7.961,0.974479,10.531,0.9787944,2.6686,5,2,13
2.8722,8.7588,-8.7588,0.0,Nc1ccc(-c2oc3cc(O)cc(O)c3c(=O)c2O)cc1N,2,c1c2c(c(O)cc1O)c(=O)c(O)c(-c1cc([*])c([*])cc1)o2,N*|N*,,0.0,7.532,0.0,9.41,0.0,2.635,5,2,13
1.9707,8.7588,-8.7588,0.0,Nc1ccc(-c2oc3cc(O)cc(O)c3c(=O)c2O)cc1N,2,c1c2c(c(O)cc1O)c(=O)c(O)c(-c1cc([*])c([*])cc1)o2,N*|N*,,0.0,7.532,0.0,9.41,0.0,2.635,5,2,13
6.3196,14.7444,80.1048,0.7410092,Nc1cc(-c2oc3cc(O)cc(O)c3c(=O)c2O)ccc1-c1ccccc1,1,c1c2c(c(O)cc1O)c(=O)c(O)c(-c1cc([*])c([*])cc1)o2,N*|c1(*)ccccc1,,0.4802226,7.945,0.9897107,11.173,0.9890455,2.4355,5,2,13
2.7075,8.1241,-8.1241,0.0,Nc1ccc(-c2oc3cc(O)cc(O)c3c(=O)c2O)cc1N,2,c1c2c(c(O)cc1O)c(=O)c(O)c(-c1cc([*])c([*])cc1)o2,*N|N*,,0.0,7.532,0.0,9.41,0.0,2.635,5,2,13
9.9948,21.2808,55.001,0.5959521,COc1ccc(Nc2ccc(-c3oc4cc(O)cc(O)c4c(=O)c3O)cc2N)cc1,1,c1c2c(c(O)cc1O)c(=O)c(O)c(-c1cc([*])c([*])cc1)o2,*N|c1(N*)ccc(OC)cc1,,0.5276746,8.077,0.5230097,8.064,0.9869722,2.4965,5,2,13
15.7533,31.4567,50.2977,0.6387061,N=C(N)Nc1cc(-c2oc3cc(O)cc(O)c3c(=O)c2O)ccc1N,1,c1c2c(c(O)cc1O)c(=O)c(O)c(-c1cc([*])c([*])cc1)o2,N=C(N*)N|N*,,0.3523454,7.577,0.941209,9.927,0.9664878,2.832,5,2,13
8.4228,17.2048,80.1736,0.7607687,Cc1cccc(Nc2ccc(-c3oc4cc(O)cc(O)c4c(=O)c3O)cc2N)c1,1,c1c2c(c(O)cc1O)c(=O)c(O)c(-c1cc([*])c([*])cc1)o2,N*|*Nc1cccc(C)c1,,0.5186998,8.052,0.9805478,10.724,0.9851294,2.5431,5,2,13
6.8409,13.3664,-13.3664,0.0,Nc1ccc(-c2oc3cc(O)cc(O)c3c(=O)c2O)cc1-c1ccccc1,2,c1c2c(c(O)cc1O)c(=O)c(O)c(-c1cc([*])c([*])cc1)o2,c1cccc(*)c1|*N,,0.0,7.914,0.0,11.456,0.0,2.4284,5,2,13
12.7727,24.1565,79.7716,0.8119383,Nc1cc(-c2oc3cc(O)cc(O)c3c(=O)c2O)ccc1Nc1cc(F)ccc1F,1,c1c2c(c(O)cc1O)c(=O)c(O)c(-c1cc([*])c([*])cc1)o2,*N|N(*)c1cc(F)ccc1F,,0.6104025,8.312,0.9831349,10.825,0.9798424,2.6506,5,2,13
15.5036,24.2213,69.9609,0.7357982,Cc1ccc(CNc2ccc(-c3oc4cc(O)cc(O)c4c(=O)c3O)cc2-c2ccco2)cc1,1,c1c2c(c(O)cc1O)c(=O)c(O)c(-c1cc([*])c([*])cc1)o2,c1coc(*)c1|C(N*)c1ccc(C)cc1,,0.4985608,7.996,0.9415267,9.931,0.9787962,2.6686,5,2,13
8.1228,16.8168,80.4667,0.7600275,Nc1cc(-c2oc3cc(O)cc(O)c3c(=O)c2O)ccc1-c1cccc(O)c1,1,c1c2c(c(O)cc1O)c(=O)c(O)c(-c1cc([*])c([*])cc1)o2,N*|c1c(*)cc(O)cc1,,0.5125896,8.035,0.991254,11.287,0.9822837,2.6049,5,2,13
1.6178,8.7588,-8.7588,0.0,Nc1ccc(-c2oc3cc(O)cc(O)c3c(=O)c2O)cc1N,2,c1c2c(c(O)cc1O)c(=O)c(O)c(-c1cc([*])c([*])cc1)o2,N*|N*,,0.0,7.532,0.0,9.41,0.0,2.635,5,2,13
1.7845,8.7588,-8.7588,0.0,Nc1ccc(-c2oc3cc(O)cc(O)c3c(=O)c2O)cc1N,2,c1c2c(c(O)cc1O)c(=O)c(O)c(-c1cc([*])c([*])cc1)o2,N*|N*,,0.0,7.532,0.0,9.41,0.0,2.635,5,2,13
6.3563,17.9357,79.9077,0.7644015,Nc1cc(-c2oc3cc(O)cc(O)c3c(=O)c2O)ccc1Nc1ccccc1,1,c1c2c(c(O)cc1O)c(=O)c(O)c(-c1cc([*])c([*])cc1)o2,N*|c1c(N*)cccc1,,0.5215735,8.06,0.9853208,10.923,0.9881468,2.4632,5,2,13
6.8551,6.3903,79.5349,0.6712904,Cc1ccc(-c2oc3cc(O)cc(O)c3c(=O)c2O)cc1N,1,c1c2c(c(O)cc1O)c(=O)c(O)c(-c1cc([*])c([*])cc1)o2,N*|C*,,0.4030246,7.727,0.922699,9.723,0.9857547,2.5279,5,2,13
2.4259,8.1241,-8.1241,0.0,Nc1ccc(-c2oc3cc(O)cc(O)c3c(=O)c2O)cc1N,2,c1c2c(c(O)cc1O)c(=O)c(O)c(-c1cc([*])c([*])cc1)o2,*N|N*,,0.0,7.532,0.0,9.41,0.0,2.635,5,2,13
6.3359,12.5565,70.4407,0.6484158,Nc1ccc(-c2oc3cc(O)cc(O)c3c(=O)c2O)cc1Nc1ccccc1,1,[*]c1c([*])cc(-c2c(O)c(=O)c3c(O)cc(O)cc3o2)cc1,N*|c1ccccc1N*,,0.3546476,7.584,0.9604213,10.216,0.9879852,2.468,6,2,14
13.0164,14.1486,81.1774,0.7447346,Nc1ccc(-c2oc3cc(O)cc(O)c3c(=O)c2O)cc1-c1ccc(F)c(F)c1,1,[*]c1c([*])cc(-c2c(O)c(=O)c3c(O)cc(O)cc3o2)cc1,*N|c1(F)c(F)ccc(*)c1,,0.4852534,7.959,0.9952092,11.708,0.9822942,2.6047,6,2,14
7.1505,8.8284,50.6242,0.4644739,CCc1cc(-c2oc3cc(O)cc(O)c3c(=O)c2O)ccc1N,1,[*]c1c([*])cc(-c2c(O)c(=O)c3c(O)cc(O)cc3o2)cc1,N*|C(*)C,,0.1567876,6.831,0.9458089,9.987,0.9830511,2.5893,6,2,14
6.247,13.5355,88.3722,0.7961539,Nc1cc(-c2oc3cc(O)cc(O)c3c(=O)c2O)ccc1Nc1ccc(O)cc1,1,[*]c1c([*])cc(-c2c(O)c(=O)c3c(O)cc(O)cc3o2)cc1,Oc1ccc(N*)cc1|*N,,0.585848,8.241,0.9733083,10.499,0.9838173,2.5729,6,2,14
6.5293,14.5898,73.2768,0.6864578,Nc1ccc(Nc2cc(-c3oc4cc(O)cc(O)c4c(=O)c3O)ccc2N)cc1,1,[*]c1c([*])cc(-c2c(O)c(=O)c3c(O)cc(O)cc3o2)cc1,N*|c1c(N*)ccc(N)c1,,0.5767413,8.215,0.6828821,8.533,0.9826879,2.5967,6,2,14
6.8857,13.1885,78.1697,0.7137358,Nc1cc(-c2oc3cc(O)cc(O)c3c(=O)c2O)ccc1-c1ccoc1,1,[*]c1c([*])cc(-c2c(O)c(=O)c3c(O)cc(O)cc3o2)cc1,c1occc1*|N*,,0.4448198,7.846,0.9828705,10.814,0.9690059,2.804,6,2,14
3.0189,5.3736,73.2374,0.6141484,Nc1ccc(-c2oc3cc(O)cc(O)c3c(=O)c2O)cc1N,1,[*]c1c([*])cc(-c2c(O)c(=O)c3c(O)cc(O)cc3o2)cc1,N*|N*,,0.3377122,7.532,0.8838241,9.41,0.9807119,2.635,6,2,14
3.912,4.7457,-4.7457,0.0,Nc1ccc(-c2oc3cc(O)cc(O)c3c(=O)c2O)cc1N,2,[*]c1c([*])cc(-c2c(O)c(=O)c3c(O)cc(O)cc3o2)cc1,*N|*N,,0.0,7.532,0.0,9.41,0.0,2.635,6,2,14
6.0724,12.4257,85.4177,0.7644015,Nc1cc(-c2oc3cc(O)cc(O)c3c(=O)c2O)ccc1Nc1ccccc1,1,[*]c1c([*])cc(-c2c(O)c(=O)c3c(O)cc(O)cc3o2)cc1,c1ccc(N*)cc1|N*,,0.5215735,8.06,0.9853208,10.923,0.9881468,2.4632,6,2,14
13.5052,18.6284,40.7394,0.4638106,COC(=O)c1ccc(-c2cc(-c3oc4cc(O)cc(O)c4c(=O)c3O)ccc2N)cc1,1,[*]c1c([*])cc(-c2c(O)c(=O)c3c(O)cc(O)cc3o2)cc1,N*|O(C)C(=O)c1ccc(*)cc1,,0.4057976,7.735,0.3635901,7.611,0.9859624,2.5227,6,2,14
24.7827,24.0176,63.3565,0.6826102,NC(=CC=NNC=O)Nc1ccc(-c2oc3cc(O)cc(O)c3c(=O)c2O)cc1N,1,[*]c1c([*])cc(-c2c(O)c(=O)c3c(O)cc(O)cc3o2)cc1,C(C=NNC=O)=C(N*)N|*N,,0.4587197,7.885,0.9099201,9.607,0.8506724,3.3955,6,2,14
12.6793,14.9953,92.3291,0.8384722,O=c1c(O)c(-c2ccc(C(F)F)c(-c3ccc(O)cc3)c2)oc2cc(O)cc(O)c12,1,[*]c1c([*])cc(-c2c(O)c(=O)c3c(O)cc(O)cc3o2)cc1,FC(*)F|c1c(*)ccc(O)c1,,0.6613215,8.465,0.9851112,10.913,0.9764442,2.706,6,2,14
5.7384,12.0404,-12.0404,0.0,Nc1ccc(-c2oc3cc(O)cc(O)c3c(=O)c2O)cc1Nc1ccccc1,2,[*]c1c([*])cc(-c2c(O)c(=O)c3c(O)cc(O)cc3o2)cc1,N*|c1cccc(N*)c1,,0.0,7.584,0.0,10.216,0.0,2.468,6,2,14
8.0664,11.9864,79.1408,0.7119312,Nc1cc(-c2oc3cc(O)cc(O)c3c(=O)c2O)ccc1-c1ccc(O)cc1,1,[*]c1c([*])cc(-c2c(O)c(=O)c3c(O)cc(O)cc3o2)cc1,c1cc(*)ccc1O|*N,,0.4370152,7.824,0.986209,10.967,0.9845981,2.5555,6,2,14
12.3614,15.8875,75.4657,0.713697,CNc1ccc(-c2oc3cc(O)cc(O)c3c(=O)c2O)cc1-c1ccccc1F,1,[*]c1c([*])cc(-c2c(O)c(=O)c3c(O)cc(O)cc3o2)cc1,*NC|c1(F)ccccc1*,,0.4387864,7.829,0.9892004,11.139,0.9828665,2.5931,6,2,14
7.7168,16.7881,-16.7881,0.0,Nc1ccc(Nc2cc(-c3oc4cc(O)cc(O)c4c(=O)c3O)ccc2N)cc1,2,[*]c1c([*])cc(-c2c(O)c(=O)c3c(O)cc(O)cc3o2)cc1,N*|c1cc(N)ccc1N*,,0.0,8.215,0.0,8.533,0.0,2.5967,6,2,14
14.3867,19.9959,70.2761,0.7052501,CNc1cc(-c2oc3cc(O)cc(O)c3c(=O)c2O)ccc1NCC(N)=O,1,[*]c1c([*])cc(-c2c(O)c(=O)c3c(O)cc(O)cc3o2)cc1,NC(CN*)=O|N(*)C,,0.4544349,7.873,0.9323593,9.823,0.9718651,2.7693,6,2,14
10.6712,18.2693,80.2092,0.7693632,O=c1c(O)c(-c2ccc(Nc3ccc(F)cc3)c(-c3ccccc3)c2)oc2cc(O)cc(O)c12,1,[*]c1c([*])cc(-c2c(O)c(=O)c3c(O)cc(O)cc3o2)cc1,c1(N*)ccc(F)cc1|c1cccc(*)c1,,0.6297243,8.369,0.8296329,9.1,0.9876068,2.4789,6,2,14
4.2166,4.7457,-4.7457,0.0,Nc1ccc(-c2oc3cc(O)cc(O)c3c(=O)c2O)cc1N,2,[*]c1c([*])cc(-c2c(O)c(=O)c3c(O)cc(O)cc3o2)cc1,*N|*N,,0.0,7.532,0.0,9.41,0.0,2.635,6,2,14
14.484,20.0734,8.5032,0.2232544,CNc1ccc(-c2cc(-c3oc4cc(O)cc(O)c4c(=O)c3O)ccc2N2CCNCC2)cc1,1,[*]c1c([*])cc(-c2c(O)c(=O)c3c(O)cc(O)cc3o2)cc1,C1N(*)CCNC1|c1(NC)ccc(*)cc1,,0.6686949,8.488,0.0357233,5.71,0.9719419,2.7683,6,2,14
8.0111,17.1663,84.3361,0.7929875,Nc1cccc(Nc2ccc(-c3oc4cc(O)cc(O)c4c(=O)c3O)cc2N)c1,1,[*]c1c([*])cc(-c2c(O)c(=O)c3c(O)cc(O)cc3o2)cc1,c1(N*)cc(N)ccc1|N*,,0.5875928,8.246,0.9623443,10.252,0.9806587,2.636,6,2,14
5.6497,11.9456,-11.9456,0.0,Nc1ccc(-c2oc3cc(O)cc(O)c3c(=O)c2O)cc1Nc1ccccc1,2,[*]c1c([*])cc(-c2c(O)c(=O)c3c(O)cc(O)cc3o2)cc1,N*|c1c(N*)cccc1,,0.0,7.584,0.0,10.216,0.0,2.468,6,2,14
7.4778,13.3257,81.6506,0.7420022,Cc1ccc(Nc2cc(-c3oc4cc(O)cc(O)c4c(=O)c3O)ccc2N)cc1,1,[*]c1c([*])cc(-c2c(O)c(=O)c3c(O)cc(O)cc3o2)cc1,N*|c1cc(C)ccc1N*,,0.5125896,8.035,0.931446,9.813,0.9866684,2.5046,6,2,14
22.3734,28.1377,-27.0437,0.0085467,NC1CCCC(Nc2ccc(-c3oc4cc(O)cc(O)c4c(=O)c3O)cc2Nc2cccc(O)c2)C1,1,[*]c1c([*])cc(-c2c(O)c(=O)c3c(O)cc(O)cc3o2)cc1,C1CCC(N)CC1N*|c1(N*)cc(O)ccc1,,0.7764044,8.865,1e-05,0.0,0.7565377,3.6061,6,2,14
16.6386,21.5441,-20.6959,0.0066266,O=c1c(O)c(-c2ccc(NCc3ccc(O)cc3)c(Nc3ccc(O)cc3)c2)oc2cc(O)cc(O)c12,1,[*]c1c([*])cc(-c2c(O)c(=O)c3c(O)cc(O)cc3o2)cc1,c1(CN*)ccc(O)cc1|c1cc(N*)ccc1O,,0.3615944,7.605,1e-05,0.0,0.9772871,2.693,6,2,14
6.6023,9.7208,84.3772,0.7351406,Nc1ccc(-c2oc3cc(O)cc(O)c3c(=O)c2O)cc1-c1ccccc1,1,[*]c1c([*])cc(-c2c(O)c(=O)c3c(O)cc(O)cc3o2)cc1,*N|c1ccccc1*,,0.4690984,7.914,0.9931293,11.456,0.9892645,2.4284,6,2,14
8.1844,16.128,80.4248,0.7543191,Nc1cc(-c2oc3cc(O)cc(O)c3c(=O)c2O)ccc1Nc1cccc(O)c1,1,[*]c1c([*])cc(-c2c(O)c(=O)c3c(O)cc(O)cc3o2)cc1,c1c(O)cccc1N*|N*,,0.5140275,8.039,0.9705215,10.428,0.9812787,2.6244,6,2,14
2.7928,5.1099,-5.1099,0.0,Nc1ccc(-c2oc3cc(O)cc(O)c3c(=O)c2O)cc1N,2,[*]c1c([*])cc(-c2c(O)c(=O)c3c(O)cc(O)cc3o2)cc1,N*|*N,,0.0,7.532,0.0,9.41,0.0,2.635,6,2,14
5.1851,12.5511,-12.5511,0.0,Nc1cc(-c2oc3cc(O)cc(O)c3c(=O)c2O)ccc1Nc1ccccc1,2,[*]c1c([*])cc(-c2c(O)c(=O)c3c(O)cc(O)cc3o2)cc1,c1cc(N*)ccc1|N*,,0.0,8.06,0.0,10.923,0.0,2.4632,6,2,14
11.4187,13.3314,66.6823,0.6251074,COC(=O)Cc1ccc(-c2oc3cc(O)cc(O)c3c(=O)c2O)cc1N,1,[*]c1c([*])cc(-c2c(O)c(=O)c3c(O)cc(O)cc3o2)cc1,O=C(OC)C*|*N,,0.3706114,7.632,0.8420674,9.163,0.9800352,2.6472,6,2,14
10.8968,20.525,53.4174,0.5776747,O=c1c(O)c(-c2ccc(Nc3ccccc3)c(Nc3ccccc3)c2)oc2cc(O)cc(O)c12,1,[*]c1c([*])cc(-c2c(O)c(=O)c3c(O)cc(O)cc3o2)cc1,c1(N*)ccccc1|N(c1ccccc1)*,,0.5802504,8.225,0.4398498,7.832,0.9875915,2.4793,6,2,14
6.0197,10.1005,81.6307,0.7166502,Nc1ccc(-c2oc3cc(O)cc(O)c3c(=O)c2O)cc1-c1ccc(O)cc1,1,[*]c1c([*])cc(-c2c(O)c(=O)c3c(O)cc(O)cc3o2)cc1,N*|Oc1ccc(*)cc1,,0.4430435,7.841,0.988841,11.116,0.9848968,2.5485,6,2,14
6.2958,12.8281,48.8766,0.4820677,Nc1ccc(-c2oc3cc(O)cc(O)c3c(=O)c2O)cc1NCCO,1,[*]c1cc(-c2oc3c(c(=O)c2O)c(O)cc(O)c3)ccc1[*],C(N*)CO|N*,,0.190792,6.996,0.8548293,9.232,0.9787266,2.6697,7,2,15
8.8667,13.4669,89.085,0.8011863,Nc1cc(-c2oc3cc(O)cc(O)c3c(=O)c2O)ccc1NCc1ccccc1,1,[*]c1cc(-c2oc3c(c(=O)c2O)c(O)cc(O)c3)ccc1[*],*N|C(N*)c1ccccc1,,0.585848,8.241,0.986576,10.986,0.9881811,2.4622,7,2,15
8.3653,13.2788,80.437,0.7321548,Nc1cc(-c2oc3cc(O)cc(O)c3c(=O)c2O)ccc1-c1ccco1,1,[*]c1cc(-c2oc3c(c(=O)c2O)c(O)cc(O)c3)ccc1[*],N*|c1ccc(*)o1,,0.4741191,7.928,0.9785908,10.656,0.9773216,2.6925,7,2,15
7.9662,9.109,78.0968,0.6812953,Nc1cc(-c2oc3cc(O)cc(O)c3c(=O)c2O)ccc1C(F)(F)F,1,[*]c1cc(-c2oc3c(c(=O)c2O)c(O)cc(O)c3)ccc1[*],N*|FC(F)(*)F,,0.4002576,7.719,0.9696868,10.408,0.974395,2.7357,7,2,15
7.2523,11.0924,83.0056,0.7351406,Nc1ccc(-c2oc3cc(O)cc(O)c3c(=O)c2O)cc1-c1ccccc1,1,[*]c1cc(-c2oc3c(c(=O)c2O)c(O)cc(O)c3)ccc1[*],c1ccc(*)cc1|*N,,0.4690984,7.914,0.9931293,11.456,0.9892645,2.4284,7,2,15
7.4391,14.6716,83.3775,0.7660081,Nc1ccc(-c2oc3cc(O)cc(O)c3c(=O)c2O)cc1Nc1ccc(F)cc1,1,[*]c1cc(-c2oc3c(c(=O)c2O)c(O)cc(O)c3)ccc1[*],c1c(F)ccc(N*)c1|*N,,0.5251631,8.07,0.9847912,10.898,0.9860301,2.521,7,2,15
18.409,24.2882,-23.1495,0.0088964,Cc1ccc(F)cc1Nc1ccc(-c2oc3cc(O)cc(O)c3c(=O)c2O)cc1-c1ccccc1,1,[*]c1cc(-c2oc3c(c(=O)c2O)c(O)cc(O)c3)ccc1[*],c1ccccc1*|c1(C)ccc(F)cc1N*,,0.752583,8.773,1e-05,0.0,0.9839435,2.5701,7,2,15
2.1004,5.1803,73.4307,0.6141484,Nc1ccc(-c2oc3cc(O)cc(O)c3c(=O)c2O)cc1N,1,[*]c1cc(-c2oc3c(c(=O)c2O)c(O)cc(O)c3)ccc1[*],N*|N*,,0.3377122,7.532,0.8838241,9.41,0.9807119,2.635,7,2,15
3.7514,5.0725,-5.0725,0.0,Nc1ccc(-c2oc3cc(O)cc(O)c3c(=O)c2O)cc1N,2,[*]c1cc(-c2oc3c(c(=O)c2O)c(O)cc(O)c3)ccc1[*],*N|*N,,0.0,7.532,0.0,9.41,0.0,2.635,7,2,15
11.6597,19.6477,-19.6179,0.0002332,Nc1ccc(-c2oc3cc(O)cc(O)c3c(=O)c2O)cc1Nc1ccc(Oc2ccccc2)cc1,1,[*]c1cc(-c2oc3c(c(=O)c2O)c(O)cc(O)c3)ccc1[*],c1c(N*)ccc(Oc2ccccc2)c1|N*,,8.36e-05,1.476,1e-05,0.0,0.9854958,2.5343,7,2,15
2.3895,5.1803,-5.1803,0.0,Nc1ccc(-c2oc3cc(O)cc(O)c3c(=O)c2O)cc1N,2,[*]c1cc(-c2oc3c(c(=O)c2O)c(O)cc(O)c3)ccc1[*],N*|N*,,0.0,7.532,0.0,9.41,0.0,2.635,7,2,15
3.1485,5.4301,-5.4301,0.0,Nc1ccc(-c2oc3cc(O)cc(O)c3c(=O)c2O)cc1N,2,[*]c1cc(-c2oc3c(c(=O)c2O)c(O)cc(O)c3)ccc1[*],N*|*N,,0.0,7.532,0.0,9.41,0.0,2.635,7,2,15
2.9092,5.4301,-5.4301,0.0,Nc1ccc(-c2oc3cc(O)cc(O)c3c(=O)c2O)cc1N,2,[*]c1cc(-c2oc3c(c(=O)c2O)c(O)cc(O)c3)ccc1[*],N*|*N,,0.0,7.532,0.0,9.41,0.0,2.635,7,2,15
25.9367,26.512,65.5472,0.7192127,O=c1c(O)c(-c2ccc(-c3ccccc3)c(-c3cc(F)c(O)cc3Cl)c2)oc2cc(O)cc(O)c12,1,[*]c1cc(-c2oc3c(c(=O)c2O)c(O)cc(O)c3)ccc1[*],Clc1c(*)cc(F)c(O)c1|c1cccc(*)c1,,0.7436345,8.74,0.5969754,8.273,0.9764613,2.7057,7,2,15
6.767,14.811,-14.811,0.0,Nc1ccc(-c2oc3cc(O)cc(O)c3c(=O)c2O)cc1Nc1ccc(F)cc1,2,[*]c1cc(-c2oc3c(c(=O)c2O)c(O)cc(O)c3)ccc1[*],c1(F)ccc(N*)cc1|N*,,0.0,8.07,0.0,10.898,0.0,2.521,7,2,15
31.9766,31.8044,-31.7918,9.85e-05,NC(=O)CON=CCc1cc(-c2oc3cc(O)cc(O)c3c(=O)c2O)ccc1Cc1ccc(N)cc1,1,[*]c1cc(-c2oc3c(c(=O)c2O)c(O)cc(O)c3)ccc1[*],C(C*)=NOCC(N)=O|C(c1ccc(N)cc1)*,,1e-05,0.0,1e-05,0.0,0.928014,3.1118,7,2,15
7.1115,15.0296,77.8261,0.7254352,Nc1cc(-c2oc3cc(O)cc(O)c3c(=O)c2O)ccc1Nc1ccc(F)cc1,1,[*]c1cc(-c2oc3c(c(=O)c2O)c(O)cc(O)c3)ccc1[*],N*|c1(N*)ccc(F)cc1,,0.461222,7.892,0.9785908,10.656,0.9862131,2.5164,7,2,15
16.1907,23.0738,59.8817,0.6480901,CC(O)=NNc1cc(-c2oc3cc(O)cc(O)c3c(=O)c2O)ccc1N,1,[*]c1cc(-c2oc3c(c(=O)c2O)c(O)cc(O)c3)ccc1[*],C(O)(C)=NN*|N*,,0.3749858,7.645,0.9225963,9.722,0.9552644,2.9364,7,2,15
2.6019,5.4301,-5.4301,0.0,Nc1ccc(-c2oc3cc(O)cc(O)c3c(=O)c2O)cc1N,2,[*]c1cc(-c2oc3c(c(=O)c2O)c(O)cc(O)c3)ccc1[*],N*|*N,,0.0,7.532,0.0,9.41,0.0,2.635,7,2,15
12.8115,15.7879,78.5493,0.7370098,Nc1ccc(-c2oc3cc(O)cc(O)c3c(=O)c2O)cc1NCc1c(F)cccc1F,1,[*]c1cc(-c2oc3c(c(=O)c2O)c(O)cc(O)c3)ccc1[*],*NCc1c(F)cccc1F|N*,,0.4881295,7.967,0.9665349,10.337,0.9769251,2.6986,7,2,15
3.341,4.8961,-4.8961,0.0,Nc1ccc(-c2oc3cc(O)cc(O)c3c(=O)c2O)cc1N,2,[*]c1cc(-c2oc3c(c(=O)c2O)c(O)cc(O)c3)ccc1[*],*N|N*,,0.0,7.532,0.0,9.41,0.0,2.635,7,2,15
6.1159,14.0395,83.8039,0.7644015,Nc1cc(-c2oc3cc(O)cc(O)c3c(=O)c2O)ccc1Nc1ccccc1,1,[*]c1cc(-c2oc3c(c(=O)c2O)c(O)cc(O)c3)ccc1[*],N*|c1c(N*)cccc1,,0.5215735,8.06,0.9853208,10.923,0.9881468,2.4632,7,2,15
7.2945,12.4676,69.6061,0.6412011,Nc1ccc(-c2oc3cc(O)cc(O)c3c(=O)c2O)cc1-c1ccco1,1,[*]c1cc(-c2oc3c(c(=O)c2O)c(O)cc(O)c3)ccc1[*],c1oc(*)cc1|N*,,0.3393235,7.537,0.9812488,10.75,0.9776534,2.6872,7,2,15
6.8036,14.811,-14.811,0.0,Nc1ccc(-c2oc3cc(O)cc(O)c3c(=O)c2O)cc1Nc1ccc(F)cc1,2,[*]c1cc(-c2oc3c(c(=O)c2O)c(O)cc(O)c3)ccc1[*],c1(F)ccc(N*)cc1|N*,,0.0,8.07,0.0,10.898,0.0,2.521,7,2,15
11.0551,15.3625,65.2093,0.6294669,Nc1ccc(-c2oc3cc(O)cc(O)c3c(=O)c2O)cc1-c1cccs1,1,[*]c1cc(-c2oc3c(c(=O)c2O)c(O)cc(O)c3)ccc1[*],c1cc(*)sc1|*N,,0.3271735,7.499,0.9712135,10.445,0.9787661,2.6691,7,2,15
9.0895,14.0232,-14.0232,0.0,Nc1cc(-c2oc3cc(O)cc(O)c3c(=O)c2O)ccc1-c1ccco1,2,[*]c1cc(-c2oc3c(c(=O)c2O)c(O)cc(O)c3)ccc1[*],*N|c1c(*)occ1,,0.0,7.928,0.0,10.656,0.0,2.6925,7,2,15
7.8357,12.2829,90.8547,0.8057622,Nc1ccc(-c2oc3cc(O)cc(O)c3c(=O)c2O)cc1-c1cccc(O)c1,1,[*]c1cc(-c2oc3c(c(=O)c2O)c(O)cc(O)c3)ccc1[*],c1(*)cccc(O)c1|N*,,0.5921186,8.259,0.9929199,11.435,0.9826266,2.598,7,2,15
7.0437,14.2689,76.8025,0.7114952,Nc1ccc(-c2cc(-c3oc4cc(O)cc(O)c4c(=O)c3O)ccc2N)cc1,1,[*]c1cc(-c2oc3c(c(=O)c2O)c(O)cc(O)c3)ccc1[*],c1(N)ccc(*)cc1|N*,,0.4377236,7.826,0.9833954,10.836,0.9840194,2.5685,7,2,15
8.2128,15.1911,78.9112,0.7351744,Nc1ccc(-c2oc3cc(O)cc(O)c3c(=O)c2O)cc1Nc1ccccc1O,1,[*]c1cc(-c2oc3c(c(=O)c2O)c(O)cc(O)c3)ccc1[*],Oc1c(N*)cccc1|N*,,0.4924453,7.979,0.9499996,10.046,0.9812707,2.6246,7,2,15
7.0183,14.4261,-14.4261,0.0,Nc1ccc(-c2cc(-c3oc4cc(O)cc(O)c4c(=O)c3O)ccc2N)cc1,2,[*]c1cc(-c2oc3c(c(=O)c2O)c(O)cc(O)c3)ccc1[*],c1cc(*)ccc1N|N*,,0.0,7.826,0.0,10.836,0.0,2.5685,7,2,15
2.348,5.1803,-5.1803,0.0,Nc1ccc(-c2oc3cc(O)cc(O)c3c(=O)c2O)cc1N,2,[*]c1cc(-c2oc3c(c(=O)c2O)c(O)cc(O)c3)ccc1[*],N*|N*,,0.0,7.532,0.0,9.41,0.0,2.635,7,2,15
8.0307,11.8638,-11.8638,0.0,Nc1ccc(-c2oc3cc(O)cc(O)c3c(=O)c2O)cc1-c1ccccc1,2,[*]c1cc(-c2oc3c(c(=O)c2O)c(O)cc(O)c3)ccc1[*],c1ccccc1*|*N,,0.0,7.914,0.0,11.456,0.0,2.4284,7,2,15
3.7766,9.3413,84.7567,0.7351406,Nc1ccc(-c2oc3cc(O)cc(O)c3c(=O)c2O)cc1-c1ccccc1,1,c12c(=O)c(O)c(-c3ccc([*])c([*])c3)oc1cc(O)cc2O,N*|c1(*)ccccc1,,0.4690984,7.914,0.9931293,11.456,0.9892645,2.4284,8,2,16
8.5092,16.8123,71.0696,0.6865768,CNc1ccc(-c2oc3cc(O)cc(O)c3c(=O)c2O)cc1-c1ccccc1,1,c12c(=O)c(O)c(-c3ccc([*])c([*])c3)oc1cc(O)cc2O,N(C)*|c1cccc(*)c1,,0.3999123,7.718,0.9827976,10.811,0.9876159,2.4786,8,2,16
6.2765,14.6988,69.2244,0.6556498,Nc1ccc(-c2oc3cc(O)cc(O)c3c(=O)c2O)cc1-c1ccccc1F,1,c12c(=O)c(O)c(-c3ccc([*])c([*])c3)oc1cc(O)cc2O,N*|c1(F)ccccc1*,,0.3526738,7.578,0.9943193,11.589,0.9852843,2.5394,8,2,16
12.7214,20.3494,72.4854,0.7252725,Nc1ccc(-c2oc3cc(O)cc(O)c3c(=O)c2O)cc1-c1ccc(Cl)cc1F,1,c12c(=O)c(O)c(-c3ccc([*])c([*])c3)oc1cc(O)cc2O,*N|c1c(F)c(*)ccc1Cl,,0.461222,7.892,0.9806846,10.729,0.9809055,2.6314,8,2,16
4.7623,10.2124,-10.2124,0.0,Nc1ccc(-c2oc3cc(O)cc(O)c3c(=O)c2O)cc1-c1ccccc1,2,c12c(=O)c(O)c(-c3ccc([*])c([*])c3)oc1cc(O)cc2O,N*|c1ccc(*)cc1,,0.0,7.914,0.0,11.456,0.0,2.4284,8,2,16
10.7859,15.9719,73.2927,0.6973793,COc1cccc(-c2cc(-c3oc4cc(O)cc(O)c4c(=O)c3O)ccc2N)c1,1,c12c(=O)c(O)c(-c3ccc([*])c([*])c3)oc1cc(O)cc2O,N*|c1cc(*)cc(OC)c1,,0.4405591,7.834,0.9282549,9.779,0.9862845,2.5146,8,2,16
9.892,17.5346,77.0566,0.7389935,Nc1ccc(-c2oc3cc(O)cc(O)c3c(=O)c2O)cc1Nc1ccc(Cl)cc1,1,c12c(=O)c(O)c(-c3ccc([*])c([*])c3)oc1cc(O)cc2O,N*|Clc1ccc(N*)cc1,,0.5147468,8.041,0.9183842,9.682,0.986204,2.5166,8,2,16
13.6933,20.4827,67.4204,0.6867427,O=c1c(O)c(-c2ccc(N3CCCCC3)c(C(F)F)c2)oc2cc(O)cc(O)c12,1,c12c(=O)c(O)c(-c3ccc([*])c([*])c3)oc1cc(O)cc2O,C1CCCCN1*|C(F)(F)*,,0.415899,7.764,0.9516812,10.071,0.9750148,2.7269,8,2,16
5.5727,12.3734,70.6613,0.6487087,Nc1ccc(-c2oc3cc(O)cc(O)c3c(=O)c2O)cc1-c1ccc(F)cc1,1,c12c(=O)c(O)c(-c3ccc([*])c([*])c3)oc1cc(O)cc2O,N*|c1c(*)ccc(F)c1,,0.3435302,7.55,0.9930104,11.444,0.9872141,2.4899,8,2,16
10.7784,19.6103,77.1157,0.7556718,O=c1c(O)c(-c2ccc(Nc3ccccc3)c(-c3ccco3)c2)oc2cc(O)cc(O)c12,1,c12c(=O)c(O)c(-c3ccc([*])c([*])c3)oc1cc(O)cc2O,c1c(N*)cccc1|c1c(*)occ1,,0.5573116,8.16,0.8991174,9.52,0.98138,2.6225,8,2,16
9.8856,20.2732,64.0372,0.6586748,CNc1ccc(-c2oc3cc(O)cc(O)c3c(=O)c2O)cc1-c1cccc(Cl)c1,1,c12c(=O)c(O)c(-c3ccc([*])c([*])c3)oc1cc(O)cc2O,*NC|c1ccc(Cl)cc1*,,0.3615944,7.605,0.981925,10.776,0.9834564,2.5807,8,2,16
7.4888,15.5156,68.9144,0.6596094,Nc1ccc(-c2oc3cc(O)cc(O)c3c(=O)c2O)cc1-c1ccc(Cl)cc1,1,c12c(=O)c(O)c(-c3ccc([*])c([*])c3)oc1cc(O)cc2O,*N|c1cc(Cl)ccc1*,,0.3682647,7.625,0.9656391,10.318,0.9873796,2.4853,8,2,16
12.0385,23.9857,-22.8835,0.0086109,O=c1c(O)c(-c2ccc(Nc3c(F)cccc3F)c(-c3ccccc3)c2)oc2cc(O)cc(O)c12,1,c12c(=O)c(O)c(-c3ccc([*])c([*])c3)oc1cc(O)cc2O,c1ccc(F)c(N*)c1F|*c1ccccc1,,0.6946046,8.571,1e-05,0.0,0.9812556,2.6249,8,2,16
15.2839,29.0,65.2174,0.7360731,O=c1c(O)c(-c2ccc(CC(F)F)c(-c3ccccc3)c2)oc2cc(O)cc(O)c12,1,c12c(=O)c(O)c(-c3ccc([*])c([*])c3)oc1cc(O)cc2O,C(C(F)F)*|c1cccc(*)c1,,0.4834562,7.954,0.9718896,10.462,0.9787155,2.6699,8,2,16
3.43,9.3413,-9.3413,0.0,Nc1ccc(-c2oc3cc(O)cc(O)c3c(=O)c2O)cc1-c1ccccc1,2,c12c(=O)c(O)c(-c3ccc([*])c([*])c3)oc1cc(O)cc2O,N*|c1(*)ccccc1,,0.0,7.914,0.0,11.456,0.0,2.4284,8,2,16
7.3899,17.3569,67.3873,0.6620641,O=c1c(O)c(-c2ccc(NCCO)c(-c3ccccc3)c2)oc2cc(O)cc(O)c12,1,c12c(=O)c(O)c(-c3ccc([*])c([*])c3)oc1cc(O)cc2O,*NCCO|c1(*)ccccc1,,0.3706114,7.632,0.9695597,10.405,0.9851757,2.542,8,2,16
8.0574,18.2155,77.2953,0.746178,CNc1ccc(-c2oc3cc(O)cc(O)c3c(=O)c2O)cc1-c1ccc(F)cc1,1,c12c(=O)c(O)c(-c3ccc([*])c([*])c3)oc1cc(O)cc2O,N(*)C|c1(F)ccc(*)cc1,,0.4935243,7.982,0.9817711,10.77,0.9853138,2.5387,8,2,16
11.6544,22.5471,68.3256,0.7099425,O=c1c(O)c(-c2ccc(NCCO)c(-c3ccc(F)cc3)c2)oc2cc(O)cc(O)c12,1,c12c(=O)c(O)c(-c3ccc([*])c([*])c3)oc1cc(O)cc2O,N(*)CCO|c1c(*)ccc(F)c1,,0.4597918,7.888,0.9318127,9.817,0.9825081,2.6004,8,2,16
5.5967,12.1709,-12.1709,0.0,Nc1ccc(-c2oc3cc(O)cc(O)c3c(=O)c2O)cc1-c1ccc(F)cc1,2,c12c(=O)c(O)c(-c3ccc([*])c([*])c3)oc1cc(O)cc2O,*N|c1(F)ccc(*)cc1,,0.0,7.55,0.0,11.444,0.0,2.4899,8,2,16
10.1463,17.6337,84.5224,0.7980947,O=c1c(O)c(-c2ccc(-c3ccccc3)c(C(F)F)c2)oc2cc(O)cc(O)c12,1,c12c(=O)c(O)c(-c3ccc([*])c([*])c3)oc1cc(O)cc2O,c1c(*)cccc1|FC(*)F,,0.5798997,8.224,0.9899282,11.188,0.9825606,2.5993,8,2,16
8.6423,16.074,88.8413,0.8196507,CNc1ccc(-c2oc3cc(O)cc(O)c3c(=O)c2O)cc1-c1cccc(F)c1,1,c12c(=O)c(O)c(-c3ccc([*])c([*])c3)oc1cc(O)cc2O,*NC|c1c(F)cc(*)cc1,,0.6189235,8.337,0.9911662,11.28,0.9830532,2.5892,8,2,16
13.367,21.7976,80.7487,0.8011432,Nc1ccccc1CNc1ccc(-c2oc3cc(O)cc(O)c3c(=O)c2O)cc1N,1,c12c(=O)c(O)c(-c3ccc([*])c([*])c3)oc1cc(O)cc2O,C(N*)c1c(N)cccc1|N*,,0.5907277,8.255,0.9822791,10.79,0.9801811,2.6446,8,2,16
16.7961,17.6947,73.1436,0.7096742,Nc1cc(-c2oc3cc(O)cc(O)c3c(=O)c2O)ccc1Cc1ccco1,1,c12c(=O)c(O)c(-c3ccc([*])c([*])c3)oc1cc(O)cc2O,c1cc(C*)oc1|N*,,0.4619372,7.894,0.9308,9.806,0.9736806,2.7455,8,2,16
20.2743,24.0231,26.0129,0.3909059,O=c1c(O)c(-c2ccc(NC=Nc3ccccc3)c(C(F)(F)F)c2)oc2cc(O)cc(O)c12,1,c12c(=O)c(O)c(-c3ccc([*])c([*])c3)oc1cc(O)cc2O,N(*)C=Nc1ccccc1|FC(*)(F)F,,0.6155235,8.327,0.1586997,6.841,0.9565759,2.9256,8,2,16
11.7743,24.9587,61.1138,0.6724415,O=c1c(O)c(-c2ccc(Nc3ccccc3)c(-c3cccs3)c2)oc2cc(O)cc(O)c12,1,c12c(=O)c(O)c(-c3ccc([*])c([*])c3)oc1cc(O)cc2O,c1ccccc1N*|c1ccc(*)s1,,0.5068354,8.019,0.738387,8.721,0.9816816,2.6167,8,2,16
8.4044,13.1728,94.0699,0.837834,Nc1ccc(-c2oc3cc(O)cc(O)c3c(=O)c2O)cc1NCc1ccc(F)cc1,1,c12c(=O)c(O)c(-c3ccc([*])c([*])c3)oc1cc(O)cc2O,N*|*NCc1ccc(F)cc1,,0.6797574,8.523,0.9520767,10.077,0.9856852,2.5296,8,2,16
11.0203,23.674,62.3565,0.6721135,O=c1c(O)c(-c2ccc(NCCO)c(-c3ccc(Cl)cc3)c2)oc2cc(O)cc(O)c12,1,c12c(=O)c(O)c(-c3ccc([*])c([*])c3)oc1cc(O)cc2O,*NCCO|c1cc(*)ccc1Cl,,0.4827375,7.952,0.7738962,8.855,0.9827102,2.5963,8,2,16
4.3377,9.6416,-9.6416,0.0,Nc1ccc(-c2oc3cc(O)cc(O)c3c(=O)c2O)cc1-c1ccccc1,2,c12c(=O)c(O)c(-c3ccc([*])c([*])c3)oc1cc(O)cc2O,N*|c1cc(*)ccc1,,0.0,7.914,0.0,11.456,0.0,2.4284,8,2,16
4.037,9.8459,-9.8459,0.0,Nc1ccc(-c2oc3cc(O)cc(O)c3c(=O)c2O)cc1-c1ccccc1,2,c12c(=O)c(O)c(-c3ccc([*])c([*])c3)oc1cc(O)cc2O,N*|c1c(*)cccc1,,0.0,7.914,0.0,11.456,0.0,2.4284,8,2,16
5.5357,9.6741,-9.674,0.0,Nc1ccc(-c2oc3cc(O)cc(O)c3c(=O)c2O)cc1-c1ccccc1,2,c12c(=O)c(O)c(-c3ccc([*])c([*])c3)oc1cc(O)cc2O,*N|c1(*)ccccc1,,0.0,7.914,0.0,11.456,0.0,2.4284,8,2,16
3.9122,10.2124,-10.2124,0.0,Nc1ccc(-c2oc3cc(O)cc(O)c3c(=O)c2O)cc1-c1ccccc1,2,c12c(=O)c(O)c(-c3ccc([*])c([*])c3)oc1cc(O)cc2O,N*|c1ccc(*)cc1,,0.0,7.914,0.0,11.456,0.0,2.4284,8,2,16
11.9009,21.6949,64.6389,0.6744822,O=c1c(O)c(-c2ccc(C(F)F)c(-c3cccs3)c2)oc2cc(O)cc(O)c12,1,c12c(=O)c(O)c(-c3ccc([*])c([*])c3)oc1cc(O)cc2O,FC(*)F|c1ccc(*)s1,,0.4145014,7.76,0.9158686,9.659,0.9685766,2.8089,8,2,16
7.4466,14.7797,80.6036,0.7451822,O=c1c(O)c(-c2ccc(-c3ccccc3)c(-c3ccccc3)c2)oc2cc(O)cc(O)c12,1,c1([*])c([*])ccc(-c2c(O)c(=O)c3c(O)cc(O)cc3o2)c1,c1ccccc1*|c1ccc(*)cc1,,0.6320701,8.376,0.7615809,8.807,0.9916303,2.3411,1,3,17
5.7365,11.2902,84.2679,0.7465479,Nc1cc(-c2oc3cc(O)cc(O)c3c(=O)c2O)ccc1-c1ccccc1,1,c1([*])c([*])ccc(-c2c(O)c(=O)c3c(O)cc(O)cc3o2)c1,N*|c1cccc(*)c1,,0.489568,7.971,0.9890611,11.13,0.9890455,2.4355,1,3,17
11.453,12.3242,84.146,0.7536732,Nc1cc(-c2oc3cc(O)cc(O)c3c(=O)c2O)ccc1N1CCCCC1,1,c1([*])c([*])ccc(-c2c(O)c(=O)c3c(O)cc(O)cc3o2)c1,*N|C1CCCCN1*,,0.5143872,8.04,0.9666278,10.339,0.9835959,2.5777,1,3,17
8.215,16.9349,97.54,0.8943346,O=c1c(O)c(-c2ccc(-c3ccc(F)cc3)c(-c3ccccc3)c2)oc2cc(O)cc(O)c12,1,c1([*])c([*])ccc(-c2c(O)c(=O)c3c(O)cc(O)cc3o2)c1,c1ccc(*)cc1|c1c(F)ccc(*)c1,,0.79056,8.923,0.9616074,10.238,0.9899993,2.4035,1,3,17
10.9949,21.1311,-19.8672,0.009874,O=c1c(O)c(-c2ccc(Nc3ccc(F)cc3)c(C(F)F)c2)oc2cc(O)cc(O)c12,1,c1([*])c([*])ccc(-c2c(O)c(=O)c3c(O)cc(O)cc3o2)c1,FC(*)F|c1cc(N*)ccc1F,,1e-05,0.0,0.9797356,10.695,0.9778017,2.6849,1,3,17
17.8752,20.4552,-19.2179,0.0096665,Nc1cc(-c2oc3cc(O)cc(O)c3c(=O)c2O)ccc1CC=NNc1ccc(O)cc1,1,c1([*])c([*])ccc(-c2c(O)c(=O)c3c(O)cc(O)cc3o2)c1,*N|C(*)C=NNc1ccc(O)cc1,,1e-05,0.0,0.940003,9.912,0.9551866,2.9371,1,3,17
7.3155,12.9882,85.1878,0.7669996,Nc1cc(-c2oc3cc(O)cc(O)c3c(=O)c2O)ccc1Nc1ccccc1,1,c1([*])c([*])ccc(-c2c(O)c(=O)c3c(O)cc(O)cc3o2)c1,N*|c1ccc(N*)cc1,,0.5255221,8.071,0.9862481,10.969,0.9881468,2.4632,1,3,17
7.859,18.2295,86.1937,0.815806,O=c1c(O)c(-c2ccc(-c3ccccc3)c(Nc3ccccc3)c2)oc2cc(O)cc(O)c12,1,c1([*])c([*])ccc(-c2c(O)c(=O)c3c(O)cc(O)cc3o2)c1,c1(N*)ccccc1|c1cccc(*)c1,,0.7251123,8.674,0.8334629,9.119,0.9893534,2.4255,1,3,17
11.0906,17.7812,83.7021,0.7928385,O=c1c(O)c(-c2ccc(-c3ccccc3O)c(-c3ccccc3)c2)oc2cc(O)cc(O)c12,1,c1([*])c([*])ccc(-c2c(O)c(=O)c3c(O)cc(O)cc3o2)c1,c1ccc(*)cc1|c1(O)c(*)cccc1,,0.6162047,8.329,0.9141903,9.644,0.9871891,2.4905,1,3,17
13.3893,19.4036,62.2226,0.6377051,CCc1cc(-c2oc3cc(O)cc(O)c3c(=O)c2O)ccc1NCc1ccc(F)cc1,1,c1([*])c([*])ccc(-c2c(O)c(=O)c3c(O)cc(O)cc3o2)c1,*CC|C(N*)c1ccc(F)cc1,,0.3309864,7.511,0.9884533,11.092,0.985296,2.5391,1,3,17
14.2573,21.7844,76.3496,0.7666722,O=c1c(O)c(-c2ccc(C(F)(F)F)c(-c3cccc(F)c3F)c2)oc2cc(O)cc(O)c12,1,c1([*])c([*])ccc(-c2c(O)c(=O)c3c(O)cc(O)cc3o2)c1,c1(F)c(F)cccc1*|FC(F)(*)F,,0.5707581,8.198,0.9137377,9.64,0.9738706,2.7429,1,3,17
11.36,15.913,84.0335,0.7808321,Nc1cc(-c2oc3cc(O)cc(O)c3c(=O)c2O)ccc1-c1ccc(F)cc1F,1,c1([*])c([*])ccc(-c2c(O)c(=O)c3c(O)cc(O)cc3o2)c1,N*|Fc1ccc(*)c(F)c1,,0.5498431,8.139,0.9893227,11.147,0.9809227,2.6311,1,3,17
8.8892,19.4558,88.6246,0.8443786,O=c1c(O)c(-c2ccc(-c3ccccc3)c(Nc3ccc(F)cc3)c2)oc2cc(O)cc(O)c12,1,c1([*])c([*])ccc(-c2c(O)c(=O)c3c(O)cc(O)cc3o2)c1,c1cc(F)ccc1N*|c1c(*)cccc1,,0.7649612,8.82,0.8618279,9.272,0.9875663,2.48,1,3,17
9.25,14.8129,65.6585,0.6286831,Nc1ccc(-c2oc3cc(O)cc(O)c3c(=O)c2O)cc1-c1cccs1,1,c1([*])c([*])ccc(-c2c(O)c(=O)c3c(O)cc(O)cc3o2)c1,c1cc(*)sc1|N*,,0.3262238,7.496,0.9710116,10.44,0.9787661,2.6691,1,3,17
17.0351,25.5442,-25.5314,9.93e-05,O=c1c(O)c(-c2ccc(NC3=NCCCCC3)c(-c3ccccc3)c2)oc2cc(O)cc(O)c12,1,c1([*])c([*])ccc(-c2c(O)c(=O)c3c(O)cc(O)cc3o2)c1,c1c(*)cccc1|C1CN=C(N*)CCC1,,1e-05,0.0,1e-05,0.0,0.9671133,2.8252,1,3,17
11.5723,16.7459,81.8563,0.7703301,Nc1cc(-c2oc3cc(O)cc(O)c3c(=O)c2O)ccc1Nc1cccc(F)c1,1,c1([*])c([*])ccc(-c2c(O)c(=O)c3c(O)cc(O)cc3o2)c1,N*|*Nc1cccc(F)c1,,0.5377049,8.105,0.9763421,10.585,0.9842208,2.564,1,3,17
5.6986,10.3495,83.4334,0.7326786,Nc1ccc(-c2oc3cc(O)cc(O)c3c(=O)c2O)cc1-c1ccccc1,1,c1([*])c([*])ccc(-c2c(O)c(=O)c3c(O)cc(O)cc3o2)c1,c1(*)ccccc1|N*,,0.465158,7.903,0.9931781,11.461,0.9892645,2.4284,1,3,17
10.7681,20.7428,70.4781,0.7126634,O=c1c(O)c(-c2ccc(-c3ccc(F)cc3)c(NCCO)c2)oc2cc(O)cc(O)c12,1,c1([*])c([*])ccc(-c2c(O)c(=O)c3c(O)cc(O)cc3o2)c1,OCCN*|c1(F)ccc(*)cc1,,0.4462417,7.85,0.9693893,10.401,0.9823935,2.6027,1,3,17
8.7381,16.8279,90.6051,0.8393203,O=c1c(O)c(-c2ccc(-c3ccccc3)c(-c3ccco3)c2)oc2cc(O)cc(O)c12,1,c1([*])c([*])ccc(-c2c(O)c(=O)c3c(O)cc(O)cc3o2)c1,o1cccc1*|c1cc(*)ccc1,,0.6590616,8.458,0.9867088,10.993,0.9849374,2.5476,1,3,17
18.3851,30.5583,-30.5455,9.97e-05,O=c1c(O)c(-c2ccc(-c3ccccc3)c(-c3cccc(Nc4ccc(F)cc4)c3)c2)oc2cc(O)cc(O)c12,1,c1([*])c([*])ccc(-c2c(O)c(=O)c3c(O)cc(O)cc3o2)c1,N(c1cccc(*)c1)c1ccc(F)cc1|c1ccc(*)cc1,,1e-05,0.0,1e-05,0.0,0.9833577,2.5828,1,3,17
9.4037,11.5921,70.3752,0.6403698,Nc1ccc(-c2oc3cc(O)cc(O)c3c(=O)c2O)cc1-c1ccco1,1,c1([*])c([*])ccc(-c2c(O)c(=O)c3c(O)cc(O)cc3o2)c1,c1(*)occc1|*N,,0.3386784,7.535,0.9799346,10.702,0.9776534,2.6872,1,3,17
8.9732,17.1179,-17.1179,0.0,O=c1c(O)c(-c2ccc(-c3ccc(F)cc3)c(-c3ccccc3)c2)oc2cc(O)cc(O)c12,2,c1([*])c([*])ccc(-c2c(O)c(=O)c3c(O)cc(O)cc3o2)c1,c1c(*)cccc1|c1(F)ccc(*)cc1,,0.0,8.923,0.0,10.238,0.0,2.4035,1,3,17
9.5447,11.4423,93.3786,0.8189132,Cc1ccc(-c2oc3cc(O)cc(O)c3c(=O)c2O)cc1-c1ccc(O)cc1,1,c1([*])c([*])ccc(-c2c(O)c(=O)c3c(O)cc(O)cc3o2)c1,c1c(*)ccc(O)c1|C*,,0.6192631,8.338,0.9857313,10.943,0.9883755,2.4564,1,3,17
10.2292,20.0887,76.1475,0.7518452,O=c1c(O)c(-c2ccc(-c3cccc(F)c3)c(-c3ccc(F)cc3)c2)oc2cc(O)cc(O)c12,1,c1([*])c([*])ccc(-c2c(O)c(=O)c3c(O)cc(O)cc3o2)c1,c1(*)ccc(F)cc1|Fc1cc(*)ccc1,,0.7458233,8.748,0.6616436,8.466,0.9865567,2.5075,1,3,17
10.068,12.8573,83.6182,0.7537149,Cc1ccc(-c2oc3cc(O)cc(O)c3c(=O)c2O)cc1Nc1ccccc1,1,c1([*])c([*])ccc(-c2c(O)c(=O)c3c(O)cc(O)cc3o2)c1,c1c(N*)cccc1|C*,,0.4996403,7.999,0.9916682,11.321,0.990804,2.3741,1,3,17
19.1702,21.4369,88.9367,0.862294,CC(=CNc1cc(-c2oc3cc(O)cc(O)c3c(=O)c2O)ccc1N)c1ccc(F)cc1,1,c1([*])c([*])ccc(-c2c(O)c(=O)c3c(O)cc(O)cc3o2)c1,*NC=C(c1ccc(F)cc1)C|N*,,0.8296329,9.1,0.8479103,9.194,0.963396,2.8638,1,3,17
22.8613,31.619,-31.6062,9.97e-05,O=C(Nc1ccccc1)c1ccc(-c2ccc(-c3oc4cc(O)cc(O)c4c(=O)c3O)cc2-c2cccc(F)c2)cc1,1,c1([*])c([*])ccc(-c2c(O)c(=O)c3c(O)cc(O)cc3o2)c1,c1cc(F)cc(*)c1|c1cccc(NC(=O)c2ccc(*)cc2)c1,,1e-05,0.0,1e-05,0.0,0.983494,2.5799,1,3,17
6.5389,10.9071,-10.9071,0.0,Nc1ccc(-c2oc3cc(O)cc(O)c3c(=O)c2O)cc1-c1ccccc1,2,c1([*])c([*])ccc(-c2c(O)c(=O)c3c(O)cc(O)cc3o2)c1,c1ccc(*)cc1|*N,,0.0,7.903,0.0,11.461,0.0,2.4284,1,3,17
18.9834,26.2642,-26.2515,9.9e-05,O=c1c(O)c(-c2ccc(NC(c3ccc(F)cc3)c3ccc(F)cc3)c(-c3ccoc3)c2)oc2cc(O)cc(O)c12,1,c1([*])c([*])ccc(-c2c(O)c(=O)c3c(O)cc(O)cc3o2)c1,c1occ(*)c1|C(N*)(c1ccc(F)cc1)c1ccc(F)cc1,,1e-05,0.0,1e-05,0.0,0.9532638,2.9524,1,3,17
6.5562,13.1685,70.0193,0.6499049,Nc1ccc(-c2oc3cc(O)cc(O)c3c(=O)c2O)cc1Nc1ccccc1,1,c1([*])c([*])ccc(-c2c(O)c(=O)c3c(O)cc(O)cc3o2)c1,c1c(N*)cccc1|N*,,0.3566263,7.59,0.9605851,10.219,0.9879852,2.468,1,3,17
9.8554,20.0397,97.4682,0.9180306,O=c1c(O)c(-c2ccc(-c3ccc(F)cc3)c(-c3ccc(F)cc3)c2)oc2cc(O)cc(O)c12,1,c1([*])c([*])ccc(-c2c(O)c(=O)c3c(O)cc(O)cc3o2)c1,c1c(*)ccc(F)c1|c1cc(*)ccc1F,,0.8395633,9.15,0.9675891,10.36,0.988091,2.4649,1,3,17
10.9453,21.5559,36.7351,0.4553982,O=c1c(O)c(-c2ccc(-c3ccccc3)c(-c3ccccc3F)c2)oc2cc(O)cc(O)c12,1,c1([*])c([*])ccc(-c2c(O)c(=O)c3c(O)cc(O)cc3o2)c1,Fc1ccccc1*|c1ccccc1*,,0.7140788,8.636,0.1970909,7.024,0.9888518,2.4417,1,3,17
4.1902,10.4063,83.3766,0.7326786,Nc1ccc(-c2oc3cc(O)cc(O)c3c(=O)c2O)cc1-c1ccccc1,1,c1([*])cc(-c2c(O)c(=O)c3c(O)cc(O)cc3o2)ccc1[*],c1c(*)cccc1|N*,,0.465158,7.903,0.9931781,11.461,0.9892645,2.4284,2,3,18
13.4387,21.755,-20.6201,0.0088659,O=c1c(O)c(-c2ccc(-c3c(F)cccc3F)c(-c3ccccc3)c2)oc2cc(O)cc(O)c12,1,c1([*])cc(-c2c(O)c(=O)c3c(O)cc(O)cc3o2)ccc1[*],*c1ccccc1|c1ccc(F)c(*)c1F,,0.7460958,8.749,1e-05,0.0,0.9841043,2.5666,2,3,18
4.4475,11.8514,71.1212,0.6482235,Nc1ccc(-c2oc3cc(O)cc(O)c3c(=O)c2O)cc1-c1ccc(F)cc1,1,c1([*])cc(-c2c(O)c(=O)c3c(O)cc(O)cc3o2)ccc1[*],c1(F)ccc(*)cc1|N*,,0.3428813,7.548,0.9930303,11.446,0.9872141,2.4899,2,3,18
4.3907,10.7294,-10.7294,0.0,Nc1ccc(-c2oc3cc(O)cc(O)c3c(=O)c2O)cc1-c1ccccc1,2,c1([*])cc(-c2c(O)c(=O)c3c(O)cc(O)cc3o2)ccc1[*],c1cccc(*)c1|N*,,0.0,7.903,0.0,11.461,0.0,2.4284,2,3,18
10.9588,18.5638,63.7058,0.6427309,CCOc1ccccc1-c1cc(-c2oc3cc(O)cc(O)c3c(=O)c2O)ccc1N,1,c1([*])cc(-c2c(O)c(=O)c3c(O)cc(O)cc3o2)ccc1[*],CCOc1c(*)cccc1|N*,,0.3497225,7.569,0.9543232,10.112,0.9847081,2.5529,2,3,18
7.4968,14.1805,69.4588,0.6534324,Nc1ccc(-c2oc3cc(O)cc(O)c3c(=O)c2O)cc1-c1ccccc1F,1,c1([*])cc(-c2c(O)c(=O)c3c(O)cc(O)cc3o2)ccc1[*],c1cc(F)c(*)cc1|*N,,0.3497225,7.569,0.9942539,11.581,0.9852843,2.5394,2,3,18
14.166,21.632,-20.4563,0.0091855,Nc1ccc(-c2cc(-c3oc4cc(O)cc(O)c4c(=O)c3O)ccc2-c2ccc(F)cc2)cc1,1,c1([*])cc(-c2c(O)c(=O)c3c(O)cc(O)cc3o2)ccc1[*],Nc1ccc(*)cc1|c1cc(F)ccc1*,,0.8144836,9.028,1e-05,0.0,0.9857217,2.5287,2,3,18
8.427,13.5112,81.8721,0.7451822,O=c1c(O)c(-c2ccc(-c3ccccc3)c(-c3ccccc3)c2)oc2cc(O)cc(O)c12,1,c1([*])cc(-c2c(O)c(=O)c3c(O)cc(O)cc3o2)ccc1[*],*c1ccccc1|c1(*)ccccc1,,0.6320701,8.376,0.7615809,8.807,0.9916303,2.3411,2,3,18
5.4116,9.8057,-9.8057,0.0,Nc1ccc(-c2oc3cc(O)cc(O)c3c(=O)c2O)cc1-c1ccccc1,2,c1([*])cc(-c2c(O)c(=O)c3c(O)cc(O)cc3o2)ccc1[*],c1cc(*)ccc1|*N,,0.0,7.903,0.0,11.461,0.0,2.4284,2,3,18
7.1572,13.5373,-13.5373,0.0,O=c1c(O)c(-c2ccc(-c3ccccc3)c(-c3ccccc3)c2)oc2cc(O)cc(O)c12,2,c1([*])cc(-c2c(O)c(=O)c3c(O)cc(O)cc3o2)ccc1[*],c1(*)ccccc1|c1c(*)cccc1,,0.0,8.376,0.0,8.807,0.0,2.3411,2,3,18
4.2493,4.9527,73.8656,0.6157685,Nc1ccc(-c2oc3cc(O)cc(O)c3c(=O)c2O)cc1N,1,c1([*])cc(-c2c(O)c(=O)c3c(O)cc(O)cc3o2)ccc1[*],N*|*N,,0.3393235,7.537,0.8854397,9.421,0.9807119,2.635,2,3,18
4.4939,13.5761,-13.5761,0.0,Nc1ccc(-c2oc3cc(O)cc(O)c3c(=O)c2O)cc1-c1ccc(F)cc1,2,c1([*])cc(-c2c(O)c(=O)c3c(O)cc(O)cc3o2)ccc1[*],c1cc(*)ccc1F|N*,,0.0,7.548,0.0,11.446,0.0,2.4899,2,3,18
13.164,21.3358,49.6038,0.5542157,NC(=O)Nc1ccc(-c2cc(-c3oc4cc(O)cc(O)c4c(=O)c3O)ccc2N)cc1,1,c1([*])cc(-c2c(O)c(=O)c3c(O)cc(O)cc3o2)ccc1[*],O=C(Nc1ccc(*)cc1)N|*N,,0.6162047,8.329,0.3743115,7.643,0.9828286,2.5939,2,3,18
4.4987,11.8514,-11.8514,0.0,Nc1ccc(-c2oc3cc(O)cc(O)c3c(=O)c2O)cc1-c1ccc(F)cc1,2,c1([*])cc(-c2c(O)c(=O)c3c(O)cc(O)cc3o2)ccc1[*],c1(F)ccc(*)cc1|N*,,0.0,7.548,0.0,11.446,0.0,2.4899,2,3,18
12.6607,21.7467,25.8124,0.3715552,Cc1ccccc1Nc1ccc(-c2oc3cc(O)cc(O)c3c(=O)c2O)cc1-c1ccccc1,1,c1([*])cc(-c2c(O)c(=O)c3c(O)cc(O)cc3o2)ccc1[*],c1c(*)cccc1|c1(C)c(N*)cccc1,,0.6973451,8.58,0.1214485,6.625,0.9872724,2.4882,2,3,18
4.5009,11.1718,-11.1718,0.0,Nc1ccc(-c2oc3cc(O)cc(O)c3c(=O)c2O)cc1-c1ccccc1,2,c1([*])cc(-c2c(O)c(=O)c3c(O)cc(O)cc3o2)ccc1[*],c1ccccc1*|*N,,0.0,7.903,0.0,11.461,0.0,2.4284,2,3,18
5.9905,11.868,-11.868,0.0,Nc1ccc(-c2oc3cc(O)cc(O)c3c(=O)c2O)cc1-c1ccc(F)cc1,2,c1([*])cc(-c2c(O)c(=O)c3c(O)cc(O)cc3o2)ccc1[*],c1(*)ccc(F)cc1|*N,,0.0,7.548,0.0,11.446,0.0,2.4899,2,3,18
13.0574,11.9587,54.0372,0.5155929,Nc1ccc(-c2oc3cc(O)cc(O)c3c(=O)c2O)cc1CBr,1,c1([*])cc(-c2c(O)c(=O)c3c(O)cc(O)cc3o2)ccc1[*],C(*)Br|N*,,0.2120732,7.088,0.9121363,9.626,0.9737417,2.7447,2,3,18
9.123,16.4656,86.1922,0.8020139,Nc1cc(-c2oc3cc(O)cc(O)c3c(=O)c2O)ccc1-c1cccc(F)c1,1,c1([*])cc(-c2c(O)c(=O)c3c(O)cc(O)cc3o2)ccc1[*],N*|c1ccc(F)cc1*,,0.5851495,8.239,0.9919717,11.347,0.9848664,2.5493,2,3,18
7.5144,14.0369,90.0612,0.8132659,Nc1ccc(-c2oc3cc(O)cc(O)c3c(=O)c2O)cc1-c1cccc(F)c1,1,c1([*])cc(-c2c(O)c(=O)c3c(O)cc(O)cc3o2)ccc1[*],c1(*)cc(F)ccc1|N*,,0.6035362,8.292,0.995691,11.782,0.98516,2.5423,2,3,18
12.0524,17.4521,76.9765,0.737723,Nc1ccc(-c2oc3cc(O)cc(O)c3c(=O)c2O)cc1-c1ccc(F)c(Cl)c1,1,c1([*])cc(-c2c(O)c(=O)c3c(O)cc(O)cc3o2)ccc1[*],Clc1c(F)ccc(*)c1|N*,,0.4759135,7.933,0.9912415,11.286,0.9818648,2.6132,2,3,18
7.0729,8.0932,51.5802,0.4661979,CCc1cc(-c2oc3cc(O)cc(O)c3c(=O)c2O)ccc1N,1,c1([*])cc(-c2c(O)c(=O)c3c(O)cc(O)cc3o2)ccc1[*],CC*|N*,,0.1581241,6.838,0.9465417,9.997,0.9830511,2.5893,2,3,18
9.7895,20.8493,96.6586,0.9180306,O=c1c(O)c(-c2ccc(-c3ccc(F)cc3)c(-c3ccc(F)cc3)c2)oc2cc(O)cc(O)c12,1,c1([*])cc(-c2c(O)c(=O)c3c(O)cc(O)cc3o2)ccc1[*],c1cc(F)ccc1*|c1cc(*)ccc1F,,0.8395633,9.15,0.9675891,10.36,0.988091,2.4649,2,3,18
12.4149,18.9202,82.8032,0.7947137,O=c1c(O)c(-c2ccc(C(F)(F)F)c(-c3ccc(F)c(F)c3)c2)oc2cc(O)cc(O)c12,1,c1([*])cc(-c2c(O)c(=O)c3c(O)cc(O)cc3o2)ccc1[*],c1(F)c(F)ccc(*)c1|FC(*)(F)F,,0.5767413,8.215,0.9875849,11.041,0.9771079,2.6958,2,3,18
9.7082,20.3001,52.9812,0.5725097,Nc1ccc(-c2oc3cc(O)cc(O)c3c(=O)c2O)cc1Nc1cccs1,1,c1([*])cc(-c2c(O)c(=O)c3c(O)cc(O)cc3o2)ccc1[*],s1c(N*)ccc1|N*,,0.2644024,7.289,0.9542605,10.111,0.9661614,2.8355,2,3,18
5.6185,14.1534,-14.1534,0.0,Nc1ccc(-c2oc3cc(O)cc(O)c3c(=O)c2O)cc1-c1ccccc1F,2,c1([*])cc(-c2c(O)c(=O)c3c(O)cc(O)cc3o2)ccc1[*],c1cc(F)c(*)cc1|N*,,0.0,7.569,0.0,11.581,0.0,2.5394,2,3,18
4.6838,9.8057,-9.8057,0.0,Nc1ccc(-c2oc3cc(O)cc(O)c3c(=O)c2O)cc1-c1ccccc1,2,c1([*])cc(-c2c(O)c(=O)c3c(O)cc(O)cc3o2)ccc1[*],c1cc(*)ccc1|*N,,0.0,7.903,0.0,11.461,0.0,2.4284,2,3,18
6.0813,14.9628,78.4331,0.7296558,Nc1ccc(-c2oc3cc(O)cc(O)c3c(=O)c2O)cc1-c1ccc[nH]1,1,c1([*])cc(-c2c(O)c(=O)c3c(O)cc(O)cc3o2)ccc1[*],[nH]1cccc1*|N*,,0.4712495,7.92,0.9830392,10.821,0.963711,2.8607,2,3,18
4.015,10.9789,-10.9789,0.0,Nc1ccc(-c2oc3cc(O)cc(O)c3c(=O)c2O)cc1-c1ccccc1,2,c1([*])cc(-c2c(O)c(=O)c3c(O)cc(O)cc3o2)ccc1[*],c1ccccc1*|N*,,0.0,7.903,0.0,11.461,0.0,2.4284,2,3,18
7.3859,9.3542,61.697,0.5550877,CNc1cc(-c2oc3cc(O)cc(O)c3c(=O)c2O)ccc1N,1,c1([*])cc(-c2c(O)c(=O)c3c(O)cc(O)cc3o2)ccc1[*],CN*|N*,,0.2588425,7.269,0.8958068,9.495,0.9801848,2.6446,2,3,18
4.201,9.9295,-9.9295,0.0,Nc1ccc(-c2oc3cc(O)cc(O)c3c(=O)c2O)cc1-c1ccccc1,2,c1([*])cc(-c2c(O)c(=O)c3c(O)cc(O)cc3o2)ccc1[*],c1(*)ccccc1|N*,,0.0,7.903,0.0,11.461,0.0,2.4284,2,3,18
15.0761,23.0975,80.2765,0.8076094,O=c1c(O)c(-c2ccc(-c3ccncc3)c(-c3ccccc3F)c2)oc2cc(O)cc(O)c12,1,c1([*])cc(-c2c(O)c(=O)c3c(O)cc(O)cc3o2)ccc1[*],c1c(F)c(*)ccc1|n1ccc(*)cc1,,0.7003738,8.59,0.8439719,9.173,0.9833117,2.5838,2,3,18
18.1658,27.368,-27.3553,9.96e-05,O=c1c(O)c(-c2ccc(-c3ccc(O)cc3)c(CCc3ccc(F)cc3)c2)oc2cc(O)cc(O)c12,1,c12oc(-c3cc([*])c([*])cc3)c(O)c(=O)c1c(O)cc(O)c2,*CCc1ccc(F)cc1|Oc1ccc(*)cc1,,1e-05,0.0,1e-05,0.0,0.9824415,2.6017,3,3,19
3.6213,7.8858,70.9326,0.6157685,Nc1ccc(-c2oc3cc(O)cc(O)c3c(=O)c2O)cc1N,1,c12oc(-c3cc([*])c([*])cc3)c(O)c(=O)c1c(O)cc(O)c2,*N|N*,,0.3393235,7.537,0.8854397,9.421,0.9807119,2.635,3,3,19
6.3298,12.0363,75.6155,0.6847792,Nc1cc(-c2oc3cc(O)cc(O)c3c(=O)c2O)ccc1C(F)(F)F,1,c12oc(-c3cc([*])c([*])cc3)c(O)c(=O)c1c(O)cc(O)c2,*N|FC(F)(*)F,,0.4047569,7.732,0.9712135,10.445,0.974395,2.7357,3,3,19
10.5083,20.2662,72.487,0.7246339,O=c1c(O)c(-c2ccc(C(F)(F)F)c(NCc3ccco3)c2)oc2cc(O)cc(O)c12,1,c12oc(-c3cc([*])c([*])cc3)c(O)c(=O)c1c(O)cc(O)c2,C(N*)c1occc1|FC(F)(F)*,,0.4730428,7.925,0.9589176,10.189,0.9710241,2.7798,3,3,19
5.0635,19.1238,82.5433,0.7942739,Nc1cc(-c2oc3cc(O)cc(O)c3c(=O)c2O)ccc1-c1ccc(F)cc1,1,c12oc(-c3cc([*])c([*])cc3)c(O)c(=O)c1c(O)cc(O)c2,N*|c1cc(*)ccc1F,,0.5700529,8.196,0.9927974,11.423,0.9869606,2.4968,3,3,19
12.0446,21.1014,66.085,0.6811435,COc1ccc(-c2cc(-c3oc4cc(O)cc(O)c4c(=O)c3O)ccc2C(F)(F)F)cc1,1,c12oc(-c3cc([*])c([*])cc3)c(O)c(=O)c1c(O)cc(O)c2,O(C)c1ccc(*)cc1|FC(F)(*)F,,0.4619372,7.894,0.8356485,9.13,0.9839653,2.5697,3,3,19
9.5748,25.7111,-24.6454,0.0083263,O=c1c(O)c(-c2ccc(-c3ccc(F)cc3)c(NCc3ccccc3)c2)oc2cc(O)cc(O)c12,1,c12oc(-c3cc([*])c([*])cc3)c(O)c(=O)c1c(O)cc(O)c2,*NCc1ccccc1|c1cc(*)ccc1F,,0.636743,8.39,1e-05,0.0,0.9870418,2.4946,3,3,19
3.8449,7.5924,-7.5924,0.0,Nc1ccc(-c2oc3cc(O)cc(O)c3c(=O)c2O)cc1N,2,c12oc(-c3cc([*])c([*])cc3)c(O)c(=O)c1c(O)cc(O)c2,N*|*N,,0.0,7.537,0.0,9.421,0.0,2.635,3,3,19
9.7006,22.7284,68.5665,0.7132418,Nc1ccc(-c2oc3cc(O)cc(O)c3c(=O)c2O)cc1-c1ccc(F)cc1F,1,c12oc(-c3cc([*])c([*])cc3)c(O)c(=O)c1c(O)cc(O)c2,c1(F)c(*)ccc(F)c1|N*,,0.4355996,7.82,0.9956226,11.771,0.9813398,2.6233,3,3,19
9.479,22.6939,82.2892,0.8201801,Nc1cc(-c2oc3cc(O)cc(O)c3c(=O)c2O)ccc1Nc1ccccc1F,1,c12oc(-c3cc([*])c([*])cc3)c(O)c(=O)c1c(O)cc(O)c2,N*|c1(F)ccccc1N*,,0.6320701,8.376,0.9713339,10.448,0.9846423,2.5544,3,3,19
5.4278,17.9605,-17.9605,0.0,Nc1cc(-c2oc3cc(O)cc(O)c3c(=O)c2O)ccc1-c1ccc(F)cc1,2,c12oc(-c3cc([*])c([*])cc3)c(O)c(=O)c1c(O)cc(O)c2,N*|c1cc(F)ccc1*,,0.0,8.196,0.0,11.423,0.0,2.4968,3,3,19
7.3074,15.4957,78.2872,0.7326786,Nc1ccc(-c2oc3cc(O)cc(O)c3c(=O)c2O)cc1-c1ccccc1,1,c12oc(-c3cc([*])c([*])cc3)c(O)c(=O)c1c(O)cc(O)c2,c1cccc(*)c1|N*,,0.465158,7.903,0.9931781,11.461,0.9892645,2.4284,3,3,19
6.7552,13.4201,82.138,0.7465479,Nc1cc(-c2oc3cc(O)cc(O)c3c(=O)c2O)ccc1-c1ccccc1,1,c12oc(-c3cc([*])c([*])cc3)c(O)c(=O)c1c(O)cc(O)c2,*N|*c1ccccc1,,0.489568,7.971,0.9890611,11.13,0.9890455,2.4355,3,3,19
6.1991,11.4732,-11.4732,0.0,Nc1cc(-c2oc3cc(O)cc(O)c3c(=O)c2O)ccc1C(F)(F)F,2,c12oc(-c3cc([*])c([*])cc3)c(O)c(=O)c1c(O)cc(O)c2,*N|FC(F)(F)*,,0.0,7.732,0.0,10.445,0.0,2.7357,3,3,19
5.8078,12.0646,58.9866,0.5550877,CNc1cc(-c2oc3cc(O)cc(O)c3c(=O)c2O)ccc1N,1,c12oc(-c3cc([*])c([*])cc3)c(O)c(=O)c1c(O)cc(O)c2,*NC|N*,,0.2588425,7.269,0.8958068,9.495,0.9801848,2.6446,3,3,19
8.783,23.0386,66.7091,0.7011539,Nc1ccc(-c2oc3cc(O)cc(O)c3c(=O)c2O)cc1Nc1ccccc1F,1,c12oc(-c3cc([*])c([*])cc3)c(O)c(=O)c1c(O)cc(O)c2,Fc1c(N*)cccc1|N*,,0.4267757,7.795,0.9721635,10.469,0.9844387,2.5591,3,3,19
11.2312,10.8412,80.7249,0.7153603,Cc1cc(-c2oc3cc(O)cc(O)c3c(=O)c2O)ccc1C(F)(F)F,1,c12oc(-c3cc([*])c([*])cc3)c(O)c(=O)c1c(O)cc(O)c2,C*|FC(*)(F)F,,0.444109,7.844,0.9838818,10.857,0.9812043,2.6258,3,3,19
6.3038,19.4208,79.2345,0.7707443,Nc1cc(-c2oc3cc(O)cc(O)c3c(=O)c2O)ccc1-c1ccccc1F,1,c12oc(-c3cc([*])c([*])cc3)c(O)c(=O)c1c(O)cc(O)c2,N*|Fc1c(*)cccc1,,0.5280334,8.078,0.9951954,11.706,0.9849455,2.5474,3,3,19
9.3853,17.1953,64.8729,0.6411581,Nc1ccc(-c2oc3cc(O)cc(O)c3c(=O)c2O)cc1-c1ccoc1,1,c12oc(-c3cc([*])c([*])cc3)c(O)c(=O)c1c(O)cc(O)c2,o1cc(*)cc1|N*,,0.3409384,7.542,0.9804653,10.721,0.9696379,2.7966,3,3,19
9.0952,14.0917,67.7082,0.6390619,Nc1ccc(-c2oc3cc(O)cc(O)c3c(=O)c2O)cc1-c1ccc(O)cc1,1,c12oc(-c3cc([*])c([*])cc3)c(O)c(=O)c1c(O)cc(O)c2,c1c(O)ccc(*)c1|*N,,0.4498007,7.86,0.7313779,8.696,0.9848968,2.5485,3,3,19
3.4958,8.8856,-8.8856,0.0,Nc1ccc(-c2oc3cc(O)cc(O)c3c(=O)c2O)cc1N,2,c12oc(-c3cc([*])c([*])cc3)c(O)c(=O)c1c(O)cc(O)c2,N*|N*,,0.0,7.537,0.0,9.421,0.0,2.635,3,3,19
15.2668,27.1224,41.4587,0.5357905,O=CCNc1cc(-c2oc3cc(O)cc(O)c3c(=O)c2O)ccc1-c1ccco1,1,c12oc(-c3cc([*])c([*])cc3)c(O)c(=O)c1c(O)cc(O)c2,N(*)CC=O|c1ccc(*)o1,,0.2243459,7.138,0.9579428,10.172,0.9560043,2.9304,3,3,19
3.7015,7.5924,-7.5924,0.0,Nc1ccc(-c2oc3cc(O)cc(O)c3c(=O)c2O)cc1N,2,c12oc(-c3cc([*])c([*])cc3)c(O)c(=O)c1c(O)cc(O)c2,N*|*N,,0.0,7.537,0.0,9.421,0.0,2.635,3,3,19
4.0478,7.5924,-7.5924,0.0,Nc1ccc(-c2oc3cc(O)cc(O)c3c(=O)c2O)cc1N,2,c12oc(-c3cc([*])c([*])cc3)c(O)c(=O)c1c(O)cc(O)c2,N*|*N,,0.0,7.537,0.0,9.421,0.0,2.635,3,3,19
3.4951,7.8858,-7.8858,0.0,Nc1ccc(-c2oc3cc(O)cc(O)c3c(=O)c2O)cc1N,2,c12oc(-c3cc([*])c([*])cc3)c(O)c(=O)c1c(O)cc(O)c2,*N|N*,,0.0,7.537,0.0,9.421,0.0,2.635,3,3,19
5.7826,16.3789,65.5884,0.6403698,Nc1ccc(-c2oc3cc(O)cc(O)c3c(=O)c2O)cc1-c1ccco1,1,c12oc(-c3cc([*])c([*])cc3)c(O)c(=O)c1c(O)cc(O)c2,o1cccc1*|N*,,0.3386784,7.535,0.9799346,10.702,0.9776534,2.6872,3,3,19
7.5683,18.1666,74.385,0.7230592,Nc1cc(-c2oc3cc(O)cc(O)c3c(=O)c2O)ccc1Nc1ccc(F)cc1,1,c12oc(-c3cc([*])c([*])cc3)c(O)c(=O)c1c(O)cc(O)c2,N*|*Nc1ccc(F)cc1,,0.4569336,7.88,0.979707,10.694,0.9862131,2.5164,3,3,19
17.3008,29.6473,50.4835,0.6260217,CNC=CNc1ccc(-c2oc3cc(O)cc(O)c3c(=O)c2O)cc1N,1,c12oc(-c3cc([*])c([*])cc3)c(O)c(=O)c1c(O)cc(O)c2,N*|N(C=CN*)C,,0.377688,7.653,0.8510385,9.211,0.930641,3.0979,3,3,19
22.0284,39.4004,-38.3659,0.0080818,O=c1c(O)c(-c2ccc(NC3CCNc4ccccc43)c(NCc3ccccc3)c2)oc2cc(O)cc(O)c12,1,c12oc(-c3cc([*])c([*])cc3)c(O)c(=O)c1c(O)cc(O)c2,C(N*)c1ccccc1|C1(N*)c2ccccc2NCC1,,0.626699,8.36,1e-05,0.0,0.8778869,3.3147,3,3,19
7.4583,15.5733,-15.5733,0.0,Nc1ccc(-c2oc3cc(O)cc(O)c3c(=O)c2O)cc1-c1ccco1,2,c12oc(-c3cc([*])c([*])cc3)c(O)c(=O)c1c(O)cc(O)c2,c1(*)occc1|N*,,0.0,7.535,0.0,10.702,0.0,2.6872,3,3,19
6.4805,12.0646,-12.0646,0.0,CNc1cc(-c2oc3cc(O)cc(O)c3c(=O)c2O)ccc1N,2,c12oc(-c3cc([*])c([*])cc3)c(O)c(=O)c1c(O)cc(O)c2,*NC|N*,,0.0,7.269,0.0,9.495,0.0,2.6446,3,3,19
6.3371,20.6755,81.9822,0.8020139,Nc1cc(-c2oc3cc(O)cc(O)c3c(=O)c2O)ccc1-c1cccc(F)c1,1,c12oc(-c3cc([*])c([*])cc3)c(O)c(=O)c1c(O)cc(O)c2,N*|c1c(F)cccc1*,,0.5851495,8.239,0.9919717,11.347,0.9848664,2.5493,3,3,19
3.1868,9.3572,69.4612,0.6157685,Nc1ccc(-c2oc3cc(O)cc(O)c3c(=O)c2O)cc1N,1,Oc1c2c(oc(-c3cc([*])c([*])cc3)c(O)c2=O)cc(O)c1,N*|N*,,0.3393235,7.537,0.8854397,9.421,0.9807119,2.635,4,3,20
6.5466,14.0452,57.006,0.5550877,CNc1cc(-c2oc3cc(O)cc(O)c3c(=O)c2O)ccc1N,1,Oc1c2c(oc(-c3cc([*])c([*])cc3)c(O)c2=O)cc(O)c1,CN*|N*,,0.2588425,7.269,0.8958068,9.495,0.9801848,2.6446,4,3,20
3.6145,12.4002,75.2515,0.6847792,Nc1cc(-c2oc3cc(O)cc(O)c3c(=O)c2O)ccc1C(F)(F)F,1,Oc1c2c(oc(-c3cc([*])c([*])cc3)c(O)c2=O)cc(O)c1,N*|FC(F)(F)*,,0.4047569,7.732,0.9712135,10.445,0.974395,2.7357,4,3,20
22.2883,35.0613,65.2403,0.7836064,CNC(=N)C=CNc1cc(-c2oc3cc(O)cc(O)c3c(=O)c2O)ccc1C(F)(F)F,1,Oc1c2c(oc(-c3cc([*])c([*])cc3)c(O)c2=O)cc(O)c1,*NC=CC(NC)=N|FC(F)(*)F,,0.585848,8.241,0.988983,11.125,0.8801208,3.3074,4,3,20
6.3004,22.8966,79.7612,0.8020139,Nc1cc(-c2oc3cc(O)cc(O)c3c(=O)c2O)ccc1-c1cccc(F)c1,1,Oc1c2c(oc(-c3cc([*])c([*])cc3)c(O)c2=O)cc(O)c1,N*|c1c(*)cccc1F,,0.5851495,8.239,0.9919717,11.347,0.9848664,2.5493,4,3,20
8.9032,22.4797,83.7766,0.8301272,Nc1cc(-c2oc3cc(O)cc(O)c3c(=O)c2O)ccc1NCc1ccccc1F,1,Oc1c2c(oc(-c3cc([*])c([*])cc3)c(O)c2=O)cc(O)c1,N*|C(N*)c1c(F)cccc1,,0.6407279,8.402,0.9879329,11.061,0.9838324,2.5726,4,3,20
2.7107,9.3572,-9.3572,0.0,Nc1ccc(-c2oc3cc(O)cc(O)c3c(=O)c2O)cc1N,2,Oc1c2c(oc(-c3cc([*])c([*])cc3)c(O)c2=O)cc(O)c1,N*|N*,,0.0,7.537,0.0,9.421,0.0,2.635,4,3,20
2.63,9.3572,-9.3572,0.0,Nc1ccc(-c2oc3cc(O)cc(O)c3c(=O)c2O)cc1N,2,Oc1c2c(oc(-c3cc([*])c([*])cc3)c(O)c2=O)cc(O)c1,N*|N*,,0.0,7.537,0.0,9.421,0.0,2.635,4,3,20
7.2682,23.2408,75.4145,0.7707443,Nc1cc(-c2oc3cc(O)cc(O)c3c(=O)c2O)ccc1-c1ccccc1F,1,Oc1c2c(oc(-c3cc([*])c([*])cc3)c(O)c2=O)cc(O)c1,*N|c1(F)ccccc1*,,0.5280334,8.078,0.9951954,11.706,0.9849455,2.5474,4,3,20
7.04,18.498,75.0417,0.7307788,Nc1cc(-c2oc3cc(O)cc(O)c3c(=O)c2O)ccc1-c1ccco1,1,Oc1c2c(oc(-c3cc([*])c([*])cc3)c(O)c2=O)cc(O)c1,N*|c1(*)occc1,,0.471608,7.921,0.9791855,10.676,0.9773216,2.6925,4,3,20
5.3979,12.8289,-12.8289,0.0,Nc1cc(-c2oc3cc(O)cc(O)c3c(=O)c2O)ccc1C(F)(F)F,2,Oc1c2c(oc(-c3cc([*])c([*])cc3)c(O)c2=O)cc(O)c1,*N|FC(F)(*)F,,0.0,7.732,0.0,10.445,0.0,2.7357,4,3,20
7.6716,20.8431,77.7591,0.7703301,Nc1cc(-c2oc3cc(O)cc(O)c3c(=O)c2O)ccc1Nc1cccc(F)c1,1,Oc1c2c(oc(-c3cc([*])c([*])cc3)c(O)c2=O)cc(O)c1,N*|*Nc1cccc(F)c1,,0.5377049,8.105,0.9763421,10.585,0.9842208,2.564,4,3,20
14.7381,23.2752,67.7318,0.7109917,Nc1cc(-c2oc3cc(O)cc(O)c3c(=O)c2O)ccc1Cc1ccco1,1,Oc1c2c(oc(-c3cc([*])c([*])cc3)c(O)c2=O)cc(O)c1,N*|o1c(C*)ccc1,,0.4640841,7.9,0.9308,9.806,0.9736806,2.7455,4,3,20
9.1728,24.1199,72.1105,0.7518004,O=c1c(O)c(-c2ccc(C(F)(F)F)c(-c3ccc(F)cc3)c2)oc2cc(O)cc(O)c12,1,Oc1c2c(oc(-c3cc([*])c([*])cc3)c(O)c2=O)cc(O)c1,c1cc(F)ccc1*|FC(*)(F)F,,0.5115107,8.032,0.9662545,10.331,0.9831514,2.5872,4,3,20
7.9982,16.6335,40.9565,0.4499213,NCCNc1cc(-c2oc3cc(O)cc(O)c3c(=O)c2O)ccc1N,1,Oc1c2c(oc(-c3cc([*])c([*])cc3)c(O)c2=O)cc(O)c1,*NCCN|N*,,0.1594697,6.845,0.8616564,9.271,0.9764681,2.7056,4,3,20
8.5206,21.3199,79.2717,0.7858716,Nc1cc(-c2oc3cc(O)cc(O)c3c(=O)c2O)ccc1-c1ccc(F)c(F)c1,1,Oc1c2c(oc(-c3cc([*])c([*])cc3)c(O)c2=O)cc(O)c1,*N|Fc1ccc(*)cc1F,,0.5551804,8.154,0.9951747,11.703,0.9819537,2.6114,4,3,20
11.4818,24.9135,48.0717,0.5701965,Nc1ccc(-c2oc3cc(O)cc(O)c3c(=O)c2O)cc1-c1nccs1,1,Oc1c2c(oc(-c3cc([*])c([*])cc3)c(O)c2=O)cc(O)c1,n1c(*)scc1|*N,,0.2605025,7.275,0.9570054,10.156,0.9697742,2.795,4,3,20
12.969,24.7998,62.2007,0.6796911,O=c1c(O)c(-c2ccc(N3CCNCC3)c(-c3ccco3)c2)oc2cc(O)cc(O)c12,1,Oc1c2c(oc(-c3cc([*])c([*])cc3)c(O)c2=O)cc(O)c1,c1coc(*)c1|C1N(*)CCNC1,,0.4134539,7.757,0.9375214,9.882,0.9654756,2.8427,4,3,20
5.5406,12.2828,-12.2828,0.0,Nc1cc(-c2oc3cc(O)cc(O)c3c(=O)c2O)ccc1C(F)(F)F,2,Oc1c2c(oc(-c3cc([*])c([*])cc3)c(O)c2=O)cc(O)c1,*N|FC(F)(F)*,,0.0,7.732,0.0,10.445,0.0,2.7357,4,3,20
6.3406,19.2249,62.7425,0.6403698,Nc1ccc(-c2oc3cc(O)cc(O)c3c(=O)c2O)cc1-c1ccco1,1,Oc1c2c(oc(-c3cc([*])c([*])cc3)c(O)c2=O)cc(O)c1,c1ccoc1*|N*,,0.3386784,7.535,0.9799346,10.702,0.9776534,2.6872,4,3,20
7.7929,23.7583,81.2247,0.8201801,Nc1cc(-c2oc3cc(O)cc(O)c3c(=O)c2O)ccc1Nc1ccccc1F,1,Oc1c2c(oc(-c3cc([*])c([*])cc3)c(O)c2=O)cc(O)c1,N*|Fc1c(N*)cccc1,,0.6320701,8.376,0.9713339,10.448,0.9846423,2.5544,4,3,20
7.2225,22.3481,-22.3481,0.0,Nc1cc(-c2oc3cc(O)cc(O)c3c(=O)c2O)ccc1-c1ccc(F)c(F)c1,2,Oc1c2c(oc(-c3cc([*])c([*])cc3)c(O)c2=O)cc(O)c1,N*|c1(F)c(F)cc(*)cc1,,0.0,8.154,0.0,11.703,0.0,2.6114,4,3,20
2.6552,9.3572,-9.3572,0.0,Nc1ccc(-c2oc3cc(O)cc(O)c3c(=O)c2O)cc1N,2,Oc1c2c(oc(-c3cc([*])c([*])cc3)c(O)c2=O)cc(O)c1,N*|N*,,0.0,7.537,0.0,9.421,0.0,2.635,4,3,20
3.4144,8.069,-8.069,0.0,Nc1ccc(-c2oc3cc(O)cc(O)c3c(=O)c2O)cc1N,2,Oc1c2c(oc(-c3cc([*])c([*])cc3)c(O)c2=O)cc(O)c1,N*|*N,,0.0,7.537,0.0,9.421,0.0,2.635,4,3,20
2.9652,9.3572,-9.3572,0.0,Nc1ccc(-c2oc3cc(O)cc(O)c3c(=O)c2O)cc1N,2,Oc1c2c(oc(-c3cc([*])c([*])cc3)c(O)c2=O)cc(O)c1,N*|N*,,0.0,7.537,0.0,9.421,0.0,2.635,4,3,20
10.4046,26.7553,74.968,0.7947137,O=c1c(O)c(-c2ccc(C(F)(F)F)c(-c3ccc(F)c(F)c3)c2)oc2cc(O)cc(O)c12,1,Oc1c2c(oc(-c3cc([*])c([*])cc3)c(O)c2=O)cc(O)c1,c1c(F)c(F)ccc1*|FC(*)(F)F,,0.5767413,8.215,0.9875849,11.041,0.9771079,2.6958,4,3,20
9.7839,13.2453,47.2965,0.4729826,CC(C)Nc1cc(-c2oc3cc(O)cc(O)c3c(=O)c2O)ccc1N,1,Oc1c2c(oc(-c3cc([*])c([*])cc3)c(O)c2=O)cc(O)c1,*NC(C)C|N*,,0.1639566,6.868,0.9485444,10.025,0.9787078,2.6701,4,3,20
8.8301,22.6105,75.4909,0.7664167,Nc1ccc(-c2oc3cc(O)cc(O)c3c(=O)c2O)cc1NCc1c(F)cccc1F,1,Oc1c2c(oc(-c3cc([*])c([*])cc3)c(O)c2=O)cc(O)c1,*NCc1c(F)cccc1F|N*,,0.5366318,8.102,0.9695172,10.404,0.9769251,2.6986,4,3,20
8.8783,25.395,79.2498,0.8175378,Nc1ccc(-c2oc3cc(O)cc(O)c3c(=O)c2O)cc1Nc1ccc(F)c(F)c1,1,Oc1c2c(oc(-c3cc([*])c([*])cc3)c(O)c2=O)cc(O)c1,c1(F)ccc(N*)cc1F|N*,,0.6165448,8.33,0.9895334,11.161,0.9811808,2.6263,4,3,20
6.0541,20.0786,81.5885,0.7942739,Nc1cc(-c2oc3cc(O)cc(O)c3c(=O)c2O)ccc1-c1ccc(F)cc1,1,Oc1c2c(oc(-c3cc([*])c([*])cc3)c(O)c2=O)cc(O)c1,*N|c1cc(F)ccc1*,,0.5700529,8.196,0.9927974,11.423,0.9869606,2.4968,4,3,20
20.9286,35.5145,32.0232,0.5276386,O=C(O)c1ccccc1-c1cc(-c2oc3cc(O)cc(O)c3c(=O)c2O)ccc1Nc1ccccc1,1,Oc1c2c(oc(-c3cc([*])c([*])cc3)c(O)c2=O)cc(O)c1,OC(=O)c1ccccc1*|N(*)c1ccccc1,,0.4239616,7.787,0.480941,7.947,0.9836628,2.5763,4,3,20
23.6958,37.509,36.2608,0.5763271,O=c1c(O)c(-c2ccc(-c3cccs3)c(NC3=CC=NC3)c2)oc2cc(O)cc(O)c12,1,Oc1c2c(oc(-c3cc([*])c([*])cc3)c(O)c2=O)cc(O)c1,*NC1=CC=NC1|c1ccc(*)s1,,0.3406151,7.541,0.7818527,8.887,0.8965361,3.2498,4,3,20
9.6679,23.8252,69.5971,0.7298615,CNc1ccc(-c2oc3cc(O)cc(O)c3c(=O)c2O)cc1-c1ccccc1F,1,c1c2c(c(=O)c(O)c(-c3cc([*])c([*])cc3)o2)c(O)cc1O,c1(F)ccccc1*|*NC,,0.4640841,7.9,0.9891387,11.135,0.9828665,2.5931,5,3,21
6.4926,22.144,67.6037,0.7011539,Nc1ccc(-c2oc3cc(O)cc(O)c3c(=O)c2O)cc1Nc1ccccc1F,1,c1c2c(c(=O)c(O)c(-c3cc([*])c([*])cc3)o2)c(O)cc1O,*Nc1ccccc1F|N*,,0.4267757,7.795,0.9721635,10.469,0.9844387,2.5591,5,3,21
12.7171,22.1345,86.6474,0.8498583,O=c1c(O)c(-c2ccc(C(F)(F)F)c(NCc3ccc(F)cc3)c2)oc2cc(O)cc(O)c12,1,c1c2c(c(=O)c(O)c(-c3cc([*])c([*])cc3)o2)c(O)cc1O,Fc1ccc(CN*)cc1|FC(F)(F)*,,0.6838164,8.536,0.9836287,10.846,0.9799211,2.6492,5,3,21
6.7785,12.3646,75.2871,0.6847792,Nc1cc(-c2oc3cc(O)cc(O)c3c(=O)c2O)ccc1C(F)(F)F,1,c1c2c(c(=O)c(O)c(-c3cc([*])c([*])cc3)o2)c(O)cc1O,N*|FC(*)(F)F,,0.4047569,7.732,0.9712135,10.445,0.974395,2.7357,5,3,21
7.0562,20.7108,81.947,0.8020139,Nc1cc(-c2oc3cc(O)cc(O)c3c(=O)c2O)ccc1-c1cccc(F)c1,1,c1c2c(c(=O)c(O)c(-c3cc([*])c([*])cc3)o2)c(O)cc1O,*N|c1c(F)cccc1*,,0.5851495,8.239,0.9919717,11.347,0.9848664,2.5493,5,3,21
5.3658,12.3646,-12.3646,0.0,Nc1cc(-c2oc3cc(O)cc(O)c3c(=O)c2O)ccc1C(F)(F)F,2,c1c2c(c(=O)c(O)c(-c3cc([*])c([*])cc3)o2)c(O)cc1O,N*|FC(*)(F)F,,0.0,7.732,0.0,10.445,0.0,2.7357,5,3,21
6.5034,18.6511,81.2954,0.7808321,Nc1cc(-c2oc3cc(O)cc(O)c3c(=O)c2O)ccc1-c1ccc(F)cc1F,1,c1c2c(c(=O)c(O)c(-c3cc([*])c([*])cc3)o2)c(O)cc1O,N*|c1c(F)cc(F)c(*)c1,,0.5498431,8.139,0.9893227,11.147,0.9809227,2.6311,5,3,21
6.5213,20.9413,-20.9413,0.0,Nc1cc(-c2oc3cc(O)cc(O)c3c(=O)c2O)ccc1-c1ccc(F)cc1F,2,c1c2c(c(=O)c(O)c(-c3cc([*])c([*])cc3)o2)c(O)cc1O,N*|c1c(F)c(*)ccc1F,,0.0,8.139,0.0,11.147,0.0,2.6311,5,3,21
12.4561,25.3087,78.619,0.8119353,O=c1c(O)c(-c2ccc(-c3ccc(F)cc3F)c(-c3ccc(F)cc3)c2)oc2cc(O)cc(O)c12,1,c1c2c(c(=O)c(O)c(-c3cc([*])c([*])cc3)o2)c(O)cc1O,Fc1ccc(*)cc1|c1cc(F)cc(F)c1*,,0.7945818,8.94,0.7539204,8.778,0.9832836,2.5844,5,3,21
16.1245,28.88,-27.7181,0.0090772,CN1CCC(Nc2ccc(-c3oc4cc(O)cc(O)c4c(=O)c3O)cc2-c2cc(F)ccc2F)CC1,1,c1c2c(c(=O)c(O)c(-c3cc([*])c([*])cc3)o2)c(O)cc1O,c1cc(F)c(*)cc1F|*NC1CCN(C)CC1,,0.7985463,8.957,1e-05,0.0,0.9664234,2.8327,5,3,21
8.1569,23.7842,81.513,0.8226342,Nc1cc(-c2oc3cc(O)cc(O)c3c(=O)c2O)ccc1-c1ccc(F)c(F)c1F,1,c1c2c(c(=O)c(O)c(-c3cc([*])c([*])cc3)o2)c(O)cc1O,N*|c1cc(F)c(F)c(F)c1*,,0.625014,8.355,0.9955018,11.752,0.9731291,2.7529,5,3,21
6.1322,19.3557,79.2996,0.7707443,Nc1cc(-c2oc3cc(O)cc(O)c3c(=O)c2O)ccc1-c1ccccc1F,1,c1c2c(c(=O)c(O)c(-c3cc([*])c([*])cc3)o2)c(O)cc1O,N*|c1(F)c(*)cccc1,,0.5280334,8.078,0.9951954,11.706,0.9849455,2.5474,5,3,21
6.7816,12.5151,63.1932,0.5914711,CCNc1ccc(-c2oc3cc(O)cc(O)c3c(=O)c2O)cc1N,1,c1c2c(c(=O)c(O)c(-c3cc([*])c([*])cc3)o2)c(O)cc1O,N*|*NCC,,0.3002307,7.412,0.9045933,9.563,0.9814106,2.6219,5,3,21
5.6649,19.8213,82.4605,0.7990767,Nc1cc(-c2oc3cc(O)cc(O)c3c(=O)c2O)ccc1-c1c(F)cccc1F,1,c1c2c(c(=O)c(O)c(-c3cc([*])c([*])cc3)o2)c(O)cc1O,N*|Fc1cccc(F)c1*,,0.5844507,8.237,0.9876378,11.044,0.977803,2.6848,5,3,21
7.2276,15.6847,78.0982,0.7326786,Nc1ccc(-c2oc3cc(O)cc(O)c3c(=O)c2O)cc1-c1ccccc1,1,c1c2c(c(=O)c(O)c(-c3cc([*])c([*])cc3)o2)c(O)cc1O,c1ccccc1*|N*,,0.465158,7.903,0.9931781,11.461,0.9892645,2.4284,5,3,21
26.8291,43.6681,-43.6554,9.9e-05,Nc1cc(-c2ccc(-c3oc4cc(O)cc(O)c4c(=O)c3O)cc2-c2ccc(F)c(N)c2F)ccc1F,1,c1c2c(c(=O)c(O)c(-c3cc([*])c([*])cc3)o2)c(O)cc1O,Nc1c(F)c(*)ccc1F|Nc1c(F)ccc(*)c1,,1e-05,0.0,1e-05,0.0,0.9515244,2.9657,5,3,21
6.9669,20.3955,64.5057,0.6632903,Nc1ccc(-c2oc3cc(O)cc(O)c3c(=O)c2O)cc1-c1c(F)cccc1F,1,c1c2c(c(=O)c(O)c(-c3cc([*])c([*])cc3)o2)c(O)cc1O,c1(F)cccc(F)c1*|N*,,0.3642563,7.613,0.9946277,11.628,0.9780997,2.6801,5,3,21
5.576,21.6026,78.989,0.7858716,Nc1cc(-c2oc3cc(O)cc(O)c3c(=O)c2O)ccc1-c1ccc(F)c(F)c1,1,c1c2c(c(=O)c(O)c(-c3cc([*])c([*])cc3)o2)c(O)cc1O,N*|c1c(F)c(F)ccc1*,,0.5551804,8.154,0.9951747,11.703,0.9819537,2.6114,5,3,21
6.432,12.9845,-12.9845,0.0,Nc1cc(-c2oc3cc(O)cc(O)c3c(=O)c2O)ccc1C(F)(F)F,2,c1c2c(c(=O)c(O)c(-c3cc([*])c([*])cc3)o2)c(O)cc1O,N*|C(F)(F)(F)*,,0.0,7.732,0.0,10.445,0.0,2.7357,5,3,21
6.2456,12.0522,-12.0522,0.0,Nc1cc(-c2oc3cc(O)cc(O)c3c(=O)c2O)ccc1C(F)(F)F,2,c1c2c(c(=O)c(O)c(-c3cc([*])c([*])cc3)o2)c(O)cc1O,*N|FC(F)(*)F,,0.0,7.732,0.0,10.445,0.0,2.7357,5,3,21
11.9195,24.825,47.2406,0.5630131,CNc1ccc(-c2oc3cc(O)cc(O)c3c(=O)c2O)cc1-c1c(F)cccc1F,1,c1c2c(c(=O)c(O)c(-c3cc([*])c([*])cc3)o2)c(O)cc1O,c1ccc(F)c(*)c1F|N(*)C,,0.3367472,7.529,0.7152529,8.64,0.9751364,2.7252,5,3,21
6.2749,19.2633,-19.2633,0.0,Nc1cc(-c2oc3cc(O)cc(O)c3c(=O)c2O)ccc1-c1ccc(F)cc1F,2,c1c2c(c(=O)c(O)c(-c3cc([*])c([*])cc3)o2)c(O)cc1O,N*|c1cc(F)cc(F)c1*,,0.0,8.139,0.0,11.147,0.0,2.6311,5,3,21
12.3311,20.0025,78.5886,0.7702435,Nc1ccc(-c2oc3cc(O)cc(O)c3c(=O)c2O)cc1-c1cc(F)c(F)cc1F,1,c1c2c(c(=O)c(O)c(-c3cc([*])c([*])cc3)o2)c(O)cc1O,Fc1cc(*)c(F)cc1F|*N,,0.5291092,8.081,0.996928,12.018,0.9743656,2.7361,5,3,21
17.3199,27.141,22.2103,0.3855565,CNc1ccc(-c2oc3cc(O)cc(O)c3c(=O)c2O)cc1-c1ccccc1OC,1,c1c2c(c(=O)c(O)c(-c3cc([*])c([*])cc3)o2)c(O)cc1O,COc1ccccc1*|N(C)*,,0.2660852,7.295,0.3497225,7.569,0.9839018,2.5711,5,3,21
10.289,22.2782,77.5094,0.7795911,Nc1ccc(-c2oc3cc(O)cc(O)c3c(=O)c2O)cc1Nc1ccc(F)cc1F,1,c1c2c(c(=O)c(O)c(-c3cc([*])c([*])cc3)o2)c(O)cc1O,c1(F)cc(F)ccc1N*|N*,,0.6229883,8.349,0.8698499,9.32,0.980587,2.6373,5,3,21
14.8817,26.9691,75.8555,0.803317,Nc1cc(-c2oc3cc(O)cc(O)c3c(=O)c2O)ccc1Oc1ccccc1F,1,c1c2c(c(=O)c(O)c(-c3cc([*])c([*])cc3)o2)c(O)cc1O,*N|c1cccc(F)c1O*,,0.6090325,8.308,0.9568868,10.154,0.9849922,2.5463,5,3,21
18.7606,27.5151,83.0023,0.8634167,Cc1ccc(Nc2cc(-c3oc4cc(O)cc(O)c4c(=O)c3O)ccc2C(F)(F)F)c(F)c1,1,c1c2c(c(=O)c(O)c(-c3cc([*])c([*])cc3)o2)c(O)cc1O,*Nc1c(F)cc(C)cc1|FC(F)(F)*,,0.7274012,8.682,0.9646221,10.297,0.9746298,2.7324,5,3,21
9.4256,22.1486,82.4962,0.8175378,Nc1ccc(-c2oc3cc(O)cc(O)c3c(=O)c2O)cc1Nc1ccc(F)c(F)c1,1,c1c2c(c(=O)c(O)c(-c3cc([*])c([*])cc3)o2)c(O)cc1O,c1cc(F)c(F)cc1N*|*N,,0.6165448,8.33,0.9895334,11.161,0.9811808,2.6263,5,3,21
12.8844,25.4553,78.705,0.8137531,Nc1ccc(-c2oc3cc(O)cc(O)c3c(=O)c2O)cc1Nc1cc(F)cc(F)c1F,1,c1c2c(c(=O)c(O)c(-c3cc([*])c([*])cc3)o2)c(O)cc1O,c1(F)c(N*)cc(F)cc1F|N*,,0.6320701,8.376,0.9598706,10.206,0.9694096,2.7993,5,3,21
5.4817,18.0391,83.628,0.7942739,Nc1cc(-c2oc3cc(O)cc(O)c3c(=O)c2O)ccc1-c1ccc(F)cc1,1,c1c2c(c(=O)c(O)c(-c3cc([*])c([*])cc3)o2)c(O)cc1O,N*|c1(F)ccc(*)cc1,,0.5700529,8.196,0.9927974,11.423,0.9869606,2.4968,5,3,21
13.4961,28.8594,11.6521,0.316496,O=c1c(O)c(-c2ccc(-c3c(F)cccc3F)c(-c3ccccc3F)c2)oc2cc(O)cc(O)c12,1,c1c2c(c(=O)c(O)c(-c3cc([*])c([*])cc3)o2)c(O)cc1O,c1ccc(F)c(*)c1|Fc1c(*)c(F)ccc1,,0.8033642,8.978,0.0708873,6.212,0.9792184,2.6614,5,3,21
11.5518,29.4962,69.0928,0.7702261,O=c1c(O)c(-c2ccc(-c3ccc(F)cc3)c(-c3ccccc3F)c2)oc2cc(O)cc(O)c12,1,c1c2c(c(=O)c(O)c(-c3cc([*])c([*])cc3)o2)c(O)cc1O,c1(*)ccccc1F|c1(F)ccc(*)cc1,,0.8385919,9.145,0.625014,8.355,0.9867574,2.5022,5,3,21
9.7222,21.2562,98.2461,0.9336122,O=c1c(O)c(-c2ccc(-c3ccc(F)cc3)c(-c3cccc(F)c3)c2)oc2cc(O)cc(O)c12,1,c1(O)cc(O)c2c(=O)c(O)c(-c3ccc([*])c([*])c3)oc2c1,c1cc(F)ccc1*|Fc1cccc(*)c1,,0.8515849,9.214,0.9956972,11.783,0.9865567,2.5075,6,3,22
8.9888,17.6754,55.3228,0.5702984,O=c1c(O)c(-c2ccc(N3CCOCC3)c(-c3ccc(F)cc3)c2)oc2cc(O)cc(O)c12,1,c1(O)cc(O)c2c(=O)c(O)c(-c3ccc([*])c([*])c3)oc2c1,C1CN(*)CCO1|c1c(F)ccc(*)c1,,0.6192631,8.338,0.4002576,7.719,0.9819321,2.6119,6,3,22
7.8083,14.1983,77.0967,0.7132418,Nc1ccc(-c2oc3cc(O)cc(O)c3c(=O)c2O)cc1-c1ccc(F)cc1F,1,c1(O)cc(O)c2c(=O)c(O)c(-c3ccc([*])c([*])c3)oc2c1,N*|c1(F)ccc(*)c(F)c1,,0.4355996,7.82,0.9956226,11.771,0.9813398,2.6233,6,3,22
8.3046,13.4405,93.791,0.837746,O=c1c(O)c(-c2ccc(C(F)(F)F)c(-c3ccccc3)c2)oc2cc(O)cc(O)c12,1,c1(O)cc(O)c2c(=O)c(O)c(-c3ccc([*])c([*])c3)oc2c1,FC(F)(F)*|*c1ccccc1,,0.6667793,8.482,0.970315,10.423,0.9857621,2.5277,6,3,22
6.7528,9.3145,84.4684,0.7326786,Nc1ccc(-c2oc3cc(O)cc(O)c3c(=O)c2O)cc1-c1ccccc1,1,c1(O)cc(O)c2c(=O)c(O)c(-c3ccc([*])c([*])c3)oc2c1,N*|c1(*)ccccc1,,0.465158,7.903,0.9931781,11.461,0.9892645,2.4284,6,3,22
15.3429,27.3139,-26.5159,0.0062341,NCCCNc1ccc(-c2oc3cc(O)cc(O)c3c(=O)c2O)cc1-c1ccccc1F,1,c1(O)cc(O)c2c(=O)c(O)c(-c3ccc([*])c([*])c3)oc2c1,C(N*)CCN|c1(F)ccccc1*,,0.3103018,7.445,1e-05,0.0,0.9779443,2.6826,6,3,22
15.5899,24.2426,-23.0735,0.0091337,O=c1c(O)c(-c2ccc(NCc3ccc(F)cc3)c(-c3cccc(F)c3)c2)oc2cc(O)cc(O)c12,1,c1(O)cc(O)c2c(=O)c(O)c(-c3ccc([*])c([*])c3)oc2c1,c1(CN*)ccc(F)cc1|Fc1cccc(*)c1,,0.8042721,8.982,1e-05,0.0,0.9827393,2.5957,6,3,22
11.0175,16.114,60.4255,0.5979649,COc1ccccc1-c1cc(-c2oc3cc(O)cc(O)c3c(=O)c2O)ccc1N,1,c1(O)cc(O)c2c(=O)c(O)c(-c3ccc([*])c([*])c3)oc2c1,N*|COc1ccccc1*,,0.2954154,7.396,0.9424702,9.943,0.9862278,2.516,6,3,22
12.4937,19.5989,79.1515,0.7714873,O=c1c(O)c(-c2ccc(-c3ccco3)c(-c3ccco3)c2)oc2cc(O)cc(O)c12,1,c1(O)cc(O)c2c(=O)c(O)c(-c3ccc([*])c([*])c3)oc2c1,c1ccc(*)o1|c1oc(*)cc1,,0.5373474,8.104,0.987227,11.021,0.9711797,2.7779,6,3,22
10.3061,20.4952,87.3886,0.8428419,O=c1c(O)c(-c2ccc(N3CCCCC3)c(-c3cccc(F)c3)c2)oc2cc(O)cc(O)c12,1,c1(O)cc(O)c2c(=O)c(O)c(-c3ccc([*])c([*])c3)oc2c1,C1CCCCN1*|c1(F)cccc(*)c1,,0.6915432,8.561,0.9516149,10.07,0.9821311,2.6079,6,3,22
13.4024,16.5139,88.9421,0.8238755,Nc1cc(-c2oc3cc(O)cc(O)c3c(=O)c2O)ccc1NCc1cc(F)cc(F)c1,1,c1(O)cc(O)c2c(=O)c(O)c(-c3ccc([*])c([*])c3)oc2c1,*NCc1cc(F)cc(F)c1|*N,,0.662288,8.468,0.9409696,9.924,0.9773795,2.6916,6,3,22
11.5406,25.8123,78.4822,0.8148007,O=c1c(O)c(-c2ccc(Nc3ccc(F)cc3F)c(C(F)F)c2)oc2cc(O)cc(O)c12,1,c1(O)cc(O)c2c(=O)c(O)c(-c3ccc([*])c([*])c3)oc2c1,c1c(F)ccc(N*)c1F|FC(F)*,,0.6141604,8.323,0.9908325,11.254,0.9698239,2.7944,6,3,22
6.8045,19.2323,89.7413,0.8513558,O=c1c(O)c(-c2ccc(-c3ccc(F)c(F)c3)c(C(F)(F)F)c2)oc2cc(O)cc(O)c12,1,c1(O)cc(O)c2c(=O)c(O)c(-c3ccc([*])c([*])c3)oc2c1,c1c(F)c(F)ccc1*|FC(F)(F)*,,0.6769314,8.514,0.9988889,12.726,0.9782091,2.6783,6,3,22
12.5499,20.5183,39.7486,0.4708355,CCNc1ccc(-c2oc3cc(O)cc(O)c3c(=O)c2O)cc1C(F)F,1,c1(O)cc(O)c2c(=O)c(O)c(-c3ccc([*])c([*])c3)oc2c1,N(*)CC|FC(F)*,,0.1608247,6.852,0.9601468,10.211,0.9704322,2.7871,6,3,22
14.76,25.8876,-24.6529,0.0096459,O=c1c(O)c(-c2ccc(-c3cc(F)cc(F)c3)c(-c3cccc(F)c3F)c2)oc2cc(O)cc(O)c12,1,c1(O)cc(O)c2c(=O)c(O)c(-c3ccc([*])c([*])c3)oc2c1,c1c(F)cc(*)cc1F|c1cc(F)c(F)c(*)c1,,0.9269989,9.766,1e-05,0.0,0.9717941,2.7702,6,3,22
14.1047,25.1726,61.9949,0.6809956,O=c1c(O)c(-c2ccc(Nc3ccoc3)c(C(F)(F)F)c2)oc2cc(O)cc(O)c12,1,c1(O)cc(O)c2c(=O)c(O)c(-c3ccc([*])c([*])c3)oc2c1,c1occ(N*)c1|FC(F)(F)*,,0.4016404,7.723,0.9783787,10.649,0.9484905,2.9879,6,3,22
20.0918,33.2086,-33.196,9.87e-05,O=c1c(O)c(-c2ccc(NC=Nc3cc(F)ccc3F)c(-c3ccccc3F)c2)oc2cc(O)cc(O)c12,1,c1(O)cc(O)c2c(=O)c(O)c(-c3ccc([*])c([*])c3)oc2c1,N(*)C=Nc1cc(F)ccc1F|c1(F)ccccc1*,,1e-05,0.0,1e-05,0.0,0.9371579,3.0612,6,3,22
9.1649,23.9815,27.5901,0.4029033,O=c1c(O)c(-c2ccc(Nc3ccccc3F)c(-c3ccc(F)cc3)c2)oc2cc(O)cc(O)c12,1,c1(O)cc(O)c2c(=O)c(O)c(-c3ccc([*])c([*])c3)oc2c1,*Nc1ccccc1F|c1(F)ccc(*)cc1,,0.7397746,8.726,0.1404151,6.741,0.9839604,2.5698,6,3,22
10.5998,23.3883,75.2006,0.7702261,O=c1c(O)c(-c2ccc(-c3ccc(F)cc3)c(-c3ccccc3F)c2)oc2cc(O)cc(O)c12,1,c1(O)cc(O)c2c(=O)c(O)c(-c3ccc([*])c([*])c3)oc2c1,c1cc(F)ccc1*|c1cccc(F)c1*,,0.8385919,9.145,0.625014,8.355,0.9867574,2.5022,6,3,22
8.2919,18.565,83.8533,0.8001429,Nc1cc(-c2oc3cc(O)cc(O)c3c(=O)c2O)ccc1Nc1ccc(F)c(F)c1,1,c1(O)cc(O)c2c(=O)c(O)c(-c3ccc([*])c([*])c3)oc2c1,c1cc(F)c(F)cc1N*|*N,,0.5914234,8.257,0.9774463,10.619,0.9814203,2.6217,6,3,22
8.3186,15.6206,86.6612,0.7990767,Nc1cc(-c2oc3cc(O)cc(O)c3c(=O)c2O)ccc1-c1c(F)cccc1F,1,c1(O)cc(O)c2c(=O)c(O)c(-c3ccc([*])c([*])c3)oc2c1,c1cc(F)c(*)c(F)c1|N*,,0.5844507,8.237,0.9876378,11.044,0.977803,2.6848,6,3,22
10.1545,8.4337,52.9453,0.4795237,CCNc1ccc(-c2oc3cc(O)cc(O)c3c(=O)c2O)cc1C,1,c1(O)cc(O)c2c(=O)c(O)c(-c3ccc([*])c([*])c3)oc2c1,*NCC|C*,,0.1711823,6.904,0.9365878,9.871,0.9863603,2.5126,6,3,22
6.7442,9.5218,-9.5218,0.0,Nc1ccc(-c2oc3cc(O)cc(O)c3c(=O)c2O)cc1-c1ccccc1,2,c1(O)cc(O)c2c(=O)c(O)c(-c3ccc([*])c([*])c3)oc2c1,N*|c1ccc(*)cc1,,0.0,7.903,0.0,11.461,0.0,2.4284,6,3,22
10.8688,16.5278,82.7367,0.7755042,Cc1cc(-c2oc3cc(O)cc(O)c3c(=O)c2O)ccc1Nc1ccccc1F,1,c1(O)cc(O)c2c(=O)c(O)c(-c3ccc([*])c([*])c3)oc2c1,c1ccc(F)c(N*)c1|C*,,0.5351999,8.098,0.9954565,11.745,0.9881986,2.4617,6,3,22
9.8838,21.4376,83.1492,0.8170848,O=c1c(O)c(-c2ccc(Nc3ccc(F)c(F)c3)c(C(F)(F)F)c2)oc2cc(O)cc(O)c12,1,c1(O)cc(O)c2c(=O)c(O)c(-c3ccc([*])c([*])c3)oc2c1,c1(F)c(F)ccc(N*)c1|FC(F)(*)F,,0.6172249,8.332,0.9893379,11.148,0.9766963,2.7021,6,3,22
8.4799,18.8388,78.0045,0.756588,Nc1cc(-c2oc3cc(O)cc(O)c3c(=O)c2O)ccc1Nc1ccc(F)cc1F,1,c1(O)cc(O)c2c(=O)c(O)c(-c3ccc([*])c([*])c3)oc2c1,*Nc1ccc(F)cc1F|N*,,0.5115107,8.032,0.9828705,10.814,0.9808339,2.6328,6,3,22
8.415,19.5054,83.1963,0.8023566,Nc1cc(-c2oc3cc(O)cc(O)c3c(=O)c2O)ccc1Nc1c(F)cccc1F,1,c1(O)cc(O)c2c(=O)c(O)c(-c3ccc([*])c([*])c3)oc2c1,c1ccc(F)c(N*)c1F|N*,,0.5907277,8.255,0.9870074,11.009,0.9781864,2.6786,6,3,22
9.5113,16.9502,87.7027,0.8176004,O=c1c(O)c(-c2ccc(-c3ccccc3F)c(C(F)(F)F)c2)oc2cc(O)cc(O)c12,1,c1(O)cc(O)c2c(=O)c(O)c(-c3ccc([*])c([*])c3)oc2c1,c1ccc(*)c(F)c1|FC(F)(F)*,,0.6141604,8.323,0.9931976,11.463,0.9819071,2.6124,6,3,22
16.4559,19.698,77.6031,0.760165,Cc1cccc(C(C)Nc2ccc(-c3oc4cc(O)cc(O)c4c(=O)c3O)cc2C(F)(F)F)c1,1,c1(O)cc(O)c2c(=O)c(O)c(-c3ccc([*])c([*])c3)oc2c1,*NC(C)c1cccc(C)c1|FC(F)(*)F,,0.5689943,8.193,0.9219774,9.716,0.9223228,3.1403,6,3,22
8.5807,15.5364,83.5253,0.7739197,O=c1c(O)c(-c2ccc(-c3ccccc3)c(C(F)(F)F)c2)oc2cc(O)cc(O)c12,1,c1(O)cc(O)c2c(=O)c(O)c(-c3ccc([*])c([*])c3)oc2c1,c1ccccc1*|FC(*)(F)F,,0.5319765,8.089,0.9972454,12.094,0.9864851,2.5094,6,3,22
10.616,15.9091,57.9458,0.576991,C=CCNc1ccc(-c2oc3cc(O)cc(O)c3c(=O)c2O)cc1C(F)(F)F,1,c1(O)cc(O)c2c(=O)c(O)c(-c3ccc([*])c([*])c3)oc2c1,C(N*)C=C|C(F)(F)(*)F,,0.2624477,7.282,0.979621,10.691,0.9674838,2.8212,6,3,22
14.9243,28.3596,71.7901,0.7824196,O=c1c(O)c(-c2ccc(-c3ccc(F)c(F)c3F)c(-c3ccc(F)cc3)c2)oc2cc(O)cc(O)c12,1,c1(O)cc(O)c2c(=O)c(O)c(-c3ccc([*])c([*])c3)oc2c1,c1(F)c(F)c(F)ccc1*|c1cc(*)ccc1F,,0.8340611,9.122,0.6567944,8.451,0.9771109,2.6957,6,3,22
6.5656,16.7091,84.9579,0.7942739,Nc1cc(-c2oc3cc(O)cc(O)c3c(=O)c2O)ccc1-c1ccc(F)cc1,1,c1(O)cc(O)cc2c1c(=O)c(O)c(-c1cc([*])c([*])cc1)o2,N*|Fc1ccc(*)cc1,,0.5700529,8.196,0.9927974,11.423,0.9869606,2.4968,7,3,23
11.8357,19.0657,70.0874,0.6965086,Cc1cc(F)ccc1-c1cc(-c2oc3cc(O)cc(O)c3c(=O)c2O)ccc1N,1,c1(O)cc(O)cc2c1c(=O)c(O)c(-c1cc([*])c([*])cc1)o2,Cc1cc(F)ccc1*|*N,,0.4103166,7.748,0.9957401,11.79,0.981979,2.6109,7,3,23
10.084,33.2401,-32.0553,0.0092559,O=c1c(O)c(-c2ccc(-c3c(F)cccc3F)c(-c3cccc(F)c3F)c2)oc2cc(O)cc(O)c12,1,c1(O)cc(O)cc2c1c(=O)c(O)c(-c1cc([*])c([*])cc1)o2,Fc1c(F)cccc1*|Fc1c(*)c(F)ccc1,,0.8360434,9.132,1e-05,0.0,0.9719326,2.7685,7,3,23
7.356,23.2977,83.6572,0.8355851,O=c1c(O)c(-c2ccc(C(F)(F)F)c(-c3ccc(F)cc3F)c2)oc2cc(O)cc(O)c12,1,c1(O)cc(O)cc2c1c(=O)c(O)c(-c1cc([*])c([*])cc1)o2,c1c(F)c(*)ccc1F|FC(F)(*)F,,0.6800708,8.524,0.9497942,10.043,0.9763065,2.708,7,3,23
18.3515,35.6716,-34.5294,0.008923,O=c1c(O)c(-c2ccc(-c3ccc(F)c(F)c3F)c(C=Cc3ccccc3)c2)oc2cc(O)cc(O)c12,1,c1(O)cc(O)cc2c1c(=O)c(O)c(-c1cc([*])c([*])cc1)o2,C(=C*)c1ccccc1|Fc1c(F)c(F)ccc1*,,0.7647025,8.819,1e-05,0.0,0.9673455,2.8227,7,3,23
8.9024,19.8398,78.8155,0.7707443,Nc1cc(-c2oc3cc(O)cc(O)c3c(=O)c2O)ccc1-c1ccccc1F,1,c1(O)cc(O)cc2c1c(=O)c(O)c(-c1cc([*])c([*])cc1)o2,N*|c1(*)ccccc1F,,0.5280334,8.078,0.9951954,11.706,0.9849455,2.5474,7,3,23
9.4437,23.3618,80.3997,0.8106367,O=c1c(O)c(-c2ccc(C(F)(F)F)c(-c3cc(F)c(F)c(F)c3)c2)oc2cc(O)cc(O)c12,1,c1(O)cc(O)cc2c1c(=O)c(O)c(-c1cc([*])c([*])cc1)o2,Fc1c(F)cc(*)cc1F|FC(F)(*)F,,0.6052567,8.297,0.9941376,11.567,0.9668499,2.8281,7,3,23
19.1225,27.4301,56.8403,0.6583624,O=c1c(O)c(-c2ccc(N3CCNCC3)c(NCc3ccco3)c2)oc2cc(O)cc(O)c12,1,c1(O)cc(O)cc2c1c(=O)c(O)c(-c1cc([*])c([*])cc1)o2,o1c(CN*)ccc1|N1(*)CCNCC1,,0.4377236,7.826,0.8170788,9.04,0.9669355,2.8272,7,3,23
10.9004,19.807,89.5792,0.8545796,O=c1c(O)c(-c2ccc(-c3ccc(F)cc3F)c(C(F)(F)F)c2)oc2cc(O)cc(O)c12,1,c1(O)cc(O)cc2c1c(=O)c(O)c(-c1cc([*])c([*])cc1)o2,FC(F)(F)*|Fc1cc(F)ccc1*,,0.6844383,8.538,0.9977854,12.246,0.977281,2.6931,7,3,23
9.6878,23.6602,68.1909,0.7175868,Nc1ccc(-c2oc3cc(O)cc(O)c3c(=O)c2O)cc1-c1cccnc1F,1,c1(O)cc(O)cc2c1c(=O)c(O)c(-c1cc([*])c([*])cc1)o2,n1cccc(*)c1F|N*,,0.4465973,7.851,0.9895929,11.165,0.9741517,2.739,7,3,23
6.9525,17.4029,-17.4029,0.0,Nc1cc(-c2oc3cc(O)cc(O)c3c(=O)c2O)ccc1-c1ccc(F)cc1,2,c1(O)cc(O)cc2c1c(=O)c(O)c(-c1cc([*])c([*])cc1)o2,N*|c1(F)ccc(*)cc1,,0.0,8.196,0.0,11.423,0.0,2.4968,7,3,23
7.5858,18.2287,76.8943,0.7431482,Nc1ccc(-c2oc3cc(O)cc(O)c3c(=O)c2O)cc1-c1ccc(F)c(F)c1,1,c1(O)cc(O)cc2c1c(=O)c(O)c(-c1cc([*])c([*])cc1)o2,c1c(F)c(F)ccc1*|*N,,0.4827375,7.952,0.995077,11.689,0.9822942,2.6047,7,3,23
12.1302,30.7552,63.9301,0.7397287,O=c1c(O)c(-c2ccc(-c3ccc(F)cc3)c(NCc3cccs3)c2)oc2cc(O)cc(O)c12,1,c1(O)cc(O)cc2c1c(=O)c(O)c(-c1cc([*])c([*])cc1)o2,*NCc1sccc1|Fc1ccc(*)cc1,,0.5969754,8.273,0.796688,8.949,0.9792037,2.6617,7,3,23
8.1264,17.9521,62.5193,0.6286831,Nc1ccc(-c2oc3cc(O)cc(O)c3c(=O)c2O)cc1-c1cccs1,1,c1(O)cc(O)cc2c1c(=O)c(O)c(-c1cc([*])c([*])cc1)o2,s1cccc1*|N*,,0.3262238,7.496,0.9710116,10.44,0.9787661,2.6691,7,3,23
24.9768,27.4929,76.7318,0.8142554,C=Cc1cc(-c2oc3cc(O)cc(O)c3c(=O)c2O)ccc1Nc1cc(F)cc(F)c1,1,c1(O)cc(O)cc2c1c(=O)c(O)c(-c1cc([*])c([*])cc1)o2,*C=C|*Nc1cc(F)cc(F)c1,,0.6158641,8.328,0.9890922,11.132,0.964628,2.8514,7,3,23
7.7732,14.842,67.1254,0.6403698,Nc1ccc(-c2oc3cc(O)cc(O)c3c(=O)c2O)cc1-c1ccco1,1,c1(O)cc(O)cc2c1c(=O)c(O)c(-c1cc([*])c([*])cc1)o2,c1c(*)occ1|N*,,0.3386784,7.535,0.9799346,10.702,0.9776534,2.6872,7,3,23
7.4333,19.3813,84.546,0.8119321,O=c1c(O)c(-c2ccc(-c3ccc(F)cc3)c(C(F)(F)F)c2)oc2cc(O)cc(O)c12,1,c1(O)cc(O)cc2c1c(=O)c(O)c(-c1cc([*])c([*])cc1)o2,FC(F)(F)*|c1cc(F)ccc1*,,0.5997424,8.281,0.9984822,12.509,0.9839853,2.5692,7,3,23
7.3387,12.26,87.0613,0.7759475,O=c1c(O)c(-c2ccc(C(F)(F)F)c(C(F)(F)F)c2)oc2cc(O)cc(O)c12,1,c1(O)cc(O)cc2c1c(=O)c(O)c(-c1cc([*])c([*])cc1)o2,FC(F)(*)F|FC(F)(*)F,,0.5437805,8.122,0.9890767,11.131,0.9724209,2.7622,7,3,23
10.4285,9.2865,71.6407,0.6322438,Cc1ccc(-c2oc3cc(O)cc(O)c3c(=O)c2O)cc1C(F)(F)F,1,c1(O)cc(O)cc2c1c(=O)c(O)c(-c1cc([*])c([*])cc1)o2,FC(F)(F)*|C*,,0.3268568,7.498,0.9806846,10.729,0.9832168,2.5858,7,3,23
16.1786,28.6083,-27.4321,0.0091891,O=c1c(O)c(-c2ccc(-c3cccc(F)c3)c(-c3cc(F)cc(F)c3)c2)oc2cc(O)cc(O)c12,1,c1(O)cc(O)cc2c1c(=O)c(O)c(-c1cc([*])c([*])cc1)o2,c1c(*)cc(F)cc1F|Fc1cc(*)ccc1,,0.8181518,9.045,1e-05,0.0,0.9788054,2.6684,7,3,23
7.8613,22.5361,81.3033,0.8112457,O=c1c(O)c(-c2ccc(C(F)(F)F)c(-c3ccccc3F)c2)oc2cc(O)cc(O)c12,1,c1(O)cc(O)cc2c1c(=O)c(O)c(-c1cc([*])c([*])cc1)o2,*c1ccccc1F|FC(F)(F)*,,0.6035362,8.292,0.9915605,11.312,0.9811085,2.6276,7,3,23
9.3343,18.81,79.7812,0.7702435,Nc1ccc(-c2oc3cc(O)cc(O)c3c(=O)c2O)cc1-c1cc(F)c(F)cc1F,1,c1(O)cc(O)cc2c1c(=O)c(O)c(-c1cc([*])c([*])cc1)o2,c1(F)cc(F)c(*)cc1F|*N,,0.5291092,8.081,0.996928,12.018,0.9743656,2.7361,7,3,23
8.5304,21.2553,86.5065,0.8418891,Nc1ccc(-c2oc3cc(O)cc(O)c3c(=O)c2O)cc1-c1cc(F)c(F)c(F)c1F,1,c1(O)cc(O)cc2c1c(=O)c(O)c(-c1cc([*])c([*])cc1)o2,c1c(F)c(F)c(F)c(F)c1*|N*,,0.6638951,8.473,0.9982502,12.41,0.9629342,2.8683,7,3,23
5.8984,21.7411,47.622,0.5418997,O=c1c(O)c(-c2ccc(C(F)(F)F)c(-c3c(F)cccc3F)c2)oc2cc(O)cc(O)c12,1,c1(O)cc(O)cc2c1c(=O)c(O)c(-c1cc([*])c([*])cc1)o2,c1ccc(F)c(*)c1F|FC(F)(F)*,,0.6850596,8.54,0.3199293,7.476,0.9728146,2.757,7,3,23
21.8529,45.1619,-44.0855,0.0084099,CC(Nc1cc(-c2oc3cc(O)cc(O)c3c(=O)c2O)ccc1-c1ccc(F)c(F)c1)c1ncccc1F,1,c1(O)cc(O)cc2c1c(=O)c(O)c(-c1cc([*])c([*])cc1)o2,*NC(c1ncccc1F)C|c1c(F)c(F)cc(*)c1,,0.6979522,8.582,1e-05,0.0,0.8635944,3.3588,7,3,23
14.5143,34.1079,-2.2526,0.2488691,O=c1c(O)c(-c2ccc(-c3ccco3)c(-c3c(F)c(F)cc(F)c3F)c2)oc2cc(O)cc(O)c12,1,c1(O)cc(O)cc2c1c(=O)c(O)c(-c1cc([*])c([*])cc1)o2,c1(F)c(F)cc(F)c(F)c1*|c1coc(*)c1,,0.7917489,8.928,0.040074,5.793,0.9483178,2.9891,7,3,23
16.1115,28.398,55.1688,0.6528661,O=c1c(O)c(-c2ccc(C3CCCC3)c(-c3c(F)cccc3F)c2)oc2cc(O)cc(O)c12,1,c1(O)cc(O)cc2c1c(=O)c(O)c(-c1cc([*])c([*])cc1)o2,Fc1cccc(F)c1*|C1CCCC1*,,0.6528912,8.439,0.5344839,8.096,0.9740246,2.7408,7,3,23
6.4558,7.2869,71.5315,0.6157685,Nc1ccc(-c2oc3cc(O)cc(O)c3c(=O)c2O)cc1N,1,c1(O)cc(O)cc2c1c(=O)c(O)c(-c1cc([*])c([*])cc1)o2,N*|N*,,0.3393235,7.537,0.8854397,9.421,0.9807119,2.635,7,3,23
7.7588,19.953,91.3415,0.8694887,Nc1ccc(-c2oc3cc(O)cc(O)c3c(=O)c2O)cc1-c1c(F)c(F)c(F)c(F)c1F,1,c1(O)cc(O)cc2c1c(=O)c(O)c(-c1cc([*])c([*])cc1)o2,Fc1c(F)c(F)c(F)c(F)c1*|N*,,0.7239634,8.67,0.9986509,12.591,0.9507337,2.9716,7,3,23
11.045,22.5757,76.0265,0.7703301,Nc1cc(-c2oc3cc(O)cc(O)c3c(=O)c2O)ccc1Nc1cccc(F)c1,1,c1(O)cc(O)cc2c1c(=O)c(O)c(-c1cc([*])c([*])cc1)o2,*N|c1c(F)cccc1N*,,0.5377049,8.105,0.9763421,10.585,0.9842208,2.564,7,3,23
8.9543,23.3623,71.0995,0.7379828,O=c1c(O)c(-c2ccc(C(F)(F)F)c(-c3ccsc3)c2)oc2cc(O)cc(O)c12,1,c1(O)cc(O)cc2c1c(=O)c(O)c(-c1cc([*])c([*])cc1)o2,s1ccc(*)c1|FC(F)(*)F,,0.5136682,8.038,0.9252264,9.748,0.9691023,2.8028,7,3,23
8.3178,21.1456,-21.1456,0.0,O=c1c(O)c(-c2ccc(C(F)(F)F)c(-c3ccc(F)cc3F)c2)oc2cc(O)cc(O)c12,2,c1(O)cc(O)cc2c1c(=O)c(O)c(-c1cc([*])c([*])cc1)o2,c1c(F)cc(F)c(*)c1|FC(*)(F)F,,0.0,8.524,0.0,10.043,0.0,2.708,7,3,23
8.0643,16.4234,85.2437,0.7942739,Nc1cc(-c2oc3cc(O)cc(O)c3c(=O)c2O)ccc1-c1ccc(F)cc1,1,Oc1c(-c2cc([*])c([*])cc2)oc2cc(O)cc(O)c2c1=O,*N|c1cc(F)ccc1*,,0.5700529,8.196,0.9927974,11.423,0.9869606,2.4968,8,3,24
7.4162,15.6794,75.6156,0.7132418,Nc1ccc(-c2oc3cc(O)cc(O)c3c(=O)c2O)cc1-c1ccc(F)cc1F,1,Oc1c(-c2cc([*])c([*])cc2)oc2cc(O)cc(O)c2c1=O,c1(F)cc(F)ccc1*|*N,,0.4355996,7.82,0.9956226,11.771,0.9813398,2.6233,8,3,24
12.0494,30.7439,76.5897,0.8385432,O=c1c(O)c(-c2ccc(-c3cccc(F)c3)c(-c3cccc(F)c3F)c2)oc2cc(O)cc(O)c12,1,Oc1c(-c2cc([*])c([*])cc2)oc2cc(O)cc(O)c2c1=O,Fc1c(F)cccc1*|c1c(F)cccc1*,,0.8490204,9.2,0.7662525,8.825,0.9795963,2.6549,8,3,24
14.2405,21.1459,74.9793,0.7509787,Cc1cc(-c2cc(-c3oc4cc(O)cc(O)c4c(=O)c3O)ccc2C(F)(F)F)no1,1,Oc1c(-c2cc([*])c([*])cc2)oc2cc(O)cc(O)c2c1=O,o1nc(*)cc1C|FC(F)(F)*,,0.5377049,8.105,0.9259204,9.755,0.9636135,2.8616,8,3,24
7.7171,15.6794,-15.6794,0.0,Nc1ccc(-c2oc3cc(O)cc(O)c3c(=O)c2O)cc1-c1ccc(F)cc1F,2,Oc1c(-c2cc([*])c([*])cc2)oc2cc(O)cc(O)c2c1=O,c1(F)cc(F)ccc1*|*N,,0.0,7.82,0.0,11.771,0.0,2.6233,8,3,24
18.9367,39.2047,-39.192,9.92e-05,Nc1cc(-c2oc3cc(O)cc(O)c3c(=O)c2O)ccc1Nc1ccc(F)c(C(=O)Nc2ccc(F)c(F)c2F)c1,1,Oc1c(-c2cc([*])c([*])cc2)oc2cc(O)cc(O)c2c1=O,N*|O=C(Nc1ccc(F)c(F)c1F)c1c(F)ccc(N*)c1,,1e-05,0.0,1e-05,0.0,0.9602101,2.8939,8,3,24
9.285,17.7474,73.954,0.7164171,O=c1c(O)c(-c2ccc(NCc3ccccc3)c(C(F)(F)F)c2)oc2cc(O)cc(O)c12,1,Oc1c(-c2cc([*])c([*])cc2)oc2cc(O)cc(O)c2c1=O,FC(F)(F)*|*NCc1ccccc1,,0.4398498,7.832,0.995284,11.719,0.9847523,2.5519,8,3,24
9.2529,19.1435,87.8114,0.8355851,O=c1c(O)c(-c2ccc(C(F)(F)F)c(-c3ccc(F)cc3F)c2)oc2cc(O)cc(O)c12,1,Oc1c(-c2cc([*])c([*])cc2)oc2cc(O)cc(O)c2c1=O,c1(F)cc(F)c(*)cc1|FC(*)(F)F,,0.6800708,8.524,0.9497942,10.043,0.9763065,2.708,8,3,24
13.8902,24.5306,85.328,0.8582699,O=c1c(O)c(-c2ccc(C(F)(F)F)c(-c3cccc(C(F)F)c3)c2)oc2cc(O)cc(O)c12,1,Oc1c(-c2cc([*])c([*])cc2)oc2cc(O)cc(O)c2c1=O,FC(c1cc(*)ccc1)F|FC(F)(*)F,,0.6985585,8.584,0.9933988,11.484,0.9670888,2.8255,8,3,24
8.9647,19.7849,85.2921,0.8209137,O=c1c(O)c(-c2ccc(C(F)(F)F)c(-c3cccc(F)c3)c2)oc2cc(O)cc(O)c12,1,Oc1c(-c2cc([*])c([*])cc2)oc2cc(O)cc(O)c2c1=O,c1(F)cccc(*)c1|FC(*)(F)F,,0.6263624,8.359,0.9843541,10.878,0.9806944,2.6353,8,3,24
7.3643,23.078,79.1772,0.7988689,Nc1ccc(-c2oc3cc(O)cc(O)c3c(=O)c2O)cc1Nc1cccc(F)c1F,1,Oc1c(-c2cc([*])c([*])cc2)oc2cc(O)cc(O)c2c1=O,c1(F)c(F)cccc1N*|N*,,0.5879413,8.247,0.9813017,10.752,0.9774727,2.6901,8,3,24
14.8159,29.8386,-29.8386,0.0,c1ccc(F)cc1F)*|C1CN(*)CCN1,0,Oc1c(-c2cc([*])c([*])cc2)oc2cc(O)cc(O)c2c1=O,c1ccc(F)cc1F)*|C1CN(*)CCN1,,0.0,0.0,0.0,0.0,0.0,0.0,8,3,24
9.9247,17.0804,67.0846,0.6575386,Cc1ccccc1-c1cc(-c2oc3cc(O)cc(O)c3c(=O)c2O)ccc1N,1,Oc1c(-c2cc([*])c([*])cc2)oc2cc(O)cc(O)c2c1=O,Cc1ccccc1*|N*,,0.354977,7.585,0.9944717,11.608,0.9863272,2.5135,8,3,24
7.6396,18.0546,81.8919,0.7808321,Nc1cc(-c2oc3cc(O)cc(O)c3c(=O)c2O)ccc1-c1ccc(F)cc1F,1,Oc1c(-c2cc([*])c([*])cc2)oc2cc(O)cc(O)c2c1=O,N*|c1c(F)ccc(*)c1F,,0.5498431,8.139,0.9893227,11.147,0.9809227,2.6311,8,3,24
5.5125,9.2143,90.1069,0.7759475,O=c1c(O)c(-c2ccc(C(F)(F)F)c(C(F)(F)F)c2)oc2cc(O)cc(O)c12,1,Oc1c(-c2cc([*])c([*])cc2)oc2cc(O)cc(O)c2c1=O,FC(F)(F)*|FC(F)(F)*,,0.5437805,8.122,0.9890767,11.131,0.9724209,2.7622,8,3,24
15.6264,32.6412,80.0458,0.8803669,O=c1c(O)c(-c2ccc(Nc3ccccc3F)c(Nc3ccc(F)c(F)c3)c2)oc2cc(O)cc(O)c12,1,Oc1c(-c2cc([*])c([*])cc2)oc2cc(O)cc(O)c2c1=O,c1c(F)c(F)ccc1N*|c1(F)ccccc1N*,,0.7759044,8.863,0.9486146,10.026,0.9761633,2.7102,8,3,24
7.7534,17.4796,93.815,0.8694887,Nc1ccc(-c2oc3cc(O)cc(O)c3c(=O)c2O)cc1-c1c(F)c(F)c(F)c(F)c1F,1,Oc1c(-c2cc([*])c([*])cc2)oc2cc(O)cc(O)c2c1=O,Fc1c(F)c(F)c(F)c(F)c1*|*N,,0.7239634,8.67,0.9986509,12.591,0.9507337,2.9716,8,3,24
5.3842,10.1057,-10.1057,0.0,O=c1c(O)c(-c2ccc(C(F)(F)F)c(C(F)(F)F)c2)oc2cc(O)cc(O)c12,2,Oc1c(-c2cc([*])c([*])cc2)oc2cc(O)cc(O)c2c1=O,FC(*)(F)F|FC(F)(F)*,,0.0,8.122,0.0,11.131,0.0,2.7622,8,3,24
8.2901,12.9115,74.95,0.6864178,O=c1c(O)c(-c2ccc(C(F)F)c(C(F)(F)F)c2)oc2cc(O)cc(O)c12,1,Oc1c(-c2cc([*])c([*])cc2)oc2cc(O)cc(O)c2c1=O,FC(*)(F)F|FC(F)*,,0.4061446,7.736,0.9784395,10.651,0.9649687,2.848,8,3,24
5.9365,11.2139,-11.2139,0.0,O=c1c(O)c(-c2ccc(C(F)(F)F)c(C(F)(F)F)c2)oc2cc(O)cc(O)c12,2,Oc1c(-c2cc([*])c([*])cc2)oc2cc(O)cc(O)c2c1=O,FC(F)(*)F|FC(*)(F)F,,0.0,8.122,0.0,11.131,0.0,2.7622,8,3,24
6.5014,18.8491,79.8062,0.7707443,Nc1cc(-c2oc3cc(O)cc(O)c3c(=O)c2O)ccc1-c1ccccc1F,1,Oc1c(-c2cc([*])c([*])cc2)oc2cc(O)cc(O)c2c1=O,N*|c1cccc(F)c1*,,0.5280334,8.078,0.9951954,11.706,0.9849455,2.5474,8,3,24
15.1624,28.853,44.4033,0.5723147,CNN=CCNc1cc(-c2oc3cc(O)cc(O)c3c(=O)c2O)ccc1C(F)F,1,Oc1c(-c2cc([*])c([*])cc2)oc2cc(O)cc(O)c2c1=O,*NCC=NNC|FC(F)*,,0.2847473,7.36,0.9352935,9.856,0.8656843,3.3526,8,3,24
10.9903,27.8002,81.4995,0.8539036,O=c1c(O)c(-c2ccc(-c3cccc(F)c3)c(-c3ccccc3F)c2)oc2cc(O)cc(O)c12,1,Oc1c(-c2cc([*])c([*])cc2)oc2cc(O)cc(O)c2c1=O,Fc1ccccc1*|c1c(F)cccc1*,,0.7847838,8.899,0.8650519,9.291,0.9850538,2.5449,8,3,24
8.3015,16.5778,82.0133,0.7702435,Nc1ccc(-c2oc3cc(O)cc(O)c3c(=O)c2O)cc1-c1cc(F)c(F)cc1F,1,Oc1c(-c2cc([*])c([*])cc2)oc2cc(O)cc(O)c2c1=O,Fc1c(F)cc(F)c(*)c1|N*,,0.5291092,8.081,0.996928,12.018,0.9743656,2.7361,8,3,24
8.2373,21.9648,-21.9648,0.0,O=c1c(O)c(-c2ccc(C(F)(F)F)c(-c3ccc(F)cc3F)c2)oc2cc(O)cc(O)c12,2,Oc1c(-c2cc([*])c([*])cc2)oc2cc(O)cc(O)c2c1=O,c1c(F)ccc(*)c1F|FC(*)(F)F,,0.0,8.524,0.0,10.043,0.0,2.708,8,3,24
8.3912,17.0365,75.5304,0.7231794,CNc1ccc(-c2oc3cc(O)cc(O)c3c(=O)c2O)cc1-c1ccc(F)cc1,1,Oc1c(-c2cc([*])c([*])cc2)oc2cc(O)cc(O)c2c1=O,c1cc(F)ccc1*|*NC,,0.4565765,7.879,0.9813281,10.753,0.9853138,2.5387,8,3,24
5.0391,9.2143,-9.2143,0.0,O=c1c(O)c(-c2ccc(C(F)(F)F)c(C(F)(F)F)c2)oc2cc(O)cc(O)c12,2,Oc1c(-c2cc([*])c([*])cc2)oc2cc(O)cc(O)c2c1=O,FC(F)(F)*|FC(F)(F)*,,0.0,8.122,0.0,11.131,0.0,2.7622,8,3,24
7.1706,25.0686,73.0655,0.7666722,O=c1c(O)c(-c2ccc(C(F)(F)F)c(-c3cccc(F)c3F)c2)oc2cc(O)cc(O)c12,1,Oc1c(-c2cc([*])c([*])cc2)oc2cc(O)cc(O)c2c1=O,c1(F)c(F)cccc1*|FC(*)(F)F,,0.5707581,8.198,0.9137377,9.64,0.9738706,2.7429,8,3,24
12.047,16.8366,77.5919,0.737723,Nc1ccc(-c2oc3cc(O)cc(O)c3c(=O)c2O)cc1-c1ccc(F)c(Cl)c1,1,Oc1c(-c2cc([*])c([*])cc2)oc2cc(O)cc(O)c2c1=O,c1(F)c(Cl)cc(*)cc1|N*,,0.4759135,7.933,0.9912415,11.286,0.9818648,2.6132,8,3,24
8.2119,16.9351,77.1968,0.7354057,Nc1ccc(-c2oc3cc(O)cc(O)c3c(=O)c2O)cc1-c1cc(F)ccc1F,1,Oc1c(-c2cc([*])c([*])cc2)oc2cc(O)cc(O)c2c1=O,*c1cc(F)ccc1F|N*,,0.4701737,7.917,0.9960347,11.84,0.9807748,2.6338,8,3,24
6.4577,19.3696,70.3781,0.7011539,Nc1ccc(-c2oc3cc(O)cc(O)c3c(=O)c2O)cc1Nc1ccccc1F,1,Oc1c(-c2cc([*])c([*])cc2)oc2cc(O)cc(O)c2c1=O,c1(F)ccccc1N*|N*,,0.4267757,7.795,0.9721635,10.469,0.9844387,2.5591,8,3,24
6.4147,20.9834,80.7399,0.7947137,O=c1c(O)c(-c2ccc(C(F)(F)F)c(-c3ccc(F)c(F)c3)c2)oc2cc(O)cc(O)c12,1,Oc1c(-c2cc([*])c([*])cc2)oc2cc(O)cc(O)c2c1=O,c1cc(F)c(F)cc1*|FC(*)(F)F,,0.5767413,8.215,0.9875849,11.041,0.9771079,2.6958,8,3,24
7.3624,12.3118,63.0645,0.5888772,Nc1ccc(-c2oc3cc(O)cc(O)c3c(=O)c2O)cc1C(F)(F)F,1,c1cc([*])c([*])cc1-c1oc2cc(O)cc(O)c2c(=O)c1O,N*|C(F)(*)(F)F,,0.2751747,7.327,0.9776044,10.624,0.9785444,2.6728,1,4,25
8.9994,23.732,79.997,0.8103825,O=c1c(O)c(-c2ccc(NCc3c(F)cccc3F)c(C(F)(F)F)c2)oc2cc(O)cc(O)c12,1,c1cc([*])c([*])cc1-c1oc2cc(O)cc(O)c2c(=O)c1O,C(N*)c1c(F)cccc1F|FC(*)(F)F,,0.6025026,8.289,0.9955146,11.754,0.9714874,2.7741,1,4,25
10.8901,21.3277,84.4713,0.8265547,O=c1c(O)c(-c2ccc(Nc3c(F)cccc3F)c(C(F)(F)F)c2)oc2cc(O)cc(O)c12,1,c1cc([*])c([*])cc1-c1oc2cc(O)cc(O)c2c(=O)c1O,Fc1c(N*)c(F)ccc1|FC(*)(F)F,,0.6374084,8.392,0.9878813,11.058,0.9729998,2.7546,1,4,25
7.8309,16.5094,67.1678,0.6537281,Nc1ccc(-c2oc3cc(O)cc(O)c3c(=O)c2O)cc1-c1ccccc1F,1,c1cc([*])c([*])cc1-c1oc2cc(O)cc(O)c2c(=O)c1O,N*|c1ccc(F)c(*)c1,,0.35005,7.57,0.9944479,11.605,0.9852843,2.5394,1,4,25
4.4542,7.0305,71.5938,0.6142521,Nc1ccc(-c2oc3cc(O)cc(O)c3c(=O)c2O)cc1N,1,c1cc([*])c([*])cc1-c1oc2cc(O)cc(O)c2c(=O)c1O,N*|N*,,0.3390009,7.536,0.8808361,9.39,0.9807119,2.635,1,4,25
6.8526,16.5004,75.5574,0.7192015,O=c1c(O)c(-c2ccc(NCc3ccccc3)c(C(F)(F)F)c2)oc2cc(O)cc(O)c12,1,c1cc([*])c([*])cc1-c1oc2cc(O)cc(O)c2c(=O)c1O,*NCc1ccccc1|FC(F)(F)*,,0.444109,7.844,0.9953444,11.728,0.9847523,2.5519,1,4,25
5.9024,10.8241,76.7094,0.6838555,Nc1cc(-c2oc3cc(O)cc(O)c3c(=O)c2O)ccc1C(F)(F)F,1,c1cc([*])c([*])cc1-c1oc2cc(O)cc(O)c2c(=O)c1O,FC(*)(F)F|N*,,0.4040637,7.73,0.9696021,10.406,0.974395,2.7357,1,4,25
7.4656,19.5824,77.3921,0.7576132,Nc1cc(-c2oc3cc(O)cc(O)c3c(=O)c2O)ccc1Nc1ccc(F)cc1F,1,c1cc([*])c([*])cc1-c1oc2cc(O)cc(O)c2c(=O)c1O,c1(F)cc(F)ccc1N*|N*,,0.5133086,8.037,0.9827489,10.809,0.9808339,2.6328,1,4,25
9.9294,30.9404,-30.9404,0.0,c1(F)c(F)c(F)c(F)c(F)c1F)*|N*,0,c1cc([*])c([*])cc1-c1oc2cc(O)cc(O)c2c(=O)c1O,c1(F)c(F)c(F)c(F)c(F)c1F)*|N*,,0.0,0.0,0.0,0.0,0.0,0.0,1,4,25
9.7786,21.7458,53.5053,0.5878991,O=c1c(O)c(-c2ccc(C(F)(F)F)c(-c3c(F)cccc3F)c2)oc2cc(O)cc(O)c12,1,c1cc([*])c([*])cc1-c1oc2cc(O)cc(O)c2c(=O)c1O,FC(*)(F)F|c1ccc(F)c(*)c1F,,0.687229,8.547,0.3909674,7.692,0.9728146,2.757,1,4,25
6.4894,25.1352,75.396,0.7854004,Nc1cc(-c2oc3cc(O)cc(O)c3c(=O)c2O)ccc1Nc1cccc(F)c1F,1,c1cc([*])c([*])cc1-c1oc2cc(O)cc(O)c2c(=O)c1O,c1(F)c(F)cccc1N*|*N,,0.5583766,8.163,0.9901131,11.201,0.9777582,2.6856,1,4,25
11.8614,25.5615,6.7798,0.2526663,O=c1c(O)c(-c2ccc(Nc3ccccc3)c(-c3ccc(F)cc3F)c2)oc2cc(O)cc(O)c12,1,c1cc([*])c([*])cc1-c1oc2cc(O)cc(O)c2c(=O)c1O,c1ccccc1N*|c1c(F)cc(F)c(*)c1,,0.7256855,8.676,0.0446221,5.871,0.9820626,2.6093,1,4,25
5.5332,21.2008,83.2301,0.8158664,O=c1c(O)c(-c2ccc(Nc3ccc(F)c(F)c3)c(C(F)(F)F)c2)oc2cc(O)cc(O)c12,1,c1cc([*])c([*])cc1-c1oc2cc(O)cc(O)c2c(=O)c1O,c1c(F)c(F)ccc1N*|FC(F)(F)*,,0.6148422,8.325,0.9894736,11.157,0.9766963,2.7021,1,4,25
15.4014,32.0742,-32.0614,9.94e-05,O=C(Cc1ccc(-c2oc3cc(O)cc(O)c3c(=O)c2O)cc1C(F)(F)F)Nc1c(F)cccc1F,1,c1cc([*])c([*])cc1-c1oc2cc(O)cc(O)c2c(=O)c1O,O=C(C*)Nc1c(F)cccc1F|FC(F)(F)*,,1e-05,0.0,1e-05,0.0,0.9701384,2.7906,1,4,25
7.9025,17.5765,89.1944,0.834148,O=c1c(O)c(-c2ccc(Nc3ccccc3)c(C(F)(F)F)c2)oc2cc(O)cc(O)c12,1,c1cc([*])c([*])cc1-c1oc2cc(O)cc(O)c2c(=O)c1O,c1(N*)ccccc1|FC(F)(F)*,,0.6642163,8.474,0.9640779,10.286,0.9848546,2.5495,1,4,25
4.2777,9.1826,-9.1826,0.0,Nc1ccc(-c2oc3cc(O)cc(O)c3c(=O)c2O)cc1C(F)(F)F,2,c1cc([*])c([*])cc1-c1oc2cc(O)cc(O)c2c(=O)c1O,N*|FC(F)(F)*,,0.0,7.327,0.0,10.624,0.0,2.6728,1,4,25
7.7474,18.9135,70.7798,0.7007293,Nc1ccc(-c2oc3cc(O)cc(O)c3c(=O)c2O)cc1Nc1ccccc1F,1,c1cc([*])c([*])cc1-c1oc2cc(O)cc(O)c2c(=O)c1O,N*|Fc1ccccc1N*,,0.4264237,7.794,0.9714937,10.452,0.9844387,2.5591,1,4,25
9.1102,25.93,82.9338,0.8504988,O=c1c(O)c(-c2ccc(C(F)(F)F)c(Nc3cccc(F)c3F)c2)oc2cc(O)cc(O)c12,1,c1cc([*])c([*])cc1-c1oc2cc(O)cc(O)c2c(=O)c1O,FC(F)(F)*|c1(F)c(F)cccc1N*,,0.723388,8.668,0.9360729,9.865,0.9705243,2.786,1,4,25
5.5711,23.4482,-23.4482,0.0,Nc1cc(-c2oc3cc(O)cc(O)c3c(=O)c2O)ccc1Nc1cccc(F)c1F,2,c1cc([*])c([*])cc1-c1oc2cc(O)cc(O)c2c(=O)c1O,c1ccc(F)c(F)c1N*|N*,,0.0,8.163,0.0,11.201,0.0,2.6856,1,4,25
7.4715,13.1762,71.2606,0.659663,Nc1ccc(-c2oc3cc(O)cc(O)c3c(=O)c2O)cc1-c1ccc(F)cc1,1,c1cc([*])c([*])cc1-c1oc2cc(O)cc(O)c2c(=O)c1O,N*|Fc1ccc(*)cc1,,0.3582789,7.595,0.9928385,11.427,0.9872141,2.4899,1,4,25
6.1933,6.8207,-6.8207,0.0,Nc1ccc(-c2oc3cc(O)cc(O)c3c(=O)c2O)cc1N,2,c1cc([*])c([*])cc1-c1oc2cc(O)cc(O)c2c(=O)c1O,*N|N*,,0.0,7.536,0.0,9.39,0.0,2.635,1,4,25
5.9316,11.3314,86.919,0.7675818,O=c1c(O)c(-c2ccc(C(F)(F)F)c(C(F)(F)F)c2)oc2cc(O)cc(O)c12,1,c1cc([*])c([*])cc1-c1oc2cc(O)cc(O)c2c(=O)c1O,FC(*)(F)F|FC(*)(F)F,,0.5416378,8.116,0.9664416,10.335,0.9724209,2.7622,1,4,25
7.6087,17.1264,81.3583,0.7694114,Nc1ccc(-c2oc3cc(O)cc(O)c3c(=O)c2O)cc1-c1cc(F)c(F)cc1F,1,c1cc([*])c([*])cc1-c1oc2cc(O)cc(O)c2c(=O)c1O,N*|Fc1cc(F)c(F)cc1*,,0.5276746,8.077,0.9969413,12.021,0.9743656,2.7361,1,4,25
10.8148,14.6771,67.2983,0.640433,Nc1ccc(-c2oc3cc(O)cc(O)c3c(=O)c2O)cc1-c1ccco1,1,c1cc([*])c([*])cc1-c1oc2cc(O)cc(O)c2c(=O)c1O,*N|o1c(*)ccc1,,0.3390009,7.536,0.9792441,10.678,0.9776534,2.6872,1,4,25
8.145,18.5402,84.4514,0.8046213,Nc1cc(-c2oc3cc(O)cc(O)c3c(=O)c2O)ccc1NCc1ccc(F)cc1F,1,c1cc([*])c([*])cc1-c1oc2cc(O)cc(O)c2c(=O)c1O,*NCc1ccc(F)cc1F|N*,,0.5962828,8.271,0.9841309,10.868,0.9793714,2.6588,1,4,25
10.3592,19.3324,50.577,0.5461678,CNc1ccc(-c2oc3cc(O)cc(O)c3c(=O)c2O)cc1C(F)F,1,c1cc([*])c([*])cc1-c1oc2cc(O)cc(O)c2c(=O)c1O,N(C)*|FC(F)*,,0.2324612,7.17,0.9640779,10.286,0.9676209,2.8196,1,4,25
7.904,24.1671,85.7532,0.8587518,O=c1c(O)c(-c2ccc(Nc3ccccc3F)c(C(F)(F)F)c2)oc2cc(O)cc(O)c12,1,c1cc([*])c([*])cc1-c1oc2cc(O)cc(O)c2c(=O)c1O,*Nc1ccccc1F|FC(F)(*)F,,0.6982555,8.583,0.9883378,11.085,0.9806159,2.6368,1,4,25
7.0079,21.9425,-21.9425,0.0,O=c1c(O)c(-c2ccc(Nc3ccc(F)c(F)c3)c(C(F)(F)F)c2)oc2cc(O)cc(O)c12,2,c1cc([*])c([*])cc1-c1oc2cc(O)cc(O)c2c(=O)c1O,c1c(F)c(F)ccc1N*|FC(F)(*)F,,0.0,8.325,0.0,11.157,0.0,2.7021,1,4,25
3.7152,9.1826,-9.1826,0.0,Nc1ccc(-c2oc3cc(O)cc(O)c3c(=O)c2O)cc1C(F)(F)F,2,c1cc([*])c([*])cc1-c1oc2cc(O)cc(O)c2c(=O)c1O,N*|FC(F)(F)*,,0.0,7.327,0.0,10.624,0.0,2.6728,1,4,25
4.9294,6.3375,-6.3375,0.0,Nc1ccc(-c2oc3cc(O)cc(O)c3c(=O)c2O)cc1N,2,c1cc([*])c([*])cc1-c1oc2cc(O)cc(O)c2c(=O)c1O,N*|*N,,0.0,7.536,0.0,9.39,0.0,2.635,1,4,25
10.7236,22.4688,71.5746,0.734714,O=c1c(O)c(-c2ccc(-c3c(F)cc(F)cc3F)c(C(F)(F)F)c2)oc2cc(O)cc(O)c12,1,c1cc([*])c([*])cc1-c1oc2cc(O)cc(O)c2c(=O)c1O,c1(F)cc(F)cc(F)c1*|FC(F)(F)*,,0.4942439,7.984,0.9524691,10.083,0.9660674,2.8365,1,4,25
6.7982,17.365,-17.365,0.0,Nc1ccc(-c2oc3cc(O)cc(O)c3c(=O)c2O)cc1-c1ccccc1F,2,c1cc([*])c([*])cc1-c1oc2cc(O)cc(O)c2c(=O)c1O,N*|c1cccc(F)c1*,,0.0,7.57,0.0,11.605,0.0,2.5394,1,4,25
7.866,15.0057,88.4125,0.8079544,O=c1c(O)c(-c2ccc(C(F)(F)F)c(-c3ccco3)c2)oc2cc(O)cc(O)c12,1,c1(=O)c2c(cc(O)cc2O)oc(-c2ccc([*])c([*])c2)c1O,FC(F)(F)*|o1cccc1*,,0.6127955,8.319,0.9715336,10.453,0.9713765,2.7755,2,4,26
3.3733,6.7291,71.8952,0.6142521,Nc1ccc(-c2oc3cc(O)cc(O)c3c(=O)c2O)cc1N,1,c1(=O)c2c(cc(O)cc2O)oc(-c2ccc([*])c([*])c2)c1O,N*|N*,,0.3390009,7.536,0.8808361,9.39,0.9807119,2.635,2,4,26
11.8959,18.3644,62.502,0.6317682,CC(Nc1ccc(-c2oc3cc(O)cc(O)c3c(=O)c2O)cc1C(F)(F)F)c1ccco1,1,c1(=O)c2c(cc(O)cc2O)oc(-c2ccc([*])c([*])c2)c1O,*NC(c1occc1)C|FC(F)(F)*,,0.3458056,7.557,0.9708084,10.435,0.8930128,3.2628,2,4,26
7.7096,20.7715,89.1487,0.8587518,O=c1c(O)c(-c2ccc(Nc3ccccc3F)c(C(F)(F)F)c2)oc2cc(O)cc(O)c12,1,c1(=O)c2c(cc(O)cc2O)oc(-c2ccc([*])c([*])c2)c1O,c1cccc(F)c1N*|FC(*)(F)F,,0.6982555,8.583,0.9883378,11.085,0.9806159,2.6368,2,4,26
15.2476,22.3094,69.6603,0.7185132,O=c1c(O)c(-c2ccc(Nc3ccon3)c(C(F)(F)F)c2)oc2cc(O)cc(O)c12,1,c1(=O)c2c(cc(O)cc2O)oc(-c2ccc([*])c([*])c2)c1O,o1ccc(N*)n1|*C(F)(F)F,,0.4719667,7.922,0.9484741,10.024,0.9556526,2.9333,2,4,26
10.2334,23.003,60.442,0.6519144,O=c1c(O)c(-c2ccc(Nc3ccco3)c(C(F)(F)F)c2)oc2cc(O)cc(O)c12,1,c1(=O)c2c(cc(O)cc2O)oc(-c2ccc([*])c([*])c2)c1O,c1oc(N*)cc1|FC(*)(F)F,,0.3865218,7.679,0.9094471,9.603,0.9529061,2.9551,2,4,26
8.738,18.071,84.4487,0.8009351,Nc1cc(-c2oc3cc(O)cc(O)c3c(=O)c2O)ccc1-c1c(F)cccc1F,1,c1(=O)c2c(cc(O)cc2O)oc(-c2ccc([*])c([*])c2)c1O,Fc1cccc(F)c1*|*N,,0.5872439,8.245,0.9886649,11.105,0.977803,2.6848,2,4,26
11.7223,19.692,74.2628,0.7340215,O=c1c(O)c(-c2ccc(C(F)F)c(-c3ccco3)c2)oc2cc(O)cc(O)c12,1,c1(=O)c2c(cc(O)cc2O)oc(-c2ccc([*])c([*])c2)c1O,FC(F)*|c1oc(*)cc1,,0.4777086,7.938,0.9838818,10.857,0.964566,2.8521,2,4,26
4.9112,10.7476,87.5029,0.7675818,O=c1c(O)c(-c2ccc(C(F)(F)F)c(C(F)(F)F)c2)oc2cc(O)cc(O)c12,1,c1(=O)c2c(cc(O)cc2O)oc(-c2ccc([*])c([*])c2)c1O,FC(*)(F)F|FC(F)(*)F,,0.5416378,8.116,0.9664416,10.335,0.9724209,2.7622,2,4,26
3.8707,9.3733,66.003,0.5888772,Nc1ccc(-c2oc3cc(O)cc(O)c3c(=O)c2O)cc1C(F)(F)F,1,c1(=O)c2c(cc(O)cc2O)oc(-c2ccc([*])c([*])c2)c1O,N*|FC(F)(*)F,,0.2751747,7.327,0.9776044,10.624,0.9785444,2.6728,2,4,26
12.8279,19.9974,84.2614,0.8145216,O=c1c(O)c(-c2ccc(C(F)(F)F)c(Nc3cc(F)c(F)cc3F)c2)oc2cc(O)cc(O)c12,1,c1(=O)c2c(cc(O)cc2O)oc(-c2ccc([*])c([*])c2)c1O,FC(F)(*)F|c1c(F)c(N*)cc(F)c1F,,0.8019966,8.972,0.7602719,8.802,0.9643397,2.8544,2,4,26
7.7082,16.4167,87.7653,0.8139215,Nc1ccc(-c2oc3cc(O)cc(O)c3c(=O)c2O)cc1-c1cccc(F)c1F,1,c1(=O)c2c(cc(O)cc2O)oc(-c2ccc([*])c([*])c2)c1O,N*|Fc1cccc(*)c1F,,0.6059442,8.299,0.9967373,11.976,0.9792326,2.6612,2,4,26
7.393,19.3425,-19.3425,0.0,O=c1c(O)c(-c2ccc(Nc3ccccc3F)c(C(F)(F)F)c2)oc2cc(O)cc(O)c12,2,c1(=O)c2c(cc(O)cc2O)oc(-c2ccc([*])c([*])c2)c1O,c1(F)ccccc1N*|FC(F)(*)F,,0.0,8.583,0.0,11.085,0.0,2.6368,2,4,26
14.1435,28.2365,59.381,0.6845118,O=c1c(O)c(-c2ccc(Nc3ccccc3F)c(-c3ccc(F)c(F)c3)c2)oc2cc(O)cc(O)c12,1,c1(=O)c2c(cc(O)cc2O)oc(-c2ccc([*])c([*])c2)c1O,Fc1c(N*)cccc1|c1cc(F)c(F)cc1*,,0.7539204,8.778,0.5197777,8.055,0.9786299,2.6714,2,4,26
4.9622,9.1278,-9.1278,0.0,O=c1c(O)c(-c2ccc(C(F)(F)F)c(C(F)(F)F)c2)oc2cc(O)cc(O)c12,2,c1(=O)c2c(cc(O)cc2O)oc(-c2ccc([*])c([*])c2)c1O,FC(F)(F)*|FC(F)(F)*,,0.0,8.116,0.0,10.335,0.0,2.7622,2,4,26
4.8778,9.3935,78.1401,0.6838555,Nc1cc(-c2oc3cc(O)cc(O)c3c(=O)c2O)ccc1C(F)(F)F,1,c1(=O)c2c(cc(O)cc2O)oc(-c2ccc([*])c([*])c2)c1O,FC(F)(F)*|N*,,0.4040637,7.73,0.9696021,10.406,0.974395,2.7357,2,4,26
8.3928,18.3631,56.8879,0.5878991,O=c1c(O)c(-c2ccc(C(F)(F)F)c(-c3c(F)cccc3F)c2)oc2cc(O)cc(O)c12,1,c1(=O)c2c(cc(O)cc2O)oc(-c2ccc([*])c([*])c2)c1O,FC(F)(F)*|c1(F)cccc(F)c1*,,0.687229,8.547,0.3909674,7.692,0.9728146,2.757,2,4,26
4.957,9.7777,-9.7777,0.0,O=c1c(O)c(-c2ccc(C(F)(F)F)c(C(F)(F)F)c2)oc2cc(O)cc(O)c12,2,c1(=O)c2c(cc(O)cc2O)oc(-c2ccc([*])c([*])c2)c1O,FC(F)(*)F|FC(F)(F)*,,0.0,8.116,0.0,10.335,0.0,2.7622,2,4,26
4.0844,6.7291,-6.7291,0.0,Nc1ccc(-c2oc3cc(O)cc(O)c3c(=O)c2O)cc1N,2,c1(=O)c2c(cc(O)cc2O)oc(-c2ccc([*])c([*])c2)c1O,N*|N*,,0.0,7.536,0.0,9.39,0.0,2.635,2,4,26
8.7054,12.365,64.4155,0.5998469,CNc1ccc(-c2oc3cc(O)cc(O)c3c(=O)c2O)cc1N,1,c1(=O)c2c(cc(O)cc2O)oc(-c2ccc([*])c([*])c2)c1O,N(C)*|N*,,0.3240134,7.489,0.8687052,9.313,0.9802377,2.6436,2,4,26
6.7845,18.7653,85.6518,0.8157583,Nc1cc(-c2oc3cc(O)cc(O)c3c(=O)c2O)ccc1Nc1cc(F)ccc1F,1,c1(=O)c2c(cc(O)cc2O)oc(-c2ccc([*])c([*])c2)c1O,*Nc1cc(F)ccc1F|N*,,0.6172249,8.332,0.9837443,10.851,0.9798424,2.6506,2,4,26
6.9032,6.2138,-6.2138,0.0,Nc1ccc(-c2oc3cc(O)cc(O)c3c(=O)c2O)cc1N,2,c1(=O)c2c(cc(O)cc2O)oc(-c2ccc([*])c([*])c2)c1O,*N|*N,,0.0,7.536,0.0,9.39,0.0,2.635,2,4,26
10.0839,19.015,92.1403,0.8684008,Nc1cc(-c2oc3cc(O)cc(O)c3c(=O)c2O)ccc1NCc1ccc(F)c(F)c1F,1,c1(=O)c2c(cc(O)cc2O)oc(-c2ccc([*])c([*])c2)c1O,*NCc1ccc(F)c(F)c1F|N*,,0.7350374,8.709,0.9705626,10.429,0.9703648,2.7879,2,4,26
10.2357,21.744,82.209,0.8121321,O=c1c(O)c(-c2ccc(Nc3cccc(F)c3F)c(C(F)(F)F)c2)oc2cc(O)cc(O)c12,1,c1(=O)c2c(cc(O)cc2O)oc(-c2ccc([*])c([*])c2)c1O,N(*)c1cccc(F)c1F|FC(F)(F)*,,0.6138192,8.322,0.981925,10.776,0.9725139,2.761,2,4,26
8.5029,15.6943,88.7366,0.8158664,O=c1c(O)c(-c2ccc(Nc3ccc(F)c(F)c3)c(C(F)(F)F)c2)oc2cc(O)cc(O)c12,1,c1(=O)c2c(cc(O)cc2O)oc(-c2ccc([*])c([*])c2)c1O,*Nc1cc(F)c(F)cc1|FC(F)(*)F,,0.6148422,8.325,0.9894736,11.157,0.9766963,2.7021,2,4,26
4.111,9.9082,-9.9082,0.0,Nc1ccc(-c2oc3cc(O)cc(O)c3c(=O)c2O)cc1C(F)(F)F,2,c1(=O)c2c(cc(O)cc2O)oc(-c2ccc([*])c([*])c2)c1O,N*|FC(*)(F)F,,0.0,7.327,0.0,10.624,0.0,2.6728,2,4,26
8.6932,17.5302,67.7493,0.6662458,Nc1ccc(-c2oc3cc(O)cc(O)c3c(=O)c2O)cc1NCc1ccccc1F,1,c1(=O)c2c(cc(O)cc2O)oc(-c2ccc([*])c([*])c2)c1O,N*|*NCc1ccccc1F,,0.376336,7.649,0.9706858,10.432,0.9837016,2.5754,2,4,26
7.2425,17.0016,69.9694,0.6794608,Nc1cc(-c2oc3cc(O)cc(O)c3c(=O)c2O)ccc1Nc1ccc(F)c(F)c1,1,c1(=O)c2c(cc(O)cc2O)oc(-c2ccc([*])c([*])c2)c1O,c1c(F)c(F)ccc1N*|*N,,0.5868952,8.244,0.6545201,8.444,0.9814203,2.6217,2,4,26
7.6962,15.9475,87.044,0.8046213,Nc1cc(-c2oc3cc(O)cc(O)c3c(=O)c2O)ccc1NCc1ccc(F)cc1F,1,c1(=O)c2c(cc(O)cc2O)oc(-c2ccc([*])c([*])c2)c1O,*NCc1ccc(F)cc1F|N*,,0.5962828,8.271,0.9841309,10.868,0.9793714,2.6588,2,4,26
8.9902,16.9809,68.3537,0.6666766,Nc1ccc(-c2oc3cc(O)cc(O)c3c(=O)c2O)cc1-c1c(F)cccc1F,1,c1(=O)c2c(cc(O)cc2O)oc(-c2ccc([*])c([*])c2)c1O,*N|c1(F)cccc(F)c1*,,0.3689345,7.627,0.9945968,11.624,0.9780997,2.6801,2,4,26
8.5119,17.272,-17.272,0.0,Nc1cc(-c2oc3cc(O)cc(O)c3c(=O)c2O)ccc1Nc1cc(F)ccc1F,2,c1(=O)c2c(cc(O)cc2O)oc(-c2ccc([*])c([*])c2)c1O,c1cc(F)c(N*)cc1F|N*,,0.0,8.332,0.0,10.851,0.0,2.6506,2,4,26
5.1047,10.7983,-10.7983,0.0,Nc1cc(-c2oc3cc(O)cc(O)c3c(=O)c2O)ccc1C(F)(F)F,2,c1(=O)c2c(cc(O)cc2O)oc(-c2ccc([*])c([*])c2)c1O,FC(*)(F)F|*N,,0.0,7.73,0.0,10.406,0.0,2.7357,2,4,26
7.9862,15.0237,81.3713,0.7530859,O=c1c(O)c(-c2ccc(C(F)(F)F)c(-c3ccc(F)cc3)c2)oc2cc(O)cc(O)c12,1,c1(-c2c(O)c(=O)c3c(O)cc(O)cc3o2)ccc([*])c([*])c1,FC(*)(F)F|c1c(F)ccc(*)c1,,0.5140275,8.039,0.9656391,10.318,0.9831514,2.5872,3,4,27
8.3587,14.2726,89.1456,0.8079544,O=c1c(O)c(-c2ccc(C(F)(F)F)c(-c3ccco3)c2)oc2cc(O)cc(O)c12,1,c1(-c2c(O)c(=O)c3c(O)cc(O)cc3o2)ccc([*])c([*])c1,FC(F)(*)F|*c1occc1,,0.6127955,8.319,0.9715336,10.453,0.9713765,2.7755,3,4,27
12.8112,23.3421,71.9371,0.7443694,Nc1cc(-c2oc3cc(O)cc(O)c3c(=O)c2O)ccc1Nc1c(F)c(N)c(F)c(F)c1F,1,c1(-c2c(O)c(=O)c3c(O)cc(O)cc3o2)ccc([*])c([*])c1,Fc1c(F)c(F)c(N)c(F)c1N*|N*,,0.738387,8.721,0.6683762,8.487,0.9382798,3.0545,3,4,27
8.9409,7.9485,72.7044,0.6301007,Cc1ccc(-c2oc3cc(O)cc(O)c3c(=O)c2O)cc1C(F)(F)F,1,c1(-c2c(O)c(=O)c3c(O)cc(O)cc3o2)ccc([*])c([*])c1,*C|FC(F)(F)*,,0.3240134,7.489,0.9809284,10.738,0.9832168,2.5858,3,4,27
8.0605,17.8751,80.3409,0.7673132,Nc1ccc(-c2oc3cc(O)cc(O)c3c(=O)c2O)cc1-c1cc(F)c(F)c(F)c1,1,c1(-c2c(O)c(=O)c3c(O)cc(O)cc3o2)ccc([*])c([*])c1,N*|c1c(F)c(F)c(F)cc1*,,0.5240867,8.067,0.9972652,12.099,0.973724,2.7449,3,4,27
9.0783,19.5339,91.5892,0.8681497,O=c1c(O)c(-c2ccc(-c3c(F)cccc3F)c(C(F)(F)F)c2)oc2cc(O)cc(O)c12,1,c1(-c2c(O)c(=O)c3c(O)cc(O)cc3o2)ccc([*])c([*])c1,c1ccc(F)c(*)c1F|FC(F)(*)F,,0.723388,8.668,0.9837902,10.853,0.9737011,2.7452,3,4,27
4.5738,9.9603,88.2902,0.7675818,O=c1c(O)c(-c2ccc(C(F)(F)F)c(C(F)(F)F)c2)oc2cc(O)cc(O)c12,1,c1(-c2c(O)c(=O)c3c(O)cc(O)cc3o2)ccc([*])c([*])c1,FC(F)(*)F|FC(F)(F)*,,0.5416378,8.116,0.9664416,10.335,0.9724209,2.7622,3,4,27
12.8255,19.2944,80.3698,0.7786271,Nc1cc(-c2oc3cc(O)cc(O)c3c(=O)c2O)ccc1Nc1ccccn1,1,c1(-c2c(O)c(=O)c3c(O)cc(O)cc3o2)ccc([*])c([*])c1,c1cnc(N*)cc1|N*,,0.5537581,8.15,0.9754966,10.56,0.9807443,2.6344,3,4,27
7.8084,23.5725,80.3804,0.8121321,O=c1c(O)c(-c2ccc(Nc3cccc(F)c3F)c(C(F)(F)F)c2)oc2cc(O)cc(O)c12,1,c1(-c2c(O)c(=O)c3c(O)cc(O)cc3o2)ccc([*])c([*])c1,*Nc1c(F)c(F)ccc1|FC(F)(*)F,,0.6138192,8.322,0.981925,10.776,0.9725139,2.761,3,4,27
8.384,28.0898,-28.0898,0.0,O=c1c(O)c(-c2ccc(Nc3cccc(F)c3F)c(C(F)(F)F)c2)oc2cc(O)cc(O)c12,2,c1(-c2c(O)c(=O)c3c(O)cc(O)cc3o2)ccc([*])c([*])c1,c1(F)c(N*)cccc1F|FC(*)(F)F,,0.0,8.322,0.0,10.776,0.0,2.761,3,4,27
9.2171,15.4044,89.6016,0.82036,Nc1ccc(-c2oc3cc(O)cc(O)c3c(=O)c2O)cc1Nc1ccc(F)cc1F,1,c1(-c2c(O)c(=O)c3c(O)cc(O)cc3o2)ccc([*])c([*])c1,N*|Fc1c(N*)ccc(F)c1,,0.6260254,8.358,0.9832775,10.831,0.980587,2.6373,3,4,27
10.688,17.1236,71.4384,0.6918907,Nc1cc(-c2oc3cc(O)cc(O)c3c(=O)c2O)ccc1NCc1ccoc1,1,c1(-c2c(O)c(=O)c3c(O)cc(O)cc3o2)ccc([*])c([*])c1,*NCc1ccoc1|N*,,0.4201002,7.776,0.9630165,10.265,0.9687555,2.8068,3,4,27
9.2045,20.9335,93.6463,0.8951548,O=c1c(O)c(-c2ccc(-c3cc(F)ccc3F)c(C(F)(F)F)c2)oc2cc(O)cc(O)c12,1,c1(-c2c(O)c(=O)c3c(O)cc(O)cc3o2)ccc([*])c([*])c1,Fc1ccc(F)cc1*|FC(F)(*)F,,0.7771531,8.868,0.9871177,11.015,0.9766519,2.7028,3,4,27
13.8706,24.187,85.906,0.8601013,O=c1c(O)c(-c2ccc(-c3ccc(F)c(F)c3)c(-c3ccoc3)c2)oc2cc(O)cc(O)c12,1,c1(-c2c(O)c(=O)c3c(O)cc(O)cc3o2)ccc([*])c([*])c1,Fc1ccc(*)cc1F|o1ccc(*)c1,,0.702784,8.598,0.9909881,11.266,0.970437,2.787,3,4,27
17.6489,24.5738,65.0461,0.7001554,O=c1c(O)c(-c2ccc(-c3c(F)cc(F)cc3F)c(-c3cccs3)c2)oc2cc(O)cc(O)c12,1,c1(-c2c(O)c(=O)c3c(O)cc(O)cc3o2)ccc([*])c([*])c1,Fc1c(*)c(F)cc(F)c1|*c1sccc1,,0.623664,8.351,0.6693322,8.49,0.9655783,2.8416,3,4,27
9.2322,22.2838,80.5012,0.8030082,O=c1c(O)c(-c2ccc(NCc3cc(F)ccc3F)c(C(F)(F)F)c2)oc2cc(O)cc(O)c12,1,c1(-c2c(O)c(=O)c3c(O)cc(O)cc3o2)ccc([*])c([*])c1,C(N*)c1cc(F)ccc1F|FC(F)(*)F,,0.5907277,8.255,0.9914024,11.299,0.9734761,2.7483,3,4,27
7.5647,15.0101,-15.0101,0.0,O=c1c(O)c(-c2ccc(C(F)(F)F)c(-c3ccc(F)cc3)c2)oc2cc(O)cc(O)c12,2,c1(-c2c(O)c(=O)c3c(O)cc(O)cc3o2)ccc([*])c([*])c1,FC(F)(F)*|c1cc(F)ccc1*,,0.0,8.039,0.0,10.318,0.0,2.5872,3,4,27
7.2439,21.3649,85.6618,0.8361463,O=c1c(O)c(-c2ccc(Nc3cc(F)ccc3F)c(C(F)(F)F)c2)oc2cc(O)cc(O)c12,1,c1(-c2c(O)c(=O)c3c(O)cc(O)cc3o2)ccc([*])c([*])c1,c1(F)ccc(F)cc1N*|FC(F)(F)*,,0.6580908,8.455,0.9838818,10.857,0.9748863,2.7288,3,4,27
5.042,10.8015,76.732,0.6838555,Nc1cc(-c2oc3cc(O)cc(O)c3c(=O)c2O)ccc1C(F)(F)F,1,c1(-c2c(O)c(=O)c3c(O)cc(O)cc3o2)ccc([*])c([*])c1,FC(*)(F)F|N*,,0.4040637,7.73,0.9696021,10.406,0.974395,2.7357,3,4,27
7.645,14.7265,70.6081,0.6666766,Nc1ccc(-c2oc3cc(O)cc(O)c3c(=O)c2O)cc1-c1c(F)cccc1F,1,c1(-c2c(O)c(=O)c3c(O)cc(O)cc3o2)ccc([*])c([*])c1,N*|c1cc(F)c(*)c(F)c1,,0.3689345,7.627,0.9945968,11.624,0.9780997,2.6801,3,4,27
16.4792,26.1567,62.2404,0.6906024,O=c1c(O)c(-c2ccc(N3CCOCC3)c(-c3cccc(F)c3F)c2)oc2cc(O)cc(O)c12,1,c1(-c2c(O)c(=O)c3c(O)cc(O)cc3o2)ccc([*])c([*])c1,O1CCN(*)CC1|c1(F)c(*)cccc1F,,0.6413902,8.404,0.6263624,8.359,0.9732947,2.7507,3,4,27
10.3185,15.7249,-15.7249,0.0,O=c1c(O)c(-c2ccc(C(F)(F)F)c(-c3ccco3)c2)oc2cc(O)cc(O)c12,2,c1(-c2c(O)c(=O)c3c(O)cc(O)cc3o2)ccc([*])c([*])c1,FC(*)(F)F|c1ccc(*)o1,,0.0,8.319,0.0,10.453,0.0,2.7755,3,4,27
6.5832,25.8685,-25.8685,0.0,O=c1c(O)c(-c2ccc(Nc3cccc(F)c3F)c(C(F)(F)F)c2)oc2cc(O)cc(O)c12,2,c1(-c2c(O)c(=O)c3c(O)cc(O)cc3o2)ccc([*])c([*])c1,Fc1c(F)cccc1N*|FC(F)(*)F,,0.0,8.322,0.0,10.776,0.0,2.761,3,4,27
7.4672,24.3914,90.7207,0.8993129,O=c1c(O)c(-c2ccc(Nc3ccc(F)c(F)c3F)c(C(F)(F)F)c2)oc2cc(O)cc(O)c12,1,c1(-c2c(O)c(=O)c3c(O)cc(O)cc3o2)ccc([*])c([*])c1,Fc1c(F)c(F)ccc1N*|FC(*)(F)F,,0.8013101,8.969,0.9737533,10.511,0.9661728,2.8354,3,4,27
16.8455,33.3585,48.1308,0.6366352,O=c1c(O)c(-c2ccc(Nc3cc(F)ccc3F)c(-c3ccc(F)s3)c2)oc2cc(O)cc(O)c12,1,c1(-c2c(O)c(=O)c3c(O)cc(O)cc3o2)ccc([*])c([*])c1,*Nc1c(F)ccc(F)c1|s1c(*)ccc1F,,0.710244,8.623,0.4673068,7.909,0.9493667,2.9816,3,4,27
11.1819,20.3979,82.9659,0.8075291,Nc1cc(-c2oc3cc(O)cc(O)c3c(=O)c2O)ccc1-c1cc(F)c(F)cc1F,1,c1(-c2c(O)c(=O)c3c(O)cc(O)cc3o2)ccc([*])c([*])c1,Fc1c(F)cc(F)c(*)c1|N*,,0.5955898,8.269,0.9970363,12.043,0.9738108,2.7437,3,4,27
7.817,17.9516,86.4793,0.8158664,O=c1c(O)c(-c2ccc(Nc3ccc(F)c(F)c3)c(C(F)(F)F)c2)oc2cc(O)cc(O)c12,1,c1(-c2c(O)c(=O)c3c(O)cc(O)cc3o2)ccc([*])c([*])c1,*Nc1cc(F)c(F)cc1|FC(*)(F)F,,0.6148422,8.325,0.9894736,11.157,0.9766963,2.7021,3,4,27
9.1976,21.2652,82.6793,0.8120666,O=c1c(O)c(-c2ccc(Nc3c(F)cc(F)cc3F)c(C(F)(F)F)c2)oc2cc(O)cc(O)c12,1,c1(-c2c(O)c(=O)c3c(O)cc(O)cc3o2)ccc([*])c([*])c1,c1c(F)cc(F)c(N*)c1F|FC(F)(*)F,,0.628717,8.366,0.9622921,10.251,0.9647924,2.8498,3,4,27
5.0471,10.6981,-10.6981,0.0,O=c1c(O)c(-c2ccc(C(F)(F)F)c(C(F)(F)F)c2)oc2cc(O)cc(O)c12,2,c1(-c2c(O)c(=O)c3c(O)cc(O)cc3o2)ccc([*])c([*])c1,FC(*)(F)F|FC(F)(*)F,,0.0,8.116,0.0,10.335,0.0,2.7622,3,4,27
18.0618,27.6101,36.4433,0.5004171,Nc1nc2ccc(Nc3ccc(-c4oc5cc(O)cc(O)c5c(=O)c4O)cc3C(F)(F)F)cc2o1,1,c1(-c2c(O)c(=O)c3c(O)cc(O)cc3o2)ccc([*])c([*])c1,*Nc1ccc2c(c1)oc(N)n2|FC(F)(*)F,,0.6816343,8.529,0.2663663,7.296,0.9519168,2.9627,3,4,27
10.2147,23.7026,81.6751,0.8232632,O=c1c(O)c(-c2ccc(NCc3c(F)ccc(F)c3F)c(C(F)(F)F)c2)oc2cc(O)cc(O)c12,1,c1(-c2c(O)c(=O)c3c(O)cc(O)cc3o2)ccc([*])c([*])c1,*NCc1c(F)c(F)ccc1F|FC(F)(F)*,,0.6330734,8.379,0.9905808,11.235,0.9616246,2.8808,3,4,27
8.9762,18.3941,87.1141,0.8242831,Nc1ccc(-c2oc3cc(O)cc(O)c3c(=O)c2O)cc1Nc1ccc(F)c(F)c1,1,c1(-c2c(O)c(=O)c3c(O)cc(O)cc3o2)ccc([*])c([*])c1,N*|Fc1cc(N*)ccc1F,,0.6293886,8.368,0.9894586,11.156,0.9811808,2.6263,3,4,27
6.5231,21.656,82.7749,0.8158664,O=c1c(O)c(-c2ccc(Nc3ccc(F)c(F)c3)c(C(F)(F)F)c2)oc2cc(O)cc(O)c12,1,c1(O)cc(O)cc2c1c(=O)c(O)c(-c1ccc([*])c([*])c1)o2,c1c(F)c(F)ccc1N*|FC(F)(F)*,,0.6148422,8.325,0.9894736,11.157,0.9766963,2.7021,4,4,28
5.6912,10.8621,87.3884,0.7675818,O=c1c(O)c(-c2ccc(C(F)(F)F)c(C(F)(F)F)c2)oc2cc(O)cc(O)c12,1,c1(O)cc(O)cc2c1c(=O)c(O)c(-c1ccc([*])c([*])c1)o2,FC(F)(*)F|FC(F)(*)F,,0.5416378,8.116,0.9664416,10.335,0.9724209,2.7622,4,4,28
5.8904,9.4919,78.0416,0.6838555,Nc1cc(-c2oc3cc(O)cc(O)c3c(=O)c2O)ccc1C(F)(F)F,1,c1(O)cc(O)cc2c1c(=O)c(O)c(-c1ccc([*])c([*])c1)o2,FC(F)(F)*|N*,,0.4040637,7.73,0.9696021,10.406,0.974395,2.7357,4,4,28
15.5378,33.038,-33.0253,9.9e-05,O=c1c(O)c(-c2ccc(Nc3cc(F)c(F)cc3F)c(-c3cc(F)c(F)cc3F)c2)oc2cc(O)cc(O)c12,1,c1(O)cc(O)cc2c1c(=O)c(O)c(-c1ccc([*])c([*])c1)o2,c1(F)cc(F)c(N*)cc1F|Fc1cc(*)c(F)cc1F,,1e-05,0.0,1e-05,0.0,0.951082,2.969,4,4,28
13.0361,20.7353,90.0893,0.8658167,O=c1c(O)c(-c2ccc(C(F)(F)F)c(Nc3ccc(F)cc3F)c2)oc2cc(O)cc(O)c12,1,c1(O)cc(O)cc2c1c(=O)c(O)c(-c1ccc([*])c([*])c1)o2,FC(F)(*)F|c1(N*)c(F)cc(F)cc1,,0.7181745,8.65,0.9839955,10.862,0.9742798,2.7373,4,4,28
6.0211,10.5003,-10.5003,0.0,O=c1c(O)c(-c2ccc(C(F)(F)F)c(C(F)(F)F)c2)oc2cc(O)cc(O)c12,2,c1(O)cc(O)cc2c1c(=O)c(O)c(-c1ccc([*])c([*])c1)o2,FC(*)(F)F|FC(F)(F)*,,0.0,8.116,0.0,10.335,0.0,2.7622,4,4,28
6.0687,9.7493,65.627,0.5888772,Nc1ccc(-c2oc3cc(O)cc(O)c3c(=O)c2O)cc1C(F)(F)F,1,c1(O)cc(O)cc2c1c(=O)c(O)c(-c1ccc([*])c([*])c1)o2,N*|FC(F)(*)F,,0.2751747,7.327,0.9776044,10.624,0.9785444,2.6728,4,4,28
8.6563,23.4839,79.4488,0.8041613,Nc1cc(-c2oc3cc(O)cc(O)c3c(=O)c2O)ccc1Nc1cc(F)c(F)c(F)c1,1,c1(O)cc(O)cc2c1c(=O)c(O)c(-c1ccc([*])c([*])c1)o2,c1c(F)c(F)c(F)cc1N*|*N,,0.6097178,8.31,0.9644251,10.293,0.9725705,2.7602,4,4,28
8.7784,23.7785,79.5714,0.8074215,O=c1c(O)c(-c2ccc(Nc3cccc(F)c3)c(C(F)(F)F)c2)oc2cc(O)cc(O)c12,1,c1(O)cc(O)cc2c1c(=O)c(O)c(-c1ccc([*])c([*])c1)o2,c1c(F)cccc1N*|FC(*)(F)F,,0.6093752,8.309,0.9710116,10.44,0.9801288,2.6456,4,4,28
7.9579,21.1652,85.8615,0.8361463,O=c1c(O)c(-c2ccc(Nc3cc(F)ccc3F)c(C(F)(F)F)c2)oc2cc(O)cc(O)c12,1,c1(O)cc(O)cc2c1c(=O)c(O)c(-c1ccc([*])c([*])c1)o2,c1(F)c(N*)cc(F)cc1|FC(F)(F)*,,0.6580908,8.455,0.9838818,10.857,0.9748863,2.7288,4,4,28
8.4996,25.808,83.1922,0.8515635,O=c1c(O)c(-c2ccc(Nc3cc(F)c(F)cc3F)c(C(F)(F)F)c2)oc2cc(O)cc(O)c12,1,c1(O)cc(O)cc2c1c(=O)c(O)c(-c1ccc([*])c([*])c1)o2,c1(F)cc(F)c(F)cc1N*|FC(F)(*)F,,0.7063786,8.61,0.9635256,10.275,0.9666821,2.8299,4,4,28
7.7027,23.3524,71.9003,0.744162,O=c1c(O)c(-c2ccc(C(F)(F)F)c(-c3c(F)c(F)c(F)c(F)c3F)c2)oc2cc(O)cc(O)c12,1,c1(O)cc(O)cc2c1c(=O)c(O)c(-c1ccc([*])c([*])c1)o2,FC(F)(*)F|c1(F)c(F)c(F)c(F)c(F)c1*,,0.7493533,8.761,0.6571186,8.452,0.9411888,3.0366,4,4,28
13.4931,29.0495,-27.8528,0.0093491,O=c1c(O)c(-c2ccc(Nc3ccc(F)c(F)c3F)c(-c3ccc(F)c(F)c3)c2)oc2cc(O)cc(O)c12,1,c1(O)cc(O)cc2c1c(=O)c(O)c(-c1ccc([*])c([*])c1)o2,*Nc1ccc(F)c(F)c1F|c1(F)cc(*)ccc1F,,0.8607964,9.266,1e-05,0.0,0.9639488,2.8583,4,4,28
7.8046,25.632,-25.632,0.0,O=c1c(O)c(-c2ccc(Nc3cc(F)c(F)cc3F)c(C(F)(F)F)c2)oc2cc(O)cc(O)c12,2,c1(O)cc(O)cc2c1c(=O)c(O)c(-c1ccc([*])c([*])c1)o2,Fc1cc(F)c(F)cc1N*|FC(*)(F)F,,0.0,8.61,0.0,10.275,0.0,2.8299,4,4,28
15.5501,34.3314,-34.3187,9.93e-05,O=c1c(O)c(-c2ccc(Nc3cccc(F)c3)c(Nc3cc(F)c(F)cc3F)c2)oc2cc(O)cc(O)c12,1,c1(O)cc(O)cc2c1c(=O)c(O)c(-c1ccc([*])c([*])c1)o2,c1c(N*)cccc1F|*Nc1cc(F)c(F)cc1F,,1e-05,0.0,1e-05,0.0,0.9661504,2.8356,4,4,28
8.3332,19.92,-19.92,0.0,O=c1c(O)c(-c2ccc(Nc3cc(F)c(F)cc3F)c(C(F)(F)F)c2)oc2cc(O)cc(O)c12,2,c1(O)cc(O)cc2c1c(=O)c(O)c(-c1ccc([*])c([*])c1)o2,Fc1c(N*)cc(F)c(F)c1|FC(F)(F)*,,0.0,8.61,0.0,10.275,0.0,2.8299,4,4,28
8.633,20.1673,87.852,0.8439009,O=c1c(O)c(-c2ccc(Nc3cc(F)c(F)c(F)c3)c(C(F)(F)F)c2)oc2cc(O)cc(O)c12,1,c1(O)cc(O)cc2c1c(=O)c(O)c(-c1ccc([*])c([*])c1)o2,*Nc1cc(F)c(F)c(F)c1|FC(*)(F)F,,0.6822585,8.531,0.9754622,10.559,0.966359,2.8334,4,4,28
10.2188,27.4276,63.7056,0.7119778,O=c1c(O)c(-c2ccc(NCc3ccc(F)o3)c(C(F)(F)F)c2)oc2cc(O)cc(O)c12,1,c1(O)cc(O)cc2c1c(=O)c(O)c(-c1ccc([*])c([*])c1)o2,*NCc1oc(F)cc1|FC(*)(F)F,,0.4433986,7.842,0.9931293,11.456,0.9434788,3.022,4,4,28
8.6271,19.2921,82.8878,0.7982799,O=c1c(O)c(-c2ccc(C(F)(F)F)c(-c3ccc(F)c(F)c3)c2)oc2cc(O)cc(O)c12,1,c1(O)cc(O)cc2c1c(=O)c(O)c(-c1ccc([*])c([*])c1)o2,FC(*)(F)F|c1c(F)c(F)cc(*)c1,,0.5806007,8.226,0.9920629,11.355,0.9771079,2.6958,4,4,28
14.7687,33.1136,-31.9099,0.0094044,O=c1c(O)c(-c2ccc(Nc3c(F)cc(F)c(F)c3F)c(-c3c(F)cccc3F)c2)oc2cc(O)cc(O)c12,1,c1(O)cc(O)cc2c1c(=O)c(O)c(-c1ccc([*])c([*])c1)o2,*Nc1c(F)cc(F)c(F)c1F|c1(F)cccc(F)c1*,,0.8841193,9.412,1e-05,0.0,0.941119,3.0371,4,4,28
18.1942,32.0933,76.9312,0.8517537,N#CNc1ccc(-c2oc3cc(O)cc(O)c3c(=O)c2O)cc1-c1cc(F)c(F)cc1F,1,c1(O)cc(O)cc2c1c(=O)c(O)c(-c1ccc([*])c([*])c1)o2,C(#N)N*|c1(F)c(F)cc(*)c(F)c1,,0.694299,8.57,0.991204,11.283,0.9465657,3.0013,4,4,28
11.1006,19.764,78.7206,0.7694114,Nc1ccc(-c2oc3cc(O)cc(O)c3c(=O)c2O)cc1-c1cc(F)c(F)cc1F,1,c1(O)cc(O)cc2c1c(=O)c(O)c(-c1ccc([*])c([*])c1)o2,*N|c1(F)c(F)cc(F)c(*)c1,,0.5276746,8.077,0.9969413,12.021,0.9743656,2.7361,4,4,28
11.9345,25.8681,26.4585,0.4088019,O=c1c(O)c(-c2ccc(Nc3c(F)cccc3F)c(-c3ccc(F)cc3)c2)oc2cc(O)cc(O)c12,1,c1(O)cc(O)cc2c1c(=O)c(O)c(-c1ccc([*])c([*])c1)o2,c1ccc(F)c(N*)c1F|Fc1ccc(*)cc1,,0.7581672,8.794,0.1425124,6.753,0.9779778,2.682,4,4,28
8.5521,23.4719,72.0003,0.7458764,Nc1ccc(-c2oc3cc(O)cc(O)c3c(=O)c2O)cc1-c1c(F)ccc(F)c1F,1,c1(O)cc(O)cc2c1c(=O)c(O)c(-c1ccc([*])c([*])c1)o2,N*|Fc1ccc(F)c(F)c1*,,0.4892082,7.97,0.9970869,12.055,0.9702436,2.7894,4,4,28
10.198,18.6904,-18.6904,0.0,O=c1c(O)c(-c2ccc(C(F)(F)F)c(-c3c(F)c(F)c(F)c(F)c3F)c2)oc2cc(O)cc(O)c12,2,c1(O)cc(O)cc2c1c(=O)c(O)c(-c1ccc([*])c([*])c1)o2,FC(F)(F)*|Fc1c(*)c(F)c(F)c(F)c1F,,0.0,8.761,0.0,8.452,0.0,3.0366,4,4,28
10.2543,19.0507,89.3271,0.8467017,O=c1c(O)c(-c2ccc(C(F)(F)F)c(-c3ccc(F)cc3F)c2)oc2cc(O)cc(O)c12,1,c1(O)cc(O)cc2c1c(=O)c(O)c(-c1ccc([*])c([*])c1)o2,FC(F)(F)*|c1c(F)ccc(*)c1F,,0.6737761,8.504,0.9908717,11.257,0.9763065,2.708,4,4,28
8.338,22.9794,-22.9794,0.0,O=c1c(O)c(-c2ccc(Nc3cc(F)c(F)cc3F)c(C(F)(F)F)c2)oc2cc(O)cc(O)c12,2,c1(O)cc(O)cc2c1c(=O)c(O)c(-c1ccc([*])c([*])c1)o2,Fc1cc(N*)c(F)cc1F|FC(F)(F)*,,0.0,8.61,0.0,10.275,0.0,2.8299,4,4,28
10.6562,23.3534,86.8467,0.8609378,O=c1c(O)c(-c2ccc(-c3cc(F)c(F)cc3F)c(C(F)(F)F)c2)oc2cc(O)cc(O)c12,1,c1(O)cc(O)cc2c1c(=O)c(O)c(-c1ccc([*])c([*])c1)o2,Fc1c(F)cc(F)c(*)c1|C(F)(F)(F)*,,0.7042848,8.603,0.9918679,11.338,0.9692918,2.8006,4,4,28
11.8943,24.5849,83.7301,0.8462111,O=c1c(O)c(-c2ccc(C(F)F)c(-c3cc(F)c(F)cc3F)c2)oc2cc(O)cc(O)c12,1,c1(O)cc(O)cc2c1c(=O)c(O)c(-c1ccc([*])c([*])c1)o2,FC(F)*|c1(F)cc(F)c(*)cc1F,,0.6949096,8.572,0.9667205,10.341,0.9614688,2.8823,4,4,28
7.6457,22.6458,-22.6458,0.0,O=c1c(O)c(-c2ccc(Nc3cc(F)c(F)cc3F)c(C(F)(F)F)c2)oc2cc(O)cc(O)c12,2,c1(O)cc(O)cc2c1c(=O)c(O)c(-c1ccc([*])c([*])c1)o2,Fc1cc(F)c(N*)cc1F|FC(F)(*)F,,0.0,8.61,0.0,10.275,0.0,2.8299,4,4,28
6.8156,10.3331,-10.3331,0.0,O=c1c(O)c(-c2ccc(C(F)(F)F)c(C(F)(F)F)c2)oc2cc(O)cc(O)c12,2,c1(O)cc(O)cc2c1c(=O)c(O)c(-c1ccc([*])c([*])c1)o2,FC(F)(F)*|FC(F)(*)F,,0.0,8.116,0.0,10.335,0.0,2.7622,4,4,28
7.4092,25.6152,89.4968,0.8993129,O=c1c(O)c(-c2ccc(Nc3ccc(F)c(F)c3F)c(C(F)(F)F)c2)oc2cc(O)cc(O)c12,1,c1(O)cc(O)cc2c1c(=O)c(O)c(-c1ccc([*])c([*])c1)o2,c1(F)c(F)c(F)ccc1N*|FC(F)(F)*,,0.8013101,8.969,0.9737533,10.511,0.9661728,2.8354,4,4,28
6.2496,8.1469,67.2294,0.5888772,Nc1ccc(-c2oc3cc(O)cc(O)c3c(=O)c2O)cc1C(F)(F)F,1,[*]c1ccc(-c2oc3c(c(O)cc(O)c3)c(=O)c2O)cc1[*],*N|FC(F)(F)*,,0.2751747,7.327,0.9776044,10.624,0.9785444,2.6728,5,4,29
7.8177,20.5433,83.0134,0.8090371,Nc1cc(-c2oc3cc(O)cc(O)c3c(=O)c2O)ccc1Nc1cc(F)c(F)c(F)c1F,1,[*]c1ccc(-c2oc3c(c(O)cc(O)c3)c(=O)c2O)cc1[*],Fc1c(F)c(F)c(F)cc1N*|N*,,0.6229883,8.349,0.9637776,10.28,0.9614549,2.8824,5,4,29
13.3197,18.108,86.681,0.8186639,Nc1cc(-c2oc3cc(O)cc(O)c3c(=O)c2O)ccc1Cc1cc(F)ccc1F,1,[*]c1ccc(-c2oc3c(c(O)cc(O)c3)c(=O)c2O)cc1[*],c1(F)ccc(F)cc1C*|N*,,0.6558205,8.448,0.935641,9.86,0.9766515,2.7028,5,4,29
4.6347,8.9851,89.2653,0.7675818,O=c1c(O)c(-c2ccc(C(F)(F)F)c(C(F)(F)F)c2)oc2cc(O)cc(O)c12,1,[*]c1ccc(-c2oc3c(c(O)cc(O)c3)c(=O)c2O)cc1[*],FC(*)(F)F|FC(F)(F)*,,0.5416378,8.116,0.9664416,10.335,0.9724209,2.7622,5,4,29
5.4125,4.2933,74.331,0.6142521,Nc1ccc(-c2oc3cc(O)cc(O)c3c(=O)c2O)cc1N,1,[*]c1ccc(-c2oc3c(c(O)cc(O)c3)c(=O)c2O)cc1[*],N*|*N,,0.3390009,7.536,0.8808361,9.39,0.9807119,2.635,5,4,29
8.7115,12.8519,95.8799,0.8494672,Nc1ccc(-c2oc3cc(O)cc(O)c3c(=O)c2O)cc1-c1cc(F)cc(F)c1,1,[*]c1ccc(-c2oc3c(c(O)cc(O)c3)c(=O)c2O)cc1[*],*N|Fc1cc(F)cc(*)c1,,0.6744084,8.506,0.99695,12.023,0.9784538,2.6743,5,4,29
8.1108,17.2187,58.0324,0.5878991,O=c1c(O)c(-c2ccc(C(F)(F)F)c(-c3c(F)cccc3F)c2)oc2cc(O)cc(O)c12,1,[*]c1ccc(-c2oc3c(c(O)cc(O)c3)c(=O)c2O)cc1[*],FC(F)(F)*|c1(F)cccc(F)c1*,,0.687229,8.547,0.3909674,7.692,0.9728146,2.757,5,4,29
8.3123,16.2246,84.9481,0.790412,Nc1cc(-c2oc3cc(O)cc(O)c3c(=O)c2O)ccc1-c1cc(F)ccc1F,1,[*]c1ccc(-c2oc3c(c(O)cc(O)c3)c(=O)c2O)cc1[*],Fc1c(*)cc(F)cc1|N*,,0.5668756,8.187,0.9895929,11.165,0.9803454,2.6417,5,4,29
6.9027,15.9975,92.3803,0.8467017,O=c1c(O)c(-c2ccc(C(F)(F)F)c(-c3ccc(F)cc3F)c2)oc2cc(O)cc(O)c12,1,[*]c1ccc(-c2oc3c(c(O)cc(O)c3)c(=O)c2O)cc1[*],FC(F)(*)F|Fc1cc(F)ccc1*,,0.6737761,8.504,0.9908717,11.257,0.9763065,2.708,5,4,29
13.251,15.1458,85.2995,0.7847287,Cc1ccc(-c2oc3cc(O)cc(O)c3c(=O)c2O)cc1-c1ccccc1F,1,[*]c1ccc(-c2oc3c(c(O)cc(O)c3)c(=O)c2O)cc1[*],C*|c1cccc(F)c1*,,0.5519796,8.145,0.9938981,11.539,0.9887078,2.4462,5,4,29
8.9228,20.0757,88.0281,0.8445612,Nc1cc(-c2oc3cc(O)cc(O)c3c(=O)c2O)ccc1-c1cc(F)c(F)c(F)c1F,1,[*]c1ccc(-c2oc3c(c(O)cc(O)c3)c(=O)c2O)cc1[*],Fc1c(F)c(F)c(*)cc1F|N*,,0.6693322,8.49,0.9984176,12.48,0.9621606,2.8758,5,4,29
28.4189,30.5797,-30.5671,9.83e-05,Cc1ccc(-c2oc3cc(O)cc(O)c3c(=O)c2O)cc1-c1ccc(F)c(F)c1Oc1c(F)c(F)c(F)c(F)c1F,1,[*]c1ccc(-c2oc3c(c(O)cc(O)c3)c(=O)c2O)cc1[*],C*|Fc1c(Oc2c(*)ccc(F)c2F)c(F)c(F)c(F)c1F,,1e-05,0.0,1e-05,0.0,0.9197924,3.1524,5,4,29
8.3833,18.5112,91.2178,0.8572578,O=c1c(O)c(-c2ccc(-c3ccc(F)c(F)c3)c(C(F)(F)F)c2)oc2cc(O)cc(O)c12,1,[*]c1ccc(-c2oc3c(c(O)cc(O)c3)c(=O)c2O)cc1[*],Fc1ccc(*)cc1F|FC(F)(F)*,,0.6887736,8.552,0.998818,12.683,0.9782091,2.6783,5,4,29
8.5132,20.048,87.7538,0.8422014,Nc1cc(-c2oc3cc(O)cc(O)c3c(=O)c2O)ccc1Nc1c(F)ccc(F)c1F,1,[*]c1ccc(-c2oc3c(c(O)cc(O)c3)c(=O)c2O)cc1[*],Fc1c(N*)c(F)ccc1F|N*,,0.6750403,8.508,0.9792148,10.677,0.9697598,2.7951,5,4,29
7.8317,19.1878,93.2984,0.8787982,Nc1ccc(-c2oc3cc(O)cc(O)c3c(=O)c2O)cc1-c1cc(F)cc(F)c1F,1,[*]c1ccc(-c2oc3c(c(O)cc(O)c3)c(=O)c2O)cc1[*],N*|Fc1c(F)cc(F)cc1*,,0.7364364,8.714,0.9977886,12.247,0.9707299,2.7835,5,4,29
9.5092,18.5335,85.0639,0.8093549,Nc1cc(-c2oc3cc(O)cc(O)c3c(=O)c2O)ccc1-c1ccc(F)c(F)c1F,1,[*]c1ccc(-c2oc3c(c(O)cc(O)c3)c(=O)c2O)cc1[*],Fc1c(F)c(F)c(*)cc1|N*,,0.6000876,8.282,0.9955146,11.754,0.9731291,2.7529,5,4,29
9.8884,15.1857,93.7349,0.8509421,O=c1c(O)c(-c2ccc(C(F)(F)F)c(Nc3ccc(F)cc3)c2)oc2cc(O)cc(O)c12,1,[*]c1ccc(-c2oc3c(c(O)cc(O)c3)c(=O)c2O)cc1[*],FC(F)(F)*|Fc1ccc(N*)cc1,,0.6878473,8.549,0.9803824,10.718,0.9811265,2.6273,5,4,29
8.5438,19.0047,87.1159,0.8290673,Nc1ccc(-c2oc3cc(O)cc(O)c3c(=O)c2O)cc1Nc1cc(F)c(F)cc1F,1,[*]c1ccc(-c2oc3c(c(O)cc(O)c3)c(=O)c2O)cc1[*],N*|c1(F)c(F)cc(F)c(N*)c1,,0.7325072,8.7,0.8663901,9.299,0.9725188,2.7609,5,4,29
7.4111,15.6793,88.7516,0.8158664,O=c1c(O)c(-c2ccc(Nc3ccc(F)c(F)c3)c(C(F)(F)F)c2)oc2cc(O)cc(O)c12,1,[*]c1ccc(-c2oc3c(c(O)cc(O)c3)c(=O)c2O)cc1[*],*Nc1cc(F)c(F)cc1|FC(*)(F)F,,0.6148422,8.325,0.9894736,11.157,0.9766963,2.7021,5,4,29
13.0454,13.6153,71.9556,0.668523,CC(C)(C)Nc1ccc(-c2oc3cc(O)cc(O)c3c(=O)c2O)cc1N,1,[*]c1ccc(-c2oc3c(c(O)cc(O)c3)c(=O)c2O)cc1[*],CC(N*)(C)C|*N,,0.3885713,7.685,0.9532449,10.095,0.9732659,2.7511,5,4,29
12.5285,17.1735,90.6199,0.842136,O=c1c(O)c(-c2ccc(C(F)(F)F)c(-c3cc(F)ccc3F)c2)oc2cc(O)cc(O)c12,1,[*]c1ccc(-c2oc3c(c(O)cc(O)c3)c(=O)c2O)cc1[*],FC(F)(*)F|c1(F)c(*)cc(F)cc1,,0.668057,8.486,0.9862677,10.97,0.9756511,2.7177,5,4,29
8.4111,20.7309,56.5306,0.6036055,O=c1c(O)c(-c2ccc(C(F)(F)F)c(-c3c(F)ccc(F)c3F)c2)oc2cc(O)cc(O)c12,1,[*]c1ccc(-c2oc3c(c(O)cc(O)c3)c(=O)c2O)cc1[*],FC(F)(F)*|Fc1c(F)ccc(F)c1*,,0.7355978,8.711,0.3919959,7.695,0.9636563,2.8612,5,4,29
7.6819,21.7206,93.3594,0.8990619,O=c1c(O)c(-c2ccc(-c3c(F)ccc(F)c3F)c(C(F)(F)F)c2)oc2cc(O)cc(O)c12,1,[*]c1ccc(-c2oc3c(c(O)cc(O)c3)c(=O)c2O)cc1[*],c1(F)c(F)ccc(F)c1*|FC(F)(*)F,,0.7859967,8.904,0.9927354,11.417,0.9648048,2.8496,5,4,29
13.6681,27.3403,49.4645,0.6000375,O=c1c(O)c(-c2ccc(-c3cc(F)c(F)cc3F)c(Nc3ccc(F)cc3F)c2)oc2cc(O)cc(O)c12,1,[*]c1ccc(-c2oc3c(c(O)cc(O)c3)c(=O)c2O)cc1[*],c1c(F)c(F)cc(F)c1*|c1(F)ccc(N*)c(F)c1,,0.8211302,9.059,0.3461311,7.558,0.9629117,2.8685,5,4,29
9.5326,21.7354,-21.7353,0.0,Nc1cc(-c2oc3cc(O)cc(O)c3c(=O)c2O)ccc1Nc1c(F)ccc(F)c1F,2,[*]c1ccc(-c2oc3c(c(O)cc(O)c3)c(=O)c2O)cc1[*],Fc1ccc(F)c(N*)c1F|*N,,0.0,8.508,0.0,10.677,0.0,2.7951,5,4,29
6.5022,21.0783,87.9218,0.8515635,O=c1c(O)c(-c2ccc(Nc3cc(F)c(F)cc3F)c(C(F)(F)F)c2)oc2cc(O)cc(O)c12,1,[*]c1ccc(-c2oc3c(c(O)cc(O)c3)c(=O)c2O)cc1[*],Fc1cc(F)c(F)cc1N*|FC(*)(F)F,,0.7063786,8.61,0.9635256,10.275,0.9666821,2.8299,5,4,29
6.8349,17.8561,-17.8561,0.0,O=c1c(O)c(-c2ccc(Nc3ccc(F)c(F)c3)c(C(F)(F)F)c2)oc2cc(O)cc(O)c12,2,[*]c1ccc(-c2oc3c(c(O)cc(O)c3)c(=O)c2O)cc1[*],c1c(F)c(F)ccc1N*|FC(F)(*)F,,0.0,8.325,0.0,11.157,0.0,2.7021,5,4,29
8.0859,22.3394,95.5051,0.9206601,O=c1c(O)c(-c2ccc(-c3cc(F)cc(F)c3F)c(C(F)(F)F)c2)oc2cc(O)cc(O)c12,1,[*]c1ccc(-c2oc3c(c(O)cc(O)c3)c(=O)c2O)cc1[*],Fc1c(F)cc(F)cc1*|FC(*)(F)F,,0.8492048,9.201,0.9747638,10.539,0.9653232,2.8443,5,4,29
7.8974,17.3753,85.9884,0.8075291,Nc1cc(-c2oc3cc(O)cc(O)c3c(=O)c2O)ccc1-c1cc(F)c(F)cc1F,1,[*]c1ccc(-c2oc3c(c(O)cc(O)c3)c(=O)c2O)cc1[*],c1c(F)c(F)cc(F)c1*|N*,,0.5955898,8.269,0.9970363,12.043,0.9738108,2.7437,5,4,29
18.9263,38.3618,42.1184,0.6287519,O=c1c(O)c(-c2ccc(-c3cc(F)c(F)cc3F)c(C(F)c3cccc(F)c3F)c2)oc2cc(O)cc(O)c12,1,[*]c1ccc(-c2oc3c(c(O)cc(O)c3)c(=O)c2O)cc1[*],Fc1cc(F)c(*)cc1F|FC(c1cccc(F)c1F)*,,0.8709861,9.327,0.4044103,7.731,0.7920082,3.5355,5,4,29
11.2512,10.3895,66.6088,0.6015496,C=CCc1ccc(-c2oc3cc(O)cc(O)c3c(=O)c2O)cc1N,1,[*]c1ccc(-c2oc3c(c(O)cc(O)c3)c(=O)c2O)cc1[*],C(*)C=C|*N,,0.2984197,7.406,0.9539453,10.106,0.9719751,2.7679,5,4,29
12.471,26.6825,73.696,0.784207,O=c1c(O)c(-c2ccc(-c3ccco3)c(Nc3ccc(F)c(F)c3)c2)oc2cc(O)cc(O)c12,1,[*]c1ccc(-c2oc3c(c(O)cc(O)c3)c(=O)c2O)cc1[*],o1cccc1*|c1(F)ccc(N*)cc1F,,0.6370757,8.391,0.8672209,9.304,0.9716548,2.772,5,4,29
5.5957,18.3854,84.9783,0.8075291,Nc1cc(-c2oc3cc(O)cc(O)c3c(=O)c2O)ccc1-c1cc(F)c(F)cc1F,1,c1(O)c(=O)c2c(O)cc(O)cc2oc1-c1ccc([*])c([*])c1,Fc1c(F)cc(F)c(*)c1|N*,,0.5955898,8.269,0.9970363,12.043,0.9738108,2.7437,6,4,30
16.0703,28.8298,-28.8171,9.89e-05,O=c1c(O)c(-c2ccc(Nc3ccc(F)c(F)c3F)c(-c3c(F)cc(F)cc3F)c2)oc2cc(O)cc(O)c12,1,c1(O)c(=O)c2c(O)cc(O)cc2oc1-c1ccc([*])c([*])c1,c1(F)c(F)c(F)c(N*)cc1|Fc1cc(F)cc(F)c1*,,1e-05,0.0,1e-05,0.0,0.9467189,3.0003,6,4,30
9.7341,32.725,-32.725,0.0,*Nc1oc(F)c(F)cc1|N*,0,c1(O)c(=O)c2c(O)cc(O)cc2oc1-c1ccc([*])c([*])c1,*Nc1oc(F)c(F)cc1|N*,,0.0,0.0,0.0,0.0,0.0,0.0,6,4,30
7.9446,14.3648,75.7283,0.7038524,O=c1c(O)c(-c2ccc(-c3ccoc3)c(C(F)(F)F)c2)oc2cc(O)cc(O)c12,1,c1(O)c(=O)c2c(O)cc(O)cc2oc1-c1ccc([*])c([*])c1,c1cocc1*|FC(F)(F)*,,0.428537,7.8,0.9870074,11.009,0.9655846,2.8416,6,4,30
9.9554,22.8026,69.167,0.7185132,O=c1c(O)c(-c2ccc(Nc3ccon3)c(C(F)(F)F)c2)oc2cc(O)cc(O)c12,1,c1(O)c(=O)c2c(O)cc(O)cc2oc1-c1ccc([*])c([*])c1,o1nc(N*)cc1|FC(F)(F)*,,0.4719667,7.922,0.9484741,10.024,0.9556526,2.9333,6,4,30
10.7818,21.097,84.7977,0.8273028,Nc1cc(-c2oc3cc(O)cc(O)c3c(=O)c2O)ccc1Nc1c(F)c(F)cc(F)c1F,1,c1(O)c(=O)c2c(O)cc(O)cc2oc1-c1ccc([*])c([*])c1,*Nc1c(F)c(F)cc(F)c1F|*N,,0.641721,8.405,0.9902807,11.213,0.9596508,2.899,6,4,30
8.1977,21.8953,93.2167,0.8993129,O=c1c(O)c(-c2ccc(Nc3ccc(F)c(F)c3F)c(C(F)(F)F)c2)oc2cc(O)cc(O)c12,1,c1(O)c(=O)c2c(O)cc(O)cc2oc1-c1ccc([*])c([*])c1,c1(F)c(F)c(F)ccc1N*|FC(F)(*)F,,0.8013101,8.969,0.9737533,10.511,0.9661728,2.8354,6,4,30
9.9817,23.2317,84.5701,0.8422014,Nc1cc(-c2oc3cc(O)cc(O)c3c(=O)c2O)ccc1Nc1c(F)ccc(F)c1F,1,c1(O)c(=O)c2c(O)cc(O)cc2oc1-c1ccc([*])c([*])c1,*Nc1c(F)ccc(F)c1F|*N,,0.6750403,8.508,0.9792148,10.677,0.9697598,2.7951,6,4,30
8.8329,18.0955,93.0277,0.8681497,O=c1c(O)c(-c2ccc(-c3c(F)cccc3F)c(C(F)(F)F)c2)oc2cc(O)cc(O)c12,1,c1(O)c(=O)c2c(O)cc(O)cc2oc1-c1ccc([*])c([*])c1,Fc1c(*)c(F)ccc1|FC(F)(F)*,,0.723388,8.668,0.9837902,10.853,0.9737011,2.7452,6,4,30
14.2706,30.1405,69.5572,0.7788887,O=c1c(O)c(-c2ccc(-c3coc(F)c3)c(-c3cc(F)ccc3F)c2)oc2cc(O)cc(O)c12,1,c1(O)c(=O)c2c(O)cc(O)cc2oc1-c1ccc([*])c([*])c1,o1c(F)cc(*)c1|Fc1cc(*)c(F)cc1,,0.7769037,8.867,0.7084636,8.617,0.9462538,3.0035,6,4,30
12.6808,24.5904,79.9002,0.8163328,O=c1c(O)c(-c2ccc(C(F)(F)F)c(-c3cc(F)c(F)s3)c2)oc2cc(O)cc(O)c12,1,c1(O)c(=O)c2c(O)cc(O)cc2oc1-c1ccc([*])c([*])c1,FC(F)(F)*|s1c(F)c(F)cc1*,,0.6473262,8.422,0.9689593,10.391,0.9214649,3.1445,6,4,30
8.9304,17.2599,-17.2599,0.0,Nc1cc(-c2oc3cc(O)cc(O)c3c(=O)c2O)ccc1-c1cc(F)c(F)cc1F,2,c1(O)c(=O)c2c(O)cc(O)cc2oc1-c1ccc([*])c([*])c1,Fc1cc(F)c(*)cc1F|*N,,0.0,8.269,0.0,12.043,0.0,2.7437,6,4,30
7.5203,19.4969,87.5298,0.8361463,O=c1c(O)c(-c2ccc(Nc3cc(F)ccc3F)c(C(F)(F)F)c2)oc2cc(O)cc(O)c12,1,c1(O)c(=O)c2c(O)cc(O)cc2oc1-c1ccc([*])c([*])c1,Fc1ccc(F)cc1N*|FC(F)(F)*,,0.6580908,8.455,0.9838818,10.857,0.9748863,2.7288,6,4,30
8.3521,21.4044,80.3578,0.7950173,Nc1cc(-c2oc3cc(O)cc(O)c3c(=O)c2O)ccc1Nc1ccc(F)c(F)c1F,1,c1(O)c(=O)c2c(O)cc(O)cc2oc1-c1ccc([*])c([*])c1,c1cc(F)c(F)c(F)c1N*|*N,,0.5966293,8.272,0.9578848,10.171,0.9724051,2.7624,6,4,30
10.5285,19.3804,74.663,0.734714,O=c1c(O)c(-c2ccc(-c3c(F)cc(F)cc3F)c(C(F)(F)F)c2)oc2cc(O)cc(O)c12,1,c1(O)c(=O)c2c(O)cc(O)cc2oc1-c1ccc([*])c([*])c1,c1c(F)c(*)c(F)cc1F|FC(F)(*)F,,0.4942439,7.984,0.9524691,10.083,0.9660674,2.8365,6,4,30
6.8187,20.1766,90.0234,0.8609378,O=c1c(O)c(-c2ccc(-c3cc(F)c(F)cc3F)c(C(F)(F)F)c2)oc2cc(O)cc(O)c12,1,c1(O)c(=O)c2c(O)cc(O)cc2oc1-c1ccc([*])c([*])c1,c1(F)c(F)cc(F)c(*)c1|FC(*)(F)F,,0.7042848,8.603,0.9918679,11.338,0.9692918,2.8006,6,4,30
10.6819,10.169,64.2498,0.5813972,CCNc1ccc(-c2oc3cc(O)cc(O)c3c(=O)c2O)cc1N,1,c1(O)c(=O)c2c(O)cc(O)cc2oc1-c1ccc([*])c([*])c1,*NCC|N*,,0.3044805,7.426,0.8544716,9.23,0.9814106,2.6219,6,4,30
7.0623,20.4873,83.7228,0.8141412,Nc1cc(-c2oc3cc(O)cc(O)c3c(=O)c2O)ccc1-c1c(F)ccc(F)c1F,1,c1(O)c(=O)c2c(O)cc(O)cc2oc1-c1ccc([*])c([*])c1,c1(F)c(F)ccc(F)c1*|N*,,0.6179047,8.334,0.9828219,10.812,0.9698535,2.794,6,4,30
10.0062,29.3937,-28.1734,0.0095339,O=c1c(O)c(-c2ccc(-c3ccc(F)c(F)c3F)c(-c3cc(F)c(F)cc3F)c2)oc2cc(O)cc(O)c12,1,c1(O)c(=O)c2c(O)cc(O)cc2oc1-c1ccc([*])c([*])c1,c1(F)c(F)c(F)ccc1*|Fc1c(F)cc(F)c(*)c1,,0.9063181,9.577,1e-05,0.0,0.9589415,2.9053,6,4,30
8.496,16.9414,-16.9414,0.0,O=c1c(O)c(-c2ccc(-c3ccoc3)c(C(F)(F)F)c2)oc2cc(O)cc(O)c12,2,c1(O)c(=O)c2c(O)cc(O)cc2oc1-c1ccc([*])c([*])c1,c1occc1*|FC(*)(F)F,,0.0,7.8,0.0,11.009,0.0,2.8416,6,4,30
10.4513,22.7272,-22.7272,0.0,O=c1c(O)c(-c2ccc(Nc3ccc(F)c(F)c3F)c(C(F)(F)F)c2)oc2cc(O)cc(O)c12,2,c1(O)c(=O)c2c(O)cc(O)cc2oc1-c1ccc([*])c([*])c1,c1(F)c(F)c(F)ccc1N*|C(F)(F)(F)*,,0.0,8.969,0.0,10.511,0.0,2.8354,6,4,30
6.0938,20.8835,-20.8835,0.0,Nc1cc(-c2oc3cc(O)cc(O)c3c(=O)c2O)ccc1-c1c(F)ccc(F)c1F,2,c1(O)c(=O)c2c(O)cc(O)cc2oc1-c1ccc([*])c([*])c1,Fc1c(F)ccc(F)c1*|N*,,0.0,8.334,0.0,10.812,0.0,2.794,6,4,30
15.6227,33.1632,-31.9269,0.0096589,O=c1c(O)c(-c2ccc(-c3cc(F)c(F)c(F)c3F)c(-c3cc(F)c(F)c(F)c3F)c2)oc2cc(O)cc(O)c12,1,c1(O)c(=O)c2c(O)cc(O)cc2oc1-c1ccc([*])c([*])c1,Fc1c(F)c(F)c(*)cc1F|Fc1c(F)c(F)cc(*)c1F,,0.953052,10.092,1e-05,0.0,0.9255577,3.1243,6,4,30
8.8431,17.4475,85.0722,0.8009351,Nc1cc(-c2oc3cc(O)cc(O)c3c(=O)c2O)ccc1-c1c(F)cccc1F,1,c1(O)c(=O)c2c(O)cc(O)cc2oc1-c1ccc([*])c([*])c1,c1(F)c(*)c(F)ccc1|N*,,0.5872439,8.245,0.9886649,11.105,0.977803,2.6848,6,4,30
10.4519,22.6074,81.8374,0.8159747,O=c1c(O)c(-c2ccc(C(F)F)c(Nc3cccc(F)c3)c2)oc2cc(O)cc(O)c12,1,c1(O)c(=O)c2c(O)cc(O)cc2oc1-c1ccc([*])c([*])c1,FC(F)*|*Nc1cccc(F)c1,,0.6233264,8.35,0.9799063,10.701,0.9695791,2.7973,6,4,30
10.6955,26.9382,-25.7259,0.0094711,O=c1c(O)c(-c2ccc(-c3c(F)ccc(F)c3F)c(-c3ccc(F)cc3F)c2)oc2cc(O)cc(O)c12,1,c1(O)c(=O)c2c(O)cc(O)cc2oc1-c1ccc([*])c([*])c1,Fc1c(F)ccc(F)c1*|Fc1cc(F)c(*)cc1,,0.8881842,9.44,1e-05,0.0,0.9660496,2.8367,6,4,30
11.416,19.0993,81.8002,0.7882768,Nc1ccc(-c2oc3cc(O)cc(O)c3c(=O)c2O)cc1Nc1cc(F)c(F)c(F)c1,1,c1(O)c(=O)c2c(O)cc(O)cc2oc1-c1ccc([*])c([*])c1,*N|Fc1c(F)cc(N*)cc1F,,0.7012791,8.593,0.797851,8.954,0.9722285,2.7647,6,4,30
12.044,22.0016,87.0929,0.8523005,O=c1c(O)c(-c2ccc(Nc3cc(F)cc(F)c3F)c(C(F)(F)F)c2)oc2cc(O)cc(O)c12,1,c1(O)c(=O)c2c(O)cc(O)cc2oc1-c1ccc([*])c([*])c1,c1(F)c(F)c(N*)cc(F)c1|FC(F)(*)F,,0.7012791,8.593,0.9743714,10.528,0.9632363,2.8653,6,4,30
6.8565,21.2012,-21.2012,0.0,Nc1cc(-c2oc3cc(O)cc(O)c3c(=O)c2O)ccc1-c1c(F)ccc(F)c1F,2,c1(O)c(=O)c2c(O)cc(O)cc2oc1-c1ccc([*])c([*])c1,Fc1c(F)ccc(F)c1*|*N,,0.0,8.334,0.0,10.812,0.0,2.794,6,4,30
6.5671,18.9565,-18.9565,0.0,O=c1c(O)c(-c2ccc(-c3cc(F)c(F)cc3F)c(C(F)(F)F)c2)oc2cc(O)cc(O)c12,2,c1(O)c(=O)c2c(O)cc(O)cc2oc1-c1ccc([*])c([*])c1,Fc1c(F)cc(F)c(*)c1|FC(F)(F)*,,0.0,8.603,0.0,11.338,0.0,2.8006,6,4,30
7.8521,17.0743,85.4872,0.8012619,Nc1cc(-c2oc3cc(O)cc(O)c3c(=O)c2O)ccc1Nc1c(F)cccc1F,1,c1(O)c(=O)c2c(O)cc(O)cc2oc1-c1ccc([*])c([*])c1,Fc1c(N*)c(F)ccc1|N*,,0.5886384,8.249,0.9871359,11.016,0.9781864,2.6786,6,4,30
14.9243,23.5544,46.4354,0.5467952,Cc1ccc(-c2cc(-c3oc4cc(O)cc(O)c4c(=O)c3O)ccc2Nc2ccc(F)c(F)c2F)o1,1,c1(O)c(=O)c2c(O)cc(O)cc2oc1-c1ccc([*])c([*])c1,*Nc1c(F)c(F)c(F)cc1|*c1oc(C)cc1,,0.7672821,8.829,0.2945176,7.393,0.9571736,2.9206,6,4,30
4.7695,11.43,86.8205,0.7675818,O=c1c(O)c(-c2ccc(C(F)(F)F)c(C(F)(F)F)c2)oc2cc(O)cc(O)c12,1,[*]c1c([*])ccc(-c2oc3cc(O)cc(O)c3c(=O)c2O)c1,FC(*)(F)F|FC(*)(F)F,,0.5416378,8.116,0.9664416,10.335,0.9724209,2.7622,7,4,31
4.2849,10.5013,-10.5013,0.0,O=c1c(O)c(-c2ccc(C(F)(F)F)c(C(F)(F)F)c2)oc2cc(O)cc(O)c12,2,[*]c1c([*])ccc(-c2oc3cc(O)cc(O)c3c(=O)c2O)c1,FC(F)(F)*|FC(F)(*)F,,0.0,8.116,0.0,10.335,0.0,2.7622,7,4,31
8.0132,25.1653,87.1969,0.8778303,O=c1c(O)c(-c2ccc(C(F)(F)F)c(-c3cc(F)c(F)cc3F)c2)oc2cc(O)cc(O)c12,1,[*]c1c([*])ccc(-c2oc3cc(O)cc(O)c3c(=O)c2O)c1,c1c(F)c(F)cc(F)c1*|FC(F)(*)F,,0.7471849,8.753,0.9821029,10.783,0.9680158,2.8152,7,4,31
12.7806,20.9025,100.4476,0.9480477,O=c1c(O)c(-c2ccc(-c3cc(C(F)(F)F)ccc3F)c(C(F)(F)F)c2)oc2cc(O)cc(O)c12,1,[*]c1c([*])ccc(-c2oc3cc(O)cc(O)c3c(=O)c2O)c1,FC(F)(*)F|FC(F)(c1cc(*)c(F)cc1)F,,0.8915687,9.464,0.9975896,12.187,0.9681388,2.8139,7,4,31
9.5071,21.1831,83.2478,0.8158664,O=c1c(O)c(-c2ccc(Nc3ccc(F)c(F)c3)c(C(F)(F)F)c2)oc2cc(O)cc(O)c12,1,[*]c1c([*])ccc(-c2oc3cc(O)cc(O)c3c(=O)c2O)c1,FC(*)(F)F|*Nc1ccc(F)c(F)c1,,0.6148422,8.325,0.9894736,11.157,0.9766963,2.7021,7,4,31
5.0225,8.9745,66.4017,0.5888772,Nc1ccc(-c2oc3cc(O)cc(O)c3c(=O)c2O)cc1C(F)(F)F,1,[*]c1c([*])ccc(-c2oc3cc(O)cc(O)c3c(=O)c2O)c1,FC(*)(F)F|N*,,0.2751747,7.327,0.9776044,10.624,0.9785444,2.6728,7,4,31
8.4915,25.0142,58.3833,0.6515433,O=c1c(O)c(-c2ccc(C(F)(F)F)c(-c3cc(F)cc(F)c3F)c2)oc2cc(O)cc(O)c12,1,[*]c1c([*])ccc(-c2oc3cc(O)cc(O)c3c(=O)c2O)c1,Fc1c(F)cc(F)cc1*|FC(*)(F)F,,0.6766165,8.513,0.5158249,8.044,0.9638885,2.8589,7,4,31
14.871,22.8041,79.4259,0.7986723,NCCNc1cc(-c2oc3cc(O)cc(O)c3c(=O)c2O)ccc1-c1cc(F)cc(F)c1,1,[*]c1c([*])ccc(-c2oc3cc(O)cc(O)c3c(=O)c2O)c1,*NCCN|Fc1cc(F)cc(*)c1,,0.6131367,8.32,0.9443145,9.967,0.9693819,2.7996,7,4,31
3.7757,10.6914,-10.6914,0.0,O=c1c(O)c(-c2ccc(C(F)(F)F)c(C(F)(F)F)c2)oc2cc(O)cc(O)c12,2,[*]c1c([*])ccc(-c2oc3cc(O)cc(O)c3c(=O)c2O)c1,FC(F)(F)*|FC(*)(F)F,,0.0,8.116,0.0,10.335,0.0,2.7622,7,4,31
14.4519,22.5684,79.161,0.7947613,O=c1c(O)c(-c2ccc(Nc3cc(F)c(F)c(F)c3)c(C(F)F)c2)oc2cc(O)cc(O)c12,1,[*]c1c([*])ccc(-c2oc3cc(O)cc(O)c3c(=O)c2O)c1,FC(F)*|N(c1cc(F)c(F)c(F)c1)*,,0.6018132,8.287,0.9560479,10.14,0.9578577,2.9147,7,4,31
11.7903,25.5395,75.5601,0.7898409,Nc1ncc(-c2cc(-c3oc4cc(O)cc(O)c4c(=O)c3O)ccc2C(F)(F)F)o1,1,[*]c1c([*])ccc(-c2oc3cc(O)cc(O)c3c(=O)c2O)c1,*c1oc(N)nc1|FC(F)(*)F,,0.5802504,8.225,0.9856704,10.94,0.9397312,3.0457,7,4,31
6.7809,22.813,72.6591,0.7458764,Nc1ccc(-c2oc3cc(O)cc(O)c3c(=O)c2O)cc1-c1c(F)ccc(F)c1F,1,[*]c1c([*])ccc(-c2oc3cc(O)cc(O)c3c(=O)c2O)c1,c1(F)c(F)ccc(F)c1*|*N,,0.4892082,7.97,0.9970869,12.055,0.9702436,2.7894,7,4,31
7.8871,17.7119,69.2591,0.6794608,Nc1cc(-c2oc3cc(O)cc(O)c3c(=O)c2O)ccc1Nc1ccc(F)c(F)c1,1,[*]c1c([*])ccc(-c2oc3cc(O)cc(O)c3c(=O)c2O)c1,N*|c1c(F)c(F)cc(N*)c1,,0.5868952,8.244,0.6545201,8.444,0.9814203,2.6217,7,4,31
15.6728,25.1672,86.4326,0.8718734,Nc1ccc(-c2oc3cc(O)cc(O)c3c(=O)c2O)cc1Nc1c(F)cc(F)c(F)c1F,1,[*]c1c([*])ccc(-c2oc3cc(O)cc(O)c3c(=O)c2O)c1,N(*)c1c(F)cc(F)c(F)c1F|*N,,0.7798826,8.879,0.929302,9.79,0.9591691,2.9033,7,4,31
7.0786,25.8735,-25.8735,0.0,O=c1c(O)c(-c2ccc(C(F)(F)F)c(-c3cc(F)cc(F)c3F)c2)oc2cc(O)cc(O)c12,2,[*]c1c([*])ccc(-c2oc3cc(O)cc(O)c3c(=O)c2O)c1,c1(F)c(F)cc(F)cc1*|FC(F)(*)F,,0.0,8.513,0.0,8.044,0.0,2.8589,7,4,31
5.2422,5.1813,73.443,0.6142521,Nc1ccc(-c2oc3cc(O)cc(O)c3c(=O)c2O)cc1N,1,[*]c1c([*])ccc(-c2oc3cc(O)cc(O)c3c(=O)c2O)c1,N*|N*,,0.3390009,7.536,0.8808361,9.39,0.9807119,2.635,7,4,31
16.1883,32.8918,-31.7783,0.008699,O=C(Nc1cc(F)cc(F)c1)Nc1cc(-c2oc3cc(O)cc(O)c3c(=O)c2O)ccc1C(F)(F)F,1,[*]c1c([*])ccc(-c2oc3cc(O)cc(O)c3c(=O)c2O)c1,N(C(Nc1cc(F)cc(F)c1)=O)*|FC(*)(F)F,,0.7170081,8.646,1e-05,0.0,0.9689513,2.8046,7,4,31
7.9029,19.9871,69.9645,0.7027467,O=c1c(O)c(-c2ccc(C(F)(F)F)c(Nc3c(F)cc(F)cc3F)c2)oc2cc(O)cc(O)c12,1,[*]c1c([*])ccc(-c2oc3cc(O)cc(O)c3c(=O)c2O)c1,Fc1c(N*)c(F)cc(F)c1|FC(F)(F)*,,0.7515097,8.769,0.5615679,8.172,0.9623223,2.8742,7,4,31
9.1206,22.7551,83.733,0.8319382,Nc1cc(-c2oc3cc(O)cc(O)c3c(=O)c2O)ccc1-c1cc(F)cc(F)c1F,1,[*]c1c([*])ccc(-c2oc3cc(O)cc(O)c3c(=O)c2O)c1,*N|c1(F)c(F)cc(F)cc1*,,0.6423824,8.407,0.9977599,12.238,0.9700989,2.7911,7,4,31
8.274,23.7114,87.1131,0.8658167,O=c1c(O)c(-c2ccc(C(F)(F)F)c(Nc3ccc(F)cc3F)c2)oc2cc(O)cc(O)c12,1,[*]c1c([*])ccc(-c2oc3cc(O)cc(O)c3c(=O)c2O)c1,c1(F)cc(F)ccc1N*|FC(*)(F)F,,0.7181745,8.65,0.9839955,10.862,0.9742798,2.7373,7,4,31
9.7212,23.1698,85.402,0.8482169,O=c1c(O)c(-c2ccc(Nc3cc(F)c(F)c(F)c3F)c(C(F)(F)F)c2)oc2cc(O)cc(O)c12,1,[*]c1c([*])ccc(-c2oc3cc(O)cc(O)c3c(=O)c2O)c1,FC(F)(*)F|c1(F)c(F)c(F)c(F)cc1N*,,0.6961288,8.576,0.9747638,10.539,0.9535788,2.9499,7,4,31
7.5705,14.4818,74.9315,0.6985419,O=c1c(O)c(-c2ccc(C(F)F)c(C(F)(F)F)c2)oc2cc(O)cc(O)c12,1,[*]c1c([*])ccc(-c2oc3cc(O)cc(O)c3c(=O)c2O)c1,FC(F)(*)F|FC(F)*,,0.4211523,7.779,0.9857919,10.946,0.9649687,2.848,7,4,31
9.1613,17.7743,84.7873,0.8012619,Nc1cc(-c2oc3cc(O)cc(O)c3c(=O)c2O)ccc1Nc1c(F)cccc1F,1,[*]c1c([*])ccc(-c2oc3cc(O)cc(O)c3c(=O)c2O)c1,N*|Fc1c(N*)c(F)ccc1,,0.5886384,8.249,0.9871359,11.016,0.9781864,2.6786,7,4,31
6.8469,26.421,50.8405,0.6036055,O=c1c(O)c(-c2ccc(C(F)(F)F)c(-c3c(F)ccc(F)c3F)c2)oc2cc(O)cc(O)c12,1,[*]c1c([*])ccc(-c2oc3cc(O)cc(O)c3c(=O)c2O)c1,Fc1c(F)ccc(F)c1*|FC(F)(*)F,,0.7355978,8.711,0.3919959,7.695,0.9636563,2.8612,7,4,31
6.0498,17.5816,77.8386,0.7454705,Nc1ccc(-c2oc3cc(O)cc(O)c3c(=O)c2O)cc1-c1c(F)cc(F)cc1F,1,[*]c1c([*])ccc(-c2oc3cc(O)cc(O)c3c(=O)c2O)c1,Fc1cc(F)cc(F)c1*|N*,,0.4888487,7.969,0.9958664,11.811,0.9714067,2.7751,7,4,31
6.1961,17.5816,-17.5816,0.0,Nc1ccc(-c2oc3cc(O)cc(O)c3c(=O)c2O)cc1-c1c(F)cc(F)cc1F,2,[*]c1c([*])ccc(-c2oc3cc(O)cc(O)c3c(=O)c2O)c1,Fc1cc(F)cc(F)c1*|N*,,0.0,7.969,0.0,11.811,0.0,2.7751,7,4,31
4.8855,8.8029,-8.8029,0.0,Nc1ccc(-c2oc3cc(O)cc(O)c3c(=O)c2O)cc1C(F)(F)F,2,[*]c1c([*])ccc(-c2oc3cc(O)cc(O)c3c(=O)c2O)c1,FC(F)(*)F|N*,,0.0,7.327,0.0,10.624,0.0,2.6728,7,4,31
6.2115,20.4903,77.9944,0.7694114,Nc1ccc(-c2oc3cc(O)cc(O)c3c(=O)c2O)cc1-c1cc(F)c(F)cc1F,1,[*]c1c([*])ccc(-c2oc3cc(O)cc(O)c3c(=O)c2O)c1,c1c(F)c(F)cc(F)c1*|N*,,0.5276746,8.077,0.9969413,12.021,0.9743656,2.7361,7,4,31
8.4187,20.0623,87.7311,0.842136,O=c1c(O)c(-c2ccc(C(F)(F)F)c(-c3cc(F)ccc3F)c2)oc2cc(O)cc(O)c12,1,[*]c1c([*])ccc(-c2oc3cc(O)cc(O)c3c(=O)c2O)c1,Fc1c(*)cc(F)cc1|FC(F)(F)*,,0.668057,8.486,0.9862677,10.97,0.9756511,2.7177,7,4,31
7.2827,17.8471,84.3328,0.7982799,O=c1c(O)c(-c2ccc(C(F)(F)F)c(-c3ccc(F)c(F)c3)c2)oc2cc(O)cc(O)c12,1,[*]c1c([*])ccc(-c2oc3cc(O)cc(O)c3c(=O)c2O)c1,Fc1c(F)cc(*)cc1|FC(F)(F)*,,0.5806007,8.226,0.9920629,11.355,0.9771079,2.6958,7,4,31
9.186,20.427,83.2977,0.8103495,O=c1c(O)c(-c2ccc(C(F)(F)F)c(NCc3ccc(F)c(F)c3)c2)oc2cc(O)cc(O)c12,1,[*]c1c([*])ccc(-c2oc3cc(O)cc(O)c3c(=O)c2O)c1,*NCc1cc(F)c(F)cc1|FC(*)(F)F,,0.7358774,8.712,0.8142661,9.027,0.973236,2.7515,7,4,31
7.7859,13.2791,-13.2791,0.0,O=c1c(O)c(-c2ccc(C(F)(F)F)c(C(F)(F)F)c2)oc2cc(O)cc(O)c12,2,[*]c1c([*])ccc(-c2oc3cc(O)cc(O)c3c(=O)c2O)c1,C(F)(F)(*)F|FC(*)(F)F,,0.0,8.116,0.0,10.335,0.0,2.7622,7,4,31
8.0513,21.2825,77.8032,0.7741067,O=c1c(O)c(-c2ccc(C(F)(F)F)c(-c3ccoc3)c2)oc2cc(O)cc(O)c12,1,o1c2cc(O)cc(O)c2c(=O)c(O)c1-c1cc([*])c([*])cc1,o1ccc(*)c1|FC(F)(*)F,,0.5477052,8.133,0.9805753,10.725,0.9637151,2.8606,8,4,32
12.8428,23.0466,93.6774,0.9119057,O=c1c(O)c(-c2ccc(-c3cc(F)cc(F)c3)c(C(F)F)c2)oc2cc(O)cc(O)c12,1,o1c2cc(O)cc(O)c2c(=O)c(O)c1-c1cc([*])c([*])cc1,C(F)(F)*|Fc1cc(*)cc(F)c1,,0.8109792,9.012,0.9959252,11.821,0.9666666,2.8301,8,4,32
10.6008,35.7605,-34.5473,0.009478,O=c1c(O)c(-c2ccc(-c3cc(F)c(F)cc3F)c(-c3ccc(F)c(F)c3F)c2)oc2cc(O)cc(O)c12,1,o1c2cc(O)cc(O)c2c(=O)c(O)c1-c1cc([*])c([*])cc1,c1(F)c(F)c(F)c(*)cc1|Fc1c(F)cc(F)c(*)c1,,0.8930897,9.475,1e-05,0.0,0.9589415,2.9053,8,4,32
6.7427,19.716,75.7043,0.7454705,Nc1ccc(-c2oc3cc(O)cc(O)c3c(=O)c2O)cc1-c1c(F)cc(F)cc1F,1,o1c2cc(O)cc(O)c2c(=O)c(O)c1-c1cc([*])c([*])cc1,c1(F)c(*)c(F)cc(F)c1|N*,,0.4888487,7.969,0.9958664,11.811,0.9714067,2.7751,8,4,32
5.405,11.4435,76.09,0.6838555,Nc1cc(-c2oc3cc(O)cc(O)c3c(=O)c2O)ccc1C(F)(F)F,1,o1c2cc(O)cc(O)c2c(=O)c(O)c1-c1cc([*])c([*])cc1,N*|FC(F)(*)F,,0.4040637,7.73,0.9696021,10.406,0.974395,2.7357,8,4,32
10.4919,21.2397,82.1102,0.8074215,O=c1c(O)c(-c2ccc(Nc3cccc(F)c3)c(C(F)(F)F)c2)oc2cc(O)cc(O)c12,1,o1c2cc(O)cc(O)c2c(=O)c(O)c1-c1cc([*])c([*])cc1,FC(*)(F)F|*Nc1cccc(F)c1,,0.6093752,8.309,0.9710116,10.44,0.9801288,2.6456,8,4,32
7.679,24.9923,75.9112,0.788309,O=c1c(O)c(-c2ccc(C(F)(F)F)c(-c3cc(F)c(F)c(F)c3F)c2)oc2cc(O)cc(O)c12,1,o1c2cc(O)cc(O)c2c(=O)c(O)c1-c1cc([*])c([*])cc1,Fc1c(F)c(F)c(F)cc1*|FC(F)(F)*,,0.7036851,8.601,0.8024533,8.974,0.9547421,2.9406,8,4,32
7.9492,22.0799,53.1712,0.5878991,O=c1c(O)c(-c2ccc(C(F)(F)F)c(-c3c(F)cccc3F)c2)oc2cc(O)cc(O)c12,1,o1c2cc(O)cc(O)c2c(=O)c(O)c1-c1cc([*])c([*])cc1,Fc1c(*)c(F)ccc1|FC(*)(F)F,,0.687229,8.547,0.3909674,7.692,0.9728146,2.757,8,4,32
16.7227,34.592,-34.5793,9.9e-05,O=c1c(O)c(-c2ccc(-c3ccc(OC(F)(F)F)cc3)c(-c3c(F)cc(F)c(F)c3F)c2)oc2cc(O)cc(O)c12,1,o1c2cc(O)cc(O)c2c(=O)c(O)c1-c1cc([*])c([*])cc1,Fc1c(F)c(F)cc(F)c1*|FC(F)(Oc1ccc(*)cc1)F,,1e-05,0.0,1e-05,0.0,0.9493379,2.9818,8,4,32
6.4505,22.1076,90.2546,0.8778303,O=c1c(O)c(-c2ccc(C(F)(F)F)c(-c3cc(F)c(F)cc3F)c2)oc2cc(O)cc(O)c12,1,o1c2cc(O)cc(O)c2c(=O)c(O)c1-c1cc([*])c([*])cc1,c1(F)c(F)cc(*)c(F)c1|FC(*)(F)F,,0.7471849,8.753,0.9821029,10.783,0.9680158,2.8152,8,4,32
5.5063,11.4435,-11.4435,0.0,Nc1cc(-c2oc3cc(O)cc(O)c3c(=O)c2O)ccc1C(F)(F)F,2,o1c2cc(O)cc(O)c2c(=O)c(O)c1-c1cc([*])c([*])cc1,N*|FC(F)(*)F,,0.0,7.73,0.0,10.406,0.0,2.7357,8,4,32
8.0101,25.7382,57.6593,0.6515433,O=c1c(O)c(-c2ccc(C(F)(F)F)c(-c3cc(F)cc(F)c3F)c2)oc2cc(O)cc(O)c12,1,o1c2cc(O)cc(O)c2c(=O)c(O)c1-c1cc([*])c([*])cc1,c1(F)c(F)cc(F)cc1*|FC(F)(F)*,,0.6766165,8.513,0.5158249,8.044,0.9638885,2.8589,8,4,32
8.6806,18.2273,91.057,0.8537834,O=c1c(O)c(-c2ccc(-c3ccc(F)cc3F)c(C(F)(F)F)c2)oc2cc(O)cc(O)c12,1,o1c2cc(O)cc(O)c2c(=O)c(O)c1-c1cc([*])c([*])cc1,FC(F)(*)F|Fc1cc(F)c(*)cc1,,0.6881563,8.55,0.9900849,11.199,0.977281,2.6931,8,4,32
6.0242,19.6015,78.8831,0.7694114,Nc1ccc(-c2oc3cc(O)cc(O)c3c(=O)c2O)cc1-c1cc(F)c(F)cc1F,1,o1c2cc(O)cc(O)c2c(=O)c(O)c1-c1cc([*])c([*])cc1,Fc1c(F)cc(F)c(*)c1|*N,,0.5276746,8.077,0.9969413,12.021,0.9743656,2.7361,8,4,32
6.0668,10.4443,64.932,0.5888772,Nc1ccc(-c2oc3cc(O)cc(O)c3c(=O)c2O)cc1C(F)(F)F,1,o1c2cc(O)cc(O)c2c(=O)c(O)c1-c1cc([*])c([*])cc1,FC(F)(*)F|*N,,0.2751747,7.327,0.9776044,10.624,0.9785444,2.6728,8,4,32
9.8686,18.6518,76.25,0.7414206,Nc1ccc(-c2oc3cc(O)cc(O)c3c(=O)c2O)cc1-c1ccc(F)c(F)c1,1,o1c2cc(O)cc(O)c2c(=O)c(O)c1-c1cc([*])c([*])cc1,c1(F)ccc(*)cc1F|N*,,0.4798632,7.944,0.9952297,11.711,0.9822942,2.6047,8,4,32
8.0486,21.997,80.1828,0.7982799,O=c1c(O)c(-c2ccc(C(F)(F)F)c(-c3ccc(F)c(F)c3)c2)oc2cc(O)cc(O)c12,1,o1c2cc(O)cc(O)c2c(=O)c(O)c1-c1cc([*])c([*])cc1,*c1cc(F)c(F)cc1|FC(*)(F)F,,0.5806007,8.226,0.9920629,11.355,0.9771079,2.6958,8,4,32
20.0619,29.4805,73.1954,0.8021556,Nc1cc(-c2oc3cc(O)cc(O)c3c(=O)c2O)ccc1-c1nc(F)c(F)cc1F,1,o1c2cc(O)cc(O)c2c(=O)c(O)c1-c1cc([*])c([*])cc1,*N|*c1c(F)cc(F)c(F)n1,,0.5928136,8.261,0.9978909,12.28,0.9490536,2.9839,8,4,32
10.572,19.0392,85.4686,0.8164667,O=c1c(O)c(-c2ccc(-c3ccccc3F)c(C(F)(F)F)c2)oc2cc(O)cc(O)c12,1,o1c2cc(O)cc(O)c2c(=O)c(O)c1-c1cc([*])c([*])cc1,FC(F)(*)F|Fc1c(*)cccc1,,0.6121124,8.317,0.9930701,11.45,0.9819071,2.6124,8,4,32
7.7192,21.6621,-21.6621,0.0,O=c1c(O)c(-c2ccc(C(F)(F)F)c(-c3ccc(F)c(F)c3)c2)oc2cc(O)cc(O)c12,2,o1c2cc(O)cc(O)c2c(=O)c(O)c1-c1cc([*])c([*])cc1,*c1cc(F)c(F)cc1|FC(F)(*)F,,0.0,8.226,0.0,11.355,0.0,2.6958,8,4,32
7.7523,19.8101,90.3899,0.8609378,O=c1c(O)c(-c2ccc(-c3cc(F)c(F)cc3F)c(C(F)(F)F)c2)oc2cc(O)cc(O)c12,1,o1c2cc(O)cc(O)c2c(=O)c(O)c1-c1cc([*])c([*])cc1,FC(F)(*)F|Fc1cc(F)c(*)cc1F,,0.7042848,8.603,0.9918679,11.338,0.9692918,2.8006,8,4,32
18.5424,19.9341,54.2028,0.5791948,CNCCNc1ccc(-c2oc3cc(O)cc(O)c3c(=O)c2O)cc1C(F)(F)F,1,o1c2cc(O)cc(O)c2c(=O)c(O)c1-c1cc([*])c([*])cc1,FC(*)(F)F|C(CN*)NC,,0.2686221,7.304,0.9643263,10.291,0.9713858,2.7754,8,4,32
6.6091,20.0969,86.8327,0.8353872,O=c1c(O)c(-c2ccc(C(F)(F)F)c(Nc3ccc(F)c(F)c3)c2)oc2cc(O)cc(O)c12,1,o1c2cc(O)cc(O)c2c(=O)c(O)c1-c1cc([*])c([*])cc1,*Nc1cc(F)c(F)cc1|FC(*)(F)F,,0.7096514,8.621,0.9102733,9.61,0.9750016,2.7271,8,4,32
7.5642,27.5231,-27.5231,0.0,O=c1c(O)c(-c2ccc(C(F)(F)F)c(-c3cc(F)c(F)c(F)c3F)c2)oc2cc(O)cc(O)c12,2,o1c2cc(O)cc(O)c2c(=O)c(O)c1-c1cc([*])c([*])cc1,c1(F)c(F)c(F)c(F)cc1*|FC(*)(F)F,,0.0,8.601,0.0,8.974,0.0,2.9406,8,4,32
6.1163,20.8172,-20.8172,0.0,Nc1ccc(-c2oc3cc(O)cc(O)c3c(=O)c2O)cc1-c1cc(F)c(F)cc1F,2,o1c2cc(O)cc(O)c2c(=O)c(O)c1-c1cc([*])c([*])cc1,c1(F)c(F)cc(F)c(*)c1|N*,,0.0,8.077,0.0,12.021,0.0,2.7361,8,4,32
11.2649,21.7837,82.9392,0.8181481,Nc1ccc(-c2oc3cc(O)cc(O)c3c(=O)c2O)cc1Nc1c(F)c(F)c(F)c(F)c1F,1,o1c2cc(O)cc(O)c2c(=O)c(O)c1-c1cc([*])c([*])cc1,N(c1c(F)c(F)c(F)c(F)c1F)*|N*,,0.6906214,8.558,0.8991174,9.52,0.9507076,2.9718,8,4,32
9.9759,23.4603,70.5831,0.734714,O=c1c(O)c(-c2ccc(-c3c(F)cc(F)cc3F)c(C(F)(F)F)c2)oc2cc(O)cc(O)c12,1,o1c2cc(O)cc(O)c2c(=O)c(O)c1-c1cc([*])c([*])cc1,C(F)(F)(*)F|Fc1cc(F)cc(F)c1*,,0.4942439,7.984,0.9524691,10.083,0.9660674,2.8365,8,4,32
8.374,30.7034,76.8093,0.8399427,O=c1c(O)c(-c2ccc(C(F)(F)F)c(-c3cc(F)co3)c2)oc2cc(O)cc(O)c12,1,o1c2cc(O)cc(O)c2c(=O)c(O)c1-c1cc([*])c([*])cc1,o1c(*)cc(F)c1|FC(*)(F)F,,0.68661,8.545,0.9782566,10.645,0.9266645,3.1187,8,4,32
8.4151,19.4751,-19.4751,0.0,Nc1ccc(-c2oc3cc(O)cc(O)c3c(=O)c2O)cc1-c1ccc(F)c(F)c1,2,o1c2cc(O)cc(O)c2c(=O)c(O)c1-c1cc([*])c([*])cc1,c1c(F)c(F)ccc1*|N*,,0.0,7.944,0.0,11.711,0.0,2.6047,8,4,32
8.0336,11.8382,86.4123,0.7675818,O=c1c(O)c(-c2ccc(C(F)(F)F)c(C(F)(F)F)c2)oc2cc(O)cc(O)c12,1,o1c2cc(O)cc(O)c2c(=O)c(O)c1-c1cc([*])c([*])cc1,FC(*)(F)F|*C(F)(F)F,,0.5416378,8.116,0.9664416,10.335,0.9724209,2.7622,8,4,32
3.8819,11.6685,-11.6685,0.0,O=c1c(O)c(-c2ccc(C(F)(F)F)c(C(F)(F)F)c2)oc2cc(O)cc(O)c12,2,o1c2cc(O)cc(O)c2c(=O)c(O)c1-c1cc([*])c([*])cc1,FC(*)(F)F|FC(*)(F)F,,0.0,8.116,0.0,10.335,0.0,2.7622,8,4,32
7.9456,21.6596,-21.6596,0.0,O=c1c(O)c(-c2ccc(C(F)(F)F)c(-c3ccoc3)c2)oc2cc(O)cc(O)c12,2,o1c2cc(O)cc(O)c2c(=O)c(O)c1-c1cc([*])c([*])cc1,o1ccc(*)c1|FC(*)(F)F,,0.0,8.133,0.0,10.725,0.0,2.8606,8,4,32
7.7638,24.2329,79.0051,0.8065469,Nc1cc(-c2oc3cc(O)cc(O)c3c(=O)c2O)ccc1-c1ccc(F)c(F)c1F,1,c12oc(-c3ccc([*])c([*])c3)c(O)c(=O)c1c(O)cc(O)c2,c1(F)c(F)c(F)c(*)cc1|N*,,0.5948963,8.267,0.9955146,11.754,0.9731291,2.7529,1,5,33
5.878,18.9915,85.649,0.8175043,O=c1c(O)c(-c2ccc(Nc3ccc(F)c(F)c3)c(C(F)(F)F)c2)oc2cc(O)cc(O)c12,1,c12oc(-c3ccc([*])c([*])c3)c(O)c(=O)c1c(O)cc(O)c2,*Nc1cc(F)c(F)cc1|FC(F)(*)F,,0.6179047,8.334,0.9895185,11.16,0.9766963,2.7021,1,5,33
10.9125,22.8527,79.2676,0.7978148,Nc1cc(-c2oc3cc(O)cc(O)c3c(=O)c2O)ccc1Nc1cc(F)c(F)c(F)c1,1,c12oc(-c3ccc([*])c([*])c3)c(O)c(=O)c1c(O)cc(O)c2,N(c1cc(F)c(F)c(F)c1)*|N*,,0.5976676,8.275,0.9645729,10.296,0.9725705,2.7602,1,5,33
4.3332,9.8018,89.1167,0.7728006,O=c1c(O)c(-c2ccc(C(F)(F)F)c(C(F)(F)F)c2)oc2cc(O)cc(O)c12,1,c12oc(-c3ccc([*])c([*])c3)c(O)c(=O)c1c(O)cc(O)c2,FC(F)(*)F|FC(F)(F)*,,0.5512674,8.143,0.965782,10.321,0.9724209,2.7622,1,5,33
7.0559,22.9826,-21.9549,0.0080292,O=c1c(O)c(-c2ccc(Nc3c(F)c(F)c(F)c(F)c3F)c(C(F)(F)F)c2)oc2cc(O)cc(O)c12,1,c12oc(-c3ccc([*])c([*])c3)c(O)c(=O)c1c(O)cc(O)c2,*Nc1c(F)c(F)c(F)c(F)c1F|FC(*)(F)F,,0.5952429,8.268,1e-05,0.0,0.9418766,3.0323,1,5,33
3.6187,10.6832,-10.6832,0.0,O=c1c(O)c(-c2ccc(C(F)(F)F)c(C(F)(F)F)c2)oc2cc(O)cc(O)c12,2,c12oc(-c3ccc([*])c([*])c3)c(O)c(=O)c1c(O)cc(O)c2,FC(*)(F)F|FC(F)(*)F,,0.0,8.143,0.0,10.321,0.0,2.7622,1,5,33
4.8604,9.3587,-9.3587,0.0,O=c1c(O)c(-c2ccc(C(F)(F)F)c(C(F)(F)F)c2)oc2cc(O)cc(O)c12,2,c12oc(-c3ccc([*])c([*])c3)c(O)c(=O)c1c(O)cc(O)c2,FC(F)(F)*|FC(F)(F)*,,0.0,8.143,0.0,10.321,0.0,2.7622,1,5,33
4.7775,10.3184,65.5022,0.5923479,Nc1ccc(-c2oc3cc(O)cc(O)c3c(=O)c2O)cc1C(F)(F)F,1,c12oc(-c3ccc([*])c([*])c3)c(O)c(=O)c1c(O)cc(O)c2,*N|FC(F)(*)F,,0.2792113,7.341,0.9777301,10.628,0.9785444,2.6728,1,5,33
7.1157,21.1327,80.8385,0.7966505,Nc1cc(-c2oc3cc(O)cc(O)c3c(=O)c2O)ccc1-c1c(F)cc(F)cc1F,1,c12oc(-c3ccc([*])c([*])c3)c(O)c(=O)c1c(O)cc(O)c2,c1(F)c(*)c(F)cc(F)c1|N*,,0.5837512,8.235,0.9847481,10.896,0.9710315,2.7798,1,5,33
8.9854,21.704,84.2872,0.8280568,Nc1ccc(-c2oc3cc(O)cc(O)c3c(=O)c2O)cc1Nc1cc(F)c(F)cc1F,1,c12oc(-c3ccc([*])c([*])c3)c(O)c(=O)c1c(O)cc(O)c2,N*|Fc1c(F)cc(N*)c(F)c1,,0.7353176,8.71,0.8604512,9.264,0.9725188,2.7609,1,5,33
3.6829,10.158,-10.1579,0.0,O=c1c(O)c(-c2ccc(C(F)(F)F)c(C(F)(F)F)c2)oc2cc(O)cc(O)c12,2,c12oc(-c3ccc([*])c([*])c3)c(O)c(=O)c1c(O)cc(O)c2,FC(*)(F)F|FC(F)(F)*,,0.0,8.143,0.0,10.321,0.0,2.7622,1,5,33
3.3977,11.1794,-11.1794,0.0,O=c1c(O)c(-c2ccc(C(F)(F)F)c(C(F)(F)F)c2)oc2cc(O)cc(O)c12,2,c12oc(-c3ccc([*])c([*])c3)c(O)c(=O)c1c(O)cc(O)c2,FC(*)(F)F|FC(*)(F)F,,0.0,8.143,0.0,10.321,0.0,2.7622,1,5,33
3.9223,9.8724,-9.8724,0.0,O=c1c(O)c(-c2ccc(C(F)(F)F)c(C(F)(F)F)c2)oc2cc(O)cc(O)c12,2,c12oc(-c3ccc([*])c([*])c3)c(O)c(=O)c1c(O)cc(O)c2,FC(F)(F)*|FC(F)(*)F,,0.0,8.143,0.0,10.321,0.0,2.7622,1,5,33
10.8872,37.1315,59.8941,0.7580121,Nc1cc(-c2oc3cc(O)cc(O)c3c(=O)c2O)ccc1Nc1cc(F)c(F)o1,1,c12oc(-c3ccc([*])c([*])c3)c(O)c(=O)c1c(O)cc(O)c2,*Nc1oc(F)c(F)c1|*N,,0.5398508,8.111,0.9739732,10.517,0.9051886,3.2161,1,5,33
10.2565,26.6518,87.2279,0.8896857,O=c1c(O)c(-c2ccc(-c3cc(F)c(F)c(F)c3F)c(C(F)(F)F)c2)oc2cc(O)cc(O)c12,1,c12oc(-c3ccc([*])c([*])c3)c(O)c(=O)c1c(O)cc(O)c2,Fc1c(F)c(F)c(*)cc1F|FC(*)(F)F,,0.7688202,8.835,0.9929502,11.438,0.9564855,2.9264,1,5,33
9.8696,23.7586,-23.7586,0.0,O=c1c(O)c(-c2ccc(Nc3c(F)c(F)c(F)c(F)c3F)c(C(F)(F)F)c2)oc2cc(O)cc(O)c12,2,c12oc(-c3ccc([*])c([*])c3)c(O)c(=O)c1c(O)cc(O)c2,c1(N*)c(F)c(F)c(F)c(F)c1F|FC(F)(F)*,,0.0,8.268,0.0,0.0,0.0,3.0323,1,5,33
8.2586,20.4906,85.9366,0.8314618,Nc1cc(-c2oc3cc(O)cc(O)c3c(=O)c2O)ccc1-c1c(F)c(F)c(F)c(F)c1F,1,c12oc(-c3ccc([*])c([*])c3)c(O)c(=O)c1c(O)cc(O)c2,Fc1c(F)c(F)c(F)c(*)c1F|*N,,0.6492951,8.428,0.996029,11.839,0.9501308,2.976,1,5,33
3.6119,10.3757,-10.3757,0.0,O=c1c(O)c(-c2ccc(C(F)(F)F)c(C(F)(F)F)c2)oc2cc(O)cc(O)c12,2,c12oc(-c3ccc([*])c([*])c3)c(O)c(=O)c1c(O)cc(O)c2,FC(F)(F)*|FC(*)(F)F,,0.0,8.143,0.0,10.321,0.0,2.7622,1,5,33
11.5343,22.3217,89.5304,0.8738443,Nc1ccc(-c2oc3cc(O)cc(O)c3c(=O)c2O)cc1Nc1c(F)cc(F)c(F)c1F,1,c12oc(-c3ccc([*])c([*])c3)c(O)c(=O)c1c(O)cc(O)c2,N*|c1(F)c(N*)c(F)c(F)c(F)c1,,0.7842973,8.897,0.929302,9.79,0.9591691,2.9033,1,5,33
9.2078,26.0274,73.0717,0.7742112,O=c1c(O)c(-c2ccc(C(F)(F)F)c(Nc3ccon3)c2)oc2cc(O)cc(O)c12,1,c12oc(-c3ccc([*])c([*])c3)c(O)c(=O)c1c(O)cc(O)c2,FC(*)(F)F|o1ccc(N*)n1,,0.5813014,8.228,0.9297733,9.795,0.9522269,2.9604,1,5,33
10.1011,24.1132,76.0102,0.7822138,O=c1c(O)c(-c2ccc(C(F)(F)F)c(-c3cc(F)c(F)c(F)c3F)c2)oc2cc(O)cc(O)c12,1,c12oc(-c3ccc([*])c([*])c3)c(O)c(=O)c1c(O)cc(O)c2,C(F)(*)(F)F|c1(F)c(F)c(F)c(F)c(*)c1,,0.7054825,8.607,0.7850267,8.9,0.9547421,2.9406,1,5,33
8.4248,26.7169,78.9073,0.8251891,Nc1cc(-c2oc3cc(O)cc(O)c3c(=O)c2O)ccc1Nc1c(F)c(F)c(F)c(F)c1F,1,c12oc(-c3ccc([*])c([*])c3)c(O)c(=O)c1c(O)cc(O)c2,c1(F)c(F)c(F)c(F)c(F)c1N*|*N,,0.6667793,8.482,0.951149,10.063,0.9512748,2.9676,1,5,33
8.512,17.8707,-17.8707,0.0,Nc1cc(-c2oc3cc(O)cc(O)c3c(=O)c2O)ccc1-c1c(F)cc(F)cc1F,2,c12oc(-c3ccc([*])c([*])c3)c(O)c(=O)c1c(O)cc(O)c2,Fc1c(*)c(F)cc(F)c1|*N,,0.0,8.235,0.0,10.896,0.0,2.7798,1,5,33
3.6699,11.1794,-11.1794,0.0,O=c1c(O)c(-c2ccc(C(F)(F)F)c(C(F)(F)F)c2)oc2cc(O)cc(O)c12,2,c12oc(-c3ccc([*])c([*])c3)c(O)c(=O)c1c(O)cc(O)c2,FC(*)(F)F|FC(*)(F)F,,0.0,8.143,0.0,10.321,0.0,2.7622,1,5,33
8.9281,23.2742,90.8623,0.8916915,O=c1c(O)c(-c2ccc(-c3c(F)ccc(F)c3F)c(C(F)(F)F)c2)oc2cc(O)cc(O)c12,1,c12oc(-c3ccc([*])c([*])c3)c(O)c(=O)c1c(O)cc(O)c2,c1(F)c(*)c(F)c(F)cc1|FC(F)(*)F,,0.7842973,8.897,0.9746218,10.535,0.9648048,2.8496,1,5,33
8.0327,11.6704,-11.6704,0.0,O=c1c(O)c(-c2ccc(C(F)(F)F)c(C(F)(F)F)c2)oc2cc(O)cc(O)c12,2,c12oc(-c3ccc([*])c([*])c3)c(O)c(=O)c1c(O)cc(O)c2,C(*)(F)(F)F|FC(*)(F)F,,0.0,8.143,0.0,10.321,0.0,2.7622,1,5,33
8.5087,21.7732,-21.7732,0.0,O=c1c(O)c(-c2ccc(Nc3ccc(F)c(F)c3)c(C(F)(F)F)c2)oc2cc(O)cc(O)c12,2,c12oc(-c3ccc([*])c([*])c3)c(O)c(=O)c1c(O)cc(O)c2,N(*)c1cc(F)c(F)cc1|FC(F)(F)*,,0.0,8.334,0.0,11.16,0.0,2.7021,1,5,33
7.6912,21.5535,91.6677,0.8845403,O=c1c(O)c(-c2ccc(C(F)(F)F)c(-c3cc(F)c(F)cc3F)c2)oc2cc(O)cc(O)c12,1,c12oc(-c3ccc([*])c([*])c3)c(O)c(=O)c1c(O)cc(O)c2,FC(F)(*)F|c1(F)c(F)cc(F)c(*)c1,,0.7549868,8.782,0.9906343,11.239,0.9680158,2.8152,1,5,33
4.1375,10.8358,76.7054,0.6839151,Nc1cc(-c2oc3cc(O)cc(O)c3c(=O)c2O)ccc1C(F)(F)F,1,c12oc(-c3ccc([*])c([*])c3)c(O)c(=O)c1c(O)cc(O)c2,FC(*)(F)F|N*,,0.4040637,7.73,0.9698135,10.411,0.974395,2.7357,1,5,33
11.3023,30.3211,70.1807,0.7851703,Nc1cc(-c2oc3cc(O)cc(O)c3c(=O)c2O)ccc1-c1occ(F)c1F,1,c12oc(-c3ccc([*])c([*])c3)c(O)c(=O)c1c(O)cc(O)c2,c1oc(*)c(F)c1F|*N,,0.5781457,8.219,0.9823292,10.792,0.925189,3.1262,1,5,33
7.651,19.3209,40.8329,0.4699517,O=c1c(O)c(-c2ccc(-c3ccoc3)c(C(F)(F)F)c2)oc2cc(O)cc(O)c12,1,c12oc(-c3ccc([*])c([*])c3)c(O)c(=O)c1c(O)cc(O)c2,o1ccc(*)c1|FC(*)(F)F,,0.4476647,7.854,0.3441795,7.552,0.9655846,2.8416,1,5,33
8.6285,26.2194,80.3362,0.8324659,O=c1c(O)c(-c2ccc(NCc3ccc(F)c(F)c3F)c(C(F)(F)F)c2)oc2cc(O)cc(O)c12,1,c12oc(-c3ccc([*])c([*])c3)c(O)c(=O)c1c(O)cc(O)c2,C(N*)c1c(F)c(F)c(F)cc1|FC(F)(*)F,,0.658738,8.457,0.9778551,10.632,0.9635133,2.8626,1,5,33
7.1554,21.5953,80.6112,0.798488,O=c1c(O)c(-c2ccc(-c3c(F)c(F)c(F)c(F)c3F)c(C(F)(F)F)c2)oc2cc(O)cc(O)c12,1,Oc1c(-c2ccc([*])c([*])c2)oc2c(c1=O)c(O)cc(O)c2,Fc1c(F)c(F)c(F)c(*)c1F|FC(F)(*)F,,0.6011233,8.285,0.976041,10.576,0.9429283,3.0256,2,5,34
10.2193,25.1706,81.8866,0.8363845,Nc1cc(-c2oc3cc(O)cc(O)c3c(=O)c2O)ccc1Nc1c(F)ccc(F)c1F,1,Oc1c(-c2ccc([*])c([*])c2)oc2c(c1=O)c(O)cc(O)c2,*Nc1c(F)c(F)ccc1F|*N,,0.6554955,8.447,0.9910903,11.274,0.9697598,2.7951,2,5,34
9.9867,20.1013,78.9425,0.7737795,O=c1c(O)c(-c2ccc(C(F)(F)F)c(-c3c(F)cccc3F)c2)oc2cc(O)cc(O)c12,1,Oc1c(-c2ccc([*])c([*])c2)oc2c(c1=O)c(O)cc(O)c2,FC(*)(F)F|Fc1c(*)c(F)ccc1,,0.6686949,8.488,0.7985463,8.957,0.9728146,2.757,2,5,34
15.597,28.6634,78.8207,0.8397192,Nc1c(-c2ccc(-c3oc4cc(O)cc(O)c4c(=O)c3O)cc2C(F)(F)F)ccc(F)c1F,1,Oc1c(-c2ccc([*])c([*])c2)oc2c(c1=O)c(O)cc(O)c2,Nc1c(F)c(F)ccc1*|FC(*)(F)F,,0.6616436,8.466,0.9982325,12.403,0.9571034,2.9212,2,5,34
5.6539,11.7087,87.2097,0.7728006,O=c1c(O)c(-c2ccc(C(F)(F)F)c(C(F)(F)F)c2)oc2cc(O)cc(O)c12,1,Oc1c(-c2ccc([*])c([*])c2)oc2c(c1=O)c(O)cc(O)c2,FC(*)(F)F|FC(F)(*)F,,0.5512674,8.143,0.965782,10.321,0.9724209,2.7622,2,5,34
5.1041,20.4046,86.0226,0.8314618,Nc1cc(-c2oc3cc(O)cc(O)c3c(=O)c2O)ccc1-c1c(F)c(F)c(F)c(F)c1F,1,Oc1c(-c2ccc([*])c([*])c2)oc2c(c1=O)c(O)cc(O)c2,c1(F)c(F)c(F)c(F)c(*)c1F|*N,,0.6492951,8.428,0.996029,11.839,0.9501308,2.976,2,5,34
11.2724,24.0894,80.7817,0.8193057,Nc1cc(-c2oc3cc(O)cc(O)c3c(=O)c2O)ccc1Nc1c(F)cc(F)c(F)c1F,1,Oc1c(-c2ccc([*])c([*])c2)oc2c(c1=O)c(O)cc(O)c2,Fc1c(F)c(N*)c(F)cc1F|N*,,0.6380733,8.394,0.9720464,10.466,0.959654,2.8989,2,5,34
5.1525,11.8383,-11.8383,0.0,O=c1c(O)c(-c2ccc(C(F)(F)F)c(C(F)(F)F)c2)oc2cc(O)cc(O)c12,2,Oc1c(-c2ccc([*])c([*])c2)oc2c(c1=O)c(O)cc(O)c2,FC(F)(*)F|FC(*)(F)F,,0.0,8.143,0.0,10.321,0.0,2.7622,2,5,34
4.1615,19.4381,86.1861,0.8251891,Nc1cc(-c2oc3cc(O)cc(O)c3c(=O)c2O)ccc1Nc1c(F)c(F)c(F)c(F)c1F,1,Oc1c(-c2ccc([*])c([*])c2)oc2c(c1=O)c(O)cc(O)c2,*Nc1c(F)c(F)c(F)c(F)c1F|N*,,0.6667793,8.482,0.951149,10.063,0.9512748,2.9676,2,5,34
12.3384,31.3641,65.3042,0.7552215,O=c1c(O)c(-c2ccc(C(F)(F)F)c(-c3csc(F)c3F)c2)oc2cc(O)cc(O)c12,1,Oc1c(-c2ccc([*])c([*])c2)oc2c(c1=O)c(O)cc(O)c2,FC(F)(F)*|s1cc(*)c(F)c1F,,0.5875928,8.246,0.8770075,9.365,0.9251499,3.1264,2,5,34
4.6873,18.9598,-18.9598,0.0,Nc1cc(-c2oc3cc(O)cc(O)c3c(=O)c2O)ccc1Nc1c(F)c(F)c(F)c(F)c1F,2,Oc1c(-c2ccc([*])c([*])c2)oc2c(c1=O)c(O)cc(O)c2,*Nc1c(F)c(F)c(F)c(F)c1F|*N,,0.0,8.482,0.0,10.063,0.0,2.9676,2,5,34
6.8595,22.6959,85.6804,0.8466901,O=c1c(O)c(-c2ccc(Nc3cc(F)c(F)c(F)c3F)c(C(F)(F)F)c2)oc2cc(O)cc(O)c12,1,Oc1c(-c2ccc([*])c([*])c2)oc2c(c1=O)c(O)cc(O)c2,*Nc1c(F)c(F)c(F)c(F)c1|FC(F)(F)*,,0.6933821,8.567,0.9742273,10.524,0.9535788,2.9499,2,5,34
16.1841,33.1391,-33.1265,9.82e-05,O=c1c(O)c(-c2ccc(-c3c(F)c(F)c(F)c(F)c3F)c(Nc3c(F)cc(F)cc3F)c2)oc2cc(O)cc(O)c12,1,Oc1c(-c2ccc([*])c([*])c2)oc2c(c1=O)c(O)cc(O)c2,Fc1c(F)c(F)c(F)c(*)c1F|Fc1cc(F)c(N*)c(F)c1,,1e-05,0.0,1e-05,0.0,0.9113162,3.1905,2,5,34
8.2872,23.7714,71.8997,0.7474308,Nc1cc(-c2oc3cc(O)cc(O)c3c(=O)c2O)ccc1-c1occc1F,1,Oc1c(-c2ccc([*])c([*])c2)oc2c(c1=O)c(O)cc(O)c2,c1oc(*)c(F)c1|N*,,0.5007195,8.002,0.9900566,11.197,0.9491745,2.983,2,5,34
9.5635,21.2984,82.2601,0.8090506,O=c1c(O)c(-c2ccc(Nc3c(F)cc(F)cc3F)c(C(F)(F)F)c2)oc2cc(O)cc(O)c12,1,Oc1c(-c2ccc([*])c([*])c2)oc2c(c1=O)c(O)cc(O)c2,c1(F)c(N*)c(F)cc(F)c1|FC(F)(F)*,,0.625014,8.355,0.9590308,10.191,0.9647924,2.8498,2,5,34
4.8606,10.6129,76.9282,0.6839151,Nc1cc(-c2oc3cc(O)cc(O)c3c(=O)c2O)ccc1C(F)(F)F,1,Oc1c(-c2ccc([*])c([*])c2)oc2c(c1=O)c(O)cc(O)c2,FC(F)(*)F|N*,,0.4040637,7.73,0.9698135,10.411,0.974395,2.7357,2,5,34
6.1828,24.1539,-24.1539,0.0,O=c1c(O)c(-c2ccc(-c3c(F)c(F)c(F)c(F)c3F)c(C(F)(F)F)c2)oc2cc(O)cc(O)c12,2,Oc1c(-c2ccc([*])c([*])c2)oc2c(c1=O)c(O)cc(O)c2,c1(F)c(F)c(F)c(F)c(F)c1*|FC(F)(F)*,,0.0,8.285,0.0,10.576,0.0,3.0256,2,5,34
7.0743,21.1891,84.1783,0.8231831,Nc1ccc(-c2oc3cc(O)cc(O)c3c(=O)c2O)cc1-c1c(F)c(F)c(F)c(F)c1F,1,Oc1c(-c2ccc([*])c([*])c2)oc2c(c1=O)c(O)cc(O)c2,*N|Fc1c(F)c(F)c(F)c(F)c1*,,0.6314003,8.374,0.9986353,12.583,0.9507337,2.9716,2,5,34
8.232,23.1458,82.0644,0.8219547,Nc1cc(-c2oc3cc(O)cc(O)c3c(=O)c2O)ccc1Nc1c(F)c(F)cc(F)c1F,1,Oc1c(-c2ccc([*])c([*])c2)oc2c(c1=O)c(O)cc(O)c2,Fc1c(N*)c(F)c(F)cc1F|N*,,0.6314003,8.374,0.9902807,11.213,0.9596508,2.899,2,5,34
6.7457,24.2234,73.5922,0.7641842,Nc1cc(-c2oc3cc(O)cc(O)c3c(=O)c2O)ccc1Nc1ccc(F)c(F)c1F,1,Oc1c(-c2ccc([*])c([*])c2)oc2c(c1=O)c(O)cc(O)c2,N(*)c1c(F)c(F)c(F)cc1|N*,,0.6110867,8.314,0.8471664,9.19,0.9724051,2.7624,2,5,34
23.2291,49.5318,-49.5194,9.76e-05,CNc1nnc(-c2ccc(-c3oc4cc(O)cc(O)c4c(=O)c3O)cc2N(C)c2cc(F)c(F)c(F)c2)o1,1,Oc1c(-c2ccc([*])c([*])c2)oc2c(c1=O)c(O)cc(O)c2,N(c1oc(*)nn1)C|*N(c1cc(F)c(F)c(F)c1)C,,1e-05,0.0,1e-05,0.0,0.8849664,3.2911,2,5,34
14.0784,30.2205,66.1399,0.7528158,Nc1cc(-c2oc3cc(O)cc(O)c3c(=O)c2O)ccc1Nc1ccc(F)c(F)c1CF,1,Oc1c(-c2ccc([*])c([*])c2)oc2c(c1=O)c(O)cc(O)c2,N(*)c1c(CF)c(F)c(F)cc1|*N,,0.5183403,8.051,0.9732335,10.497,0.9501227,2.9761,2,5,34
4.9731,11.8383,-11.8383,0.0,O=c1c(O)c(-c2ccc(C(F)(F)F)c(C(F)(F)F)c2)oc2cc(O)cc(O)c12,2,Oc1c(-c2ccc([*])c([*])c2)oc2c(c1=O)c(O)cc(O)c2,FC(F)(*)F|FC(*)(F)F,,0.0,8.143,0.0,10.321,0.0,2.7622,2,5,34
15.7808,46.1254,62.2531,0.8467068,O=c1c(O)c(-c2ccc(Nc3oc(F)cc3F)c(-c3c(F)cccc3F)c2)oc2cc(O)cc(O)c12,1,Oc1c(-c2ccc([*])c([*])c2)oc2c(c1=O)c(O)cc(O)c2,*Nc1oc(F)cc1F|c1(F)c(*)c(F)ccc1,,0.8127378,9.02,0.856252,9.24,0.8985894,3.242,2,5,34
10.7357,36.8989,69.4651,0.8309684,O=c1c(O)c(-c2ccc(C(F)(F)F)c(Nc3cc(F)c(F)o3)c2)oc2cc(O)cc(O)c12,1,Oc1c(-c2ccc([*])c([*])c2)oc2c(c1=O)c(O)cc(O)c2,FC(F)(F)*|o1c(N*)cc(F)c1F,,0.6721925,8.499,0.9921754,11.365,0.8907552,3.2709,2,5,34
18.1575,32.4312,72.8887,0.8228118,Cc1cc(=O)c(F)c(Nc2ccc(-c3oc4cc(O)cc(O)c4c(=O)c3O)cc2C(F)(F)F)o1,1,Oc1c(-c2ccc([*])c([*])c2)oc2c(c1=O)c(O)cc(O)c2,*Nc1oc(C)cc(=O)c1F|FC(*)(F)F,,0.7036851,8.601,0.9123667,9.628,0.9149706,3.1745,2,5,34
13.0925,27.6457,76.4525,0.8132674,O=c1c(O)c(-c2ccc(Nc3c(F)ccc(F)c3F)c(C(F)F)c2)oc2cc(O)cc(O)c12,1,Oc1c(-c2ccc([*])c([*])c2)oc2c(c1=O)c(O)cc(O)c2,c1(F)c(N*)c(F)c(F)cc1|FC(*)F,,0.623664,8.351,0.9792441,10.678,0.9538576,2.9477,2,5,34
16.6976,37.661,59.059,0.755625,Cc1coc(Nc2ccc(-c3oc4cc(O)cc(O)c4c(=O)c3O)cc2-c2cc(F)c(F)c(F)c2F)c1,1,Oc1c(-c2ccc([*])c([*])c2)oc2c(c1=O)c(O)cc(O)c2,o1c(N*)cc(C)c1|Fc1c(F)c(F)c(F)cc1*,,0.8288176,9.096,0.6394016,8.398,0.8771344,3.3171,2,5,34
4.4839,19.0969,-19.0969,0.0,Nc1cc(-c2oc3cc(O)cc(O)c3c(=O)c2O)ccc1-c1c(F)c(F)c(F)c(F)c1F,2,Oc1c(-c2ccc([*])c([*])c2)oc2c(c1=O)c(O)cc(O)c2,Fc1c(F)c(F)c(F)c(*)c1F|*N,,0.0,8.428,0.0,11.839,0.0,2.976,2,5,34
4.6708,18.9598,-18.9598,0.0,Nc1cc(-c2oc3cc(O)cc(O)c3c(=O)c2O)ccc1Nc1c(F)c(F)c(F)c(F)c1F,2,Oc1c(-c2ccc([*])c([*])c2)oc2c(c1=O)c(O)cc(O)c2,*Nc1c(F)c(F)c(F)c(F)c1F|*N,,0.0,8.482,0.0,10.063,0.0,2.9676,2,5,34
5.6149,9.9116,65.909,0.5923479,Nc1ccc(-c2oc3cc(O)cc(O)c3c(=O)c2O)cc1C(F)(F)F,1,Oc1c(-c2ccc([*])c([*])c2)oc2c(c1=O)c(O)cc(O)c2,N*|FC(F)(*)F,,0.2792113,7.341,0.9777301,10.628,0.9785444,2.6728,2,5,34
5.8793,25.3028,-25.3028,0.0,Nc1cc(-c2oc3cc(O)cc(O)c3c(=O)c2O)ccc1Nc1c(F)c(F)c(F)c(F)c1F,2,Oc1c(-c2ccc([*])c([*])c2)oc2c(c1=O)c(O)cc(O)c2,c1(F)c(F)c(F)c(F)c(F)c1N*|*N,,0.0,8.482,0.0,10.063,0.0,2.9676,2,5,34
7.2595,19.0243,79.5427,0.7700548,Nc1ccc(-c2oc3cc(O)cc(O)c3c(=O)c2O)cc1-c1cc(F)c(F)cc1F,1,c12c(=O)c(O)c(-c3cc([*])c([*])cc3)oc1cc(O)cc2O,Fc1c(F)cc(F)c(*)c1|*N,,0.5287505,8.08,0.9969935,12.033,0.9743656,2.7361,3,5,35
3.7949,21.5346,89.0294,0.8637815,Nc1ccc(-c2oc3cc(O)cc(O)c3c(=O)c2O)cc1Nc1ccc(F)c(F)c1F,1,c12c(=O)c(O)c(-c3cc([*])c([*])cc3)oc1cc(O)cc2O,*Nc1c(F)c(F)c(F)cc1|N*,,0.7436345,8.74,0.9458089,9.987,0.972061,2.7668,3,5,35
8.2103,23.505,81.1447,0.8175758,Nc1ccc(-c2oc3cc(O)cc(O)c3c(=O)c2O)cc1Nc1c(F)c(F)c(F)c(F)c1F,1,c12c(=O)c(O)c(-c3cc([*])c([*])cc3)oc1cc(O)cc2O,Fc1c(F)c(F)c(F)c(N*)c1F|N*,,0.6875383,8.548,0.9015706,9.539,0.9507076,2.9718,3,5,35
7.9801,28.2736,74.2971,0.8013334,Nc1ccc(-c2oc3cc(O)cc(O)c3c(=O)c2O)cc1Nc1c(F)ccc(F)c1F,1,c12c(=O)c(O)c(-c3cc([*])c([*])cc3)oc1cc(O)cc2O,N(*)c1c(F)c(F)ccc1F|N*,,0.5889869,8.25,0.9912415,11.286,0.9693839,2.7996,3,5,35
13.7938,34.1013,-34.1013,0.0,Fc1c(F)c(FFF)c(F)c(F)c1*|*N,0,c12c(=O)c(O)c(-c3cc([*])c([*])cc3)oc1cc(O)cc2O,Fc1c(F)c(FFF)c(F)c(F)c1*|*N,,0.0,0.0,0.0,0.0,0.0,0.0,3,5,35
6.6596,29.9218,58.479,0.6906316,Nc1ccc(-c2oc3cc(O)cc(O)c3c(=O)c2O)cc1-c1sc(F)c(F)c1F,1,c12c(=O)c(O)c(-c3cc([*])c([*])cc3)oc1cc(O)cc2O,s1c(F)c(F)c(F)c1*|N*,,0.4197497,7.775,0.9914147,11.3,0.9072786,3.2076,3,5,35
15.4361,38.9999,-38.9873,9.88e-05,CN(c1ccc(F)c(F)c1)c1ccc(-c2oc3cc(O)cc(O)c3c(=O)c2O)cc1Nc1ccc(F)c(F)c1F,1,c12c(=O)c(O)c(-c3cc([*])c([*])cc3)oc1cc(O)cc2O,*Nc1c(F)c(F)c(F)cc1|N(*)(c1cc(F)c(F)cc1)C,,1e-05,0.0,1e-05,0.0,0.9397867,3.0453,3,5,35
8.3784,28.5413,68.4971,0.758112,Nc1ccc(-c2oc3cc(O)cc(O)c3c(=O)c2O)cc1-c1c(F)sc(F)c1F,1,c12c(=O)c(O)c(-c3cc([*])c([*])cc3)oc1cc(O)cc2O,s1c(F)c(F)c(*)c1F|N*,,0.5334097,8.093,0.9879672,11.063,0.9016956,3.23,3,5,35
15.9403,48.0684,-48.0684,0.0,o1c(CN*)c(F)c(F)c(F)c1=F|FC(F)(*)F,0,c12c(=O)c(O)c(-c3cc([*])c([*])cc3)oc1cc(O)cc2O,o1c(CN*)c(F)c(F)c(F)c1=F|FC(F)(*)F,,0.0,0.0,0.0,0.0,0.0,0.0,3,5,35
6.0913,20.7788,84.5887,0.8231831,Nc1ccc(-c2oc3cc(O)cc(O)c3c(=O)c2O)cc1-c1c(F)c(F)c(F)c(F)c1F,1,c12c(=O)c(O)c(-c3cc([*])c([*])cc3)oc1cc(O)cc2O,c1(F)c(F)c(F)c(F)c(*)c1F|*N,,0.6314003,8.374,0.9986353,12.583,0.9507337,2.9716,3,5,35
4.1185,20.602,-20.602,0.0,Nc1ccc(-c2oc3cc(O)cc(O)c3c(=O)c2O)cc1-c1c(F)c(F)c(F)c(F)c1F,2,c12c(=O)c(O)c(-c3cc([*])c([*])cc3)oc1cc(O)cc2O,Fc1c(F)c(F)c(F)c(F)c1*|N*,,0.0,8.374,0.0,12.583,0.0,2.9716,3,5,35
6.6948,25.0717,75.0837,0.7824636,Nc1ccc(-c2oc3cc(O)cc(O)c3c(=O)c2O)cc1-c1c(F)c(F)cc(F)c1F,1,c12c(=O)c(O)c(-c3cc([*])c([*])cc3)oc1cc(O)cc2O,c1(F)c(F)cc(F)c(F)c1*|N*,,0.5544695,8.152,0.9980789,12.345,0.9577131,2.916,3,5,35
6.1594,17.3761,-17.3761,0.0,Nc1ccc(-c2oc3cc(O)cc(O)c3c(=O)c2O)cc1-c1c(F)c(F)c(F)c(F)c1F,2,c12c(=O)c(O)c(-c3cc([*])c([*])cc3)oc1cc(O)cc2O,Fc1c(*)c(F)c(F)c(F)c1F|*N,,0.0,8.374,0.0,12.583,0.0,2.9716,3,5,35
15.2722,34.3354,39.7729,0.5789708,CNc1c(F)c(F)c(F)c(Nc2cc(-c3oc4cc(O)cc(O)c4c(=O)c3O)ccc2N)c1F,1,c12c(=O)c(O)c(-c3cc([*])c([*])cc3)oc1cc(O)cc2O,N(*)c1c(F)c(F)c(F)c(NC)c1F|N*,,0.6310654,8.373,0.4211523,7.779,0.9209921,3.1467,3,5,35
3.9388,21.5346,-21.5346,0.0,Nc1ccc(-c2oc3cc(O)cc(O)c3c(=O)c2O)cc1Nc1ccc(F)c(F)c1F,2,c12c(=O)c(O)c(-c3cc([*])c([*])cc3)oc1cc(O)cc2O,*Nc1c(F)c(F)c(F)cc1|N*,,0.0,8.74,0.0,9.987,0.0,2.7668,3,5,35
11.7822,34.6561,70.4189,0.820898,O=c1c(O)c(-c2ccc(C(F)(F)F)c(Nc3occc3F)c2)oc2cc(O)cc(O)c12,1,c12c(=O)c(O)c(-c3cc([*])c([*])cc3)oc1cc(O)cc2O,o1c(N*)c(F)cc1|FC(*)(F)F,,0.6548452,8.445,0.9696021,10.406,0.924659,3.1288,3,5,35
5.2396,19.0791,-19.0791,0.0,Nc1ccc(-c2oc3cc(O)cc(O)c3c(=O)c2O)cc1-c1c(F)c(F)c(F)c(F)c1F,2,c12c(=O)c(O)c(-c3cc([*])c([*])cc3)oc1cc(O)cc2O,Fc1c(F)c(F)c(F)c(*)c1F|*N,,0.0,8.374,0.0,12.583,0.0,2.9716,3,5,35
10.4442,42.5681,56.588,0.7746575,Nc1oc(F)c(-c2cc(-c3oc4cc(O)cc(O)c4c(=O)c3O)ccc2C(F)(F)F)c1F,1,c12c(=O)c(O)c(-c3cc([*])c([*])cc3)oc1cc(O)cc2O,o1c(F)c(*)c(F)c1N|FC(*)(F)F,,0.6280449,8.364,0.893638,9.479,0.8856134,3.2889,3,5,35
4.7144,22.3888,-22.3888,0.0,Nc1ccc(-c2oc3cc(O)cc(O)c3c(=O)c2O)cc1-c1c(F)c(F)c(F)c(F)c1F,2,c12c(=O)c(O)c(-c3cc([*])c([*])cc3)oc1cc(O)cc2O,c1(F)c(F)c(F)c(F)c(F)c1*|N*,,0.0,8.374,0.0,12.583,0.0,2.9716,3,5,35
7.6322,19.0827,87.3444,0.8314618,Nc1cc(-c2oc3cc(O)cc(O)c3c(=O)c2O)ccc1-c1c(F)c(F)c(F)c(F)c1F,1,c12c(=O)c(O)c(-c3cc([*])c([*])cc3)oc1cc(O)cc2O,N*|c1(F)c(*)c(F)c(F)c(F)c1F,,0.6492951,8.428,0.996029,11.839,0.9501308,2.976,3,5,35
9.4282,36.2638,-36.2512,9.78e-05,O=c1c(O)c(-c2ccc(Nc3c(F)c(F)c(F)c(F)c3F)c(-c3cc(F)c(F)c(F)c3F)c2)oc2cc(O)cc(O)c12,1,c12c(=O)c(O)c(-c3cc([*])c([*])cc3)oc1cc(O)cc2O,c1(F)c(F)c(F)c(F)cc1*|*Nc1c(F)c(F)c(F)c(F)c1F,,1e-05,0.0,1e-05,0.0,0.8930844,3.2625,3,5,35
8.85,18.4279,85.169,0.8093507,Nc1cc(-c2oc3cc(O)cc(O)c3c(=O)c2O)ccc1-c1cc(F)c(F)cc1F,1,c12c(=O)c(O)c(-c3cc([*])c([*])cc3)oc1cc(O)cc2O,N*|Fc1cc(F)c(*)cc1F,,0.5990513,8.279,0.9968747,12.006,0.9738108,2.7437,3,5,35
9.1799,20.9482,76.0958,0.7581567,Nc1ccc(-c2oc3cc(O)cc(O)c3c(=O)c2O)cc1-c1cc(F)c(F)c(F)c1,1,c12c(=O)c(O)c(-c3cc([*])c([*])cc3)oc1cc(O)cc2O,c1(F)c(F)c(F)cc(*)c1|*N,,0.5086339,8.024,0.9971815,12.078,0.973724,2.7449,3,5,35
8.745,22.8964,81.6353,0.8166535,O=c1c(O)c(-c2ccc(C(F)(F)F)c(Nc3cc(F)c(F)cc3F)c2)oc2cc(O)cc(O)c12,1,c12c(=O)c(O)c(-c3cc([*])c([*])cc3)oc1cc(O)cc2O,*Nc1cc(F)c(F)cc1F|FC(F)(*)F,,0.8069763,8.994,0.7605342,8.803,0.9643397,2.8544,3,5,35
7.2813,25.3208,-25.3208,0.0,Nc1ccc(-c2oc3cc(O)cc(O)c3c(=O)c2O)cc1Nc1c(F)ccc(F)c1F,2,c12c(=O)c(O)c(-c3cc([*])c([*])cc3)oc1cc(O)cc2O,*Nc1c(F)c(F)ccc1F|*N,,0.0,8.25,0.0,11.286,0.0,2.7996,3,5,35
5.8942,25.8552,-25.8552,0.0,Nc1ccc(-c2oc3cc(O)cc(O)c3c(=O)c2O)cc1Nc1c(F)c(F)c(F)c(F)c1F,2,c12c(=O)c(O)c(-c3cc([*])c([*])cc3)oc1cc(O)cc2O,c1(F)c(F)c(F)c(F)c(F)c1N*|*N,,0.0,8.548,0.0,9.539,0.0,2.9718,3,5,35
8.186,23.3083,88.5437,0.8738443,Nc1ccc(-c2oc3cc(O)cc(O)c3c(=O)c2O)cc1Nc1c(F)cc(F)c(F)c1F,1,c12c(=O)c(O)c(-c3cc([*])c([*])cc3)oc1cc(O)cc2O,c1(F)c(N*)c(F)c(F)c(F)c1|N*,,0.7842973,8.897,0.929302,9.79,0.9591691,2.9033,3,5,35
8.1718,19.6451,67.0058,0.6769603,O=c1c(O)c(-c2ccc(C(F)(F)F)c(-c3c(F)cc(F)cc3F)c2)oc2cc(O)cc(O)c12,1,c12c(=O)c(O)c(-c3cc([*])c([*])cc3)oc1cc(O)cc2O,Fc1cc(F)c(*)c(F)c1|FC(*)(F)F,,0.7167161,8.645,0.535558,8.099,0.9649587,2.8481,3,5,35
11.702,34.1096,69.2196,0.8072599,Nc1cc(-c2oc3cc(O)cc(O)c3c(=O)c2O)ccc1-c1coc(F)c1F,1,c12c(=O)c(O)c(-c3cc([*])c([*])cc3)oc1cc(O)cc2O,*N|o1c(F)c(F)c(*)c1,,0.6141604,8.323,0.9935849,11.504,0.9206474,3.1484,3,5,35
7.8248,21.7257,67.5432,0.6974133,O=c1c(O)c(-c2ccc(C(F)(F)F)c(Nc3c(F)cc(F)cc3F)c2)oc2cc(O)cc(O)c12,1,c12c(=O)c(O)c(-c3cc([*])c([*])cc3)oc1cc(O)cc2O,Fc1c(N*)c(F)cc(F)c1|FC(*)(F)F,,0.740605,8.729,0.5590861,8.165,0.9623223,2.8742,3,5,35
8.1348,20.9389,82.2991,0.8065469,Nc1cc(-c2oc3cc(O)cc(O)c3c(=O)c2O)ccc1-c1ccc(F)c(F)c1F,1,c12c(=O)c(O)c(-c3cc([*])c([*])cc3)oc1cc(O)cc2O,*N|c1(F)c(F)c(F)c(*)cc1,,0.5948963,8.267,0.9955146,11.754,0.9731291,2.7529,3,5,35
8.1193,22.7439,83.2473,0.8280568,Nc1ccc(-c2oc3cc(O)cc(O)c3c(=O)c2O)cc1Nc1cc(F)c(F)cc1F,1,c12c(=O)c(O)c(-c3cc([*])c([*])cc3)oc1cc(O)cc2O,Fc1c(F)cc(F)c(N*)c1|N*,,0.7353176,8.71,0.8604512,9.264,0.9725188,2.7609,3,5,35
7.2359,17.2592,84.712,0.7966505,Nc1cc(-c2oc3cc(O)cc(O)c3c(=O)c2O)ccc1-c1c(F)cc(F)cc1F,1,[*]c1cc(-c2c(O)c(=O)c3c(O)cc(O)cc3o2)ccc1[*],N*|Fc1c(*)c(F)cc(F)c1,,0.5837512,8.235,0.9847481,10.896,0.9710315,2.7798,4,5,36
5.75,15.026,90.3414,0.8231831,Nc1ccc(-c2oc3cc(O)cc(O)c3c(=O)c2O)cc1-c1c(F)c(F)c(F)c(F)c1F,1,[*]c1cc(-c2c(O)c(=O)c3c(O)cc(O)cc3o2)ccc1[*],Fc1c(*)c(F)c(F)c(F)c1F|N*,,0.6314003,8.374,0.9986353,12.583,0.9507337,2.9716,4,5,36
5.1868,17.9795,-17.9795,0.0,Nc1ccc(-c2oc3cc(O)cc(O)c3c(=O)c2O)cc1-c1c(F)c(F)c(F)c(F)c1F,2,[*]c1cc(-c2c(O)c(=O)c3c(O)cc(O)cc3o2)ccc1[*],Fc1c(F)c(F)c(F)c(*)c1F|N*,,0.0,8.374,0.0,12.583,0.0,2.9716,4,5,36
16.5141,30.9,61.9916,0.7257155,O=c1c(O)c(-c2ccc(Nc3csc(F)c3F)c(C(F)(F)F)c2)oc2cc(O)cc(O)c12,1,[*]c1cc(-c2c(O)c(=O)c3c(O)cc(O)cc3o2)ccc1[*],C(F)(*)(F)F|s1c(F)c(F)c(N*)c1,,0.4971218,7.992,0.9414474,9.93,0.9189975,3.1561,4,5,36
4.7394,17.6155,-17.6155,0.0,Nc1ccc(-c2oc3cc(O)cc(O)c3c(=O)c2O)cc1-c1c(F)c(F)c(F)c(F)c1F,2,[*]c1cc(-c2c(O)c(=O)c3c(O)cc(O)cc3o2)ccc1[*],c1(F)c(F)c(F)c(F)c(*)c1F|*N,,0.0,8.374,0.0,12.583,0.0,2.9716,4,5,36
6.7324,18.4799,76.3267,0.7406765,Nc1ccc(-c2oc3cc(O)cc(O)c3c(=O)c2O)cc1-c1c(F)ccc(F)c1F,1,[*]c1cc(-c2c(O)c(=O)c3c(O)cc(O)cc3o2)ccc1[*],c1(F)c(F)c(*)c(F)cc1|*N,,0.480941,7.947,0.9966424,11.956,0.9702436,2.7894,4,5,36
7.7661,17.7231,80.8439,0.7700548,Nc1ccc(-c2oc3cc(O)cc(O)c3c(=O)c2O)cc1-c1cc(F)c(F)cc1F,1,[*]c1cc(-c2c(O)c(=O)c3c(O)cc(O)cc3o2)ccc1[*],Fc1cc(F)c(F)cc1*|*N,,0.5287505,8.08,0.9969935,12.033,0.9743656,2.7361,4,5,36
5.2284,20.9169,83.5639,0.8162561,Nc1ccc(-c2oc3cc(O)cc(O)c3c(=O)c2O)cc1-c1cc(F)c(F)c(F)c1F,1,[*]c1cc(-c2c(O)c(=O)c3c(O)cc(O)cc3o2)ccc1[*],Fc1c(F)c(F)c(F)cc1*|N*,,0.6145015,8.324,0.9982627,12.415,0.9629342,2.8683,4,5,36
15.3183,33.7644,84.3191,0.9225274,O=c1c(O)c(-c2ccc(-c3cc(F)cc(F)c3)c(-c3cc(F)co3)c2)oc2cc(O)cc(O)c12,1,[*]c1cc(-c2c(O)c(=O)c3c(O)cc(O)cc3o2)ccc1[*],*c1occ(F)c1|Fc1cc(F)cc(*)c1,,0.8732332,9.341,0.9680819,10.371,0.9350001,3.0737,4,5,36
7.6444,18.552,82.4662,0.7892048,Nc1ccc(-c2oc3cc(O)cc(O)c3c(=O)c2O)cc1-c1ccc(F)c(F)c1F,1,[*]c1cc(-c2c(O)c(=O)c3c(O)cc(O)cc3o2)ccc1[*],c1cc(F)c(F)c(F)c1*|N*,,0.5622764,8.174,0.997269,12.1,0.973698,2.7453,4,5,36
11.1049,16.0183,83.8583,0.7802864,Nc1cc(-c2oc3cc(O)cc(O)c3c(=O)c2O)ccc1-c1ccc(F)cc1F,1,[*]c1cc(-c2c(O)c(=O)c3c(O)cc(O)cc3o2)ccc1[*],N*|Fc1cc(F)c(*)cc1,,0.5487742,8.136,0.9895185,11.16,0.9809227,2.6311,4,5,36
6.2404,19.5811,-19.5811,0.0,Nc1ccc(-c2oc3cc(O)cc(O)c3c(=O)c2O)cc1-c1c(F)c(F)c(F)c(F)c1F,2,[*]c1cc(-c2c(O)c(=O)c3c(O)cc(O)cc3o2)ccc1[*],c1(F)c(F)c(F)c(F)c(F)c1*|N*,,0.0,8.374,0.0,12.583,0.0,2.9716,4,5,36
4.7015,18.0604,88.6509,0.833682,Nc1ccc(-c2oc3cc(O)cc(O)c3c(=O)c2O)cc1-c1c(F)cc(F)c(F)c1F,1,[*]c1cc(-c2c(O)c(=O)c3c(O)cc(O)cc3o2)ccc1[*],Fc1c(*)c(F)c(F)c(F)c1|N*,,0.6489672,8.427,0.9974436,12.146,0.9611251,2.8855,4,5,36
7.5225,18.9487,67.7023,0.6769603,O=c1c(O)c(-c2ccc(C(F)(F)F)c(-c3c(F)cc(F)cc3F)c2)oc2cc(O)cc(O)c12,1,[*]c1cc(-c2c(O)c(=O)c3c(O)cc(O)cc3o2)ccc1[*],c1(F)c(*)c(F)cc(F)c1|FC(F)(*)F,,0.7167161,8.645,0.535558,8.099,0.9649587,2.8481,4,5,36
4.6787,20.9269,-20.9269,0.0,Nc1ccc(-c2oc3cc(O)cc(O)c3c(=O)c2O)cc1-c1cc(F)c(F)c(F)c1F,2,[*]c1cc(-c2c(O)c(=O)c3c(O)cc(O)cc3o2)ccc1[*],Fc1c(F)c(F)c(*)cc1F|N*,,0.0,8.324,0.0,12.415,0.0,2.8683,4,5,36
5.2023,20.9169,-20.9169,0.0,Nc1ccc(-c2oc3cc(O)cc(O)c3c(=O)c2O)cc1-c1cc(F)c(F)c(F)c1F,2,[*]c1cc(-c2c(O)c(=O)c3c(O)cc(O)cc3o2)ccc1[*],Fc1c(F)c(F)c(F)cc1*|N*,,0.0,8.324,0.0,12.415,0.0,2.8683,4,5,36
9.3499,16.4543,89.9728,0.8314618,Nc1cc(-c2oc3cc(O)cc(O)c3c(=O)c2O)ccc1-c1c(F)c(F)c(F)c(F)c1F,1,[*]c1cc(-c2c(O)c(=O)c3c(O)cc(O)cc3o2)ccc1[*],N*|Fc1c(*)c(F)c(F)c(F)c1F,,0.6492951,8.428,0.996029,11.839,0.9501308,2.976,4,5,36
7.6215,22.0275,78.1278,0.7824636,Nc1ccc(-c2oc3cc(O)cc(O)c3c(=O)c2O)cc1-c1c(F)c(F)cc(F)c1F,1,[*]c1cc(-c2c(O)c(=O)c3c(O)cc(O)cc3o2)ccc1[*],c1(F)c(F)cc(F)c(F)c1*|N*,,0.5544695,8.152,0.9980789,12.345,0.9577131,2.916,4,5,36
16.8164,27.8393,51.2259,0.6176965,Nc1cc(-c2cc(-c3oc4cc(O)cc(O)c4c(=O)c3O)ccc2C(F)(F)F)c(F)c(F)c1F,1,[*]c1cc(-c2c(O)c(=O)c3c(O)cc(O)cc3o2)ccc1[*],c1(*)c(F)c(F)c(F)c(N)c1|FC(F)(F)*,,0.8314557,9.109,0.3719552,7.636,0.9401908,3.0428,4,5,36
7.2199,19.4347,-19.4347,0.0,Nc1ccc(-c2oc3cc(O)cc(O)c3c(=O)c2O)cc1-c1c(F)ccc(F)c1F,2,[*]c1cc(-c2c(O)c(=O)c3c(O)cc(O)cc3o2)ccc1[*],c1(F)c(*)c(F)ccc1F|N*,,0.0,7.947,0.0,11.956,0.0,2.7894,4,5,36
4.9761,20.9269,-20.9269,0.0,Nc1ccc(-c2oc3cc(O)cc(O)c3c(=O)c2O)cc1-c1cc(F)c(F)c(F)c1F,2,[*]c1cc(-c2c(O)c(=O)c3c(O)cc(O)cc3o2)ccc1[*],Fc1c(F)c(F)c(*)cc1F|N*,,0.0,8.324,0.0,12.415,0.0,2.8683,4,5,36
7.5107,16.7937,89.9868,0.8342225,Nc1ccc(-c2oc3cc(O)cc(O)c3c(=O)c2O)cc1Nc1c(F)cc(F)cc1F,1,[*]c1cc(-c2c(O)c(=O)c3c(O)cc(O)cc3o2)ccc1[*],Fc1c(N*)c(F)cc(F)c1|N*,,0.718757,8.652,0.8975402,9.508,0.9708173,2.7824,4,5,36
6.6528,14.6856,81.27,0.7496534,Nc1ccc(-c2oc3cc(O)cc(O)c3c(=O)c2O)cc1-c1c(F)cc(F)cc1F,1,[*]c1cc(-c2c(O)c(=O)c3c(O)cc(O)cc3o2)ccc1[*],Fc1cc(F)c(*)c(F)c1|N*,,0.4956827,7.988,0.9959717,11.829,0.9714067,2.7751,4,5,36
25.8347,46.7137,-45.6825,0.0080561,O=c1c(O)c(-c2ccc(NC3C=Nc4cc(F)c(F)c(F)c43)c(-c3c(F)c(F)cc(F)c3F)c2)oc2cc(O)cc(O)c12,1,[*]c1cc(-c2c(O)c(=O)c3c(O)cc(O)cc3o2)ccc1[*],c1(F)c(F)c(*)c(F)c(F)c1|C1(N*)c2c(F)c(F)c(F)cc2N=C1,,0.8706624,9.325,1e-05,0.0,0.4476488,4.073,4,5,36
6.4544,14.8587,-14.8587,0.0,Nc1ccc(-c2oc3cc(O)cc(O)c3c(=O)c2O)cc1-c1c(F)cc(F)cc1F,2,[*]c1cc(-c2c(O)c(=O)c3c(O)cc(O)cc3o2)ccc1[*],Fc1cc(F)c(*)c(F)c1|*N,,0.0,7.988,0.0,11.829,0.0,2.7751,4,5,36
8.8478,21.0077,55.9809,0.6014731,Nc1ccc(-c2oc3cc(O)cc(O)c3c(=O)c2O)cc1-c1c(F)c(N)c(F)c(F)c1F,1,[*]c1cc(-c2c(O)c(=O)c3c(O)cc(O)cc3o2)ccc1[*],c1(F)c(F)c(F)c(*)c(F)c1N|N*,,0.5605046,8.169,0.5172626,8.048,0.9364843,3.0651,4,5,36
7.3796,19.7145,57.8752,0.6061691,O=c1c(O)c(-c2ccc(C(F)(F)F)c(-c3c(F)c(F)c(F)c(F)c3F)c2)oc2cc(O)cc(O)c12,1,[*]c1cc(-c2c(O)c(=O)c3c(O)cc(O)cc3o2)ccc1[*],c1(F)c(F)c(F)c(F)c(*)c1F|FC(F)(F)*,,0.7463685,8.75,0.3950871,7.704,0.9411888,3.0366,4,5,36
4.0426,17.9795,-17.9795,0.0,Nc1ccc(-c2oc3cc(O)cc(O)c3c(=O)c2O)cc1-c1c(F)c(F)c(F)c(F)c1F,2,[*]c1cc(-c2c(O)c(=O)c3c(O)cc(O)cc3o2)ccc1[*],Fc1c(F)c(F)c(F)c(*)c1F|N*,,0.0,8.374,0.0,12.583,0.0,2.9716,4,5,36
8.674,17.25,-17.25,0.0,Nc1cc(-c2oc3cc(O)cc(O)c3c(=O)c2O)ccc1-c1c(F)cc(F)cc1F,2,[*]c1cc(-c2c(O)c(=O)c3c(O)cc(O)cc3o2)ccc1[*],*N|c1(F)c(*)c(F)cc(F)c1,,0.0,8.235,0.0,10.896,0.0,2.7798,4,5,36
7.3362,18.8821,-18.8821,0.0,O=c1c(O)c(-c2ccc(C(F)(F)F)c(-c3c(F)c(F)c(F)c(F)c3F)c2)oc2cc(O)cc(O)c12,2,[*]c1cc(-c2c(O)c(=O)c3c(O)cc(O)cc3o2)ccc1[*],c1(F)c(F)c(F)c(*)c(F)c1F|FC(F)(*)F,,0.0,8.75,0.0,7.704,0.0,3.0366,4,5,36
6.8381,18.3313,-18.3313,0.0,Nc1ccc(-c2oc3cc(O)cc(O)c3c(=O)c2O)cc1-c1c(F)ccc(F)c1F,2,[*]c1cc(-c2c(O)c(=O)c3c(O)cc(O)cc3o2)ccc1[*],c1(F)c(F)c(*)c(F)cc1|N*,,0.0,7.947,0.0,11.956,0.0,2.7894,4,5,36
5.0238,21.2414,-21.2414,0.0,Nc1ccc(-c2oc3cc(O)cc(O)c3c(=O)c2O)cc1-c1c(F)cc(F)c(F)c1F,2,[*]c1cc(-c2c(O)c(=O)c3c(O)cc(O)cc3o2)ccc1[*],Fc1c(F)c(F)cc(F)c1*|N*,,0.0,8.427,0.0,12.146,0.0,2.8855,4,5,36
10.7321,19.6858,87.0255,0.833682,Nc1ccc(-c2oc3cc(O)cc(O)c3c(=O)c2O)cc1-c1c(F)cc(F)c(F)c1F,1,c1(=O)c2c(oc(-c3ccc([*])c([*])c3)c1O)cc(O)cc2O,*N|c1(F)c(F)c(F)cc(F)c1*,,0.6489672,8.427,0.9974436,12.146,0.9611251,2.8855,5,5,37
5.0752,34.4691,62.5565,0.7580121,Nc1cc(-c2oc3cc(O)cc(O)c3c(=O)c2O)ccc1Nc1cc(F)c(F)o1,1,c1(=O)c2c(oc(-c3ccc([*])c([*])c3)c1O)cc(O)cc2O,*Nc1oc(F)c(F)c1|N*,,0.5398508,8.111,0.9739732,10.517,0.9051886,3.2161,5,5,37
8.1616,31.2351,70.5001,0.7948062,Nc1cc(-c2oc3cc(O)cc(O)c3c(=O)c2O)ccc1Nc1c(F)sc(F)c1F,1,c1(=O)c2c(oc(-c3ccc([*])c([*])c3)c1O)cc(O)cc2O,s1c(F)c(F)c(N*)c1F|*N,,0.6066312,8.301,0.9766065,10.593,0.9036865,3.2221,5,5,37
11.9752,35.5051,61.9232,0.7611583,Nc1cc(-c2oc3cc(O)cc(O)c3c(=O)c2O)ccc1-c1c(F)oc(N)c1N,1,c1(=O)c2c(oc(-c3ccc([*])c([*])c3)c1O)cc(O)cc2O,o1c(F)c(*)c(N)c1N|N*,,0.5455651,8.127,0.982651,10.805,0.8889624,3.2773,5,5,37
10.7689,28.1109,68.3834,0.7538613,Nc1cc(-c2oc3cc(O)cc(O)c3c(=O)c2O)ccc1-c1c(F)csc1F,1,c1(=O)c2c(oc(-c3ccc([*])c([*])c3)c1O)cc(O)cc2O,s1c(F)c(*)c(F)c1|N*,,0.5255221,8.071,0.9790089,10.67,0.919818,3.1523,5,5,37
11.6047,21.7904,79.969,0.7949954,Nc1cc(-c2oc3cc(O)cc(O)c3c(=O)c2O)ccc1Nc1cc(Cl)c(F)cc1F,1,c1(=O)c2c(oc(-c3ccc([*])c([*])c3)c1O)cc(O)cc2O,c1(F)c(Cl)cc(N*)c(F)c1|N*,,0.5976676,8.275,0.9562289,10.143,0.9722542,2.7643,5,5,37
5.4616,20.0867,83.427,0.808701,Nc1cc(-c2oc3cc(O)cc(O)c3c(=O)c2O)ccc1Nc1cc(F)c(F)c(F)c1F,1,c1(=O)c2c(oc(-c3ccc([*])c([*])c3)c1O)cc(O)cc2O,*Nc1c(F)c(F)c(F)c(F)c1|N*,,0.6209582,8.343,0.9659244,10.324,0.9614549,2.8824,5,5,37
6.3284,32.9086,60.2731,0.7279817,Nc1ccc(-c2oc3cc(O)cc(O)c3c(=O)c2O)cc1Nc1cc(F)c(F)o1,1,c1(=O)c2c(oc(-c3ccc([*])c([*])c3)c1O)cc(O)cc2O,N*|o1c(N*)cc(F)c1F,,0.4874105,7.965,0.9757022,10.566,0.9040201,3.2208,5,5,37
11.6455,17.7007,78.4827,0.7514324,Nc1cc(-c2oc3cc(O)cc(O)c3c(=O)c2O)ccc1Nc1ccc(F)cc1F,1,c1(=O)c2c(oc(-c3ccc([*])c([*])c3)c1O)cc(O)cc2O,*Nc1ccc(F)cc1F|*N,,0.5028783,8.008,0.9827976,10.811,0.9808339,2.6328,5,5,37
7.1221,21.9232,75.8923,0.7641842,Nc1cc(-c2oc3cc(O)cc(O)c3c(=O)c2O)ccc1Nc1ccc(F)c(F)c1F,1,c1(=O)c2c(oc(-c3ccc([*])c([*])c3)c1O)cc(O)cc2O,c1(F)c(F)c(F)ccc1N*|N*,,0.6110867,8.314,0.8471664,9.19,0.9724051,2.7624,5,5,37
6.554,31.8199,68.6594,0.7849944,Nc1cc(-c2oc3cc(O)cc(O)c3c(=O)c2O)ccc1Nc1occc1F,1,c1(=O)c2c(oc(-c3ccc([*])c([*])c3)c1O)cc(O)cc2O,*Nc1occc1F|N*,,0.585848,8.241,0.9630677,10.266,0.9363742,3.0657,5,5,37
5.5029,22.3768,83.2474,0.8251891,Nc1cc(-c2oc3cc(O)cc(O)c3c(=O)c2O)ccc1Nc1c(F)c(F)c(F)c(F)c1F,1,c1(=O)c2c(oc(-c3ccc([*])c([*])c3)c1O)cc(O)cc2O,c1(F)c(F)c(F)c(F)c(F)c1N*|N*,,0.6667793,8.482,0.951149,10.063,0.9512748,2.9676,5,5,37
11.9665,27.4508,76.2704,0.8103217,CN(c1ccc(-c2oc3cc(O)cc(O)c3c(=O)c2O)cc1N)c1ccc(F)c(F)c1F,1,c1(=O)c2c(oc(-c3ccc([*])c([*])c3)c1O)cc(O)cc2O,*N(c1c(F)c(F)c(F)cc1)C|N*,,0.6354102,8.386,0.9535007,10.099,0.9517809,2.9637,5,5,37
12.0783,27.6958,75.5304,0.806455,Nc1cc(-c2oc3cc(O)cc(O)c3c(=O)c2O)ccc1Nc1c(F)cc(F)c(Cl)c1F,1,c1(=O)c2c(oc(-c3ccc([*])c([*])c3)c1O)cc(O)cc2O,N(*)c1c(F)c(Cl)c(F)cc1F|N*,,0.6162047,8.329,0.9734575,10.503,0.948018,2.9912,5,5,37
3.823,33.996,-33.996,0.0,Nc1cc(-c2oc3cc(O)cc(O)c3c(=O)c2O)ccc1Nc1cc(F)c(F)o1,2,c1(=O)c2c(oc(-c3ccc([*])c([*])c3)c1O)cc(O)cc2O,o1c(N*)cc(F)c1F|N*,,0.0,8.111,0.0,10.517,0.0,3.2161,5,5,37
9.7165,34.3508,61.4897,0.7487534,Nc1cc(-c2oc3cc(O)cc(O)c3c(=O)c2O)ccc1Nc1ccc(NF)c(F)c1F,1,c1(=O)c2c(oc(-c3ccc([*])c([*])c3)c1O)cc(O)cc2O,N(c1c(F)c(F)c(N*)cc1)F|N*,,0.5679351,8.19,0.8803821,9.387,0.9413559,3.0356,5,5,37
27.2015,54.1042,-54.1042,0.0,N(=C(N*)Nc)oc1F|c1coc(*)c1,0,c1(=O)c2c(oc(-c3ccc([*])c([*])c3)c1O)cc(O)cc2O,N(=C(N*)Nc)oc1F|c1coc(*)c1,,0.0,0.0,0.0,0.0,0.0,0.0,5,5,37
14.1793,30.087,71.5498,0.7940373,Nc1cc(-c2ccc(-c3oc4cc(O)cc(O)c4c(=O)c3O)cc2C(F)(F)F)oc1F,1,c1(=O)c2c(oc(-c3ccc([*])c([*])c3)c1O)cc(O)cc2O,o1c(*)cc(N)c1F|FC(*)(F)F,,0.5875928,8.246,0.9977242,12.227,0.9183974,3.1589,5,5,37
8.4387,35.3192,64.0669,0.7764539,Nc1cc(-c2oc3cc(O)cc(O)c3c(=O)c2O)ccc1-c1c(F)coc1F,1,c1(=O)c2c(oc(-c3ccc([*])c([*])c3)c1O)cc(O)cc2O,o1cc(F)c(*)c1F|N*,,0.5633388,8.177,0.9897107,11.173,0.9078677,3.2051,5,5,37
9.604,18.1225,75.3009,0.7298709,Cc1cc(Nc2cc(-c3oc4cc(O)cc(O)c4c(=O)c3O)ccc2N)on1,1,c1(=O)c2c(oc(-c3ccc([*])c([*])c3)c1O)cc(O)cc2O,N*|o1c(N*)cc(C)n1,,0.4780676,7.939,0.9724734,10.477,0.9582879,2.911,5,5,37
9.801,23.3011,83.6395,0.8354735,Nc1cc(-c2oc3cc(O)cc(O)c3c(=O)c2O)ccc1Nc1c(F)ccc(Cl)c1F,1,c1(=O)c2c(oc(-c3ccc([*])c([*])c3)c1O)cc(O)cc2O,Fc1c(N*)c(F)c(Cl)cc1|N*,,0.6600311,8.461,0.9830392,10.821,0.966925,2.8273,5,5,37
12.0282,23.1739,85.4007,0.8482388,Nc1cc(-c2oc3cc(O)cc(O)c3c(=O)c2O)ccc1Nc1c(F)c(N)c(F)c(F)c1F,1,c1(=O)c2c(oc(-c3ccc([*])c([*])c3)c1O)cc(O)cc2O,Fc1c(N)c(F)c(F)c(F)c1N*|*N,,0.7493533,8.761,0.9129403,9.633,0.9382798,3.0545,5,5,37
16.3341,32.0031,62.3915,0.7374573,Nc1cc(-c2oc3cc(O)cc(O)c3c(=O)c2O)ccc1NNC(=O)Nc1c(F)ccc(F)c1F,1,c1(=O)c2c(oc(-c3ccc([*])c([*])c3)c1O)cc(O)cc2O,N(NC(Nc1c(F)c(F)ccc1F)=O)*|*N,,0.908255,9.593,0.5276746,8.077,0.9495909,2.98,5,5,37
9.2965,23.0563,82.4989,0.8246498,Nc1cc(-c2oc3cc(O)cc(O)c3c(=O)c2O)ccc1-c1c(F)cc(F)c(F)c1F,1,c1(=O)c2c(oc(-c3ccc([*])c([*])c3)c1O)cc(O)cc2O,*c1c(F)c(F)c(F)cc1F|N*,,0.635077,8.385,0.9921306,11.361,0.9606324,2.8901,5,5,37
7.601,38.2705,-37.0254,0.009727,Nc1cc(-c2oc3cc(O)cc(O)c3c(=O)c2O)ccc1Nc1occ(F)c1F,1,c1(=O)c2c(oc(-c3ccc([*])c([*])c3)c1O)cc(O)cc2O,c1oc(N*)c(F)c1F|*N,,1e-05,0.0,0.9750804,10.548,0.9158639,3.1705,5,5,37
8.3858,34.6996,61.4257,0.7509792,Nc1cc(-c2oc3cc(O)cc(O)c3c(=O)c2O)ccc1Nc1csc(F)c1F,1,c1(=O)c2c(oc(-c3ccc([*])c([*])c3)c1O)cc(O)cc2O,s1cc(N*)c(F)c1F|N*,,0.5255221,8.071,0.9661605,10.329,0.9265292,3.1194,5,5,37
12.4135,29.7194,71.3996,0.7899917,Nc1cc(-c2oc3cc(O)cc(O)c3c(=O)c2O)ccc1Nc1cc(F)c(F)c(Cl)c1F,1,c1(=O)c2c(oc(-c3ccc([*])c([*])c3)c1O)cc(O)cc2O,Fc1c(Cl)c(F)c(F)cc1N*|N*,,0.623664,8.351,0.9117897,9.623,0.9515286,2.9657,5,5,37
11.353,19.6069,59.497,0.6179994,Nc1ccc(-c2oc3cc(O)cc(O)c3c(=O)c2O)cc1Nc1ccco1,1,c1(=O)c2c(oc(-c3ccc([*])c([*])c3)c1O)cc(O)cc2O,*N|o1c(N*)ccc1,,0.3143198,7.458,0.9760073,10.575,0.9578352,2.9149,5,5,37
16.0645,34.5664,76.4115,0.8670151,NC(=O)Nc1ccoc1Nc1ccc(-c2oc3cc(O)cc(O)c3c(=O)c2O)cc1N,1,c1(=O)c2c(oc(-c3ccc([*])c([*])c3)c1O)cc(O)cc2O,c1oc(N*)c(NC(N)=O)c1|*N,,0.7490831,8.76,0.9719289,10.463,0.9242817,3.1307,5,5,37
4.9268,22.1228,78.0521,0.7826166,Nc1cc(-c2oc3cc(O)cc(O)c3c(=O)c2O)ccc1Nc1cccc(F)c1F,1,c1(=O)c2c(oc(-c3ccc([*])c([*])c3)c1O)cc(O)cc2O,*Nc1c(F)c(F)ccc1|N*,,0.5534027,8.149,0.9901833,11.206,0.9777582,2.6856,5,5,37
7.7367,13.3778,71.704,0.6647018,Nc1cc(-c2oc3cc(O)cc(O)c3c(=O)c2O)ccc1C(F)F,1,c1(=O)c2c(oc(-c3ccc([*])c([*])c3)c1O)cc(O)cc2O,FC(F)*|N*,,0.384817,7.674,0.9515486,10.069,0.9677513,2.8182,5,5,37
4.5829,23.671,83.3862,0.8363845,Nc1cc(-c2oc3cc(O)cc(O)c3c(=O)c2O)ccc1Nc1c(F)ccc(F)c1F,1,c1(=O)c2c(oc(-c3ccc([*])c([*])c3)c1O)cc(O)cc2O,*Nc1c(F)c(F)ccc1F|N*,,0.6554955,8.447,0.9910903,11.274,0.9697598,2.7951,5,5,37
9.1744,25.069,79.3402,0.8156974,Nc1cc(-c2oc3cc(O)cc(O)c3c(=O)c2O)ccc1Nc1cc(F)ccc1F,1,Oc1cc2oc(-c3ccc([*])c([*])c3)c(O)c(=O)c2c(O)c1,*Nc1cc(F)ccc1F|*N,,0.6179047,8.334,0.9824784,10.798,0.9798424,2.6506,6,5,38
5.4059,26.8702,73.3048,0.7826166,Nc1cc(-c2oc3cc(O)cc(O)c3c(=O)c2O)ccc1Nc1cccc(F)c1F,1,Oc1cc2oc(-c3ccc([*])c([*])c3)c(O)c(=O)c2c(O)c1,*Nc1c(F)c(F)ccc1|*N,,0.5534027,8.149,0.9901833,11.206,0.9777582,2.6856,6,5,38
7.5994,26.0802,76.4904,0.8013334,Nc1ccc(-c2oc3cc(O)cc(O)c3c(=O)c2O)cc1Nc1c(F)ccc(F)c1F,1,Oc1cc2oc(-c3ccc([*])c([*])c3)c(O)c(=O)c2c(O)c1,N*|*Nc1c(F)ccc(F)c1F,,0.5889869,8.25,0.9912415,11.286,0.9693839,2.7996,6,5,38
4.8863,30.577,76.4802,0.8363845,Nc1cc(-c2oc3cc(O)cc(O)c3c(=O)c2O)ccc1Nc1c(F)ccc(F)c1F,1,Oc1cc2oc(-c3ccc([*])c([*])c3)c(O)c(=O)c2c(O)c1,*Nc1c(F)c(F)ccc1F|N*,,0.6554955,8.447,0.9910903,11.274,0.9697598,2.7951,6,5,38
5.4584,24.1752,-24.1752,0.0,Nc1cc(-c2oc3cc(O)cc(O)c3c(=O)c2O)ccc1Nc1c(F)ccc(F)c1F,2,Oc1cc2oc(-c3ccc([*])c([*])c3)c(O)c(=O)c2c(O)c1,Fc1c(N*)c(F)c(F)cc1|N*,,0.0,8.447,0.0,11.274,0.0,2.7951,6,5,38
7.1965,32.7249,47.939,0.6301867,Nc1ccc(-c2oc3cc(O)cc(O)c3c(=O)c2O)cc1Nc1ccoc1F,1,Oc1cc2oc(-c3ccc([*])c([*])c3)c(O)c(=O)c2c(O)c1,N*|o1ccc(N*)c1F,,0.3329011,7.517,0.9794189,10.684,0.934929,3.0741,6,5,38
12.5967,36.6699,60.3557,0.7580121,Nc1cc(-c2oc3cc(O)cc(O)c3c(=O)c2O)ccc1Nc1cc(F)c(F)o1,1,Oc1cc2oc(-c3ccc([*])c([*])c3)c(O)c(=O)c2c(O)c1,Fc1cc(N*)oc1F|N*,,0.5398508,8.111,0.9739732,10.517,0.9051886,3.2161,6,5,38
3.7984,8.2938,70.6348,0.6166303,Nc1ccc(-c2oc3cc(O)cc(O)c3c(=O)c2O)cc1N,1,Oc1cc2oc(-c3ccc([*])c([*])c3)c(O)c(=O)c2c(O)c1,N*|N*,,0.3422331,7.546,0.8809869,9.391,0.9807119,2.635,6,5,38
9.8032,28.7587,76.7965,0.8246498,Nc1cc(-c2oc3cc(O)cc(O)c3c(=O)c2O)ccc1-c1c(F)cc(F)c(F)c1F,1,Oc1cc2oc(-c3ccc([*])c([*])c3)c(O)c(=O)c2c(O)c1,c1(F)c(F)c(F)cc(F)c1*|N*,,0.635077,8.385,0.9921306,11.361,0.9606324,2.8901,6,5,38
9.256,31.8786,78.2616,0.8604704,Nc1cc(-c2oc3cc(O)cc(O)c3c(=O)c2O)ccc1Nc1c(F)cc(F)c(N)c1F,1,Oc1cc2oc(-c3ccc([*])c([*])c3)c(O)c(=O)c2c(O)c1,c1(F)c(N*)c(F)c(N)c(F)c1|N*,,0.7245382,8.672,0.9730076,10.491,0.9491278,2.9833,6,5,38
12.7225,46.3576,51.5873,0.7651943,O=c1c(O)c(-c2ccc(Nc3c(F)coc3F)c(C(F)(F)F)c2)oc2cc(O)cc(O)c12,1,Oc1cc2oc(-c3ccc([*])c([*])c3)c(O)c(=O)c2c(O)c1,o1cc(F)c(N*)c1F|FC(*)(F)F,,0.5633388,8.177,0.9564093,10.146,0.9037155,3.222,6,5,38
10.1138,24.4994,60.8692,0.6669418,Nc1ccc(-c2oc3cc(O)cc(O)c3c(=O)c2O)cc1-c1ccc(N)c(F)c1F,1,Oc1cc2oc(-c3ccc([*])c([*])c3)c(O)c(=O)c2c(O)c1,N*|Nc1c(F)c(F)c(*)cc1,,0.4416234,7.837,0.8378111,9.141,0.9639248,2.8585,6,5,38
13.7119,44.6978,58.964,0.8098576,Nc1cc(-c2oc3cc(O)cc(O)c3c(=O)c2O)ccc1-c1c(F)oc(F)c1F,1,Oc1cc2oc(-c3ccc([*])c([*])c3)c(O)c(=O)c2c(O)c1,o1c(F)c(*)c(F)c1F|N*,,0.6270357,8.361,0.9963301,11.894,0.8925906,3.2643,6,5,38
6.1006,23.6005,77.526,0.7900513,Nc1cc(-c2oc3cc(O)cc(O)c3c(=O)c2O)ccc1Nc1cc(F)c(F)cc1F,1,Oc1cc2oc(-c3ccc([*])c([*])c3)c(O)c(=O)c2c(O)c1,*Nc1c(F)cc(F)c(F)c1|N*,,0.5802504,8.225,0.9693893,10.401,0.9728574,2.7565,6,5,38
6.9588,33.3863,63.1372,0.7540894,Cc1cc(Nc2ccc(-c3oc4cc(O)cc(O)c4c(=O)c3O)cc2N)oc1F,1,Oc1cc2oc(-c3ccc([*])c([*])c3)c(O)c(=O)c2c(O)c1,o1c(N*)cc(C)c1F|N*,,0.5240867,8.067,0.9852791,10.921,0.9145118,3.1766,6,5,38
6.6097,23.5559,-23.5559,0.0,Nc1ccc(-c2oc3cc(O)cc(O)c3c(=O)c2O)cc1Nc1c(F)ccc(F)c1F,2,Oc1cc2oc(-c3ccc([*])c([*])c3)c(O)c(=O)c2c(O)c1,N*|c1(F)c(N*)c(F)c(F)cc1,,0.0,8.25,0.0,11.286,0.0,2.7996,6,5,38
6.986,28.4671,-28.4671,0.0,Nc1cc(-c2oc3cc(O)cc(O)c3c(=O)c2O)ccc1Nc1cccc(F)c1F,2,Oc1cc2oc(-c3ccc([*])c([*])c3)c(O)c(=O)c2c(O)c1,c1(N*)c(F)c(F)ccc1|N*,,0.0,8.149,0.0,11.206,0.0,2.6856,6,5,38
7.7674,24.1912,74.199,0.7686737,Nc1cc(-c2oc3cc(O)cc(O)c3c(=O)c2O)ccc1Nc1ccon1,1,Oc1cc2oc(-c3ccc([*])c([*])c3)c(O)c(=O)c2c(O)c1,o1ccc(N*)n1|N*,,0.5494868,8.138,0.9616605,10.239,0.9610635,2.8861,6,5,38
13.363,47.5111,-46.5859,0.007228,CNc1oc(-c2ccc(-c3oc4cc(O)cc(O)c4c(=O)c3O)cc2N)cc1Nc1cccc(F)c1F,1,Oc1cc2oc(-c3ccc([*])c([*])c3)c(O)c(=O)c2c(O)c1,N(c1oc(*)cc1Nc1c(F)c(F)ccc1)C|N*,,1e-05,0.0,0.4658742,7.905,0.9089711,3.2005,6,5,38
11.4242,30.1534,67.0484,0.759389,Nc1cc(-c2oc3cc(O)cc(O)c3c(=O)c2O)ccc1Nc1cc(F)cc(Cl)c1F,1,Oc1cc2oc(-c3ccc([*])c([*])c3)c(O)c(=O)c2c(O)c1,*Nc1c(F)c(Cl)cc(F)c1|N*,,0.5212142,8.059,0.9800756,10.707,0.9677644,2.8181,6,5,38
12.5896,27.7077,77.9165,0.8251891,Nc1cc(-c2oc3cc(O)cc(O)c3c(=O)c2O)ccc1Nc1c(F)c(F)c(F)c(F)c1F,1,Oc1cc2oc(-c3ccc([*])c([*])c3)c(O)c(=O)c2c(O)c1,N(c1c(F)c(F)c(F)c(F)c1F)*|N*,,0.6667793,8.482,0.951149,10.063,0.9512748,2.9676,6,5,38
2.8645,8.2938,-8.2938,0.0,Nc1ccc(-c2oc3cc(O)cc(O)c3c(=O)c2O)cc1N,2,Oc1cc2oc(-c3ccc([*])c([*])c3)c(O)c(=O)c2c(O)c1,N*|N*,,0.0,7.546,0.0,9.391,0.0,2.635,6,5,38
13.0591,26.5531,78.6316,0.821756,Nc1cc(-c2oc3cc(O)cc(O)c3c(=O)c2O)ccc1-c1cnoc1N,1,Oc1cc2oc(-c3ccc([*])c([*])c3)c(O)c(=O)c2c(O)c1,n1oc(N)c(*)c1|N*,,0.6499501,8.43,0.9735318,10.505,0.9359533,3.0682,6,5,38
9.9891,18.1234,66.9584,0.6647018,Nc1cc(-c2oc3cc(O)cc(O)c3c(=O)c2O)ccc1C(F)F,1,Oc1cc2oc(-c3ccc([*])c([*])c3)c(O)c(=O)c2c(O)c1,C(F)(*)F|N*,,0.384817,7.674,0.9515486,10.069,0.9677513,2.8182,6,5,38
5.4354,29.7841,-29.7841,0.0,Nc1cc(-c2oc3cc(O)cc(O)c3c(=O)c2O)ccc1Nc1cccc(F)c1F,2,Oc1cc2oc(-c3ccc([*])c([*])c3)c(O)c(=O)c2c(O)c1,N(c1c(F)c(F)ccc1)*|N*,,0.0,8.149,0.0,11.206,0.0,2.6856,6,5,38
10.18,22.0124,82.748,0.8184406,Nc1ccc(-c2oc3cc(O)cc(O)c3c(=O)c2O)cc1Nc1ccc(F)cc1F,1,Oc1cc2oc(-c3ccc([*])c([*])c3)c(O)c(=O)c2c(O)c1,N*|c1(F)cc(F)ccc1N*,,0.6219736,8.346,0.9839045,10.858,0.980587,2.6373,6,5,38
3.029,8.2938,-8.2938,0.0,Nc1ccc(-c2oc3cc(O)cc(O)c3c(=O)c2O)cc1N,2,Oc1cc2oc(-c3ccc([*])c([*])c3)c(O)c(=O)c2c(O)c1,N*|N*,,0.0,7.546,0.0,9.391,0.0,2.635,6,5,38
18.0264,33.2773,74.238,0.8399631,N=C(N)c1cc(F)c(F)c(-c2ccc(-c3oc4cc(O)cc(O)c4c(=O)c3O)cc2N)c1F,1,Oc1cc2oc(-c3ccc([*])c([*])c3)c(O)c(=O)c2c(O)c1,NC(=N)c1cc(F)c(F)c(*)c1F|N*,,0.6731432,8.502,0.9978076,12.253,0.9268142,3.1179,6,5,38
7.5224,22.9741,88.0087,0.8670534,Nc1cc(-c2oc3cc(O)cc(O)c3c(=O)c2O)ccc1NCc1cccc(F)c1F,1,Oc1cc2oc(-c3ccc([*])c([*])c3)c(O)c(=O)c2c(O)c1,*NCc1c(F)c(F)ccc1|N*,,0.7276863,8.683,0.9731208,10.494,0.9772534,2.6935,6,5,38
9.0169,22.0003,74.183,0.7514324,Nc1cc(-c2oc3cc(O)cc(O)c3c(=O)c2O)ccc1Nc1ccc(F)cc1F,1,Oc1cc2oc(-c3ccc([*])c([*])c3)c(O)c(=O)c2c(O)c1,Fc1c(N*)ccc(F)c1|N*,,0.5028783,8.008,0.9827976,10.811,0.9808339,2.6328,6,5,38
8.1105,25.9925,82.0445,0.8440386,Nc1cc(-c2oc3cc(O)cc(O)c3c(=O)c2O)ccc1-c1cc(F)c(F)c(F)c1F,1,Oc1cc2oc(-c3ccc([*])c([*])c3)c(O)c(=O)c2c(O)c1,Fc1c(F)c(F)c(F)cc1*|*N,,0.6683762,8.487,0.9982998,12.43,0.9621606,2.8758,6,5,38
7.5673,32.4182,66.7955,0.7751073,Nc1cc(-c2oc3cc(O)cc(O)c3c(=O)c2O)ccc1Nc1ccc(F)o1,1,Oc1cc2oc(-c3ccc([*])c([*])c3)c(O)c(=O)c2c(O)c1,o1c(N*)ccc1F|*N,,0.5612134,8.171,0.9789496,10.668,0.9268984,3.1175,6,5,38
10.6466,41.3941,43.3663,0.662191,CNc1cc(Nc2ccc(-c3oc4cc(O)cc(O)c4c(=O)c3O)cc2N)oc1F,1,c12oc(-c3ccc([*])c([*])c3)c(O)c(=O)c1c(O)cc(O)c2,o1c(N*)cc(NC)c1F|N*,,0.4448198,7.846,0.8482811,9.196,0.8942701,3.2582,7,5,39
6.7894,23.6835,74.1321,0.7641842,Nc1cc(-c2oc3cc(O)cc(O)c3c(=O)c2O)ccc1Nc1ccc(F)c(F)c1F,1,c12oc(-c3ccc([*])c([*])c3)c(O)c(=O)c1c(O)cc(O)c2,c1(F)c(F)c(F)c(N*)cc1|*N,,0.6110867,8.314,0.8471664,9.19,0.9724051,2.7624,7,5,39
7.2098,26.2111,77.3027,0.808701,Nc1cc(-c2oc3cc(O)cc(O)c3c(=O)c2O)ccc1Nc1cc(F)c(F)c(F)c1F,1,c12oc(-c3ccc([*])c([*])c3)c(O)c(=O)c1c(O)cc(O)c2,Fc1c(F)c(F)c(N*)cc1F|N*,,0.6209582,8.343,0.9659244,10.324,0.9614549,2.8824,7,5,39
7.1584,24.0833,77.0433,0.7900513,Nc1cc(-c2oc3cc(O)cc(O)c3c(=O)c2O)ccc1Nc1cc(F)c(F)cc1F,1,c12oc(-c3ccc([*])c([*])c3)c(O)c(=O)c1c(O)cc(O)c2,c1(F)c(F)cc(N*)c(F)c1|N*,,0.5802504,8.225,0.9693893,10.401,0.9728574,2.7565,7,5,39
10.4958,39.4661,62.7478,0.7985462,Nc1cc(-c2oc3cc(O)cc(O)c3c(=O)c2O)ccc1Nc1oc(F)c(F)c1F,1,c12oc(-c3ccc([*])c([*])c3)c(O)c(=O)c1c(O)cc(O)c2,c1(F)c(N*)oc(F)c1F|N*,,0.6165448,8.33,0.9754622,10.559,0.8977389,3.2452,7,5,39
7.9533,21.5318,84.2282,0.8262504,Nc1cc(-c2oc3cc(O)cc(O)c3c(=O)c2O)ccc1-c1c(F)c(F)cc(F)c1F,1,c12oc(-c3ccc([*])c([*])c3)c(O)c(=O)c1c(O)cc(O)c2,Fc1c(*)c(F)c(F)cc1F|N*,,0.6364099,8.389,0.9966567,11.959,0.9571792,2.9205,7,5,39
9.7928,21.6882,69.4852,0.7122924,Nc1ccc(-c2ccc(-c3oc4cc(O)cc(O)c4c(=O)c3O)cc2N)o1,1,c12oc(-c3ccc([*])c([*])c3)c(O)c(=O)c1c(O)cc(O)c2,*c1oc(N)cc1|N*,,0.4448198,7.846,0.9847264,10.895,0.9556356,2.9334,7,5,39
5.696,23.5692,84.4677,0.8440386,Nc1cc(-c2oc3cc(O)cc(O)c3c(=O)c2O)ccc1-c1cc(F)c(F)c(F)c1F,1,c12oc(-c3ccc([*])c([*])c3)c(O)c(=O)c1c(O)cc(O)c2,c1(F)c(F)c(F)c(F)c(*)c1|N*,,0.6683762,8.487,0.9982998,12.43,0.9621606,2.8758,7,5,39
21.2243,53.8213,38.974,0.7249634,CC(=O)Nc1oc(Nc2ccc(-c3oc4cc(O)cc(O)c4c(=O)c3O)cc2N)cc1NF,1,c12oc(-c3ccc([*])c([*])c3)c(O)c(=O)c1c(O)cc(O)c2,C(Nc1oc(N*)cc1NF)(C)=O|N*,,0.555891,8.156,0.8740276,9.346,0.8483025,3.4019,7,5,39
6.4838,25.0244,-25.0244,0.0,Nc1cc(-c2oc3cc(O)cc(O)c3c(=O)c2O)ccc1Nc1ccc(F)c(F)c1F,2,c12oc(-c3ccc([*])c([*])c3)c(O)c(=O)c1c(O)cc(O)c2,N(*)c1c(F)c(F)c(F)cc1|*N,,0.0,8.314,0.0,9.19,0.0,2.7624,7,5,39
5.0811,30.4799,68.7338,0.7751073,Nc1cc(-c2oc3cc(O)cc(O)c3c(=O)c2O)ccc1Nc1ccc(F)o1,1,c12oc(-c3ccc([*])c([*])c3)c(O)c(=O)c1c(O)cc(O)c2,o1c(N*)ccc1F|N*,,0.5612134,8.171,0.9789496,10.668,0.9268984,3.1175,7,5,39
8.5592,23.7319,-23.7319,0.0,Nc1cc(-c2oc3cc(O)cc(O)c3c(=O)c2O)ccc1Nc1cc(F)c(F)cc1F,2,c12oc(-c3ccc([*])c([*])c3)c(O)c(=O)c1c(O)cc(O)c2,Fc1cc(F)c(F)cc1N*|N*,,0.0,8.225,0.0,10.401,0.0,2.7565,7,5,39
7.2347,35.6225,72.2095,0.8424371,Nc1cc(-c2oc3cc(O)cc(O)c3c(=O)c2O)ccc1-c1cc(F)oc1N,1,c12oc(-c3ccc([*])c([*])c3)c(O)c(=O)c1c(O)cc(O)c2,o1c(N)c(*)cc1F|*N,,0.690314,8.557,0.9874251,11.032,0.9132416,3.1822,7,5,39
7.2708,27.2632,67.2703,0.7385426,Nc1cc(-c2oc3cc(O)cc(O)c3c(=O)c2O)ccc1Nc1ccc(F)c(F)n1,1,c12oc(-c3ccc([*])c([*])c3)c(O)c(=O)c1c(O)cc(O)c2,*Nc1nc(F)c(F)cc1|N*,,0.4888487,7.969,0.9781646,10.642,0.9609597,2.887,7,5,39
8.199,32.1297,69.9606,0.7975805,Nc1ccc(-c2oc3cc(O)cc(O)c3c(=O)c2O)cc1-c1oc(F)c(F)c1F,1,c12oc(-c3ccc([*])c([*])c3)c(O)c(=O)c1c(O)cc(O)c2,N*|o1c(*)c(F)c(F)c1F,,0.6056007,8.298,0.9888251,11.115,0.9000378,3.2365,7,5,39
13.1531,36.4366,62.9383,0.7763659,Nc1cc(-c2oc3cc(O)cc(O)c3c(=O)c2O)ccc1Nc1cc(Cl)cc(F)c1F,1,c12oc(-c3ccc([*])c([*])c3)c(O)c(=O)c1c(O)cc(O)c2,N(c1c(F)c(F)cc(Cl)c1)*|N*,,0.5569567,8.159,0.9685236,10.381,0.9693244,2.8003,7,5,39
5.2125,27.9593,79.0979,0.8363845,Nc1cc(-c2oc3cc(O)cc(O)c3c(=O)c2O)ccc1Nc1c(F)ccc(F)c1F,1,c12oc(-c3ccc([*])c([*])c3)c(O)c(=O)c1c(O)cc(O)c2,*Nc1c(F)c(F)ccc1F|N*,,0.6554955,8.447,0.9910903,11.274,0.9697598,2.7951,7,5,39
9.0843,23.5456,78.215,0.7950042,Nc1cc(-c2oc3cc(O)cc(O)c3c(=O)c2O)ccc1-c1cc(F)c(N)c(F)c1,1,c12oc(-c3ccc([*])c([*])c3)c(O)c(=O)c1c(O)cc(O)c2,c1(F)c(N)c(F)cc(*)c1|N*,,0.5756869,8.212,0.9955785,11.764,0.9667706,2.829,7,5,39
12.4247,41.0542,55.0946,0.7511627,NNc1ccc(Nc2ccc(-c3oc4cc(O)cc(O)c4c(=O)c3O)cc2N)c(F)c1F,1,c12oc(-c3ccc([*])c([*])c3)c(O)c(=O)c1c(O)cc(O)c2,N(c1c(F)c(F)c(N*)cc1)N|*N,,0.532693,8.091,0.9378577,9.886,0.9581692,2.912,7,5,39
12.2905,22.1094,80.1399,0.7988228,Nc1cc(-c2oc3cc(O)cc(O)c3c(=O)c2O)ccc1Nc1ccc(F)c(F)c1,1,c12oc(-c3ccc([*])c([*])c3)c(O)c(=O)c1c(O)cc(O)c2,c1(F)c(F)cc(N*)cc1|*N,,0.5889869,8.25,0.9774463,10.619,0.9814203,2.6217,7,5,39
4.5893,23.1494,-23.1494,0.0,Nc1cc(-c2oc3cc(O)cc(O)c3c(=O)c2O)ccc1Nc1ccc(F)c(F)c1F,2,c12oc(-c3ccc([*])c([*])c3)c(O)c(=O)c1c(O)cc(O)c2,*Nc1c(F)c(F)c(F)cc1|N*,,0.0,8.314,0.0,9.19,0.0,2.7624,7,5,39
6.333,33.0828,67.3965,0.7849944,Nc1cc(-c2oc3cc(O)cc(O)c3c(=O)c2O)ccc1Nc1occc1F,1,c12oc(-c3ccc([*])c([*])c3)c(O)c(=O)c1c(O)cc(O)c2,o1c(N*)c(F)cc1|*N,,0.585848,8.241,0.9630677,10.266,0.9363742,3.0657,7,5,39
6.059,34.0991,-34.0991,0.0,Nc1cc(-c2oc3cc(O)cc(O)c3c(=O)c2O)ccc1Nc1occc1F,2,c12oc(-c3ccc([*])c([*])c3)c(O)c(=O)c1c(O)cc(O)c2,o1c(N*)c(F)cc1|N*,,0.0,8.241,0.0,10.266,0.0,3.0657,7,5,39
7.1505,28.1991,-28.1991,0.0,Nc1cc(-c2oc3cc(O)cc(O)c3c(=O)c2O)ccc1Nc1cc(F)c(F)c(F)c1F,2,c12oc(-c3ccc([*])c([*])c3)c(O)c(=O)c1c(O)cc(O)c2,c1c(F)c(F)c(F)c(F)c1N*|N*,,0.0,8.343,0.0,10.324,0.0,2.8824,7,5,39
5.8251,25.7215,-25.7215,0.0,Nc1cc(-c2oc3cc(O)cc(O)c3c(=O)c2O)ccc1Nc1ccc(F)c(F)c1F,2,c12oc(-c3ccc([*])c([*])c3)c(O)c(=O)c1c(O)cc(O)c2,c1(F)c(F)c(F)ccc1N*|N*,,0.0,8.314,0.0,9.19,0.0,2.7624,7,5,39
12.0812,35.1558,54.1378,0.6976061,Nc1cc(-c2oc3cc(O)cc(O)c3c(=O)c2O)ccc1Nc1nc(N)c(F)s1,1,c12oc(-c3ccc([*])c([*])c3)c(O)c(=O)c1c(O)cc(O)c2,Nc1nc(N*)sc1F|*N,,0.4359534,7.821,0.9628624,10.262,0.9376542,3.0582,7,5,39
10.8805,52.1344,44.0179,0.7511901,NN=c1oc(Nc2ccc(-c3oc4cc(O)cc(O)c4c(=O)c3O)cc2N)cc(F)c1F,1,c12oc(-c3ccc([*])c([*])c3)c(O)c(=O)c1c(O)cc(O)c2,o1c(N*)cc(F)c(F)c1=NN|N*,,0.6394016,8.398,0.8316572,9.11,0.8458888,3.4084,7,5,39
8.4706,23.5692,-23.5692,0.0,Nc1cc(-c2oc3cc(O)cc(O)c3c(=O)c2O)ccc1-c1cc(F)c(F)c(F)c1F,2,c12oc(-c3ccc([*])c([*])c3)c(O)c(=O)c1c(O)cc(O)c2,c1(F)c(F)c(F)c(F)c(*)c1|N*,,0.0,8.487,0.0,12.43,0.0,2.8758,7,5,39
11.8749,32.3126,61.4617,0.7326124,Nc1cc(-c2oc3cc(O)cc(O)c3c(=O)c2O)ccc1-c1cc(F)c(N)o1,1,c12oc(-c3ccc([*])c([*])c3)c(O)c(=O)c1c(O)cc(O)c2,c1c(F)c(N)oc1*|N*,,0.4798632,7.944,0.9907008,11.244,0.9337949,3.0805,7,5,39
9.1442,45.5332,57.3249,0.8035792,Nc1cc(-c2oc3cc(O)cc(O)c3c(=O)c2O)ccc1Nc1c(F)coc1F,1,c12oc(-c3ccc([*])c([*])c3)c(O)c(=O)c1c(O)cc(O)c2,o1c(F)c(N*)c(F)c1|N*,,0.6277086,8.363,0.9660662,10.327,0.9111996,3.191,7,5,39
7.6301,22.4209,-22.4209,0.0,Nc1cc(-c2oc3cc(O)cc(O)c3c(=O)c2O)ccc1Nc1ccc(F)c(F)c1F,2,c12oc(-c3ccc([*])c([*])c3)c(O)c(=O)c1c(O)cc(O)c2,Fc1c(F)c(F)c(N*)cc1|*N,,0.0,8.314,0.0,9.19,0.0,2.7624,7,5,39
15.652,32.479,17.8721,0.3933679,O=c1c(O)c(-c2ccc(Nc3c(F)cc(F)cc3F)c(-c3ccc(F)c(F)c3F)c2)oc2cc(O)cc(O)c12,1,c12oc(-c3ccc([*])c([*])c3)c(O)c(=O)c1c(O)cc(O)c2,Fc1c(N*)c(F)cc(F)c1|c1(F)c(F)c(*)ccc1F,,0.8602782,9.263,0.1158806,6.588,0.947753,2.9931,7,5,39
8.272,34.0734,72.7715,0.8347259,Nc1cc(-c2oc3cc(O)cc(O)c3c(=O)c2O)ccc1Nc1c(N)ccc(F)c1F,1,o1c(-c2ccc([*])c([*])c2)c(O)c(=O)c2c(O)cc(O)cc12,*Nc1c(F)c(F)ccc1N|N*,,0.7634053,8.814,0.8488359,9.199,0.9650766,2.8468,8,5,40
12.0072,37.828,64.4819,0.799296,Cc1cc(F)c(Nc2ccc(-c3oc4cc(O)cc(O)c4c(=O)c3O)cc2N)o1,1,o1c(-c2ccc([*])c([*])c2)c(O)c(=O)c2c(O)cc(O)cc12,*Nc1oc(C)cc1F|*N,,0.6052567,8.297,0.976705,10.596,0.9335384,3.082,8,5,40
8.8965,35.6268,57.9265,0.7308849,Nc1cc(-c2oc3cc(O)cc(O)c3c(=O)c2O)ccc1-c1cc(F)c(F)o1,1,o1c(-c2ccc([*])c([*])c2)c(O)c(=O)c2c(O)cc(O)cc12,o1c(F)c(F)cc1*|*N,,0.4802226,7.945,0.9886972,11.107,0.9251947,3.1262,8,5,40
9.8926,32.2439,64.6937,0.7573251,Nc1cc(-c2oc3cc(O)cc(O)c3c(=O)c2O)ccc1NCc1ccc(F)o1,1,o1c(-c2ccc([*])c([*])c2)c(O)c(=O)c2c(O)cc(O)cc12,o1c(CN*)ccc1F|*N,,0.520496,8.057,0.9835591,10.843,0.9505522,2.9729,8,5,40
8.0722,25.1504,72.6651,0.7641842,Nc1cc(-c2oc3cc(O)cc(O)c3c(=O)c2O)ccc1Nc1ccc(F)c(F)c1F,1,o1c(-c2ccc([*])c([*])c2)c(O)c(=O)c2c(O)cc(O)cc12,Fc1c(F)c(F)ccc1N*|*N,,0.6110867,8.314,0.8471664,9.19,0.9724051,2.7624,8,5,40
6.9538,30.5795,73.605,0.8139415,Nc1cc(-c2oc3cc(O)cc(O)c3c(=O)c2O)ccc1Nc1cc(F)cc(F)c1F,1,o1c(-c2ccc([*])c([*])c2)c(O)c(=O)c2c(O)cc(O)cc12,N(c1c(F)c(F)cc(F)c1)*|N*,,0.6165448,8.33,0.9844204,10.881,0.9697852,2.7948,8,5,40
8.5336,28.25,78.8072,0.8363845,Nc1cc(-c2oc3cc(O)cc(O)c3c(=O)c2O)ccc1Nc1c(F)ccc(F)c1F,1,o1c(-c2ccc([*])c([*])c2)c(O)c(=O)c2c(O)cc(O)cc12,*Nc1c(F)ccc(F)c1F|*N,,0.6554955,8.447,0.9910903,11.274,0.9697598,2.7951,8,5,40
14.3717,29.8853,73.8755,0.8106311,Nc1cc(-c2oc3cc(O)cc(O)c3c(=O)c2O)ccc1-c1c(N)c(F)c(O)c(F)c1F,1,o1c(-c2ccc([*])c([*])c2)c(O)c(=O)c2c(O)cc(O)cc12,Fc1c(O)c(F)c(F)c(*)c1N|N*,,0.6240019,8.352,0.9895483,11.162,0.9180591,3.1605,8,5,40
6.0801,25.6992,-25.6992,0.0,Nc1cc(-c2oc3cc(O)cc(O)c3c(=O)c2O)ccc1Nc1ccc(F)c(F)c1F,2,o1c(-c2ccc([*])c([*])c2)c(O)c(=O)c2c(O)cc(O)cc12,c1(F)c(F)c(F)c(N*)cc1|N*,,0.0,8.314,0.0,9.19,0.0,2.7624,8,5,40
11.9211,36.0005,61.5339,0.7619871,Nc1cc(-c2oc3cc(O)cc(O)c3c(=O)c2O)ccc1Nc1c(F)cc(N)c(F)c1F,1,o1c(-c2ccc([*])c([*])c2)c(O)c(=O)c2c(O)cc(O)cc12,Fc1c(F)c(N*)c(F)cc1N|N*,,0.5369894,8.103,0.9699816,10.415,0.9468467,2.9994,8,5,40
5.1373,23.8504,-23.8504,0.0,Nc1cc(-c2oc3cc(O)cc(O)c3c(=O)c2O)ccc1Nc1ccc(F)c(F)c1F,2,o1c(-c2ccc([*])c([*])c2)c(O)c(=O)c2c(O)cc(O)cc12,*Nc1c(F)c(F)c(F)cc1|*N,,0.0,8.314,0.0,9.19,0.0,2.7624,8,5,40
10.354,22.756,83.2353,0.8280568,Nc1ccc(-c2oc3cc(O)cc(O)c3c(=O)c2O)cc1Nc1cc(F)c(F)cc1F,1,o1c(-c2ccc([*])c([*])c2)c(O)c(=O)c2c(O)cc(O)cc12,N*|c1c(F)c(N*)cc(F)c1F,,0.7353176,8.71,0.8604512,9.264,0.9725188,2.7609,8,5,40
8.787,50.8658,32.0361,0.647671,Nc1cc(-c2oc3cc(O)cc(O)c3c(=O)c2O)ccc1Nc1coc(N)c1F,1,o1c(-c2ccc([*])c([*])c2)c(O)c(=O)c2c(O)cc(O)cc12,o1cc(N*)c(F)c1N|N*,,0.3612623,7.604,0.9751154,10.549,0.9183641,3.1591,8,5,40
12.9819,13.6849,85.2336,0.7728006,O=c1c(O)c(-c2ccc(C(F)(F)F)c(C(F)(F)F)c2)oc2cc(O)cc(O)c12,1,o1c(-c2ccc([*])c([*])c2)c(O)c(=O)c2c(O)cc(O)cc12,C(F)(F)(*)F|FC(*)(F)F,,0.5512674,8.143,0.965782,10.321,0.9724209,2.7622,8,5,40
7.819,26.5644,75.5559,0.7978148,Nc1cc(-c2oc3cc(O)cc(O)c3c(=O)c2O)ccc1Nc1cc(F)c(F)c(F)c1,1,o1c(-c2ccc([*])c([*])c2)c(O)c(=O)c2c(O)cc(O)cc12,c1(F)c(F)c(F)cc(N*)c1|*N,,0.5976676,8.275,0.9645729,10.296,0.9725705,2.7602,8,5,40
4.3907,9.7162,69.2125,0.6166303,Nc1ccc(-c2oc3cc(O)cc(O)c3c(=O)c2O)cc1N,1,o1c(-c2ccc([*])c([*])c2)c(O)c(=O)c2c(O)cc(O)cc12,N*|N*,,0.3422331,7.546,0.8809869,9.391,0.9807119,2.635,8,5,40
5.7579,24.927,-24.927,0.0,Nc1cc(-c2oc3cc(O)cc(O)c3c(=O)c2O)ccc1Nc1cc(F)cc(F)c1F,2,o1c(-c2ccc([*])c([*])c2)c(O)c(=O)c2c(O)cc(O)cc12,*Nc1c(F)c(F)cc(F)c1|*N,,0.0,8.33,0.0,10.881,0.0,2.7948,8,5,40
9.6416,27.2244,-27.2244,0.0,Nc1cc(-c2oc3cc(O)cc(O)c3c(=O)c2O)ccc1Nc1ccc(F)c(F)c1F,2,o1c(-c2ccc([*])c([*])c2)c(O)c(=O)c2c(O)cc(O)cc12,N(*)c1ccc(F)c(F)c1F|*N,,0.0,8.314,0.0,9.19,0.0,2.7624,8,5,40
6.7176,32.6779,62.9933,0.7474308,Nc1cc(-c2oc3cc(O)cc(O)c3c(=O)c2O)ccc1-c1occc1F,1,o1c(-c2ccc([*])c([*])c2)c(O)c(=O)c2c(O)cc(O)cc12,o1ccc(F)c1*|N*,,0.5007195,8.002,0.9900566,11.197,0.9491745,2.983,8,5,40
17.6275,37.3894,61.637,0.7736439,Cn1cc(F)c(Nc2ccc(-c3oc4cc(O)cc(O)c4c(=O)c3O)cc2N)n1,1,o1c(-c2ccc([*])c([*])c2)c(O)c(=O)c2c(O)cc(O)cc12,N(*)c1nn(C)cc1F|N*,,0.5651081,8.182,0.9565291,10.148,0.9485185,2.9877,8,5,40
8.113,22.0636,-22.0636,0.0,Nc1ccc(-c2oc3cc(O)cc(O)c3c(=O)c2O)cc1Nc1cc(F)c(F)cc1F,2,o1c(-c2ccc([*])c([*])c2)c(O)c(=O)c2c(O)cc(O)cc12,N*|*Nc1cc(F)c(F)cc1F,,0.0,8.71,0.0,9.264,0.0,2.7609,8,5,40
10.9601,29.4448,73.9518,0.8077861,Nc1ccc(-c2oc3cc(O)cc(O)c3c(=O)c2O)cc1Nc1c(F)cc(N)c(F)c1F,1,o1c(-c2ccc([*])c([*])c2)c(O)c(=O)c2c(O)cc(O)cc12,N*|*Nc1c(F)c(F)c(N)cc1F,,0.79056,8.923,0.7626245,8.811,0.9462166,3.0037,8,5,40
12.238,37.4095,63.2319,0.7862607,Nc1cc(-c2oc3cc(O)cc(O)c3c(=O)c2O)ccc1Nc1ccc(F)[nH]1,1,o1c(-c2ccc([*])c([*])c2)c(O)c(=O)c2c(O)cc(O)cc12,[nH]1c(N*)ccc1F|N*,,0.5928136,8.261,0.9618193,10.242,0.924293,3.1307,8,5,40
8.755,21.4504,82.1465,0.8093507,Nc1cc(-c2oc3cc(O)cc(O)c3c(=O)c2O)ccc1-c1cc(F)c(F)cc1F,1,o1c(-c2ccc([*])c([*])c2)c(O)c(=O)c2c(O)cc(O)cc12,c1(F)cc(*)c(F)cc1F|N*,,0.5990513,8.279,0.9968747,12.006,0.9738108,2.7437,8,5,40
9.1427,40.1687,56.4233,0.7546249,Nc1cc(-c2oc3cc(O)cc(O)c3c(=O)c2O)ccc1Nc1cc(F)c(Cl)o1,1,o1c(-c2ccc([*])c([*])c2)c(O)c(=O)c2c(O)cc(O)cc12,o1c(N*)cc(F)c1Cl|N*,,0.5359161,8.1,0.9679928,10.369,0.9093225,3.199,8,5,40
10.8999,32.3088,63.3373,0.7472349,CNc1ccc(F)c(Nc2ccc(-c3oc4cc(O)cc(O)c4c(=O)c3O)cc2N)c1F,1,o1c(-c2ccc([*])c([*])c2)c(O)c(=O)c2c(O)cc(O)cc12,c1(F)c(N*)c(F)c(NC)cc1|N*,,0.6216354,8.345,0.7934051,8.935,0.9576883,2.9162,8,5,40
6.7619,24.7538,78.4842,0.8065469,Nc1cc(-c2oc3cc(O)cc(O)c3c(=O)c2O)ccc1-c1ccc(F)c(F)c1F,1,o1c(-c2ccc([*])c([*])c2)c(O)c(=O)c2c(O)cc(O)cc12,Fc1c(F)c(*)ccc1F|N*,,0.5948963,8.267,0.9955146,11.754,0.9731291,2.7529,8,5,40
8.9225,26.281,-26.281,0.0,Nc1ccc(-c2oc3cc(O)cc(O)c3c(=O)c2O)cc1Nc1cc(F)c(F)cc1F,2,o1c(-c2ccc([*])c([*])c2)c(O)c(=O)c2c(O)cc(O)cc12,N*|c1c(F)c(F)cc(F)c1N*,,0.0,8.71,0.0,9.264,0.0,2.7609,8,5,40
9.8469,38.7936,57.9945,0.7561569,Nc1cc(-c2oc3cc(O)cc(O)c3c(=O)c2O)ccc1Nc1ccc(C(F)F)o1,1,o1c(-c2ccc([*])c([*])c2)c(O)c(=O)c2c(O)cc(O)cc12,o1c(N*)ccc1C(F)F|N*,,0.5416378,8.116,0.9573005,10.161,0.9194865,3.1539,8,5,40
6.4463,26.279,79.2761,0.8246498,Nc1cc(-c2oc3cc(O)cc(O)c3c(=O)c2O)ccc1-c1c(F)cc(F)c(F)c1F,1,o1c(-c2ccc([*])c([*])c2)c(O)c(=O)c2c(O)cc(O)cc12,c1(F)c(F)c(F)cc(F)c1*|N*,,0.635077,8.385,0.9921306,11.361,0.9606324,2.8901,8,5,40
9.6721,37.0134,69.7426,0.8340307,Nc1cc(-c2oc3cc(O)cc(O)c3c(=O)c2O)ccc1Nc1ccc(F)c(N)c1F,1,o1c(-c2ccc([*])c([*])c2)c(O)c(=O)c2c(O)cc(O)cc12,Nc1c(F)ccc(N*)c1F|N*,,0.660999,8.464,0.9795346,10.688,0.9626517,2.871,8,5,40
7.4289,31.1456,63.8896,0.742463,Nc1cc(-c2oc3cc(O)cc(O)c3c(=O)c2O)ccc1Nc1ccc(N)c(F)c1F,1,o1c(-c2ccc([*])c([*])c2)c(O)c(=O)c2c(O)cc(O)cc12,c1(N*)c(F)c(F)c(N)cc1|N*,,0.548418,8.135,0.8827857,9.403,0.9625868,2.8717,8,5,40
