Agent,Prior,Target,Score,SMILES,SMILES_state,Input_Scaffold,R-groups,Scaffold,TTBK1_dock,TTBK1_dock (raw),MAOB_dock,MAOB_dock (raw),SA_score,SA_score (raw),BBB_signed_dist,BBB_signed_dist (raw),step,chunk,global_step,bbb_pass
3.5216,4.3354,0.1459,0.0350107,Cc1cc(-c2oc3cccc(O)c3c(=O)c2O)ccc1N,1,c1([*])cc(-c2c(O)c(=O)c3c(cccc3O)o2)ccc1[*],C*|*N,O=c1cc(-c2ccccc2)oc2ccccc12,0.195728,7.018,0.953373,10.097,0.9905335,2.3843,0.0,-17.5941,1,1,1,False
1.7435,1.8479,74.3499,0.5952955,Cc1ccc(-c2oc3cccc(O)c3c(=O)c2O)cc1C,1,c1([*])cc(-c2c(O)c(=O)c3c(cccc3O)o2)ccc1[*],*C|*C,O=c1cc(-c2ccccc2)oc2ccccc12,0.2541768,7.252,0.9784091,10.65,0.9937705,2.2377,0.8148294,1.287,1,1,1,True
3.8366,4.0394,-4.0394,0.0,Cc1cc(-c2oc3cccc(O)c3c(=O)c2O)ccc1N,2,c1([*])cc(-c2c(O)c(=O)c3c(cccc3O)o2)ccc1[*],*C|N*,O=c1cc(-c2ccccc2)oc2ccccc12,0.0,7.018,0.0,10.097,0.0,2.3843,0.0,-17.5941,1,1,1,False
1.798,1.9828,-1.9828,0.0,Cc1ccc(-c2oc3cccc(O)c3c(=O)c2O)cc1C,2,c1([*])cc(-c2c(O)c(=O)c3c(cccc3O)o2)ccc1[*],C*|C*,O=c1cc(-c2ccccc2)oc2ccccc12,0.0,7.252,0.0,10.65,0.0,2.2377,0.0,1.287,1,1,1,True
4.3958,4.3354,-4.3354,0.0,Cc1cc(-c2oc3cccc(O)c3c(=O)c2O)ccc1N,2,c1([*])cc(-c2c(O)c(=O)c3c(cccc3O)o2)ccc1[*],C*|*N,O=c1cc(-c2ccccc2)oc2ccccc12,0.0,7.018,0.0,10.097,0.0,2.3843,0.0,-17.5941,1,1,1,False
2.0553,1.9828,-1.9828,0.0,Cc1ccc(-c2oc3cccc(O)c3c(=O)c2O)cc1C,2,c1([*])cc(-c2c(O)c(=O)c3c(cccc3O)o2)ccc1[*],C*|C*,O=c1cc(-c2ccccc2)oc2ccccc12,0.0,7.252,0.0,10.65,0.0,2.2377,0.0,1.287,1,1,1,True
1.7832,1.832,-1.832,0.0,Cc1ccc(-c2oc3cccc(O)c3c(=O)c2O)cc1C,2,c1([*])cc(-c2c(O)c(=O)c3c(cccc3O)o2)ccc1[*],C*|*C,O=c1cc(-c2ccccc2)oc2ccccc12,0.0,7.252,0.0,10.65,0.0,2.2377,0.0,1.287,1,1,1,True
1.8013,1.986,-1.986,0.0,Cc1ccc(-c2oc3cccc(O)c3c(=O)c2O)cc1C,2,c1([*])cc(-c2c(O)c(=O)c3c(cccc3O)o2)ccc1[*],*C|C*,O=c1cc(-c2ccccc2)oc2ccccc12,0.0,7.252,0.0,10.65,0.0,2.2377,0.0,1.287,1,1,1,True
1.9765,1.986,-1.986,0.0,Cc1ccc(-c2oc3cccc(O)c3c(=O)c2O)cc1C,2,c1([*])cc(-c2c(O)c(=O)c3c(cccc3O)o2)ccc1[*],*C|C*,O=c1cc(-c2ccccc2)oc2ccccc12,0.0,7.252,0.0,10.65,0.0,2.2377,0.0,1.287,1,1,1,True
10.3047,10.5746,-4.5853,0.0467913,Nc1cc(-c2oc3cccc(O)c3c(=O)c2O)ccc1C(F)(F)F,1,c1([*])cc(-c2c(O)c(=O)c3c(cccc3O)o2)ccc1[*],*N|C(F)(*)(F)F,O=c1cc(-c2ccccc2)oc2ccccc12,0.4370152,7.824,0.9815899,10.763,0.9819796,2.6109,0.0,-17.595,1,1,1,False
8.2663,7.5752,72.1096,0.6225374,C=CCc1cc(-c2oc3cccc(O)c3c(=O)c2O)ccc1C,1,c1([*])cc(-c2c(O)c(=O)c3c(cccc3O)o2)ccc1[*],C=CC*|C*,O=c1cc(-c2ccccc2)oc2ccccc12,0.3078431,7.437,0.9658296,10.322,0.9839044,2.571,0.7310495,0.8685,1,1,1,True
1.6433,1.8479,-1.8479,0.0,Cc1ccc(-c2oc3cccc(O)c3c(=O)c2O)cc1C,2,c1([*])cc(-c2c(O)c(=O)c3c(cccc3O)o2)ccc1[*],*C|*C,O=c1cc(-c2ccccc2)oc2ccccc12,0.0,7.252,0.0,10.65,0.0,2.2377,0.0,1.287,1,1,1,True
11.5259,11.3943,78.5903,0.7030047,Cc1ccc(-c2oc3cccc(O)c3c(=O)c2O)cc1N1CCCCC1,1,c1([*])cc(-c2c(O)c(=O)c3c(cccc3O)o2)ccc1[*],C1N(*)CCCC1|*C,O=c1cc(-c2cccc(N3CCCCC3)c2)oc2ccccc12,0.4741191,7.928,0.9801037,10.708,0.9908267,2.3732,0.5759057,0.2658,1,1,1,True
4.7211,3.3875,2.0548,0.0425183,Cc1ccc(-c2oc3cccc(O)c3c(=O)c2O)cc1N,1,c1([*])cc(-c2c(O)c(=O)c3c(cccc3O)o2)ccc1[*],*N|C*,O=c1cc(-c2ccccc2)oc2ccccc12,0.3370688,7.53,0.9644744,10.294,0.99042,2.3884,0.0,-17.5941,1,1,1,False
1.7362,1.8479,-1.8479,0.0,Cc1ccc(-c2oc3cccc(O)c3c(=O)c2O)cc1C,2,c1([*])cc(-c2c(O)c(=O)c3c(cccc3O)o2)ccc1[*],*C|*C,O=c1cc(-c2ccccc2)oc2ccccc12,0.0,7.252,0.0,10.65,0.0,2.2377,0.0,1.287,1,1,1,True
1.8195,1.986,-1.986,0.0,Cc1ccc(-c2oc3cccc(O)c3c(=O)c2O)cc1C,2,c1([*])cc(-c2c(O)c(=O)c3c(cccc3O)o2)ccc1[*],*C|C*,O=c1cc(-c2ccccc2)oc2ccccc12,0.0,7.252,0.0,10.65,0.0,2.2377,0.0,1.287,1,1,1,True
3.9401,3.9817,-3.9817,0.0,Cc1cc(-c2oc3cccc(O)c3c(=O)c2O)ccc1N,2,c1([*])cc(-c2c(O)c(=O)c3c(cccc3O)o2)ccc1[*],C*|N*,O=c1cc(-c2ccccc2)oc2ccccc12,0.0,7.018,0.0,10.097,0.0,2.3843,0.0,-17.5941,1,1,1,False
1.6399,1.986,-1.986,0.0,Cc1ccc(-c2oc3cccc(O)c3c(=O)c2O)cc1C,2,c1([*])cc(-c2c(O)c(=O)c3c(cccc3O)o2)ccc1[*],*C|C*,O=c1cc(-c2ccccc2)oc2ccccc12,0.0,7.252,0.0,10.65,0.0,2.2377,0.0,1.287,1,1,1,True
1.8509,1.832,-1.832,0.0,Cc1ccc(-c2oc3cccc(O)c3c(=O)c2O)cc1C,2,c1([*])cc(-c2c(O)c(=O)c3c(cccc3O)o2)ccc1[*],C*|*C,O=c1cc(-c2ccccc2)oc2ccccc12,0.0,7.252,0.0,10.65,0.0,2.2377,0.0,1.287,1,1,1,True
1.7631,1.832,-1.832,0.0,Cc1ccc(-c2oc3cccc(O)c3c(=O)c2O)cc1C,2,c1([*])cc(-c2c(O)c(=O)c3c(cccc3O)o2)ccc1[*],C*|*C,O=c1cc(-c2ccccc2)oc2ccccc12,0.0,7.252,0.0,10.65,0.0,2.2377,0.0,1.287,1,1,1,True
1.7441,1.8479,-1.8479,0.0,Cc1ccc(-c2oc3cccc(O)c3c(=O)c2O)cc1C,2,c1([*])cc(-c2c(O)c(=O)c3c(cccc3O)o2)ccc1[*],*C|*C,O=c1cc(-c2ccccc2)oc2ccccc12,0.0,7.252,0.0,10.65,0.0,2.2377,0.0,1.287,1,1,1,True
1.5952,1.8479,-1.8479,0.0,Cc1ccc(-c2oc3cccc(O)c3c(=O)c2O)cc1C,2,c1([*])cc(-c2c(O)c(=O)c3c(cccc3O)o2)ccc1[*],*C|*C,O=c1cc(-c2ccccc2)oc2ccccc12,0.0,7.252,0.0,10.65,0.0,2.2377,0.0,1.287,1,1,1,True
12.3581,10.6185,55.2224,0.5143822,CC(C)(C)c1ccc(-c2oc3cccc(O)c3c(=O)c2O)cc1C(C)(C)C,1,c1([*])cc(-c2c(O)c(=O)c3c(cccc3O)o2)ccc1[*],C(C)(C)(C)*|CC(*)(C)C,O=c1cc(-c2ccccc2)oc2ccccc12,0.3484146,7.565,0.7123128,8.63,0.9820192,2.6102,0.3128452,-0.6835,1,1,1,False
1.5903,1.832,-1.832,0.0,Cc1ccc(-c2oc3cccc(O)c3c(=O)c2O)cc1C,2,c1([*])cc(-c2c(O)c(=O)c3c(cccc3O)o2)ccc1[*],C*|*C,O=c1cc(-c2ccccc2)oc2ccccc12,0.0,7.252,0.0,10.65,0.0,2.2377,0.0,1.287,1,1,1,True
1.8283,1.832,-1.832,0.0,Cc1ccc(-c2oc3cccc(O)c3c(=O)c2O)cc1C,2,c1([*])cc(-c2c(O)c(=O)c3c(cccc3O)o2)ccc1[*],C*|*C,O=c1cc(-c2ccccc2)oc2ccccc12,0.0,7.252,0.0,10.65,0.0,2.2377,0.0,1.287,1,1,1,True
1.5401,1.8479,-1.8479,0.0,Cc1ccc(-c2oc3cccc(O)c3c(=O)c2O)cc1C,2,c1([*])cc(-c2c(O)c(=O)c3c(cccc3O)o2)ccc1[*],*C|*C,O=c1cc(-c2ccccc2)oc2ccccc12,0.0,7.252,0.0,10.65,0.0,2.2377,0.0,1.287,1,1,1,True
2.0799,1.8479,-1.8479,0.0,Cc1ccc(-c2oc3cccc(O)c3c(=O)c2O)cc1C,2,c1([*])cc(-c2c(O)c(=O)c3c(cccc3O)o2)ccc1[*],*C|*C,O=c1cc(-c2ccccc2)oc2ccccc12,0.0,7.252,0.0,10.65,0.0,2.2377,0.0,1.287,1,1,1,True
4.9585,4.4739,0.9328,0.0422401,Nc1ccc(-c2oc3cccc(O)c3c(=O)c2O)cc1N,1,c1([*])cc(-c2c(O)c(=O)c3c(cccc3O)o2)ccc1[*],*N|N*,O=c1cc(-c2ccccc2)oc2ccccc12,0.3490683,7.567,0.9154239,9.655,0.9868701,2.4992,0.0,-43.6238,1,1,1,False
1.7074,1.986,-1.986,0.0,Cc1ccc(-c2oc3cccc(O)c3c(=O)c2O)cc1C,2,c1([*])cc(-c2c(O)c(=O)c3c(cccc3O)o2)ccc1[*],*C|C*,O=c1cc(-c2ccccc2)oc2ccccc12,0.0,7.252,0.0,10.65,0.0,2.2377,0.0,1.287,1,1,1,True
1.7695,1.832,-1.832,0.0,Cc1ccc(-c2oc3cccc(O)c3c(=O)c2O)cc1C,2,c1([*])cc(-c2c(O)c(=O)c3c(cccc3O)o2)ccc1[*],C*|*C,O=c1cc(-c2ccccc2)oc2ccccc12,0.0,7.252,0.0,10.65,0.0,2.2377,0.0,1.287,1,1,1,True
4.4598,4.3354,-4.3354,0.0,Cc1cc(-c2oc3cccc(O)c3c(=O)c2O)ccc1N,2,c1([*])cc(-c2c(O)c(=O)c3c(cccc3O)o2)ccc1[*],C*|*N,O=c1cc(-c2ccccc2)oc2ccccc12,0.0,7.018,0.0,10.097,0.0,2.3843,0.0,-17.5941,1,1,1,False
1.8656,1.9828,-1.9828,0.0,Cc1ccc(-c2oc3cccc(O)c3c(=O)c2O)cc1C,2,c1([*])cc(-c2c(O)c(=O)c3c(cccc3O)o2)ccc1[*],C*|C*,O=c1cc(-c2ccccc2)oc2ccccc12,0.0,7.252,0.0,10.65,0.0,2.2377,0.0,1.287,1,1,1,True
2.5005,1.5196,-1.5196,0.0,Cc1ccc(-c2oc3cccc(O)c3c(=O)c2O)cc1C,1,c1(-c2cc([*])c([*])cc2)c(O)c(=O)c2c(O)cccc2o1,C*|*C,O=c1cc(-c2ccccc2)oc2ccccc12,0.2541768,7.252,0.9784091,10.65,0.9937705,2.2377,0.8148294,1.287,2,1,2,True
2.1231,1.4705,-1.4705,0.0,Cc1ccc(-c2oc3cccc(O)c3c(=O)c2O)cc1C,2,c1(-c2cc([*])c([*])cc2)c(O)c(=O)c2c(O)cccc2o1,*C|*C,O=c1cc(-c2ccccc2)oc2ccccc12,0.0,7.252,0.0,10.65,0.0,2.2377,0.0,1.287,2,1,2,True
1.7597,1.6405,-1.6405,0.0,Cc1ccc(-c2oc3cccc(O)c3c(=O)c2O)cc1C,2,c1(-c2cc([*])c([*])cc2)c(O)c(=O)c2c(O)cccc2o1,*C|C*,O=c1cc(-c2ccccc2)oc2ccccc12,0.0,7.252,0.0,10.65,0.0,2.2377,0.0,1.287,2,1,2,True
7.4026,8.9688,84.3243,0.7288525,O=c1c(O)c(-c2ccc(C(F)(F)F)c(C(F)(F)F)c2)oc2cccc(O)c12,1,c1(-c2cc([*])c([*])cc2)c(O)c(=O)c2c(O)cccc2o1,*C(F)(F)F|FC(F)(*)F,O=c1cc(-c2ccccc2)oc2ccccc12,0.5718156,8.201,0.993721,11.519,0.9802079,2.6441,0.4631605,-0.1282,2,1,2,False
3.0834,5.4662,-0.0595,0.0422401,Nc1ccc(-c2oc3cccc(O)c3c(=O)c2O)cc1N,1,c1(-c2cc([*])c([*])cc2)c(O)c(=O)c2c(O)cccc2o1,*N|N*,O=c1cc(-c2ccccc2)oc2ccccc12,0.3490683,7.567,0.9154239,9.655,0.9868701,2.4992,0.0,-43.6238,2,1,2,False
1.9364,1.5196,-1.5196,0.0,Cc1ccc(-c2oc3cccc(O)c3c(=O)c2O)cc1C,2,c1(-c2cc([*])c([*])cc2)c(O)c(=O)c2c(O)cccc2o1,C*|*C,O=c1cc(-c2ccccc2)oc2ccccc12,0.0,7.252,0.0,10.65,0.0,2.2377,0.0,1.287,2,1,2,True
2.8943,4.1671,0.3143,0.0350107,Cc1cc(-c2oc3cccc(O)c3c(=O)c2O)ccc1N,1,c1(-c2cc([*])c([*])cc2)c(O)c(=O)c2c(O)cccc2o1,C*|N*,O=c1cc(-c2ccccc2)oc2ccccc12,0.195728,7.018,0.953373,10.097,0.9905335,2.3843,0.0,-17.5941,2,1,2,False
49.2909,45.47,-45.4679,1.66e-05,CC1=C(C)C(=O)CC(c2cc(-c3oc4cccc(O)c4c(=O)c3O)ccc2NC=C2[SH]=C(C(=O)O)NC2=O)C1,1,c1(-c2cc([*])c([*])cc2)c(O)c(=O)c2c(O)cccc2o1,C1(*)CC(C)=C(C)C(=O)C1|N(*)C=C1S=C(C(=O)O)NC1=O,O=C1C=CCC(c2cc(-c3cc(=O)c4ccccc4o3)ccc2NC=C2[SH]=CNC2=O)C1,1e-05,0.0,1e-05,0.0,0.28816,4.3142,0.0,-87.0732,2,1,2,False
2.3146,1.4705,-1.4705,0.0,Cc1ccc(-c2oc3cccc(O)c3c(=O)c2O)cc1C,2,c1(-c2cc([*])c([*])cc2)c(O)c(=O)c2c(O)cccc2o1,*C|*C,O=c1cc(-c2ccccc2)oc2ccccc12,0.0,7.252,0.0,10.65,0.0,2.2377,0.0,1.287,2,1,2,True
2.2095,1.6405,-1.6405,0.0,Cc1ccc(-c2oc3cccc(O)c3c(=O)c2O)cc1C,2,c1(-c2cc([*])c([*])cc2)c(O)c(=O)c2c(O)cccc2o1,*C|C*,O=c1cc(-c2ccccc2)oc2ccccc12,0.0,7.252,0.0,10.65,0.0,2.2377,0.0,1.287,2,1,2,True
40.4217,37.5916,-37.5891,1.95e-05,Cc1cc(-c2c(C)oc3cc(O)c(C)c(O)c23)sc1-c1ccc(-c2oc3cccc(O)c3c(=O)c2O)cc1N,1,c1(-c2cc([*])c([*])cc2)c(O)c(=O)c2c(O)cccc2o1,N*|c1(*)sc(-c2c(C)oc3cc(O)c(C)c(O)c32)cc1C,O=c1cc(-c2ccc(-c3ccc(-c4coc5ccccc45)s3)cc2)oc2ccccc12,1e-05,0.0,1e-05,0.0,0.864525,3.3561,0.0,-71.2943,2,1,2,False
14.7147,14.7946,37.6608,0.4098081,Cc1ccc(CNc2ccc(-c3oc4cccc(O)c4c(=O)c3O)cc2C)cc1C,1,c1(-c2cc([*])c([*])cc2)c(O)c(=O)c2c(O)cccc2o1,*C|*NCc1ccc(C)c(C)c1,O=c1cc(-c2ccc(NCc3ccccc3)cc2)oc2ccccc12,0.6875383,8.548,0.9447668,9.973,0.9902214,2.3956,0.0072225,-4.2763,2,1,2,False
9.9005,12.3377,26.267,0.3015995,C=CCNc1cc(-c2oc3cccc(O)c3c(=O)c2O)ccc1C,1,c1(-c2cc([*])c([*])cc2)c(O)c(=O)c2c(O)cccc2o1,C(C=C)N*|*C,O=c1cc(-c2ccccc2)oc2ccccc12,0.2130367,7.092,0.9445412,9.97,0.9846269,2.5548,0.0144885,-3.6653,2,1,2,False
2.5525,1.7137,-1.7137,0.0,Cc1ccc(-c2oc3cccc(O)c3c(=O)c2O)cc1C,2,c1(-c2cc([*])c([*])cc2)c(O)c(=O)c2c(O)cccc2o1,C*|C*,O=c1cc(-c2ccccc2)oc2ccccc12,0.0,7.252,0.0,10.65,0.0,2.2377,0.0,1.287,2,1,2,True
1.732,1.5196,-1.5196,0.0,Cc1ccc(-c2oc3cccc(O)c3c(=O)c2O)cc1C,2,c1(-c2cc([*])c([*])cc2)c(O)c(=O)c2c(O)cccc2o1,C*|*C,O=c1cc(-c2ccccc2)oc2ccccc12,0.0,7.252,0.0,10.65,0.0,2.2377,0.0,1.287,2,1,2,True
7.6326,8.3968,28.2884,0.286603,CNc1ccc(-c2oc3cccc(O)c3c(=O)c2O)cc1C,1,c1(-c2cc([*])c([*])cc2)c(O)c(=O)c2c(O)cccc2o1,C*|*NC,O=c1cc(-c2ccccc2)oc2ccccc12,0.1759297,6.927,0.9569461,10.155,0.9902859,2.3933,0.0155447,-3.6032,2,1,2,False
2.0299,1.6405,-1.6405,0.0,Cc1ccc(-c2oc3cccc(O)c3c(=O)c2O)cc1C,2,c1(-c2cc([*])c([*])cc2)c(O)c(=O)c2c(O)cccc2o1,*C|C*,O=c1cc(-c2ccccc2)oc2ccccc12,0.0,7.252,0.0,10.65,0.0,2.2377,0.0,1.287,2,1,2,True
2.1678,1.5196,-1.5196,0.0,Cc1ccc(-c2oc3cccc(O)c3c(=O)c2O)cc1C,2,c1(-c2cc([*])c([*])cc2)c(O)c(=O)c2c(O)cccc2o1,C*|*C,O=c1cc(-c2ccccc2)oc2ccccc12,0.0,7.252,0.0,10.65,0.0,2.2377,0.0,1.287,2,1,2,True
8.551,10.0735,55.0469,0.5087531,C=CCc1ccc(-c2oc3cccc(O)c3c(=O)c2O)cc1C,1,c1(-c2cc([*])c([*])cc2)c(O)c(=O)c2c(O)cccc2o1,C*|C(C=C)*,O=c1cc(-c2ccccc2)oc2ccccc12,0.1693525,6.895,0.9858121,10.947,0.9849184,2.548,0.7310495,0.8685,2,1,2,True
2.3342,1.7137,-1.7137,0.0,Cc1ccc(-c2oc3cccc(O)c3c(=O)c2O)cc1C,2,c1(-c2cc([*])c([*])cc2)c(O)c(=O)c2c(O)cccc2o1,C*|C*,O=c1cc(-c2ccccc2)oc2ccccc12,0.0,7.252,0.0,10.65,0.0,2.2377,0.0,1.287,2,1,2,True
2.5537,1.4705,-1.4705,0.0,Cc1ccc(-c2oc3cccc(O)c3c(=O)c2O)cc1C,2,c1(-c2cc([*])c([*])cc2)c(O)c(=O)c2c(O)cccc2o1,*C|*C,O=c1cc(-c2ccccc2)oc2ccccc12,0.0,7.252,0.0,10.65,0.0,2.2377,0.0,1.287,2,1,2,True
2.3032,1.5196,-1.5196,0.0,Cc1ccc(-c2oc3cccc(O)c3c(=O)c2O)cc1C,2,c1(-c2cc([*])c([*])cc2)c(O)c(=O)c2c(O)cccc2o1,C*|*C,O=c1cc(-c2ccccc2)oc2ccccc12,0.0,7.252,0.0,10.65,0.0,2.2377,0.0,1.287,2,1,2,True
8.3753,9.314,30.9629,0.314663,CNc1cc(-c2oc3cccc(O)c3c(=O)c2O)ccc1C,1,c1(-c2cc([*])c([*])cc2)c(O)c(=O)c2c(O)cccc2o1,CN*|*C,O=c1cc(-c2ccccc2)oc2ccccc12,0.2352976,7.181,0.9345932,9.848,0.9896829,2.4144,0.0155447,-3.6032,2,1,2,False
2.5795,1.4705,-1.4705,0.0,Cc1ccc(-c2oc3cccc(O)c3c(=O)c2O)cc1C,2,c1(-c2cc([*])c([*])cc2)c(O)c(=O)c2c(O)cccc2o1,*C|*C,O=c1cc(-c2ccccc2)oc2ccccc12,0.0,7.252,0.0,10.65,0.0,2.2377,0.0,1.287,2,1,2,True
10.7337,12.3023,25.4429,0.2948841,Cc1cc(-c2oc3cccc(O)c3c(=O)c2O)ccc1NC(C)C,1,c1(-c2cc([*])c([*])cc2)c(O)c(=O)c2c(O)cccc2o1,*C|CC(C)N*,O=c1cc(-c2ccccc2)oc2ccccc12,0.1961815,7.02,0.9825032,10.799,0.9892097,2.4302,0.0137217,-3.7132,2,1,2,False
12.1515,13.5477,52.1158,0.5129956,CCN(CC)c1cc(-c2oc3cccc(O)c3c(=O)c2O)ccc1C,1,c1(-c2cc([*])c([*])cc2)c(O)c(=O)c2c(O)cccc2o1,CCN(*)CC|*C,O=c1cc(-c2ccccc2)oc2ccccc12,0.1943723,7.012,0.9464689,9.996,0.9858469,2.5256,0.615488,0.4086,2,1,2,True
2.0892,1.7137,-1.7137,0.0,Cc1ccc(-c2oc3cccc(O)c3c(=O)c2O)cc1C,2,c1(-c2cc([*])c([*])cc2)c(O)c(=O)c2c(O)cccc2o1,C*|C*,O=c1cc(-c2ccccc2)oc2ccccc12,0.0,7.252,0.0,10.65,0.0,2.2377,0.0,1.287,2,1,2,True
2.2688,1.4705,-1.4705,0.0,Cc1ccc(-c2oc3cccc(O)c3c(=O)c2O)cc1C,2,c1(-c2cc([*])c([*])cc2)c(O)c(=O)c2c(O)cccc2o1,*C|*C,O=c1cc(-c2ccccc2)oc2ccccc12,0.0,7.252,0.0,10.65,0.0,2.2377,0.0,1.287,2,1,2,True
42.1842,45.1339,-45.1315,1.9e-05,Cc1oc(=O)c2cc(C=Cc3cc(-c4oc5cccc(O)c5c(=O)c4O)ccc3N3CCN=C3C(=O)O)c(O)cc2c1C=O,1,c1(-c2cc([*])c([*])cc2)c(O)c(=O)c2c(O)cccc2o1,C(c1c2c(cc(C=C*)c(O)c2)c(=O)oc1C)=O|N1(*)CCN=C1C(=O)O,O=c1occc2ccc(C=Cc3cc(-c4cc(=O)c5ccccc5o4)ccc3N3C=NCC3)cc12,1e-05,0.0,1e-05,0.0,0.7174079,3.6763,0.0,-111.9872,2,1,2,False
28.9877,30.6059,-26.8308,0.0294935,CCC(C=NC=O)=CC=Nc1cc(-c2oc3cccc(O)c3c(=O)c2O)ccc1N,1,c1(-c2cc([*])c([*])cc2)c(O)c(=O)c2c(O)cccc2o1,C(C=N*)=C(CC)C=NC=O|N*,O=c1cc(-c2ccccc2)oc2ccccc12,0.2541768,7.252,0.5057561,8.016,0.7533412,3.6121,0.0,-59.3843,2,1,2,False
1.9547,1.5196,-1.5196,0.0,Cc1ccc(-c2oc3cccc(O)c3c(=O)c2O)cc1C,2,c1(-c2cc([*])c([*])cc2)c(O)c(=O)c2c(O)cccc2o1,C*|*C,O=c1cc(-c2ccccc2)oc2ccccc12,0.0,7.252,0.0,10.65,0.0,2.2377,0.0,1.287,2,1,2,True
2.5035,1.7137,-1.7137,0.0,Cc1ccc(-c2oc3cccc(O)c3c(=O)c2O)cc1C,2,c1(-c2cc([*])c([*])cc2)c(O)c(=O)c2c(O)cccc2o1,C*|C*,O=c1cc(-c2ccccc2)oc2ccccc12,0.0,7.252,0.0,10.65,0.0,2.2377,0.0,1.287,2,1,2,True
5.1295,5.3419,-0.8605,0.0350107,Cc1cc(-c2oc3cccc(O)c3c(=O)c2O)ccc1N,1,Oc1c2c(oc(-c3cc([*])c([*])cc3)c(O)c2=O)ccc1,C*|N*,O=c1cc(-c2ccccc2)oc2ccccc12,0.195728,7.018,0.953373,10.097,0.9905335,2.3843,0.0,-17.5941,3,1,3,False
40.4378,41.1157,-41.1157,0.0,o1c(=O)c(C=O)c(O)c2c(O)cc(C=Nc3cc(*)ccc3)c(C)c13|*C,0,Oc1c2c(oc(-c3cc([*])c([*])cc3)c(O)c2=O)ccc1,o1c(=O)c(C=O)c(O)c2c(O)cc(C=Nc3cc(*)ccc3)c(C)c13|*C,,0.0,0.0,0.0,0.0,0.0,0.0,0.0,0.0,3,1,3,False
26.5937,29.6218,-29.6192,1.98e-05,COC(=O)c1cc(C)c(C=Cc2cc(-c3oc4cccc(O)c4c(=O)c3O)ccc2N)cc1N,1,Oc1c2c(oc(-c3cc([*])c([*])cc3)c(O)c2=O)ccc1,*C=Cc1c(C)cc(C(=O)OC)c(N)c1|N*,O=c1cc(-c2cccc(C=Cc3ccccc3)c2)oc2ccccc12,1e-05,0.0,1e-05,0.0,0.9575117,2.9177,0.0,-69.9214,3,1,3,False
24.5611,29.5566,-29.554,1.98e-05,Cc1cc(-c2oc3cccc(O)c3c(=O)c2O)ccc1NCc1c(O)c(C)c(C)c2c(=O)cc(C(=O)O)oc12,1,Oc1c2c(oc(-c3cc([*])c([*])cc3)c(O)c2=O)ccc1,C*|C(N*)c1c(O)c(C)c(C)c2c(=O)cc(C(=O)O)oc12,O=c1cc(-c2ccc(NCc3cccc4c(=O)ccoc34)cc2)oc2ccccc12,1e-05,0.0,1e-05,0.0,0.93604,3.0677,0.0,-91.3592,3,1,3,False
78.8033,73.9719,-73.9719,0.0,*C(F)(F)F|O=C(C(*)C)Cc1cc2c(c(C=C(C(=O)O)C)c3c(c2)c(=O)oc(=O)cc1)cc(C)c1oc(=O)c(C)c(O)c3,0,Oc1c2c(oc(-c3cc([*])c([*])cc3)c(O)c2=O)ccc1,*C(F)(F)F|O=C(C(*)C)Cc1cc2c(c(C=C(C(=O)O)C)c3c(c2)c(=O)oc(=O)cc1)cc(C)c1oc(=O)c(C)c(O)c3,,0.0,0.0,0.0,0.0,0.0,0.0,0.0,0.0,3,1,3,False
25.6367,26.957,-25.6618,0.0101182,COc1c(C)c(O)c2oc(=O)c(-c3ccc(-c4oc5cccc(O)c5c(=O)c4O)cc3C)cc2c1C=O,1,Oc1c2c(oc(-c3cc([*])c([*])cc3)c(O)c2=O)ccc1,*C|c1(O)c2oc(=O)c(*)cc2c(C=O)c(OC)c1C,O=c1oc2ccccc2cc1-c1ccc(-c2cc(=O)c3ccccc3o2)cc1,0.4215033,7.78,0.0131597,5.0,0.9216685,3.1435,0.0,-68.332,3,1,3,False
5.0784,7.4757,-1.9005,0.0435559,Nc1ccc(-c2oc3cccc(O)c3c(=O)c2O)cc1C(F)(F)F,1,Oc1c2c(oc(-c3cc([*])c([*])cc3)c(O)c2=O)ccc1,*C(F)(F)F|*N,O=c1cc(-c2ccccc2)oc2ccccc12,0.3556363,7.587,0.981616,10.764,0.9850014,2.5461,0.0,-17.595,3,1,3,False
16.5795,20.9094,54.5561,0.5895746,Cc1cc(-c2oc3cccc(O)c3c(=O)c2O)ccc1N1CCCC(Cc2ccccc2)C1,1,Oc1c2c(oc(-c3cc([*])c([*])cc3)c(O)c2=O)ccc1,*C|C1N(*)CCCC1Cc1ccccc1,O=c1cc(-c2ccc(N3CCCC(Cc4ccccc4)C3)cc2)oc2ccccc12,0.8314557,9.109,0.5373474,8.104,0.9568536,2.9233,0.2022366,-1.192,3,1,3,False
4.9317,5.3419,-5.3419,0.0,Cc1cc(-c2oc3cccc(O)c3c(=O)c2O)ccc1N,2,Oc1c2c(oc(-c3cc([*])c([*])cc3)c(O)c2=O)ccc1,C*|N*,O=c1cc(-c2ccccc2)oc2ccccc12,0.0,7.018,0.0,10.097,0.0,2.3843,0.0,-17.5941,3,1,3,False
3.1143,1.5424,-1.5424,0.0,Cc1ccc(-c2oc3cccc(O)c3c(=O)c2O)cc1C,1,Oc1c2c(oc(-c3cc([*])c([*])cc3)c(O)c2=O)ccc1,C*|C*,O=c1cc(-c2ccccc2)oc2ccccc12,0.2541768,7.252,0.9784091,10.65,0.9937705,2.2377,0.8148294,1.287,3,1,3,True
14.4194,19.9833,26.6473,0.3643011,CN1CCN(c2cc(-c3oc4cccc(O)c4c(=O)c3O)ccc2C(F)(F)F)CC1,1,Oc1c2c(oc(-c3cc([*])c([*])cc3)c(O)c2=O)ccc1,N1(*)CCN(C)CC1|C(F)(*)(F)F,O=c1cc(-c2cccc(N3CCNCC3)c2)oc2ccccc12,0.4544349,7.873,0.1567876,6.831,0.9809762,2.6301,0.5775408,0.2716,3,1,3,True
3.2138,1.5086,-1.5086,0.0,Cc1ccc(-c2oc3cccc(O)c3c(=O)c2O)cc1C,2,Oc1c2c(oc(-c3cc([*])c([*])cc3)c(O)c2=O)ccc1,C*|*C,O=c1cc(-c2ccccc2)oc2ccccc12,0.0,7.252,0.0,10.65,0.0,2.2377,0.0,1.287,3,1,3,True
23.2796,23.5448,-17.8916,0.0441652,CC(C)=CC(=O)CC(C)c1cc(-c2oc3cccc(O)c3c(=O)c2O)ccc1N,1,Oc1c2c(oc(-c3cc([*])c([*])cc3)c(O)c2=O)ccc1,C(=O)(C=C(C)C)CC(*)C|*N,O=c1cc(-c2ccccc2)oc2ccccc12,0.3954311,7.705,0.9802992,10.715,0.8463152,3.4073,0.0,-34.6888,3,1,3,False
3.6799,1.5086,-1.5086,0.0,Cc1ccc(-c2oc3cccc(O)c3c(=O)c2O)cc1C,2,Oc1c2c(oc(-c3cc([*])c([*])cc3)c(O)c2=O)ccc1,C*|*C,O=c1cc(-c2ccccc2)oc2ccccc12,0.0,7.252,0.0,10.65,0.0,2.2377,0.0,1.287,3,1,3,True
2.6857,1.5086,-1.5086,0.0,Cc1ccc(-c2oc3cccc(O)c3c(=O)c2O)cc1C,2,Oc1c2c(oc(-c3cc([*])c([*])cc3)c(O)c2=O)ccc1,C*|*C,O=c1cc(-c2ccccc2)oc2ccccc12,0.0,7.252,0.0,10.65,0.0,2.2377,0.0,1.287,3,1,3,True
6.6052,8.5571,-8.5571,0.0,O=c1c(O)c(-c2ccc(C(F)(F)F)c(C(F)(F)F)c2)oc2cccc(O)c12,1,Oc1c2c(oc(-c3cc([*])c([*])cc3)c(O)c2=O)ccc1,FC(F)(*)F|*C(F)(F)F,O=c1cc(-c2ccccc2)oc2ccccc12,0.5718156,8.201,0.993721,11.519,0.9802079,2.6441,0.4631605,-0.1282,3,1,3,False
6.4929,8.6373,-8.6373,0.0,O=c1c(O)c(-c2ccc(C(F)(F)F)c(C(F)(F)F)c2)oc2cccc(O)c12,2,Oc1c2c(oc(-c3cc([*])c([*])cc3)c(O)c2=O)ccc1,C(*)(F)(F)F|FC(F)(*)F,O=c1cc(-c2ccccc2)oc2ccccc12,0.0,8.201,0.0,11.519,0.0,2.6441,0.0,-0.1282,3,1,3,False
2.609,1.5086,-1.5086,0.0,Cc1ccc(-c2oc3cccc(O)c3c(=O)c2O)cc1C,2,Oc1c2c(oc(-c3cc([*])c([*])cc3)c(O)c2=O)ccc1,C*|*C,O=c1cc(-c2ccccc2)oc2ccccc12,0.0,7.252,0.0,10.65,0.0,2.2377,0.0,1.287,3,1,3,True
2.8671,1.5424,-1.5424,0.0,Cc1ccc(-c2oc3cccc(O)c3c(=O)c2O)cc1C,2,Oc1c2c(oc(-c3cc([*])c([*])cc3)c(O)c2=O)ccc1,C*|C*,O=c1cc(-c2ccccc2)oc2ccccc12,0.0,7.252,0.0,10.65,0.0,2.2377,0.0,1.287,3,1,3,True
7.029,8.5647,-8.5647,0.0,O=c1c(O)c(-c2ccc(C(F)(F)F)c(C(F)(F)F)c2)oc2cccc(O)c12,2,Oc1c2c(oc(-c3cc([*])c([*])cc3)c(O)c2=O)ccc1,FC(*)(F)F|FC(*)(F)F,O=c1cc(-c2ccccc2)oc2ccccc12,0.0,8.201,0.0,11.519,0.0,2.6441,0.0,-0.1282,3,1,3,False
5.8669,8.1118,-8.1118,0.0,Nc1ccc(-c2oc3cccc(O)c3c(=O)c2O)cc1C(F)(F)F,2,Oc1c2c(oc(-c3cc([*])c([*])cc3)c(O)c2=O)ccc1,C(*)(F)(F)F|N*,O=c1cc(-c2ccccc2)oc2ccccc12,0.0,7.587,0.0,10.764,0.0,2.5461,0.0,-17.595,3,1,3,False
25.4171,31.8417,-31.8391,1.98e-05,CC(=O)c1cc(O)c(C=Cc2ccc(-c3oc4cccc(O)c4c(=O)c3O)cc2C(F)(F)F)cc1O,1,Oc1c2c(oc(-c3cc([*])c([*])cc3)c(O)c2=O)ccc1,C(*)(F)(F)F|Oc1c(C(=O)C)cc(O)c(C=C*)c1,O=c1cc(-c2ccc(C=Cc3ccccc3)cc2)oc2ccccc12,1e-05,0.0,1e-05,0.0,0.9437687,3.0201,0.0,-49.1687,3,1,3,False
3.3874,1.4906,-1.4906,0.0,Cc1ccc(-c2oc3cccc(O)c3c(=O)c2O)cc1C,2,Oc1c2c(oc(-c3cc([*])c([*])cc3)c(O)c2=O)ccc1,*C|C*,O=c1cc(-c2ccccc2)oc2ccccc12,0.0,7.252,0.0,10.65,0.0,2.2377,0.0,1.287,3,1,3,True
11.9288,14.4512,-8.8443,0.0438037,Nc1ccc(-c2oc3cccc(O)c3c(=O)c2O)cc1C(F)(F)C(F)(F)F,1,Oc1c2c(oc(-c3cc([*])c([*])cc3)c(O)c2=O)ccc1,*C(F)(C(F)(F)F)F|N*,O=c1cc(-c2ccccc2)oc2ccccc12,0.3605984,7.602,0.9909236,11.261,0.9688487,2.8058,0.0,-17.6202,3,1,3,False
3.1456,1.5086,-1.5086,0.0,Cc1ccc(-c2oc3cccc(O)c3c(=O)c2O)cc1C,2,Oc1c2c(oc(-c3cc([*])c([*])cc3)c(O)c2=O)ccc1,C*|*C,O=c1cc(-c2ccccc2)oc2ccccc12,0.0,7.252,0.0,10.65,0.0,2.2377,0.0,1.287,3,1,3,True
53.4106,56.3795,-56.3774,1.59e-05,C=C1Cc2c(NC(=O)NC=Cc3ccc(-c4cc(-c5oc6cccc(O)c6c(=O)c5O)ccc4N)c(C)c3)cccc2C2(C)C(=C)CCC12,1,Oc1c2c(oc(-c3cc([*])c([*])cc3)c(O)c2=O)ccc1,C(NC=Cc1cc(C)c(*)cc1)(Nc1c2c(ccc1)C1(C)C(CCC1=C)C(=C)C2)=O|N*,C=C1Cc2c(NC(=O)NC=Cc3ccc(-c4cccc(-c5cc(=O)c6ccccc6o5)c4)cc3)cccc2C2C(=C)CCC12,1e-05,0.0,1e-05,0.0,0.222511,4.4347,0.0,-58.9746,3,1,3,False
5.941,9.8211,-5.2739,0.0355248,C=CCc1cc(-c2oc3cccc(O)c3c(=O)c2O)ccc1N,1,Oc1c2c(oc(-c3cc([*])c([*])cc3)c(O)c2=O)ccc1,C=CC*|N*,O=c1cc(-c2ccccc2)oc2ccccc12,0.2033121,7.051,0.9616074,10.238,0.9791153,2.6632,0.0,-17.5912,3,1,3,False
4.7415,6.1176,-0.7109,0.0422401,Nc1ccc(-c2oc3cccc(O)c3c(=O)c2O)cc1N,1,Oc1c2c(oc(-c3cc([*])c([*])cc3)c(O)c2=O)ccc1,N*|*N,O=c1cc(-c2ccccc2)oc2ccccc12,0.3490683,7.567,0.9154239,9.655,0.9868701,2.4992,0.0,-43.6238,3,1,3,False
17.5926,24.0342,-17.7347,0.0492151,CC(CCCN=C(N)N)c1cc(-c2oc3cccc(O)c3c(=O)c2O)ccc1C(F)(F)F,1,Oc1c2c(oc(-c3cc([*])c([*])cc3)c(O)c2=O)ccc1,C(=NCCCC(*)C)(N)N|C(*)(F)(F)F,O=c1cc(-c2ccccc2)oc2ccccc12,0.5480615,8.134,0.9524039,10.082,0.8699018,3.3398,0.0,-55.9791,3,1,3,False
7.4582,8.2389,74.5708,0.646951,Cc1ccc(-c2oc3cccc(O)c3c(=O)c2O)cc1C(F)(F)F,1,Oc1c2c(oc(-c3cc([*])c([*])cc3)c(O)c2=O)ccc1,C(F)(*)(F)F|*C,O=c1cc(-c2ccccc2)oc2ccccc12,0.3507051,7.572,0.986209,10.967,0.9883733,2.4564,0.6608396,0.5794,3,1,3,True
6.207,7.1013,-7.1013,0.0,Cc1ccc(-c2oc3cccc(O)c3c(=O)c2O)cc1C(F)(F)F,2,Oc1c2c(oc(-c3cc([*])c([*])cc3)c(O)c2=O)ccc1,C(*)(F)(F)F|*C,O=c1cc(-c2ccccc2)oc2ccccc12,0.0,7.572,0.0,10.967,0.0,2.4564,0.0,0.5794,3,1,3,True
7.5652,8.1401,-8.1401,0.0,Nc1ccc(-c2oc3cccc(O)c3c(=O)c2O)cc1C(F)(F)F,2,Oc1c2c(oc(-c3cc([*])c([*])cc3)c(O)c2=O)ccc1,FC(F)(*)F|N*,O=c1cc(-c2ccccc2)oc2ccccc12,0.0,7.587,0.0,10.764,0.0,2.5461,0.0,-17.595,3,1,3,False
12.5108,18.3595,50.3721,0.5369654,C=CCc1ccc(-c2oc3cccc(O)c3c(=O)c2O)cc1CC=C(C)C,1,Oc1c(=O)c2c(O)cccc2oc1-c1ccc([*])c([*])c1,C(C=C)*|C(C)(C)=CC*,O=c1cc(-c2ccccc2)oc2ccccc12,0.2588425,7.269,0.9752547,10.553,0.966184,2.8353,0.406965,-0.327,4,1,4,False
8.7192,11.9112,21.3622,0.2599482,C=CCNc1ccc(-c2oc3cccc(O)c3c(=O)c2O)cc1C,1,Oc1c(=O)c2c(O)cccc2oc1-c1ccc([*])c([*])c1,C(=C)CN*|*C,O=c1cc(-c2ccccc2)oc2ccccc12,0.1362979,6.717,0.9653995,10.313,0.9849879,2.5464,0.0144885,-3.6653,4,1,4,False
20.4568,24.0109,-18.8196,0.0405575,Cc1ccc(C)c(Nc2cc(-c3oc4cccc(O)c4c(=O)c3O)ccc2NC(C)C)c1,1,Oc1c(=O)c2c(O)cccc2oc1-c1ccc([*])c([*])c1,N(C(C)C)*|Cc1ccc(C)c(N*)c1,O=c1cc(-c2cccc(Nc3ccccc3)c2)oc2ccccc12,0.5735765,8.206,0.4751957,7.931,0.981564,2.619,0.0,-15.9084,4,1,4,False
25.7507,23.5652,-23.5626,1.98e-05,COc1ccc(C(=O)O)c(O)c1C=Nc1cc(-c2oc3cccc(O)c3c(=O)c2O)ccc1-c1ccccc1,1,Oc1c(=O)c2c(O)cccc2oc1-c1ccc([*])c([*])c1,c1(*)ccccc1|c1cc(OC)c(C=N*)c(O)c1C(=O)O,O=c1cc(-c2ccc(-c3ccccc3)c(N=Cc3ccccc3)c2)oc2ccccc12,1e-05,0.0,1e-05,0.0,0.9561054,2.9295,0.0,-70.739,4,1,4,False
12.5673,17.2919,21.4123,0.3023761,CC(C)CNc1ccc(-c2oc3cccc(O)c3c(=O)c2O)cc1C(F)(F)F,1,Oc1c(=O)c2c(O)cccc2oc1-c1ccc([*])c([*])c1,CC(C)CN*|FC(F)(F)*,O=c1cc(-c2ccccc2)oc2ccccc12,0.2479533,7.229,0.9894886,11.158,0.9823657,2.6033,0.0093015,-4.0548,4,1,4,False
10.2387,11.6351,-5.6709,0.0465959,Nc1cc(-c2oc3cccc(O)c3c(=O)c2O)ccc1-c1ccc(O)cc1,1,Oc1c(=O)c2c(O)cccc2oc1-c1ccc([*])c([*])c1,c1c(*)ccc(O)c1|N*,O=c1cc(-c2ccc(-c3ccccc3)cc2)oc2ccccc12,0.4257197,7.792,0.9926204,11.406,0.9890113,2.4366,0.0,-37.8281,4,1,4,False
16.5548,16.1349,-12.1977,0.0307596,Cc1ccc(-c2oc3cccc(O)c3c(=O)c2O)cc1NC1C(=O)CC(C)(C)CC1=O,1,Oc1c(=O)c2c(O)cccc2oc1-c1ccc([*])c([*])c1,C*|*NC1C(=O)CC(C)(C)CC1=O,O=C1CCCC(=O)C1Nc1cccc(-c2cc(=O)c3ccccc3o2)c1,0.6558205,8.448,0.2000682,7.037,0.9505118,2.9732,0.0,-37.75,4,1,4,False
10.0165,14.3709,27.7608,0.3291544,CC(C)Nc1ccc(-c2oc3cccc(O)c3c(=O)c2O)cc1C(F)(F)F,1,Oc1c(=O)c2c(O)cccc2oc1-c1ccc([*])c([*])c1,N(*)C(C)C|*C(F)(F)F,O=c1cc(-c2ccccc2)oc2ccccc12,0.3072302,7.435,0.9655434,10.316,0.9823102,2.6044,0.0105164,-3.9471,4,1,4,False
31.6522,35.0084,-35.0059,1.95e-05,C=C(CNc1ccc(-c2oc3cccc(O)c3c(=O)c2O)cc1C)c1cc(Br)c(O)c(N=Nc2ccc(C)cc2)c1O,1,Oc1c(=O)c2c(O)cccc2oc1-c1ccc([*])c([*])c1,C(CN*)(c1cc(Br)c(O)c(N=Nc2ccc(C)cc2)c1O)=C|*C,C=C(CNc1ccc(-c2cc(=O)c3ccccc3o2)cc1)c1cccc(N=Nc2ccccc2)c1,1e-05,0.0,1e-05,0.0,0.8698641,3.34,0.0,-68.9704,4,1,4,False
15.4378,19.1969,-13.0178,0.0482739,Cc1ccc(-c2ccc(-c3oc4cccc(O)c4c(=O)c3O)cc2N2CCOCC2)o1,1,Oc1c(=O)c2c(O)cccc2oc1-c1ccc([*])c([*])c1,Cc1ccc(*)o1|C1N(*)CCOC1,O=c1cc(-c2ccc(-c3ccco3)c(N3CCOCC3)c2)oc2ccccc12,0.4823782,7.951,0.9744073,10.529,0.9767455,2.7014,0.0,-17.2216,4,1,4,False
13.5971,14.0944,11.6366,0.2010232,Cc1ccc(-c2oc3cccc(O)c3c(=O)c2O)cc1-c1ccc[nH]1,1,Oc1c(=O)c2c(O)cccc2oc1-c1ccc([*])c([*])c1,C*|c1(*)[nH]ccc1,O=c1cc(-c2cccc(-c3ccc[nH]3)c2)oc2ccccc12,0.4085766,7.743,0.9904456,11.225,0.9812044,2.6258,0.0001905,-7.4399,4,1,4,False
10.8072,14.3338,61.4225,0.5918458,CC(C)c1ccc(-c2oc3cccc(O)c3c(=O)c2O)cc1C(C)C,1,Oc1c(=O)c2c(O)cccc2oc1-c1ccc([*])c([*])c1,C(C)(C)*|*C(C)C,O=c1cc(-c2ccccc2)oc2ccccc12,0.3461311,7.558,0.9573592,10.162,0.986141,2.5182,0.4043107,-0.3366,4,1,4,False
18.8117,18.9361,41.6217,0.4731075,Cc1cccc(-c2ccc(-c3oc4cccc(O)c4c(=O)c3O)cc2-c2cc(C)ccc2C)c1,1,Oc1c(=O)c2c(O)cccc2oc1-c1ccc([*])c([*])c1,c1(*)cc(C)ccc1|c1(C)cc(*)c(C)cc1,O=c1cc(-c2ccc(-c3ccccc3)c(-c3ccccc3)c2)oc2ccccc12,0.5721677,8.202,0.6759865,8.511,0.9877272,2.4754,0.063244,-2.3412,4,1,4,False
20.6508,20.7674,-20.7674,0.0,c1c(N*)c(=O)c(=O)c1Nc1cc(F)c(C)c(C)c1|C*,0,Oc1c(=O)c2c(O)cccc2oc1-c1ccc([*])c([*])c1,c1c(N*)c(=O)c(=O)c1Nc1cc(F)c(C)c(C)c1|C*,,0.0,0.0,0.0,0.0,0.0,0.0,0.0,0.0,4,1,4,False
11.2993,13.5518,72.9382,0.6757028,O=c1c(O)c(-c2ccc(C(F)(F)F)c(-c3ccc(F)cc3)c2)oc2cccc(O)c12,1,Oc1c(=O)c2c(O)cccc2oc1-c1ccc([*])c([*])c1,FC(*)(F)F|c1(F)ccc(*)cc1,O=c1cc(-c2cccc(-c3ccccc3)c2)oc2ccccc12,0.6131367,8.32,0.9542605,10.111,0.9877917,2.4736,0.259129,-0.9125,4,1,4,False
10.5187,12.4602,33.0374,0.3554494,Cc1cc(-c2oc3cccc(O)c3c(=O)c2O)ccc1NC1CCCCC1,1,Oc1c(=O)c2c(O)cccc2oc1-c1ccc([*])c([*])c1,C1CCCCC1N*|C*,O=c1cc(-c2ccc(NC3CCCCC3)cc2)oc2ccccc12,0.3909674,7.692,0.985548,10.934,0.9895573,2.4187,0.009466,-4.0394,4,1,4,False
4.5666,1.6586,-1.6586,0.0,Cc1ccc(-c2oc3cccc(O)c3c(=O)c2O)cc1C,1,Oc1c(=O)c2c(O)cccc2oc1-c1ccc([*])c([*])c1,C*|*C,O=c1cc(-c2ccccc2)oc2ccccc12,0.2541768,7.252,0.9784091,10.65,0.9937705,2.2377,0.8148294,1.287,4,1,4,True
15.0623,21.6375,42.8864,0.5040932,CC(Br)c1ccc(-c2oc3cccc(O)c3c(=O)c2O)cc1C(C)(C)C,1,Oc1c(=O)c2c(O)cccc2oc1-c1ccc([*])c([*])c1,*C(Br)C|CC(*)(C)C,O=c1cc(-c2ccccc2)oc2ccccc12,0.2757491,7.329,0.9254254,9.75,0.9143828,3.1771,0.2751788,-0.8412,4,1,4,False
6.8533,8.9986,73.912,0.6477388,Cc1ccc(-c2oc3cccc(O)c3c(=O)c2O)cc1C(C)C,1,Oc1c(=O)c2c(O)cccc2oc1-c1ccc([*])c([*])c1,*C|CC(*)C,O=c1cc(-c2ccccc2)oc2ccccc12,0.3652567,7.616,0.9667668,10.342,0.9903793,2.3899,0.6334585,0.4752,4,1,4,True
22.8799,26.4558,-26.2426,0.0016656,Cc1cc(C)c(-c2ccc(-c3oc4cccc(O)c4c(=O)c3O)cc2CC(=O)N2CCC(C)CC2)c(C)c1,1,Oc1c(=O)c2c(O)cccc2oc1-c1ccc([*])c([*])c1,c1(C)c(*)c(C)cc(C)c1|CC1CCN(C(C*)=O)CC1,O=C(Cc1cc(-c2cc(=O)c3ccccc3o2)ccc1-c1ccccc1)N1CCCCC1,0.5039574,8.011,1e-05,0.0,0.9696693,2.7962,7e-07,-12.2967,4,1,4,False
17.4141,19.5916,15.4676,0.2738999,Cc1ccc(CNc2cc(-c3oc4cccc(O)c4c(=O)c3O)ccc2-c2cccc(F)c2)cc1,1,Oc1c(=O)c2c(O)cccc2oc1-c1ccc([*])c([*])c1,c1(F)cc(*)ccc1|c1(CN*)ccc(C)cc1,O=c1cc(-c2ccc(-c3ccccc3)c(NCc3ccccc3)c2)oc2ccccc12,0.5980138,8.276,0.4856128,7.96,0.9875394,2.4808,0.0032289,-4.9791,4,1,4,False
4.6501,3.8311,1.6113,0.0425183,Cc1ccc(-c2oc3cccc(O)c3c(=O)c2O)cc1N,1,Oc1c(=O)c2c(O)cccc2oc1-c1ccc([*])c([*])c1,*C|N*,O=c1cc(-c2ccccc2)oc2ccccc12,0.3370688,7.53,0.9644744,10.294,0.99042,2.3884,0.0,-17.5941,4,1,4,False
20.6858,26.1379,-19.8876,0.0488305,Cc1ccc(C)c(-c2ccc(-c3oc4cccc(O)c4c(=O)c3O)cc2CC(C)N)c1,1,Oc1c(=O)c2c(O)cccc2oc1-c1ccc([*])c([*])c1,c1c(C)cc(*)c(C)c1|C(C*)(N)C,O=c1cc(-c2ccc(-c3ccccc3)cc2)oc2ccccc12,0.5071952,8.02,0.9725119,10.478,0.9421316,3.0307,0.0,-17.6988,4,1,4,False
16.8159,21.1412,9.8303,0.2419645,C=CCNc1ccc(-c2oc3cccc(O)c3c(=O)c2O)cc1C=Cc1ccc(F)cc1,1,Oc1c(=O)c2c(O)cccc2oc1-c1ccc([*])c([*])c1,C(=C)CN*|C(=C*)c1ccc(F)cc1,O=c1cc(-c2cccc(C=Cc3ccccc3)c2)oc2ccccc12,0.5469918,8.131,0.2924289,7.386,0.9727927,2.7573,0.0057675,-4.473,4,1,4,False
13.0557,15.393,69.5798,0.6638502,CC1=CCCC(C)C1c1cc(-c2oc3cccc(O)c3c(=O)c2O)ccc1C,1,Oc1c(=O)c2c(O)cccc2oc1-c1ccc([*])c([*])c1,*C|C1(C)CCC=C(C)C1*,O=c1cc(-c2cccc(C3C=CCCC3)c2)oc2ccccc12,0.6400649,8.4,0.9520767,10.077,0.7611281,3.5974,0.2718019,-0.856,4,1,4,False
10.5722,11.5825,-5.4753,0.047712,Nc1ccc(-c2oc3cccc(O)c3c(=O)c2O)cc1Cc1ccccc1,1,Oc1c(=O)c2c(O)cccc2oc1-c1ccc([*])c([*])c1,*N|c1cc(C*)ccc1,O=c1cc(-c2cccc(Cc3ccccc3)c2)oc2ccccc12,0.4669486,7.908,0.9674535,10.357,0.9910293,2.3654,0.0,-17.6166,4,1,4,False
9.3071,11.7052,-6.74,0.0387903,CC(C)(C)Nc1ccc(-c2oc3cccc(O)c3c(=O)c2O)cc1N,1,Oc1c(=O)c2c(O)cccc2oc1-c1ccc([*])c([*])c1,*NC(C)(C)C|N*,O=c1cc(-c2ccccc2)oc2ccccc12,0.2547229,7.254,0.9859523,10.954,0.9809912,2.6298,0.0,-29.6265,4,1,4,False
9.186,14.4354,-14.4354,0.0,CC(C)c1ccc(-c2oc3cccc(O)c3c(=O)c2O)cc1C(C)C,2,Oc1c(=O)c2c(O)cccc2oc1-c1ccc([*])c([*])c1,*C(C)C|*C(C)C,O=c1cc(-c2ccccc2)oc2ccccc12,0.0,7.558,0.0,10.162,0.0,2.5182,0.0,-0.3366,4,1,4,False
22.0529,30.0581,-30.0556,1.98e-05,CC(C)(C)c1ccc(-c2oc3cccc(O)c3c(=O)c2O)cc1NCCC(N)=NC(=O)OCc1ccccc1,1,Oc1c(=O)c2c(O)cccc2oc1-c1ccc([*])c([*])c1,CC(C)(C)*|C(CN*)C(N)=NC(=O)OCc1ccccc1,O=C(N=CCCNc1cccc(-c2cc(=O)c3ccccc3o2)c1)OCc1ccccc1,1e-05,0.0,1e-05,0.0,0.9513672,2.9669,0.0,-68.3294,4,1,4,False
4.4211,1.7083,-1.7083,0.0,Cc1ccc(-c2oc3cccc(O)c3c(=O)c2O)cc1C,2,Oc1c(=O)c2c(O)cccc2oc1-c1ccc([*])c([*])c1,C*|C*,O=c1cc(-c2ccccc2)oc2ccccc12,0.0,7.252,0.0,10.65,0.0,2.2377,0.0,1.287,4,1,4,True
26.5226,31.2272,-25.9898,0.0409171,Cc1cccc(CNc2cc(-c3oc4cccc(O)c4c(=O)c3O)ccc2NC(C)C(N)=O)c1C,1,Oc1c(=O)c2c(O)cccc2oc1-c1ccc([*])c([*])c1,NC(C(N*)C)=O|N(Cc1cccc(C)c1C)*,O=c1cc(-c2cccc(NCc3ccccc3)c2)oc2ccccc12,0.5760385,8.213,0.5244454,8.068,0.9099433,3.1964,0.0,-58.7352,4,1,4,False
3.5737,1.6586,-1.6586,0.0,Cc1ccc(-c2oc3cccc(O)c3c(=O)c2O)cc1C,2,Oc1c(=O)c2c(O)cccc2oc1-c1ccc([*])c([*])c1,C*|*C,O=c1cc(-c2ccccc2)oc2ccccc12,0.0,7.252,0.0,10.65,0.0,2.2377,0.0,1.287,4,1,4,True
19.4092,28.7648,-27.7755,0.0077292,Cc1cc(C)c(-c2ccc(-c3oc4cccc(O)c4c(=O)c3O)cc2C2CCCC(C)C2C)c(C)c1,1,c12cccc(O)c1c(=O)c(O)c(-c1ccc([*])c([*])c1)o2,Cc1cc(C)c(*)c(C)c1|C1CCC(C)C(C)C1*,O=c1cc(-c2ccc(-c3ccccc3)c(C3CCCCC3)c2)oc2ccccc12,0.5334097,8.093,1e-05,0.0,0.6923895,3.7181,0.0242158,-3.2105,5,1,5,False
9.3056,15.617,66.4315,0.6410037,CC(C)(C)c1cc(-c2oc3cccc(O)c3c(=O)c2O)ccc1C(F)(F)F,1,c12cccc(O)c1c(=O)c(O)c(-c1ccc([*])c([*])c1)o2,*C(F)(F)F|C(C)(C)(*)C,O=c1cc(-c2ccccc2)oc2ccccc12,0.4384321,7.828,0.9710925,10.442,0.9815779,2.6187,0.3852701,-0.4058,5,1,5,False
8.4985,9.6269,67.7707,0.6046694,CCc1cc(-c2oc3cccc(O)c3c(=O)c2O)ccc1C,1,c12cccc(O)c1c(=O)c(O)c(-c1ccc([*])c([*])c1)o2,*C|*CC,O=c1cc(-c2ccccc2)oc2ccccc12,0.2734558,7.321,0.9769979,10.605,0.9914535,2.3484,0.7668192,1.034,5,1,5,True
18.3193,25.5417,-22.5573,0.0233152,CN1CCC(c2ccc(-c3oc4cccc(O)c4c(=O)c3O)cc2-c2ccc(O)cc2)CC1,1,c12cccc(O)c1c(=O)c(O)c(-c1ccc([*])c([*])c1)o2,CN1CCC(*)CC1|c1cc(O)ccc1*,O=c1cc(-c2ccc(C3CCNCC3)c(-c3ccccc3)c2)oc2ccccc12,0.6626096,8.469,0.0587115,6.072,0.9809403,2.6308,0.0,-15.168,5,1,5,False
7.8795,9.8672,-9.8672,0.0,Cc1ccc(-c2oc3cccc(O)c3c(=O)c2O)cc1C(F)(F)F,1,c12cccc(O)c1c(=O)c(O)c(-c1ccc([*])c([*])c1)o2,*C|C(F)(F)(*)F,O=c1cc(-c2ccccc2)oc2ccccc12,0.3507051,7.572,0.986209,10.967,0.9883733,2.4564,0.6608396,0.5794,5,1,5,True
10.3136,9.6866,63.5523,0.5721791,CCc1ccc(-c2oc3cccc(O)c3c(=O)c2O)cc1C,1,c12cccc(O)c1c(=O)c(O)c(-c1ccc([*])c([*])c1)o2,C(C)*|*C,O=c1cc(-c2ccccc2)oc2ccccc12,0.231948,7.168,0.9839728,10.861,0.9907901,2.3746,0.7668192,1.034,5,1,5,True
2.8438,1.4717,-1.4717,0.0,Cc1ccc(-c2oc3cccc(O)c3c(=O)c2O)cc1C,1,c12cccc(O)c1c(=O)c(O)c(-c1ccc([*])c([*])c1)o2,*C|*C,O=c1cc(-c2ccccc2)oc2ccccc12,0.2541768,7.252,0.9784091,10.65,0.9937705,2.2377,0.8148294,1.287,5,1,5,True
10.0691,14.897,77.379,0.720906,O=c1c(O)c(-c2ccc(C(F)(F)F)c(-c3ccccc3)c2)oc2cccc(O)c12,1,c12cccc(O)c1c(=O)c(O)c(-c1ccc([*])c([*])c1)o2,C(F)(F)(F)*|c1cccc(*)c1,O=c1cc(-c2cccc(-c3ccccc3)c2)oc2ccccc12,0.6976488,8.581,0.9594808,10.199,0.9897643,2.4117,0.2909075,-0.7739,5,1,5,False
6.5434,15.2615,-15.2615,0.0,CC(C)(C)c1ccc(-c2oc3cccc(O)c3c(=O)c2O)cc1C(C)(C)C,1,c12cccc(O)c1c(=O)c(O)c(-c1ccc([*])c([*])c1)o2,CC(C)(*)C|CC(C)(*)C,O=c1cc(-c2ccccc2)oc2ccccc12,0.3484146,7.565,0.7123128,8.63,0.9820192,2.6102,0.3128452,-0.6835,5,1,5,False
9.4919,16.7447,22.4713,0.3063746,CC(C)Nc1ccc(-c2oc3cccc(O)c3c(=O)c2O)cc1C(C)(C)C,1,c12cccc(O)c1c(=O)c(O)c(-c1ccc([*])c([*])c1)o2,*NC(C)C|*C(C)(C)C,O=c1cc(-c2ccccc2)oc2ccccc12,0.2686221,7.304,0.9553779,10.129,0.9814158,2.6218,0.0091501,-4.0692,5,1,5,False
13.3253,17.1705,-0.4832,0.1303694,O=c1c(O)c(-c2ccc(C(F)(F)F)c(C=Cc3ccc(F)cc3)c2)oc2cccc(O)c12,1,c12cccc(O)c1c(=O)c(O)c(-c1ccc([*])c([*])c1)o2,FC(F)(F)*|C(c1ccc(F)cc1)=C*,O=c1cc(-c2cccc(C=Cc3ccccc3)c2)oc2ccccc12,0.8326622,9.115,0.0077912,4.632,0.9798103,2.6512,0.1641321,-1.4139,5,1,5,False
6.9631,9.9567,-9.9567,0.0,O=c1c(O)c(-c2ccc(C(F)(F)F)c(C(F)(F)F)c2)oc2cccc(O)c12,1,c12cccc(O)c1c(=O)c(O)c(-c1ccc([*])c([*])c1)o2,FC(F)(*)F|FC(*)(F)F,O=c1cc(-c2ccccc2)oc2ccccc12,0.5718156,8.201,0.993721,11.519,0.9802079,2.6441,0.4631605,-0.1282,5,1,5,False
22.1171,28.0604,-22.6874,0.0419768,CCc1ccc(-c2oc3cccc(O)c3c(=O)c2O)cc1C(C)(CC)C(=O)O,1,c12cccc(O)c1c(=O)c(O)c(-c1ccc([*])c([*])c1)o2,*CC|C(*)(C(=O)O)(C)CC,O=c1cc(-c2ccccc2)oc2ccccc12,0.3729643,7.639,0.8774725,9.368,0.8952873,3.2544,0.0,-28.8916,5,1,5,False
18.0606,24.6615,10.3716,0.2736959,Cc1cc(C=Cc2ccc(-c3oc4cccc(O)c4c(=O)c3O)cc2C(C)C)oc1C,1,c12cccc(O)c1c(=O)c(O)c(-c1ccc([*])c([*])c1)o2,c1c(C=C*)oc(C)c1C|CC(C)*,O=c1cc(-c2ccc(C=Cc3ccco3)cc2)oc2ccccc12,0.4370152,7.824,0.973196,10.496,0.9535094,2.9504,0.0013662,-5.7278,5,1,5,False
7.8106,13.8397,-13.8397,0.0,CC(C)c1ccc(-c2oc3cccc(O)c3c(=O)c2O)cc1C(C)C,1,c12cccc(O)c1c(=O)c(O)c(-c1ccc([*])c([*])c1)o2,CC(*)C|C(*)(C)C,O=c1cc(-c2ccccc2)oc2ccccc12,0.3461311,7.558,0.9573592,10.162,0.986141,2.5182,0.4043107,-0.3366,5,1,5,False
20.5183,30.3754,-30.3621,0.0001039,Cc1c(C)c(C)c(C=Nc2ccc(-c3oc4cccc(O)c4c(=O)c3O)cc2C2CCCCC2)c(C)c1C,1,c12cccc(O)c1c(=O)c(O)c(-c1ccc([*])c([*])c1)o2,c1(C)c(C=N*)c(C)c(C)c(C)c1C|C1(*)CCCCC1,O=c1cc(-c2ccc(N=Cc3ccccc3)c(C3CCCCC3)c2)oc2ccccc12,1e-05,0.0,1e-05,0.0,0.9271653,3.1161,0.0006459,-6.3791,5,1,5,False
8.0279,10.7791,-5.4289,0.0417988,CC(C)c1ccc(-c2oc3cccc(O)c3c(=O)c2O)cc1N,1,c12cccc(O)c1c(=O)c(O)c(-c1ccc([*])c([*])c1)o2,*C(C)C|*N,O=c1cc(-c2ccccc2)oc2ccccc12,0.3140096,7.457,0.9879501,11.062,0.9859179,2.5239,0.0,-17.5976,5,1,5,False
50.8908,55.0091,-55.0069,1.73e-05,C=C1C2C(=O)C(c3ccc(O)cc3)C2CCCCN1CCNc1ccc(-c2oc3cccc(O)c3c(=O)c2O)cc1-c1ccccc1,1,c12cccc(O)c1c(=O)c(O)c(-c1ccc([*])c([*])c1)o2,C(N1CCCCC2C(c3ccc(O)cc3)C(=O)C2C1=C)CN*|c1c(*)cccc1,C=C1C2C(=O)C(c3ccccc3)C2CCCCN1CCNc1ccc(-c2cc(=O)c3ccccc3o2)cc1-c1ccccc1,1e-05,0.0,1e-05,0.0,0.3844528,4.1635,0.0,-44.3366,5,1,5,False
7.5453,11.1086,-11.1086,0.0,O=c1c(O)c(-c2ccc(C(F)(F)F)c(C(F)(F)F)c2)oc2cccc(O)c12,2,c12cccc(O)c1c(=O)c(O)c(-c1ccc([*])c([*])c1)o2,C(F)(F)(F)*|FC(F)(*)F,O=c1cc(-c2ccccc2)oc2ccccc12,0.0,8.201,0.0,11.519,0.0,2.6441,0.0,-0.1282,5,1,5,False
19.497,23.588,-21.0586,0.0197609,Cc1[nH]c2cc(-c3cc(-c4oc5cccc(O)c5c(=O)c4O)ccc3NC(C)C)ccc2c1C,1,c12cccc(O)c1c(=O)c(O)c(-c1ccc([*])c([*])c1)o2,CC(N*)C|c1(*)ccc2c(C)c(C)[nH]c2c1,O=c1cc(-c2cccc(-c3ccc4cc[nH]c4c3)c2)oc2ccccc12,0.6769314,8.514,0.054265,6.014,0.970286,2.7888,0.0,-19.6804,5,1,5,False
7.5768,9.613,85.8806,0.7460437,Cc1ccc(-c2oc3cccc(O)c3c(=O)c2O)cc1-c1ccccc1,1,c12cccc(O)c1c(=O)c(O)c(-c1ccc([*])c([*])c1)o2,*C|c1(*)ccccc1,O=c1cc(-c2cccc(-c3ccccc3)c2)oc2ccccc12,0.5987054,8.278,0.9921418,11.362,0.9942845,2.2076,0.4809299,-0.0663,5,1,5,False
23.3762,32.4433,-32.4407,1.99e-05,Cc1ccc(C(C)(C)C)cc1NC(=O)Cc1ccc(-c2oc3cccc(O)c3c(=O)c2O)cc1C(F)(F)F,1,c12cccc(O)c1c(=O)c(O)c(-c1ccc([*])c([*])c1)o2,C(c1ccc(C)c(NC(C*)=O)c1)(C)(C)C|C(F)(*)(F)F,O=C(Cc1ccc(-c2cc(=O)c3ccccc3o2)cc1)Nc1ccccc1,1e-05,0.0,1e-05,0.0,0.974427,2.7352,0.0,-20.9792,5,1,5,False
8.6172,11.4177,-5.2156,0.0484539,Nc1cc(-c2oc3cccc(O)c3c(=O)c2O)ccc1-c1ccccc1,1,c12cccc(O)c1c(=O)c(O)c(-c1ccc([*])c([*])c1)o2,c1cccc(*)c1|*N,O=c1cc(-c2ccc(-c3ccccc3)cc2)oc2ccccc12,0.4730428,7.925,0.9974872,12.158,0.9922955,2.3121,0.0,-17.6209,5,1,5,False
8.8225,17.8491,54.2717,0.563444,CC(C)c1ccc(-c2oc3cccc(O)c3c(=O)c2O)cc1C(C)(C)C,1,c12cccc(O)c1c(=O)c(O)c(-c1ccc([*])c([*])c1)o2,C(*)(C)C|CC(C)(C)*,O=c1cc(-c2ccccc2)oc2ccccc12,0.3174296,7.468,0.957418,10.163,0.9838215,2.5728,0.3572791,-0.51,5,1,5,False
5.0214,1.4788,-1.4788,0.0,Cc1ccc(-c2oc3cccc(O)c3c(=O)c2O)cc1C,2,c12cccc(O)c1c(=O)c(O)c(-c1ccc([*])c([*])c1)o2,C*|C*,O=c1cc(-c2ccccc2)oc2ccccc12,0.0,7.252,0.0,10.65,0.0,2.2377,0.0,1.287,5,1,5,True
33.8697,39.8627,-39.8486,0.0001102,CC1=C(C)c2cc(C)c(C)cc2N(Cc2cc(-c3oc4cccc(O)c4c(=O)c3O)ccc2N2CCCCCC2)C1=Cc1ccc(C)cc1,1,c12cccc(O)c1c(=O)c(O)c(-c1ccc([*])c([*])c1)o2,C1CCCCN(*)C1|*Cn1c2cc(C)c(C)cc2c(C)c(C)c1=Cc1ccc(C)cc1,O=c1cc(-c2ccc(N3CCCCCC3)c(CN3C(=Cc4ccccc4)C=Cc4ccccc43)c2)oc2ccccc12,1e-05,0.0,1e-05,0.0,0.8884181,3.2792,0.0009975,-6.0013,5,1,5,False
12.3938,18.0634,66.3026,0.6591092,O=c1c(O)c(-c2ccc(N3CCCCC3)c(C(F)(F)F)c2)oc2cccc(O)c12,1,c12cccc(O)c1c(=O)c(O)c(-c1ccc([*])c([*])c1)o2,C1CCCN(*)C1|*C(F)(F)F,O=c1cc(-c2ccc(N3CCCCC3)cc2)oc2ccccc12,0.4665904,7.907,0.9963824,11.904,0.985324,2.5384,0.3763793,-0.4386,5,1,5,False
7.2013,9.5722,68.17,0.6073611,Cc1cc(-c2oc3cccc(O)c3c(=O)c2O)ccc1C(C)C,1,c12cccc(O)c1c(=O)c(O)c(-c1ccc([*])c([*])c1)o2,*C(C)C|*C,O=c1cc(-c2ccccc2)oc2ccccc12,0.295715,7.397,0.9933704,11.481,0.9907497,2.3762,0.6334585,0.4752,5,1,5,True
17.7341,22.5199,5.9044,0.2220646,C=CCNc1ccc(-c2oc3cccc(O)c3c(=O)c2O)cc1-c1cccc2ccccc12,1,c12cccc(O)c1c(=O)c(O)c(-c1ccc([*])c([*])c1)o2,C(=C)CN*|c12cccc(*)c1cccc2,O=c1cc(-c2cccc(-c3cccc4ccccc34)c2)oc2ccccc12,0.4913661,7.976,0.2948167,7.394,0.9814862,2.6205,0.0040652,-4.7783,5,1,5,False
7.7932,12.5752,66.149,0.6150328,Cc1ccc(-c2oc3cccc(O)c3c(=O)c2O)cc1C(C)(C)C,1,c12cccc(O)c1c(=O)c(O)c(-c1ccc([*])c([*])c1)o2,C*|C(*)(C)(C)C,O=c1cc(-c2ccccc2)oc2ccccc12,0.3274904,7.5,0.9622921,10.251,0.988364,2.4567,0.585993,0.3018,5,1,5,True
41.2666,47.4089,-47.4089,0.0,NC(C(=CC(O)C=Cc1cc(C(C)(C)C)c(O)c(C(C)(C)C)c1)=O)C(CC)*|*C,0,c12cccc(O)c1c(=O)c(O)c(-c1ccc([*])c([*])c1)o2,NC(C(=CC(O)C=Cc1cc(C(C)(C)C)c(O)c(C(C)(C)C)c1)=O)C(CC)*|*C,,0.0,0.0,0.0,0.0,0.0,0.0,0.0,0.0,5,1,5,False
35.7022,39.8148,-39.8148,0.0,*C(C)C|Cc1cc(C=C*)c2cc(O)c(C)c3c(oc(=O)c3)c2c1=O,0,c12cccc(O)c1c(=O)c(O)c(-c1ccc([*])c([*])c1)o2,*C(C)C|Cc1cc(C=C*)c2cc(O)c(C)c3c(oc(=O)c3)c2c1=O,,0.0,0.0,0.0,0.0,0.0,0.0,0.0,0.0,5,1,5,False
28.2259,37.9315,-37.9289,1.97e-05,CN1CCCC(c2ccc(CCNc3ccc(-c4oc5cccc(O)c5c(=O)c4O)cc3C(C)(C)C)cc2)=NC1,1,[*]c1c([*])cc(-c2c(O)c(=O)c3c(cccc3O)o2)cc1,C1N=C(c2ccc(CCN*)cc2)CCCN1C|C(C)(C)(*)C,O=c1cc(-c2ccc(NCCc3ccc(C4=NCNCCC4)cc3)cc2)oc2ccccc12,1e-05,0.0,1e-05,0.0,0.9329796,3.0851,0.0,-19.4661,6,1,6,False
10.2481,12.7618,68.0963,0.631704,CC(C)=CCc1cc(-c2oc3cccc(O)c3c(=O)c2O)ccc1C(C)C,1,[*]c1c([*])cc(-c2c(O)c(=O)c3c(cccc3O)o2)cc1,CC(*)C|C(C)(C)=CC*,O=c1cc(-c2ccccc2)oc2ccccc12,0.4608642,7.891,0.9837673,10.852,0.9752665,2.7233,0.3037725,-0.7204,6,1,6,False
33.6251,47.1654,-47.1556,7.65e-05,C=CC(=C1CCCCC1)c1ccc(-c2oc3cccc(O)c3c(=O)c2O)cc1C1(C)C=C(C)C(C=C2C(=C)CCCC2C)CC1,1,[*]c1c([*])cc(-c2c(O)c(=O)c3c(cccc3O)o2)cc1,C1CCCCC1=C(*)C=C|C1(C)=CC(C)(*)CCC1C=C1C(=C)CCCC1C,C=C1CCCCC1=CC1C=CC(c2cc(-c3cc(=O)c4ccccc4o3)ccc2C=C2CCCCC2)CC1,1e-05,0.0,1e-05,0.0,0.0684346,4.9072,0.0011359,-5.8884,6,1,6,False
21.9623,29.135,-29.1325,1.95e-05,C=CCc1cc(-c2oc3cccc(O)c3c(=O)c2O)ccc1C=Cc1c(C)cc2c(c1O)C(=O)CCC2=O,1,[*]c1c([*])cc(-c2c(O)c(=O)c3c(cccc3O)o2)cc1,C1(=O)CCC(=O)c2c1cc(C)c(C=C*)c2O|C(C=C)*,O=C1CCC(=O)c2cc(C=Cc3ccc(-c4cc(=O)c5ccccc5o4)cc3)ccc21,1e-05,0.0,1e-05,0.0,0.8668655,3.3491,0.0,-46.0293,6,1,6,False
41.8009,41.3283,-41.3283,0.0,*c1cccc(C(C)=O)c1C|C1CC(=C)C(*)C2C(=C(C)C)CCC=C12C,0,[*]c1c([*])cc(-c2c(O)c(=O)c3c(cccc3O)o2)cc1,*c1cccc(C(C)=O)c1C|C1CC(=C)C(*)C2C(=C(C)C)CCC=C12C,,0.0,0.0,0.0,0.0,0.0,0.0,0.0,0.0,6,1,6,False
32.6406,43.8482,-43.8457,1.94e-05,C=CCc1cc(C=Cc2cc(-c3cc(-c4oc5cccc(O)c5c(=O)c4O)ccc3C(C)(C)C=C)cc(=O)o2)ccc1O,1,[*]c1c([*])cc(-c2c(O)c(=O)c3c(cccc3O)o2)cc1,C(=C)C(*)(C)C|O=c1cc(*)cc(C=Cc2ccc(O)c(CC=C)c2)o1,O=c1cc(-c2cccc(-c3cc(=O)c4ccccc4o3)c2)cc(C=Cc2ccccc2)o1,1e-05,0.0,1e-05,0.0,0.8264409,3.4578,0.0,-42.2476,6,1,6,False
34.7881,35.9724,-35.9699,1.97e-05,COc1cc(C)c(C(=O)c2cc(O)cc(C=Cc3cc(-c4oc5cccc(O)c5c(=O)c4O)ccc3C(C)C)c2O)cc1C,1,[*]c1c([*])cc(-c2c(O)c(=O)c3c(cccc3O)o2)cc1,CC(*)C|c1(C=C*)cc(O)cc(C(=O)c2c(C)cc(OC)c(C)c2)c1O,O=C(c1ccccc1)c1cccc(C=Cc2cccc(-c3cc(=O)c4ccccc4o3)c2)c1,1e-05,0.0,1e-05,0.0,0.9056942,3.214,0.0,-58.4921,6,1,6,False
6.6936,7.8404,-7.8404,0.0,O=c1c(O)c(-c2ccc(C(F)(F)F)c(C(F)(F)F)c2)oc2cccc(O)c12,1,[*]c1c([*])cc(-c2c(O)c(=O)c3c(cccc3O)o2)cc1,*C(F)(F)F|FC(F)(F)*,O=c1cc(-c2ccccc2)oc2ccccc12,0.5718156,8.201,0.993721,11.519,0.9802079,2.6441,0.4631605,-0.1282,6,1,6,False
42.2677,50.7546,-50.7479,5.22e-05,COC(C)(C)C=CC1=C(C)CC(c2ccc(-c3oc4cccc(O)c4c(=O)c3O)cc2C2C=C(C)C3C=CC=CC3=C2C)C1CC=C(C)C,1,[*]c1c([*])cc(-c2c(O)c(=O)c3c(cccc3O)o2)cc1,CC(C)=CCC1C(*)CC(C)=C1C=CC(OC)(C)C|C1=CC=CC2C1=C(C)C(*)C=C2C,O=c1cc(-c2ccc(C3CC=CC3)c(C3C=CC4C=CC=CC4=C3)c2)oc2ccccc12,1e-05,0.0,1e-05,0.0,0.0263534,5.2541,0.0002307,-7.2736,6,1,6,False
15.9594,18.2603,21.7995,0.3129675,C=CCc1cc(-c2oc3cccc(O)c3c(=O)c2O)ccc1-c1cc(C)c(C)o1,1,[*]c1c([*])cc(-c2c(O)c(=O)c3c(cccc3O)o2)cc1,o1c(*)cc(C)c1C|C(=C)C*,O=c1cc(-c2ccc(-c3ccco3)cc2)oc2ccccc12,0.5035978,8.01,0.9900282,11.195,0.9606041,2.8903,0.0022878,-5.2792,6,1,6,False
13.2113,14.9444,31.5092,0.3629191,C=CCNc1cc(-c2oc3cccc(O)c3c(=O)c2O)ccc1C(F)(F)F,1,[*]c1c([*])cc(-c2c(O)c(=O)c3c(cccc3O)o2)cc1,FC(F)(F)*|N(CC=C)*,O=c1cc(-c2ccccc2)oc2ccccc12,0.3861807,7.678,0.9775729,10.623,0.9733727,2.7496,0.0115947,-3.8613,6,1,6,False
21.2567,29.3875,-29.385,1.96e-05,CC(C)=Cc1cc(C=Cc2ccc(-c3oc4cccc(O)c4c(=O)c3O)cc2C=Cc2ccc(O)c(O)c2)cc(O)c1O,1,[*]c1c([*])cc(-c2c(O)c(=O)c3c(cccc3O)o2)cc1,C(=C(C)C)c1c(O)c(O)cc(C=C*)c1|c1cc(C=C*)cc(O)c1O,O=c1cc(-c2ccc(C=Cc3ccccc3)c(C=Cc3ccccc3)c2)oc2ccccc12,1e-05,0.0,1e-05,0.0,0.8796968,3.3088,0.0,-72.6222,6,1,6,False
34.9598,48.8362,-48.8341,1.68e-05,C=CC(C)(O)c1cc(-c2oc3cccc(O)c3c(=O)c2O)ccc1C=CC1=CC(=Cc2cc(C)c(C)c(Br)c2O)C(C)=CC1=O,1,[*]c1c([*])cc(-c2c(O)c(=O)c3c(cccc3O)o2)cc1,O=C1C=C(C)C(=Cc2c(O)c(Br)c(C)c(C)c2)C=C1C=C*|OC(C=C)(C)*,O=C1C=CC(=Cc2ccccc2)C=C1C=Cc1ccc(-c2cc(=O)c3ccccc3o2)cc1,1e-05,0.0,1e-05,0.0,0.3211901,4.26,0.0,-49.3358,6,1,6,False
12.8795,14.1159,-1.6254,0.0975823,Cc1cc(-c2oc3cccc(O)c3c(=O)c2O)ccc1C=Cc1cccc(O)c1,1,[*]c1c([*])cc(-c2c(O)c(=O)c3c(cccc3O)o2)cc1,c1c(O)cc(C=C*)cc1|*C,O=c1cc(-c2ccc(C=Cc3ccccc3)cc2)oc2ccccc12,0.4899276,7.972,0.9745148,10.532,0.9842682,2.5629,1e-06,-11.9629,6,1,6,False
25.6137,38.0239,-38.0161,6.1e-05,CC(C)c1cc(C2CCCCC2)c(-c2ccc(-c3oc4cccc(O)c4c(=O)c3O)cc2C2CCCCC2)[nH]1,1,[*]c1c([*])cc(-c2c(O)c(=O)c3c(cccc3O)o2)cc1,C1CCCC(c2c(*)[nH]c(C(C)C)c2)C1|C1CCCCC1*,O=c1cc(-c2ccc(-c3[nH]ccc3C3CCCCC3)c(C3CCCCC3)c2)oc2ccccc12,1e-05,0.0,1e-05,0.0,0.9260287,3.122,1.86e-05,-9.4614,6,1,6,False
36.9094,42.7039,-42.7014,1.95e-05,CC1=C(C)C(=C2C=CC=C2Cc2cc(-c3oc4cccc(O)c4c(=O)c3O)ccc2Cc2ccc(-c3ccc(C)cc3C)cc2)NC1=O,1,[*]c1c([*])cc(-c2c(O)c(=O)c3c(cccc3O)o2)cc1,*Cc1ccc(-c2c(C)cc(C)cc2)cc1|N1C(=O)C(C)=C(C)C1=C1C=CC=C1C*,O=C1C=CC(=C2C=CC=C2Cc2cc(-c3cc(=O)c4ccccc4o3)ccc2Cc2ccc(-c3ccccc3)cc2)N1,1e-05,0.0,1e-05,0.0,0.8450075,3.4108,0.0,-21.3674,6,1,6,False
37.6904,42.1894,-42.187,1.89e-05,CC(C)c1ccc(-c2oc3cccc(O)c3c(=O)c2O)cc1C=Cc1c(F)c(F)c(C=CC2=CC(N)=NC2=O)c(F)c1F,1,[*]c1c([*])cc(-c2c(O)c(=O)c3c(cccc3O)o2)cc1,C(C)(C)*|O=C1N=C(N)C=C1C=Cc1c(F)c(F)c(C=C*)c(F)c1F,O=C1N=CC=C1C=Cc1ccc(C=Cc2cccc(-c3cc(=O)c4ccccc4o3)c2)cc1,1e-05,0.0,1e-05,0.0,0.6863319,3.7279,0.0,-47.1484,6,1,6,False
39.8811,54.932,-54.9299,1.65e-05,C=CCNc1oc(-c2ccc(-c3oc4cccc(O)c4c(=O)c3O)cc2C(C)C)cc(=O)c1C=C1CC(CC=CCCCCC)C=CC1=O,1,[*]c1c([*])cc(-c2c(O)c(=O)c3c(cccc3O)o2)cc1,c1(=O)cc(*)oc(NCC=C)c1C=C1C(=O)C=CC(CC=CCCCCC)C1|*C(C)C,O=C1C=CCCC1=Cc1coc(-c2ccc(-c3cc(=O)c4ccccc4o3)cc2)cc1=O,1e-05,0.0,1e-05,0.0,0.2835523,4.322,0.0,-51.2542,6,1,6,False
12.5704,13.2849,67.0345,0.6274954,O=c1c(O)c(-c2ccc(-c3ccccc3)c(Cc3ccccc3)c2)oc2cccc(O)c12,1,[*]c1c([*])cc(-c2c(O)c(=O)c3c(cccc3O)o2)cc1,c1(*)ccccc1|c1c(C*)cccc1,O=c1cc(-c2ccc(-c3ccccc3)c(Cc3ccccc3)c2)oc2ccccc12,0.7563154,8.787,0.738387,8.721,0.9925581,2.2999,0.1755273,-1.3437,6,1,6,False
15.4376,23.967,-23.9425,0.0001915,C=CCN1C(C)CCCC1C=Cc1ccc(-c2oc3cccc(O)c3c(=O)c2O)cc1-c1ccccc1,1,[*]c1c([*])cc(-c2c(O)c(=O)c3c(cccc3O)o2)cc1,C1CCC(C)N(CC=C)C1C=C*|c1c(*)cccc1,O=c1cc(-c2ccc(C=CC3CCCCN3)c(-c3ccccc3)c2)oc2ccccc12,1e-05,0.0,1e-05,0.0,0.6806914,3.737,0.0518137,-2.5249,6,1,6,False
12.3654,18.8796,36.9208,0.4359407,CN1CCN(c2ccc(-c3oc4cccc(O)c4c(=O)c3O)cc2C(C)(C)C)CC1,1,[*]c1c([*])cc(-c2c(O)c(=O)c3c(cccc3O)o2)cc1,CN1CCN(*)CC1|*C(C)(C)C,O=c1cc(-c2ccc(N3CCNCC3)cc2)oc2ccccc12,0.3361047,7.527,0.376336,7.649,0.9827565,2.5953,0.49998,-0.0001,6,1,6,False
35.6027,43.6928,-37.8452,0.0456842,C=C(C(C)=CC(=O)O)c1cc(-c2oc3cccc(O)c3c(=O)c2O)ccc1C=C1C=CC=C1,1,[*]c1c([*])cc(-c2c(O)c(=O)c3c(cccc3O)o2)cc1,C1=CC=CC1=C*|C(C)(=CC(=O)O)C(=C)*,O=c1cc(-c2ccc(C=C3C=CC=C3)cc2)oc2ccccc12,0.6541945,8.443,0.646011,8.418,0.866756,3.3494,0.0,-28.9649,6,1,6,False
30.8289,29.4232,-28.3446,0.0084271,C=C1CCC2C(C)=CCCC2(C)C1Cc1cc(-c2oc3cccc(O)c3c(=O)c2O)ccc1C(F)(F)F,1,[*]c1c([*])cc(-c2c(O)c(=O)c3c(cccc3O)o2)cc1,FC(F)(F)*|C1C=C(C)C2C(C)(C1)C(C*)C(=C)CC2,C=C1CCC2C=CCCC2C1Cc1cccc(-c2cc(=O)c3ccccc3o2)c1,0.8602782,9.263,1e-05,0.0,0.3084267,4.2805,0.0317109,-2.9696,6,1,6,False
28.9595,29.2467,-29.2343,9.7e-05,CC1=CC(C)=NC2(c3ccc(-c4oc5cccc(O)c5c(=O)c4O)cc3C)C(C)=Cc3cc(C)c(C)cc3C=C12,1,[*]c1c([*])cc(-c2c(O)c(=O)c3c(cccc3O)o2)cc1,N1=C(C)C=C(C)C2=Cc3c(cc(C)c(C)c3)C=C(C)C12*|C*,O=c1cc(-c2ccc(C34C=Cc5ccccc5C=C3C=CC=N4)cc2)oc2ccccc12,1e-05,0.0,1e-05,0.0,0.4508737,4.0685,0.00084,-6.1507,6,1,6,False
30.7029,53.0822,-53.0799,1.83e-05,CC(C)=CCc1cc(C=Cc2cc(-c3oc4cccc(O)c4c(=O)c3O)ccc2C=CC=CC=CC=C2C=C(C)CC(C)(C)C2)cc(O)c1O,1,[*]c1c([*])cc(-c2c(O)c(=O)c3c(cccc3O)o2)cc1,C1C(C)(C)CC(C)=CC1=CC=CC=CC=C*|C(=C(C)C)Cc1c(O)c(O)cc(C=C*)c1,O=c1cc(-c2ccc(C=CC=CC=CC=C3C=CCCC3)c(C=Cc3ccccc3)c2)oc2ccccc12,1e-05,0.0,1e-05,0.0,0.5640655,3.9105,0.0,-32.9402,6,1,6,False
11.1732,16.0002,-16.0002,0.0,CC(C)(C)c1cc(-c2oc3cccc(O)c3c(=O)c2O)ccc1C(F)(F)F,1,[*]c1c([*])cc(-c2c(O)c(=O)c3c(cccc3O)o2)cc1,FC(*)(F)F|C(C)(C)(*)C,O=c1cc(-c2ccccc2)oc2ccccc12,0.4384321,7.828,0.9710925,10.442,0.9815779,2.6187,0.3852701,-0.4058,6,1,6,False
22.3969,22.8584,52.0966,0.585586,Cc1cc(F)ccc1-c1cc(-c2oc3cccc(O)c3c(=O)c2O)ccc1C1C=CCC=C1,1,[*]c1c([*])cc(-c2c(O)c(=O)c3c(cccc3O)o2)cc1,C1C=CC(*)C=C1|c1(F)ccc(*)c(C)c1,O=c1cc(-c2ccc(C3C=CCC=C3)c(-c3ccccc3)c2)oc2ccccc12,0.8823382,9.4,0.6446933,8.414,0.939813,3.0452,0.1120101,-1.7983,6,1,6,False
35.7234,26.435,-26.435,0.0,C=CC*|c1ccc2c(=O)c3c(oc2*)c(=O)c1=O,0,[*]c1c([*])cc(-c2c(O)c(=O)c3c(cccc3O)o2)cc1,C=CC*|c1ccc2c(=O)c3c(oc2*)c(=O)c1=O,,0.0,0.0,0.0,0.0,0.0,0.0,0.0,0.0,6,1,6,False
17.615,24.7389,28.1107,0.4128874,O=c1c(O)c(-c2ccc(CC3CCNCC3)c(C#Cc3ccccc3)c2)oc2cccc(O)c12,1,[*]c1c([*])cc(-c2c(O)c(=O)c3c(cccc3O)o2)cc1,C1CNCCC1C*|c1ccc(C#C*)cc1,O=c1cc(-c2ccc(CC3CCNCC3)c(C#Cc3ccccc3)c2)oc2ccccc12,0.821974,9.063,0.7093546,8.62,0.9661382,2.8357,0.0100112,-3.9903,6,1,6,False
35.6326,57.9434,-57.9345,7e-05,C=CCc1cc(-c2oc3cccc(O)c3c(=O)c2O)ccc1C(C)C=CC=CC1=CCC=C1C=CC=CC=CC(C)=CCCC=C(C)C=C,1,[*]c1c([*])cc(-c2c(O)c(=O)c3c(cccc3O)o2)cc1,C(C=C)(C)=CCCC=C(C)C=CC=CC=CC1=CCC=C1C=CC=CC(C)*|C=CC*,O=c1cc(-c2ccc(CC=CC=CC3=CCC=C3)cc2)oc2ccccc12,1e-05,0.0,1e-05,0.0,0.1069102,4.7375,0.0004013,-6.7928,6,1,6,False
46.299,64.1964,-64.1934,2.39e-05,C=CCN1C=C(C)CC=C1C=C=CC=CC=C1C=CC(=O)C=C1C=Cc1ccc(-c2oc3cccc(O)c3c(=O)c2O)cc1C=Cc1cccc(F)c1,1,[*]c1c([*])cc(-c2c(O)c(=O)c3c(cccc3O)o2)cc1,C=CCN1C=C(C)CC=C1C=C=CC=CC=C1C=CC(=O)C=C1C=C*|c1ccc(F)cc1C=C*,O=C1C=CC(=CC=CC=C=CC2=CCC=CN2)C(C=Cc2ccc(-c3cc(=O)c4ccccc4o3)cc2C=Cc2ccccc2)=C1,1e-05,0.0,1e-05,0.0,0.2642806,4.3557,1e-07,-13.8088,6,1,6,False
19.9771,23.7574,56.2218,0.6248375,C=C(C)C#Cc1ccc(-c2oc3cccc(O)c3c(=O)c2O)cc1Cc1ccccc1,1,[*]c1c([*])cc(-c2c(O)c(=O)c3c(cccc3O)o2)cc1,CC(=C)C#C*|c1cccc(C*)c1,O=c1cc(-c2cccc(Cc3ccccc3)c2)oc2ccccc12,0.5035978,8.01,0.8414924,9.16,0.9711516,2.7783,0.3320326,-0.6071,6,1,6,False
26.8347,33.196,-33.187,7e-05,Cc1ccc2[nH]cc(-c3cc(-c4oc5cccc(O)c5c(=O)c4O)ccc3C3CCCCCC3)c2c1,1,Oc1c2c(=O)c(O)c(-c3ccc([*])c([*])c3)oc2ccc1,C1CCCC(*)CC1|c1(C)cc2c(cc1)[nH]cc2*,O=c1cc(-c2ccc(C3CCCCCC3)c(-c3c[nH]c4ccccc34)c2)oc2ccccc12,1e-05,0.0,1e-05,0.0,0.9737858,2.7441,4.4e-05,-8.7127,7,1,7,False
5.6668,13.8332,-13.8332,0.0,CC(C)c1ccc(-c2oc3cccc(O)c3c(=O)c2O)cc1C(C)C,1,Oc1c2c(=O)c(O)c(-c3ccc([*])c([*])c3)oc2ccc1,*C(C)C|C(*)(C)C,O=c1cc(-c2ccccc2)oc2ccccc12,0.3461311,7.558,0.9573592,10.162,0.986141,2.5182,0.4043107,-0.3366,7,1,7,False
34.996,42.3088,-41.3313,0.0076364,CC1=C(CCc2cc(-c3oc4cccc(O)c4c(=O)c3O)ccc2C(C)(C)C)C2C(=CCCC2C)CC1,1,Oc1c2c(=O)c(O)c(-c3ccc([*])c([*])c3)oc2ccc1,CC(C)(*)C|C12C(C)CCC=C2CCC(C)=C1CC*,O=c1cc(-c2cccc(CCC3=CCCC4=CCCCC43)c2)oc2ccccc12,0.6825703,8.532,1e-05,0.0,0.4401782,4.0835,0.0197678,-3.3907,7,1,7,False
9.2682,13.0057,28.484,0.3241388,CNc1ccc(-c2oc3cccc(O)c3c(=O)c2O)cc1C(C)(C)C,1,Oc1c2c(=O)c(O)c(-c3ccc([*])c([*])c3)oc2ccc1,*NC|CC(C)(C)*,O=c1cc(-c2ccccc2)oc2ccccc12,0.269188,7.306,0.9670431,10.348,0.9833147,2.5837,0.012863,-3.7701,7,1,7,False
6.9706,9.8453,-9.8453,0.0,O=c1c(O)c(-c2ccc(C(F)(F)F)c(C(F)(F)F)c2)oc2cccc(O)c12,1,Oc1c2c(=O)c(O)c(-c3ccc([*])c([*])c3)oc2ccc1,C(*)(F)(F)F|FC(*)(F)F,O=c1cc(-c2ccccc2)oc2ccccc12,0.5718156,8.201,0.993721,11.519,0.9802079,2.6441,0.4631605,-0.1282,7,1,7,False
9.0433,13.5214,66.2214,0.6229907,CC(C)c1ccc(-c2oc3cccc(O)c3c(=O)c2O)cc1C(F)(F)F,1,Oc1c2c(=O)c(O)c(-c3ccc([*])c([*])c3)oc2ccc1,CC(*)C|C(F)(F)(*)F,O=c1cc(-c2ccccc2)oc2ccccc12,0.3770117,7.651,0.9888569,11.117,0.9834381,2.5811,0.4335012,-0.2324,7,1,7,False
8.4089,13.5394,-13.5394,0.0,O=c1c(O)c(-c2ccc(C(F)(F)F)c(-c3ccccc3)c2)oc2cccc(O)c12,1,Oc1c2c(=O)c(O)c(-c3ccc([*])c([*])c3)oc2ccc1,C(F)(F)(F)*|c1ccccc1*,O=c1cc(-c2cccc(-c3ccccc3)c2)oc2ccccc12,0.6976488,8.581,0.9594808,10.199,0.9897643,2.4117,0.2909075,-0.7739,7,1,7,False
15.8036,18.7738,22.2168,0.320239,CCCCCNc1cc(-c2oc3cccc(O)c3c(=O)c2O)ccc1C(F)(F)F,1,Oc1c2c(=O)c(O)c(-c3ccc([*])c([*])c3)oc2ccc1,FC(F)(F)*|C(CC)CCN*,O=c1cc(-c2ccccc2)oc2ccccc12,0.3357837,7.526,0.9793317,10.681,0.9830123,2.5901,0.0068806,-4.3187,7,1,7,False
9.1575,14.8303,69.037,0.6552132,O=c1c(O)c(-c2ccc(N3CCCCC3)c(-c3ccccc3)c2)oc2cccc(O)c12,1,Oc1c2c(=O)c(O)c(-c3ccc([*])c([*])c3)oc2ccc1,C1N(*)CCCC1|c1ccc(*)cc1,O=c1cc(-c2ccc(N3CCCCC3)c(-c3ccccc3)c2)oc2ccccc12,0.6721925,8.499,0.8486511,9.198,0.9902226,2.3956,0.2233392,-1.0825,7,1,7,False
10.4551,13.6191,20.0905,0.2633565,C=CCNc1ccc(-c2oc3cccc(O)c3c(=O)c2O)cc1CC=C,1,Oc1c2c(=O)c(O)c(-c3ccc([*])c([*])c3)oc2ccc1,*NCC=C|C(C=C)*,O=c1cc(-c2ccccc2)oc2ccccc12,0.1493268,6.791,0.9680374,10.37,0.9675789,2.8201,0.0129183,-3.7663,7,1,7,False
10.2461,12.1672,48.6545,0.4751698,C=CCc1ccc(-c2oc3cccc(O)c3c(=O)c2O)cc1CC=C,1,Oc1c2c(=O)c(O)c(-c3ccc([*])c([*])c3)oc2ccc1,C=CC*|C(C=C)*,O=c1cc(-c2ccccc2)oc2ccccc12,0.1552716,6.823,0.9506788,10.056,0.9711497,2.7783,0.6267282,0.4501,7,1,7,True
9.7437,14.4967,55.5379,0.5471456,C=CCc1ccc(-c2oc3cccc(O)c3c(=O)c2O)cc1C(C)C,1,Oc1c2c(=O)c(O)c(-c3ccc([*])c([*])c3)oc2ccc1,C=CC*|CC(*)C,O=c1cc(-c2ccccc2)oc2ccccc12,0.2463467,7.223,0.970971,10.439,0.9787458,2.6694,0.516328,0.0567,7,1,7,True
7.4266,10.3946,-10.3946,0.0,Cc1ccc(-c2oc3cccc(O)c3c(=O)c2O)cc1C(C)C,1,Oc1c2c(=O)c(O)c(-c3ccc([*])c([*])c3)oc2ccc1,*C|C(*)(C)C,O=c1cc(-c2ccccc2)oc2ccccc12,0.3652567,7.616,0.9667668,10.342,0.9903793,2.3899,0.6334585,0.4752,7,1,7,True
9.9689,15.6231,77.317,0.7260943,CC(C)c1cc(-c2oc3cccc(O)c3c(=O)c2O)ccc1C(F)(F)F,1,Oc1c2c(=O)c(O)c(-c3ccc([*])c([*])c3)oc2ccc1,C(F)(*)(F)F|CC(*)C,O=c1cc(-c2ccccc2)oc2ccccc12,0.5879413,8.247,0.9824039,10.795,0.982895,2.5925,0.4335012,-0.2324,7,1,7,False
27.9335,30.716,-10.14,0.1607496,C=CCc1cc(-c2oc3cccc(O)c3c(=O)c2O)ccc1N1CCC(NCC)C1,1,Oc1c2c(=O)c(O)c(-c3ccc([*])c([*])c3)oc2ccc1,N(CC)C1CCN(*)C1|C=CC*,O=c1cc(-c2ccc(N3CCCC3)cc2)oc2ccccc12,0.1910143,6.997,0.8826368,9.402,0.8910179,3.27,0.0003646,-6.8761,7,1,7,False
8.7785,13.166,83.791,0.757476,Cc1ccc(-c2oc3cccc(O)c3c(=O)c2O)cc1C1CCCCC1,1,Oc1c2c(=O)c(O)c(-c3ccc([*])c([*])c3)oc2ccc1,*C|C1C(*)CCCC1,O=c1cc(-c2cccc(C3CCCCC3)c2)oc2ccccc12,0.6958242,8.575,0.9947793,11.648,0.9888512,2.4417,0.3745131,-0.4455,7,1,7,False
4.4637,1.7884,-1.7884,0.0,Cc1ccc(-c2oc3cccc(O)c3c(=O)c2O)cc1C,1,Oc1c2c(=O)c(O)c(-c3ccc([*])c([*])c3)oc2ccc1,*C|C*,O=c1cc(-c2ccccc2)oc2ccccc12,0.2541768,7.252,0.9784091,10.65,0.9937705,2.2377,0.8148294,1.287,7,1,7,True
7.045,13.4446,-13.4446,0.0,CC(C)(C)c1ccc(-c2oc3cccc(O)c3c(=O)c2O)cc1C(C)(C)C,1,Oc1c2c(=O)c(O)c(-c3ccc([*])c([*])c3)oc2ccc1,CC(C)(*)C|CC(C)(C)*,O=c1cc(-c2ccccc2)oc2ccccc12,0.3484146,7.565,0.7123128,8.63,0.9820192,2.6102,0.3128452,-0.6835,7,1,7,False
6.4198,12.3728,-12.3728,0.0,O=c1c(O)c(-c2ccc(C(F)(F)F)c(-c3ccccc3)c2)oc2cccc(O)c12,2,Oc1c2c(=O)c(O)c(-c3ccc([*])c([*])c3)oc2ccc1,*C(F)(F)F|c1ccc(*)cc1,O=c1cc(-c2cccc(-c3ccccc3)c2)oc2ccccc12,0.0,8.581,0.0,10.199,0.0,2.4117,0.0,-0.7739,7,1,7,False
8.2128,13.2076,-13.2076,0.0,O=c1c(O)c(-c2ccc(C(F)(F)F)c(-c3ccccc3)c2)oc2cccc(O)c12,2,Oc1c2c(=O)c(O)c(-c3ccc([*])c([*])c3)oc2ccc1,C(F)(*)(F)F|c1cc(*)ccc1,O=c1cc(-c2cccc(-c3ccccc3)c2)oc2ccccc12,0.0,8.581,0.0,10.199,0.0,2.4117,0.0,-0.7739,7,1,7,False
12.0282,18.0215,-7.2237,0.0843577,CC(C)(C)c1ccc(-c2oc3cccc(O)c3c(=O)c2O)cc1C(C)(C)O,1,Oc1c2c(=O)c(O)c(-c3ccc([*])c([*])c3)oc2ccc1,*C(C)(C)C|CC(O)(*)C,O=c1cc(-c2ccccc2)oc2ccccc12,0.3171179,7.467,0.953882,10.105,0.9745306,2.7338,1.2e-06,-11.8726,7,1,7,False
6.6585,10.2969,-10.2969,0.0,O=c1c(O)c(-c2ccc(C(F)(F)F)c(C(F)(F)F)c2)oc2cccc(O)c12,2,Oc1c2c(=O)c(O)c(-c3ccc([*])c([*])c3)oc2ccc1,*C(F)(F)F|C(F)(F)(F)*,O=c1cc(-c2ccccc2)oc2ccccc12,0.0,8.201,0.0,11.519,0.0,2.6441,0.0,-0.1282,7,1,7,False
11.9062,14.5076,4.7905,0.1507667,CC(=O)C(C)c1ccc(-c2oc3cccc(O)c3c(=O)c2O)cc1C,1,Oc1c2c(=O)c(O)c(-c3ccc([*])c([*])c3)oc2ccc1,C(C(*)C)(=O)C|*C,O=c1cc(-c2ccccc2)oc2ccccc12,0.3380342,7.533,0.9850901,10.912,0.9426337,3.0275,4.59e-05,-8.6759,7,1,7,False
7.4344,7.9547,-7.9547,0.0,Cc1ccc(-c2oc3cccc(O)c3c(=O)c2O)cc1C(F)(F)F,1,Oc1c2c(=O)c(O)c(-c3ccc([*])c([*])c3)oc2ccc1,*C|FC(F)(F)*,O=c1cc(-c2ccccc2)oc2ccccc12,0.3507051,7.572,0.986209,10.967,0.9883733,2.4564,0.6608396,0.5794,7,1,7,True
10.1431,13.8012,61.6171,0.589206,C=CCc1ccc(-c2oc3cccc(O)c3c(=O)c2O)cc1C(F)(F)F,1,Oc1c2c(=O)c(O)c(-c3ccc([*])c([*])c3)oc2ccc1,C(=C)C*|C(F)(F)(F)*,O=c1cc(-c2ccccc2)oc2ccccc12,0.2927267,7.387,0.986209,10.967,0.9774565,2.6903,0.5461906,0.1609,7,1,7,True
14.7678,16.7448,38.3708,0.4305907,O=c1c(O)c(-c2ccc(C=Cc3ccccc3)c(-c3ccccc3)c2)oc2cccc(O)c12,1,Oc1c2c(=O)c(O)c(-c3ccc([*])c([*])c3)oc2ccc1,C(*)=Cc1ccccc1|c1c(*)cccc1,O=c1cc(-c2ccc(C=Cc3ccccc3)c(-c3ccccc3)c2)oc2ccccc12,0.647983,8.424,0.3766738,7.65,0.9889306,2.4392,0.0987106,-1.921,7,1,7,False
7.6946,9.2984,-9.2984,0.0,C=CCc1ccc(-c2oc3cccc(O)c3c(=O)c2O)cc1C,1,Oc1c2c(=O)c(O)c(-c3ccc([*])c([*])c3)oc2ccc1,C(C=C)*|*C,O=c1cc(-c2ccccc2)oc2ccccc12,0.1693525,6.895,0.9858121,10.947,0.9849184,2.548,0.7310495,0.8685,7,1,7,True
9.1183,14.4305,76.8322,0.7129894,CCCc1cc(-c2oc3cccc(O)c3c(=O)c2O)ccc1C(F)(F)F,1,Oc1c2c(=O)c(O)c(-c3ccc([*])c([*])c3)oc2ccc1,*C(F)(F)F|C(C)C*,O=c1cc(-c2ccccc2)oc2ccccc12,0.5316184,8.088,0.9847696,10.897,0.9845252,2.5571,0.4821095,-0.0622,7,1,7,False
12.4623,15.2831,-15.2831,0.0,CNc1ccc(-c2oc3cccc(O)c3c(=O)c2O)cc1C(C)(C)C,2,Oc1c2c(=O)c(O)c(-c3ccc([*])c([*])c3)oc2ccc1,CN*|C(C)(C)(C)*,O=c1cc(-c2ccccc2)oc2ccccc12,0.0,7.306,0.0,10.348,0.0,2.5837,0.0,-3.7701,7,1,7,False
15.0707,19.1043,54.4664,0.574771,C=C(C)c1cc(-c2oc3cccc(O)c3c(=O)c2O)ccc1-c1ccccc1,1,Oc1c2c(=O)c(O)c(-c3ccc([*])c([*])c3)oc2ccc1,c1cc(*)ccc1|C(C)(=C)*,O=c1cc(-c2ccc(-c3ccccc3)cc2)oc2ccccc12,0.3546476,7.584,0.9935573,11.501,0.9884692,2.4535,0.2875363,-0.7881,7,1,7,False
7.6151,11.2381,-6.5438,0.0366749,CC(C)c1cc(-c2oc3cccc(O)c3c(=O)c2O)ccc1N,1,Oc1c2c(=O)c(O)c(-c3ccc([*])c([*])c3)oc2ccc1,N*|*C(C)C,O=c1cc(-c2ccccc2)oc2ccccc12,0.2201173,7.121,0.9698135,10.411,0.9862716,2.5149,0.0,-17.5976,7,1,7,False
12.3802,18.6938,51.8305,0.5509707,CC1CCCCN1c1ccc(-c2oc3cccc(O)c3c(=O)c2O)cc1-c1ccccc1,1,Oc1c2c(=O)c(O)c(-c3ccc([*])c([*])c3)oc2ccc1,C1CCCC(C)N1*|*c1ccccc1,O=c1cc(-c2ccc(N3CCCCC3)c(-c3ccccc3)c2)oc2ccccc12,0.6354102,8.386,0.6492951,8.428,0.9530253,2.9542,0.1556902,-1.4685,7,1,7,False
14.3706,20.701,47.8716,0.5357231,CC1CCCC(c2ccc(-c3oc4cccc(O)c4c(=O)c3O)cc2C(F)(F)F)C1C,1,c1cc([*])c([*])cc1-c1c(O)c(=O)c2c(cccc2O)o1,C1CCC(C)C(C)C1*|C(F)(F)(F)*,O=c1cc(-c2ccc(C3CCCCC3)cc2)oc2ccccc12,0.4773494,7.937,0.9767703,10.598,0.70588,3.6958,0.1310403,-1.6432,8,1,8,False
20.6188,20.7518,52.9692,0.575946,O=c1c(O)c(-c2ccc(C3C4CC5CC(C4)CC3C5)c(C(F)(F)F)c2)oc2cccc(O)c12,1,c1cc([*])c([*])cc1-c1c(O)c(=O)c2c(cccc2O)o1,C12CC3C(*)C(CC(C3)C1)C2|FC(F)(*)F,O=c1cc(-c2ccc(C3C4CC5CC(C4)CC3C5)cc2)oc2ccccc12,0.8217635,9.062,0.8221846,9.064,0.4813591,4.0259,0.1310403,-1.6432,8,1,8,False
17.741,36.031,-36.01,0.0001637,O=c1c(O)c(-c2ccc(C3CCCCC3Cc3ccccc3)c(C3CCCCC3)c2)oc2cccc(O)c12,1,c1cc([*])c([*])cc1-c1c(O)c(=O)c2c(cccc2O)o1,c1(CC2CCCCC2*)ccccc1|*C1CCCCC1,O=c1cc(-c2ccc(C3CCCCC3Cc3ccccc3)c(C3CCCCC3)c2)oc2ccccc12,1e-05,0.0,1e-05,0.0,0.832107,3.4439,0.014892,-3.6411,8,1,8,False
21.6732,29.0899,-23.7853,0.0414422,CC(C(=O)O)c1ccc(-c2oc3cccc(O)c3c(=O)c2O)cc1C(C)C(F)(F)F,1,c1cc([*])c([*])cc1-c1c(O)c(=O)c2c(cccc2O)o1,C(C(O)=O)(*)C|FC(F)(F)C(*)C,O=c1cc(-c2ccccc2)oc2ccccc12,0.3513607,7.574,0.9760073,10.575,0.7370114,3.642,0.0,-28.917,8,1,8,False
22.7839,30.7907,-30.7828,6.17e-05,Cc1cc(=O)c(-c2ccc(-c3oc4cccc(O)c4c(=O)c3O)cc2C(F)(F)F)c(C)c2c1CCCCC2,1,c1cc([*])c([*])cc1-c1c(O)c(=O)c2c(cccc2O)o1,C1Cc2c(C)cc(=O)c(*)c(C)c2CCC1|FC(F)(F)*,O=c1ccc2c(cc1-c1ccc(-c3cc(=O)c4ccccc4o3)cc1)CCCCC2,1e-05,0.0,1e-05,0.0,0.9375205,3.059,1.99e-05,-9.4033,8,1,8,False
11.7212,15.6989,53.7726,0.5427459,Cc1ccc(-c2cc(-c3oc4cccc(O)c4c(=O)c3O)ccc2N2CCCCC2)cc1,1,c1cc([*])c([*])cc1-c1c(O)c(=O)c2c(cccc2O)o1,C1CCCCN1*|c1(*)ccc(C)cc1,O=c1cc(-c2ccc(N3CCCCC3)c(-c3ccccc3)c2)oc2ccccc12,0.7485418,8.758,0.5028783,8.008,0.9888376,2.4421,0.1681128,-1.3889,8,1,8,False
9.0034,12.6531,70.9167,0.652889,O=c1c(O)c(-c2ccc(-c3ccccc3)c(-c3ccccc3)c2)oc2cccc(O)c12,1,c1cc([*])c([*])cc1-c1c(O)c(=O)c2c(cccc2O)o1,*c1ccccc1|c1ccccc1*,O=c1cc(-c2ccc(-c3ccccc3)c(-c3ccccc3)c2)oc2ccccc12,0.6567944,8.451,0.9818226,10.772,0.9939491,2.2276,0.1632373,-1.4196,8,1,8,False
5.5484,8.6144,-8.6144,0.0,O=c1c(O)c(-c2ccc(C(F)(F)F)c(C(F)(F)F)c2)oc2cccc(O)c12,1,c1cc([*])c([*])cc1-c1c(O)c(=O)c2c(cccc2O)o1,C(F)(F)(F)*|FC(F)(F)*,O=c1cc(-c2ccccc2)oc2ccccc12,0.5718156,8.201,0.993721,11.519,0.9802079,2.6441,0.4631605,-0.1282,8,1,8,False
13.8202,21.0925,21.353,0.3316058,CC(C)c1cc(-c2oc3cccc(O)c3c(=O)c2O)ccc1NCC1CCCCC1,1,c1cc([*])c([*])cc1-c1c(O)c(=O)c2c(cccc2O)o1,C(N*)C1CCCCC1|*C(C)C,O=c1cc(-c2ccc(NCC3CCCCC3)cc2)oc2ccccc12,0.4744779,7.929,0.8762293,9.36,0.9823242,2.6041,0.0050267,-4.5931,8,1,8,False
7.4583,10.9468,-10.9468,0.0,CC(C)c1ccc(-c2oc3cccc(O)c3c(=O)c2O)cc1C(C)C,1,c1cc([*])c([*])cc1-c1c(O)c(=O)c2c(cccc2O)o1,CC(*)C|CC(*)C,O=c1cc(-c2ccccc2)oc2ccccc12,0.3461311,7.558,0.9573592,10.162,0.986141,2.5182,0.4043107,-0.3366,8,1,8,False
16.2502,24.2233,66.3227,0.7073908,CC(F)(F)C(F)(F)c1ccc(-c2oc3cccc(O)c3c(=O)c2O)cc1C(F)(F)F,1,c1cc([*])c([*])cc1-c1c(O)c(=O)c2c(cccc2O)o1,FC(F)(*)C(F)(C)F|*C(F)(F)F,O=c1cc(-c2ccccc2)oc2ccccc12,0.6674185,8.484,0.9948388,11.656,0.9496868,2.9793,0.2723515,-0.8536,8,1,8,False
19.5757,26.5408,-26.5384,1.87e-05,O=C1C=C(c2cc(-c3oc4cccc(O)c4c(=O)c3O)ccc2C(F)(F)F)Nc2cccc1c2,1,c1cc([*])c([*])cc1-c1c(O)c(=O)c2c(cccc2O)o1,C(F)(F)(*)F|c1ccc2[nH]c(*)cc(=O)c1c2,O=C1C=C(c2cccc(-c3cc(=O)c4ccccc4o3)c2)Nc2cccc1c2,1e-05,0.0,1e-05,0.0,0.6389105,3.8017,0.0,-20.8151,8,1,8,False
7.9585,12.2837,-12.2837,0.0,O=c1c(O)c(-c2ccc(C(F)(F)F)c(-c3ccccc3)c2)oc2cccc(O)c12,1,c1cc([*])c([*])cc1-c1c(O)c(=O)c2c(cccc2O)o1,C(F)(F)(F)*|c1cc(*)ccc1,O=c1cc(-c2cccc(-c3ccccc3)c2)oc2ccccc12,0.6976488,8.581,0.9594808,10.199,0.9897643,2.4117,0.2909075,-0.7739,8,1,8,False
7.0378,8.4309,-8.4309,0.0,C=CCc1ccc(-c2oc3cccc(O)c3c(=O)c2O)cc1C,1,c1cc([*])c([*])cc1-c1c(O)c(=O)c2c(cccc2O)o1,C(=C)C*|*C,O=c1cc(-c2ccccc2)oc2ccccc12,0.1693525,6.895,0.9858121,10.947,0.9849184,2.548,0.7310495,0.8685,8,1,8,True
33.7334,41.8607,-41.8582,1.93e-05,CCCNc1ccc(-c2oc3cccc(O)c3c(=O)c2O)cc1CC1CCC(CNC(=O)C2CC=CCC2)CC1,1,c1cc([*])c([*])cc1-c1c(O)c(=O)c2c(cccc2O)o1,C(C)CN*|O=C(C1CCC=CC1)NCC1CCC(C*)CC1,O=C(NCC1CCC(Cc2cccc(-c3cc(=O)c4ccccc4o3)c2)CC1)C1CC=CCC1,1e-05,0.0,1e-05,0.0,0.8111042,3.4937,0.0,-32.8794,8,1,8,False
14.9035,22.7931,41.2219,0.5001174,O=c1c(O)c(-c2ccc(C3CCCCC3)c(-c3cc(F)ccc3F)c2)oc2cccc(O)c12,1,c1cc([*])c([*])cc1-c1c(O)c(=O)c2c(cccc2O)o1,C1CCCCC1*|c1(F)ccc(F)c(*)c1,O=c1cc(-c2ccc(C3CCCCC3)c(-c3ccccc3)c2)oc2ccccc12,0.8850011,9.418,0.4547917,7.874,0.9819103,2.6123,0.0839414,-2.0759,8,1,8,False
12.0909,14.0683,68.3577,0.643953,CN1CCN(c2ccc(-c3oc4cccc(O)c4c(=O)c3O)cc2C(F)(F)F)CC1,1,c1cc([*])c([*])cc1-c1c(O)c(=O)c2c(cccc2O)o1,C1CN(*)CCN1C|FC(F)(F)*,O=c1cc(-c2ccc(N3CCNCC3)cc2)oc2ccccc12,0.5028783,8.008,0.7207888,8.659,0.9828327,2.5938,0.5775408,0.2716,8,1,8,True
7.4491,14.5349,-14.5349,0.0,C=CCc1ccc(-c2oc3cccc(O)c3c(=O)c2O)cc1C(C)C,1,c1cc([*])c([*])cc1-c1c(O)c(=O)c2c(cccc2O)o1,C(C=C)*|C(C)(*)C,O=c1cc(-c2ccccc2)oc2ccccc12,0.2463467,7.223,0.970971,10.439,0.9787458,2.6694,0.516328,0.0567,8,1,8,True
5.631,9.8529,-9.8529,0.0,O=c1c(O)c(-c2ccc(C(F)(F)F)c(C(F)(F)F)c2)oc2cccc(O)c12,2,c1cc([*])c([*])cc1-c1c(O)c(=O)c2c(cccc2O)o1,*C(F)(F)F|*C(F)(F)F,O=c1cc(-c2ccccc2)oc2ccccc12,0.0,8.201,0.0,11.519,0.0,2.6441,0.0,-0.1282,8,1,8,False
25.0408,35.6198,-24.2514,0.0888149,CC1=CC(c2ccc(-c3oc4cccc(O)c4c(=O)c3O)cc2C(C)C)C(C(C)C)=C(C)N1,1,c1cc([*])c([*])cc1-c1c(O)c(=O)c2c(cccc2O)o1,C(C1=C(C)NC(C)=CC1*)(C)C|*C(C)C,O=c1cc(-c2ccc(C3C=CNC=C3)cc2)oc2ccccc12,0.3733009,7.64,0.0346968,5.689,0.7211648,3.6699,0.0034387,-4.9242,8,1,8,False
14.1852,18.7412,26.0692,0.350082,O=c1c(O)c(-c2ccc(C3CCNCC3)c(-c3ccc(F)cc3)c2)oc2cccc(O)c12,1,c1cc([*])c([*])cc1-c1c(O)c(=O)c2c(cccc2O)o1,C1CNCCC1*|c1(*)ccc(F)cc1,O=c1cc(-c2ccc(C3CCNCC3)c(-c3ccccc3)c2)oc2ccccc12,0.7884072,8.914,0.4942439,7.984,0.9811432,2.627,0.0084033,-4.1438,8,1,8,False
5.6553,7.8275,-7.8275,0.0,O=c1c(O)c(-c2ccc(C(F)(F)F)c(C(F)(F)F)c2)oc2cccc(O)c12,2,c1cc([*])c([*])cc1-c1c(O)c(=O)c2c(cccc2O)o1,FC(F)(F)*|FC(F)(*)F,O=c1cc(-c2ccccc2)oc2ccccc12,0.0,8.201,0.0,11.519,0.0,2.6441,0.0,-0.1282,8,1,8,False
19.1481,27.8902,-26.6027,0.0100585,C=CCc1cc(-c2oc3cccc(O)c3c(=O)c2O)ccc1C(c1ccccc1)c1cccc(C)c1,1,c1cc([*])c([*])cc1-c1c(O)c(=O)c2c(cccc2O)o1,c1cccc(C(*)c2cc(C)ccc2)c1|C(=C)C*,O=c1cc(-c2ccc(C(c3ccccc3)c3ccccc3)cc2)oc2ccccc12,0.6515855,8.435,1e-05,0.0,0.9197118,3.1528,0.0661682,-2.2992,8,1,8,False
22.5247,25.4502,-21.2035,0.0331777,CCNc1ccc(-c2oc3cccc(O)c3c(=O)c2O)cc1CC(C)NC,1,c1cc([*])c([*])cc1-c1c(O)c(=O)c2c(cccc2O)o1,CCN*|C(C*)(NC)C,O=c1cc(-c2ccccc2)oc2ccccc12,0.1522754,6.807,0.9037204,9.556,0.9253777,3.1252,0.0,-15.6351,8,1,8,False
14.05,19.1218,63.3042,0.6439531,CC(C)c1cc(-c2oc3cccc(O)c3c(=O)c2O)ccc1C1(C)CCCCC1,1,c1cc([*])c([*])cc1-c1c(O)c(=O)c2c(cccc2O)o1,C1C(C)(*)CCCC1|CC(*)C,O=c1cc(-c2ccc(C3CCCCC3)cc2)oc2ccccc12,0.6525648,8.438,0.9653032,10.311,0.9680048,2.8154,0.1614904,-1.4307,8,1,8,False
12.091,15.179,-15.179,0.0,O=c1c(O)c(-c2ccc(C(F)F)c(C(F)(F)F)c2)oc2cccc(O)c12,1,c1cc([*])c([*])cc1-c1c(O)c(=O)c2c(cccc2O)o1,C(F)(*)F|*C(F)(F)F,O=c1cc(-c2ccccc2)oc2ccccc12,0.4608642,7.891,0.9851112,10.913,0.9747299,2.731,0.4863771,-0.0473,8,1,8,False
8.6834,12.4881,-12.4881,0.0,CC(C)c1ccc(-c2oc3cccc(O)c3c(=O)c2O)cc1C(F)(F)F,1,c1cc([*])c([*])cc1-c1c(O)c(=O)c2c(cccc2O)o1,C(C)(*)C|C(*)(F)(F)F,O=c1cc(-c2ccccc2)oc2ccccc12,0.3770117,7.651,0.9888569,11.117,0.9834381,2.5811,0.4335012,-0.2324,8,1,8,False
14.3158,23.2048,25.4897,0.380426,CC(c1ccc(-c2oc3cccc(O)c3c(=O)c2O)cc1C(F)(F)F)C1CCCCN1,1,c1cc([*])c([*])cc1-c1c(O)c(=O)c2c(cccc2O)o1,N1CCCCC1C(C)*|FC(F)(F)*,O=c1cc(-c2ccc(CC3CCCCN3)cc2)oc2ccccc12,0.5633388,8.177,0.9891387,11.135,0.7376027,3.6409,0.0084447,-4.1395,8,1,8,False
21.3554,30.6467,7.1415,0.2952206,C=C(C)NCc1ccc(-c2ccc(-c3oc4cccc(O)c4c(=O)c3O)cc2C(F)(F)F)cc1,1,c1cc([*])c([*])cc1-c1c(O)c(=O)c2c(cccc2O)o1,c1c(CNC(C)=C)ccc(*)c1|FC(F)(*)F,O=c1cc(-c2ccc(-c3ccccc3)cc2)oc2ccccc12,0.3865218,7.679,0.8200709,9.054,0.9747186,2.7311,0.0043958,-4.7101,8,1,8,False
24.3801,32.0241,-32.0216,1.99e-05,NCCCNCCOc1ccc(-c2cc(-c3oc4cccc(O)c4c(=O)c3O)ccc2-c2ccccc2)cc1,1,c1cc([*])c([*])cc1-c1c(O)c(=O)c2c(cccc2O)o1,c1ccc(*)cc1|C(COc1ccc(*)cc1)NCCCN,O=c1cc(-c2ccc(-c3ccccc3)c(-c3ccccc3)c2)oc2ccccc12,1e-05,0.0,1e-05,0.0,0.9823926,2.6027,0.0,-38.9268,8,1,8,False
15.9037,23.175,-17.0027,0.0482207,O=c1c(O)c(-c2ccc(C3CC=CCC3)c(C=Cc3ccccc3)c2)oc2cccc(O)c12,1,c1cc([*])c([*])cc1-c1c(O)c(=O)c2c(cccc2O)o1,C1CC=CCC1*|c1cccc(C=C*)c1,O=c1cc(-c2ccc(C3CC=CCC3)c(C=Cc3ccccc3)c2)oc2ccccc12,0.7496237,8.762,0.0007044,2.957,0.8815573,3.3026,0.0838356,-2.0771,8,1,8,False
14.4288,18.7375,50.4932,0.5408642,Cc1cc(C)cc(-c2cc(-c3oc4cccc(O)c4c(=O)c3O)ccc2C(F)(F)F)c1,1,c1cc([*])c([*])cc1-c1c(O)c(=O)c2c(cccc2O)o1,C(F)(F)(*)F|c1c(*)cc(C)cc1C,O=c1cc(-c2cccc(-c3ccccc3)c2)oc2ccccc12,0.3743115,7.643,0.9982224,12.399,0.982496,2.6006,0.1682093,-1.3883,8,1,8,False
12.1711,19.9632,-18.2529,0.0133614,CN1CCC(c2ccc(-c3oc4cccc(O)c4c(=O)c3O)cc2Cc2ccccc2)CC1,1,[*]c1c([*])cc(-c2c(O)c(=O)c3c(O)cccc3o2)cc1,CN1CCC(*)CC1|c1ccc(C*)cc1,,0.7695868,8.838,1e-05,0.0,0.9839244,2.5706,0.2784768,-0.8269,1,2,9,False
8.5173,19.0718,44.5597,0.4971215,O=c1c(O)c(-c2ccc(N3CCCCC3)c(C3CCCCC3)c2)oc2cccc(O)c12,1,[*]c1c([*])cc(-c2c(O)c(=O)c3c(O)cccc3o2)cc1,C1N(*)CCCC1|*C1CCCCC1,,0.6216354,8.345,0.4863318,7.962,0.9842995,2.5622,0.1568665,-1.4607,1,2,9,False
10.3969,15.623,46.618,0.4862581,O=c1c(O)c(-c2ccc(C=Cc3ccccc3)c(C(F)(F)F)c2)oc2cccc(O)c12,1,[*]c1c([*])cc(-c2c(O)c(=O)c3c(O)cccc3o2)cc1,c1(C=C*)ccccc1|FC(*)(F)F,,0.3106098,7.446,0.8475388,9.192,0.9830801,2.5886,0.1872043,-1.2753,1,2,9,False
12.0153,22.7125,53.0156,0.5916253,CC1CCC(c2cc(-c3oc4cccc(O)c4c(=O)c3O)ccc2C(C)C)CC1,1,[*]c1c([*])cc(-c2c(O)c(=O)c3c(O)cccc3o2)cc1,*C(C)C|C1C(C)CCC(*)C1,,0.6189235,8.337,0.8187934,9.048,0.9798546,2.6504,0.1506343,-1.5023,1,2,9,False
15.9971,19.7926,3.9976,0.1858611,CC1CCN(c2ccc(-c3oc4cccc(O)c4c(=O)c3O)cc2NC(C)C)CC1,1,[*]c1c([*])cc(-c2c(O)c(=O)c3c(O)cccc3o2)cc1,C1N(*)CCC(C)C1|C(N*)(C)C,,0.2888684,7.374,0.938774,9.897,0.9810482,2.6288,0.0002875,-7.0825,1,2,9,False
17.8566,28.8315,26.6675,0.4335856,CC(C)C(C)c1ccc(-c2oc3cccc(O)c3c(=O)c2O)cc1C1CCCCC1,1,[*]c1c([*])cc(-c2c(O)c(=O)c3c(O)cccc3o2)cc1,CC(C)C(C)*|*C1CCCCC1,,0.5505554,8.141,0.461222,7.892,0.915399,3.1726,0.1018349,-1.8909,1,2,9,False
8.2414,14.4307,66.0662,0.6288816,CC(C)c1ccc(-c2oc3cccc(O)c3c(=O)c2O)cc1-c1ccccc1,1,[*]c1c([*])cc(-c2c(O)c(=O)c3c(O)cccc3o2)cc1,C(C)(C)*|c1c(*)cccc1,,0.50036,8.001,0.9391863,9.902,0.9912851,2.3553,0.2667968,-0.8781,1,2,9,False
7.3283,13.8781,55.9148,0.5452566,C=CCc1ccc(-c2oc3cccc(O)c3c(=O)c2O)cc1C(C)C,1,[*]c1c([*])cc(-c2c(O)c(=O)c3c(O)cccc3o2)cc1,C(C=C)*|CC(*)C,,0.2431545,7.211,0.974046,10.519,0.9787458,2.6694,0.516328,0.0567,1,2,9,True
8.1435,8.1664,78.8222,0.6795982,O=c1c(O)c(-c2ccc(C(F)(F)F)c(C(F)(F)F)c2)oc2cccc(O)c12,1,[*]c1c([*])cc(-c2c(O)c(=O)c3c(O)cccc3o2)cc1,C(*)(F)(F)F|FC(F)(F)*,,0.5679351,8.19,0.81922,9.05,0.9802079,2.6441,0.4631605,-0.1282,1,2,9,False
8.4895,12.2113,49.1841,0.4796513,C=CCc1ccc(-c2oc3cccc(O)c3c(=O)c2O)cc1CC=C,1,[*]c1c([*])cc(-c2c(O)c(=O)c3c(O)cccc3o2)cc1,C(=C)C*|C(=C)C*,,0.1594697,6.845,0.9508135,10.058,0.9711497,2.7783,0.6267282,0.4501,1,2,9,True
10.7098,16.2702,54.3242,0.5515186,CC(C)c1cc(-c2oc3cccc(O)c3c(=O)c2O)ccc1N1CCCC1,1,[*]c1c([*])cc(-c2c(O)c(=O)c3c(O)cccc3o2)cc1,C1N(*)CCC1|C(*)(C)C,,0.27089,7.312,0.9500679,10.047,0.9864368,2.5106,0.4553939,-0.1554,1,2,9,False
13.9086,16.5422,63.5856,0.6259989,C=CCc1cc(-c2oc3cccc(O)c3c(=O)c2O)ccc1-c1ccc(C)cc1,1,[*]c1c([*])cc(-c2c(O)c(=O)c3c(O)cccc3o2)cc1,c1(*)ccc(C)cc1|C(*)C=C,,0.451582,7.865,0.9983047,12.432,0.9858742,2.525,0.2866397,-0.7919,1,2,9,False
16.5235,22.5903,-4.598,0.140565,O=c1c(O)c(-c2ccc(N3CCCCC3)c(Nc3ccc(C(F)(F)F)cc3)c2)oc2cccc(O)c12,1,[*]c1c([*])cc(-c2c(O)c(=O)c3c(O)cccc3o2)cc1,C1N(*)CCCC1|FC(F)(F)c1ccc(N*)cc1,,0.6456817,8.417,0.2560912,7.259,0.9816265,2.6178,0.0001416,-7.698,1,2,9,False
9.6127,16.8883,59.3721,0.5957841,O=c1c(O)c(-c2ccc(N3CCCCC3)c(Cc3ccccc3)c2)oc2cccc(O)c12,1,[*]c1c([*])cc(-c2c(O)c(=O)c3c(O)cccc3o2)cc1,C1CCCCN1*|c1ccccc1C*,,0.6403965,8.401,0.6600311,8.461,0.9889121,2.4398,0.2388201,-1.0068,1,2,9,False
9.6091,17.0709,-16.3138,0.0059148,O=c1c(O)c(-c2ccc(NC3CCCCC3)c(C3CCCCC3)c2)oc2cccc(O)c12,1,[*]c1c([*])cc(-c2c(O)c(=O)c3c(O)cccc3o2)cc1,C1CCCCC1N*|C1(*)CCCCC1,,0.5186998,8.052,1e-05,0.0,0.9796903,2.6533,0.0030694,-5.0232,1,2,9,False
8.1228,10.1993,69.7935,0.6249432,CC(C)c1ccc(-c2oc3cccc(O)c3c(=O)c2O)cc1C(F)(F)F,1,[*]c1c([*])cc(-c2c(O)c(=O)c3c(O)cccc3o2)cc1,CC(C)*|FC(*)(F)F,,0.3803977,7.661,0.9888569,11.117,0.9834381,2.5811,0.4335012,-0.2324,1,2,9,False
8.9293,13.4144,66.8222,0.6268483,C=CCc1ccc(-c2oc3cccc(O)c3c(=O)c2O)cc1-c1ccccc1,1,[*]c1c([*])cc(-c2c(O)c(=O)c3c(O)cccc3o2)cc1,C=CC*|c1cccc(*)c1,,0.4278321,7.798,0.9544485,10.114,0.9868702,2.4992,0.3639954,-0.4847,1,2,9,False
6.7064,12.8806,63.3032,0.5951863,CC(C)c1ccc(-c2oc3cccc(O)c3c(=O)c2O)cc1C(C)C,1,[*]c1c([*])cc(-c2c(O)c(=O)c3c(O)cccc3o2)cc1,*C(C)C|C(C)(*)C,,0.353989,7.582,0.9512825,10.065,0.986141,2.5182,0.4043107,-0.3366,1,2,9,False
12.5178,18.41,-17.5453,0.0067555,O=c1c(O)c(-c2ccc(NCc3ccccc3)c(Cc3ccccc3)c2)oc2cccc(O)c12,1,[*]c1c([*])cc(-c2c(O)c(=O)c3c(O)cccc3o2)cc1,c1cccc(CN*)c1|c1ccc(C*)cc1,,0.626699,8.36,1e-05,0.0,0.9907241,2.3771,0.0047349,-4.6453,1,2,9,False
7.5959,10.3027,-10.3027,0.0,O=c1c(O)c(-c2ccc(C(F)(F)F)c(C(F)(F)F)c2)oc2cccc(O)c12,2,[*]c1c([*])cc(-c2c(O)c(=O)c3c(O)cccc3o2)cc1,*C(F)(F)F|C(F)(F)(F)*,,0.0,8.19,0.0,9.05,0.0,2.6441,0.0,-0.1282,1,2,9,False
4.9033,11.6489,-11.6489,0.0,CC(C)c1ccc(-c2oc3cccc(O)c3c(=O)c2O)cc1C(C)C,2,[*]c1c([*])cc(-c2c(O)c(=O)c3c(O)cccc3o2)cc1,*C(C)C|CC(C)*,,0.0,7.582,0.0,10.065,0.0,2.5182,0.0,-0.3366,1,2,9,False
21.1247,29.9158,14.079,0.3437093,C=CCc1ccc(-c2oc3cccc(O)c3c(=O)c2O)cc1NC(C)Cc1ccccc1,1,[*]c1c([*])cc(-c2c(O)c(=O)c3c(O)cccc3o2)cc1,C(=C)C*|c1(CC(N*)C)ccccc1,,0.4619372,7.894,0.9263142,9.759,0.9332515,3.0836,0.0062827,-4.3982,1,2,9,False
10.2719,15.3159,76.9067,0.7204885,O=c1c(O)c(-c2ccc(N3CCCC3)c(-c3ccccc3)c2)oc2cccc(O)c12,1,[*]c1c([*])cc(-c2c(O)c(=O)c3c(O)cccc3o2)cc1,C1CN(*)CC1|c1cc(*)ccc1,,0.8098736,9.007,0.8026814,8.975,0.9906442,2.3801,0.3099951,-0.695,1,2,9,False
7.3915,10.8428,81.3381,0.720163,O=c1c(O)c(-c2ccc(C(F)(F)F)c(-c3ccccc3)c2)oc2cccc(O)c12,1,[*]c1c([*])cc(-c2c(O)c(=O)c3c(O)cccc3o2)cc1,FC(F)(*)F|c1cc(*)ccc1,,0.6961288,8.576,0.9587471,10.186,0.9897643,2.4117,0.2909075,-0.7739,1,2,9,False
22.3651,28.5376,2.6581,0.2437169,CC1CCCCC1c1ccc(-c2oc3cccc(O)c3c(=O)c2O)cc1CCN(C)C,1,[*]c1c([*])cc(-c2c(O)c(=O)c3c(O)cccc3o2)cc1,C1C(C)C(*)CCC1|N(CC*)(C)C,,0.4412686,7.836,0.0751728,6.256,0.8289827,3.4516,0.2789827,-0.8247,1,2,9,False
13.6853,19.0239,20.6875,0.3102455,Cc1ccc(-c2cc(-c3oc4cccc(O)c4c(=O)c3O)ccc2NC(C)C)cc1,1,[*]c1c([*])cc(-c2c(O)c(=O)c3c(O)cccc3o2)cc1,C(C)(C)N*|c1cc(*)ccc1C,,0.4037172,7.729,0.7769037,8.867,0.9878205,2.4728,0.0061895,-4.4113,1,2,9,False
7.4605,12.6457,71.7186,0.6590959,O=c1c(O)c(-c2ccc(N3CCCCC3)c(C(F)(F)F)c2)oc2cccc(O)c12,1,[*]c1c([*])cc(-c2c(O)c(=O)c3c(O)cccc3o2)cc1,C1CN(*)CCC1|FC(F)(*)F,,0.4665904,7.907,0.9963248,11.893,0.985324,2.5384,0.3763793,-0.4386,1,2,9,False
12.0074,14.2557,61.3927,0.5910039,CCc1cc(-c2oc3cccc(O)c3c(=O)c2O)ccc1C(C)(C)C,1,[*]c1c([*])cc(-c2c(O)c(=O)c3c(O)cccc3o2)cc1,*C(C)(C)C|CC*,,0.3014413,7.416,0.9883046,11.083,0.984895,2.5486,0.5140365,0.0488,1,2,9,True
6.6988,9.2499,-9.2499,0.0,O=c1c(O)c(-c2ccc(C(F)(F)F)c(C(F)(F)F)c2)oc2cccc(O)c12,2,[*]c1c([*])cc(-c2c(O)c(=O)c3c(O)cccc3o2)cc1,C(F)(F)(*)F|FC(F)(*)F,,0.0,8.19,0.0,9.05,0.0,2.6441,0.0,-0.1282,1,2,9,False
8.3902,11.9809,-11.9809,0.0,O=c1c(O)c(-c2ccc(C(F)(F)F)c(-c3ccccc3)c2)oc2cccc(O)c12,2,[*]c1c([*])cc(-c2c(O)c(=O)c3c(O)cccc3o2)cc1,C(F)(F)(*)F|c1(*)ccccc1,,0.0,8.576,0.0,10.186,0.0,2.4117,0.0,-0.7739,1,2,9,False
11.3652,20.8969,56.1567,0.6019812,O=c1c(O)c(-c2ccc(C(F)(F)F)c(CC3CCCCO3)c2)oc2cccc(O)c12,1,[*]c1c([*])cc(-c2c(O)c(=O)c3c(O)cccc3o2)cc1,*C(F)(F)F|O1CCCCC1C*,,0.8038184,8.98,0.8282043,9.093,0.9087304,3.2015,0.0964781,-1.943,1,2,9,False
8.0523,10.2321,81.2384,0.7146137,Cc1cc(-c2oc3cccc(O)c3c(=O)c2O)ccc1-c1ccccc1,1,[*]c1c([*])cc(-c2c(O)c(=O)c3c(O)cccc3o2)cc1,c1ccc(*)cc1|*C,,0.5262397,8.073,0.9981626,12.376,0.9942502,2.2097,0.4809299,-0.0663,1,2,9,False
9.6924,12.6806,52.3154,0.5077813,Cc1ccc(-c2oc3cccc(O)c3c(=O)c2O)cc1C=Cc1ccccc1,1,O=c1c(O)c(-c2cc([*])c([*])cc2)oc2c1c(O)ccc2,C(=C*)c1ccccc1|*C,,0.4264237,7.794,0.5380628,8.106,0.9893637,2.4251,0.3421751,-0.5677,2,2,10,False
37.0926,40.1406,-40.1388,1.4e-05,O=C(O)Cc1ccc(-c2oc3cccc(O)c3c(=O)c2O)cc1C1C2CCC(C2)CC1NC(=O)C=Cc1ccccc1,1,O=c1c(O)c(-c2cc([*])c([*])cc2)oc2c1c(O)ccc2,C1(NC(C=Cc2ccccc2)=O)CC2CCC(C1*)C2|C(*)C(O)=O,,1e-05,0.0,1e-05,0.0,0.0938928,4.7876,0.0,-58.0251,2,2,10,False
7.1892,12.8969,72.4476,0.6667541,O=c1c(O)c(-c2ccc(-c3ccccc3)c(C(F)(F)F)c2)oc2cccc(O)c12,1,O=c1c(O)c(-c2cc([*])c([*])cc2)oc2c1c(O)ccc2,*C(F)(F)F|c1c(*)cccc1,,0.5369894,8.103,0.9970405,12.044,0.9902987,2.3929,0.2909075,-0.7739,2,2,10,False
8.7403,15.6546,67.3332,0.6483418,O=c1c(O)c(-c2ccc(C3CCCCC3)c(C(F)(F)F)c2)oc2cccc(O)c12,1,O=c1c(O)c(-c2cc([*])c([*])cc2)oc2c1c(O)ccc2,FC(F)(*)F|*C1CCCCC1,,0.579549,8.223,0.9847264,10.895,0.9827296,2.5959,0.2095621,-1.1531,2,2,10,False
4.7523,9.3909,77.5977,0.6795982,O=c1c(O)c(-c2ccc(C(F)(F)F)c(C(F)(F)F)c2)oc2cccc(O)c12,1,O=c1c(O)c(-c2cc([*])c([*])cc2)oc2c1c(O)ccc2,FC(F)(*)F|FC(F)(*)F,,0.5679351,8.19,0.81922,9.05,0.9802079,2.6441,0.4631605,-0.1282,2,2,10,False
6.0261,13.174,-13.174,0.0,O=c1c(O)c(-c2ccc(-c3ccccc3)c(C(F)(F)F)c2)oc2cccc(O)c12,2,O=c1c(O)c(-c2cc([*])c([*])cc2)oc2c1c(O)ccc2,FC(*)(F)F|c1c(*)cccc1,,0.0,8.103,0.0,12.044,0.0,2.3929,0.0,-0.7739,2,2,10,False
8.0689,15.2318,71.3392,0.6763358,O=c1c(O)c(-c2ccc(-c3ccc(F)cc3)c(C(F)(F)F)c2)oc2cccc(O)c12,1,O=c1c(O)c(-c2cc([*])c([*])cc2)oc2c1c(O)ccc2,*C(F)(F)F|c1c(F)ccc(*)c1,,0.5921186,8.259,0.9905134,11.23,0.9884129,2.4552,0.259129,-0.9125,2,2,10,False
7.0946,10.087,-10.087,0.0,O=c1c(O)c(-c2ccc(C(F)(F)F)c(C(F)(F)F)c2)oc2cccc(O)c12,2,O=c1c(O)c(-c2cc([*])c([*])cc2)oc2c1c(O)ccc2,C(F)(*)(F)F|FC(F)(F)*,,0.0,8.19,0.0,9.05,0.0,2.6441,0.0,-0.1282,2,2,10,False
11.1591,10.9401,69.299,0.6268678,CCCc1cc(-c2oc3cccc(O)c3c(=O)c2O)ccc1C,1,O=c1c(O)c(-c2cc([*])c([*])cc2)oc2c1c(O)ccc2,C(CC)*|C*,,0.3300309,7.508,0.9463959,9.995,0.99089,2.3708,0.677667,0.6454,2,2,10,True
7.9604,12.2132,79.9676,0.720163,O=c1c(O)c(-c2ccc(C(F)(F)F)c(-c3ccccc3)c2)oc2cccc(O)c12,1,O=c1c(O)c(-c2cc([*])c([*])cc2)oc2c1c(O)ccc2,*c1ccccc1|FC(F)(F)*,,0.6961288,8.576,0.9587471,10.186,0.9897643,2.4117,0.2909075,-0.7739,2,2,10,False
5.1296,9.3909,-9.3909,0.0,O=c1c(O)c(-c2ccc(C(F)(F)F)c(C(F)(F)F)c2)oc2cccc(O)c12,2,O=c1c(O)c(-c2cc([*])c([*])cc2)oc2c1c(O)ccc2,FC(F)(*)F|FC(F)(*)F,,0.0,8.19,0.0,9.05,0.0,2.6441,0.0,-0.1282,2,2,10,False
7.6237,14.8951,61.2888,0.5951863,CC(C)c1ccc(-c2oc3cccc(O)c3c(=O)c2O)cc1C(C)C,1,O=c1c(O)c(-c2cc([*])c([*])cc2)oc2c1c(O)ccc2,C(C)(C)*|*C(C)C,,0.353989,7.582,0.9512825,10.065,0.986141,2.5182,0.4043107,-0.3366,2,2,10,False
8.5009,13.1239,67.3177,0.6284499,C=CCc1cc(-c2oc3cccc(O)c3c(=O)c2O)ccc1C(F)F,1,O=c1c(O)c(-c2cc([*])c([*])cc2)oc2c1c(O)ccc2,C=CC*|*C(F)F,,0.3546476,7.584,0.9659244,10.324,0.967191,2.8244,0.5691565,0.2418,2,2,10,True
8.5681,10.849,63.8178,0.5833344,C=CCc1cc(-c2oc3cccc(O)c3c(=O)c2O)ccc1CC,1,O=c1c(O)c(-c2cc([*])c([*])cc2)oc2c1c(O)ccc2,C=CC*|C(C)*,,0.2660852,7.295,0.963878,10.282,0.9822093,2.6064,0.6701115,0.6156,2,2,10,True
11.2764,15.4308,67.368,0.6468657,CN(C)c1ccc(-c2oc3cccc(O)c3c(=O)c2O)cc1C(F)(F)F,1,O=c1c(O)c(-c2cc([*])c([*])cc2)oc2c1c(O)ccc2,FC(*)(F)F|N(C)(C)*,,0.3632571,7.61,0.9717319,10.458,0.9812609,2.6248,0.6341638,0.4778,2,2,10,True
39.7851,39.9828,-39.9803,1.96e-05,CC(=NCc1cc(C=CC(=O)O)c(C=Cc2cc(-c3oc4cccc(O)c4c(=O)c3O)ccc2C)cc1F)c1ccccc1,1,O=c1c(O)c(-c2cc([*])c([*])cc2)oc2c1c(O)ccc2,C(=O)(O)C=Cc1c(C=C*)cc(F)c(CN=C(C)c2ccccc2)c1|*C,,1e-05,0.0,1e-05,0.0,0.8991858,3.2397,0.0,-41.476,2,2,10,False
8.7177,12.1848,65.5985,0.6076821,CCc1ccc(-c2oc3cccc(O)c3c(=O)c2O)cc1C(F)F,1,O=c1c(O)c(-c2cc([*])c([*])cc2)oc2c1c(O)ccc2,FC(F)*|C(C)*,,0.3047853,7.427,0.9823042,10.791,0.9794639,2.6572,0.6151219,0.4073,2,2,10,True
10.4349,17.3321,21.2117,0.301123,CCCNc1ccc(-c2oc3cccc(O)c3c(=O)c2O)cc1C(F)(F)F,1,O=c1c(O)c(-c2cc([*])c([*])cc2)oc2c1c(O)ccc2,FC(*)(F)F|*NCCC,,0.2342634,7.177,0.9811159,10.745,0.9849802,2.5466,0.0105085,-3.9477,2,2,10,False
8.3266,9.7908,82.2264,0.7188845,O=c1c(O)c(-c2ccc(C(F)(F)F)c(C(F)F)c2)oc2cccc(O)c12,1,O=c1c(O)c(-c2cc([*])c([*])cc2)oc2c1c(O)ccc2,FC(F)*|FC(F)(*)F,,0.5412803,8.115,0.9910776,11.273,0.9739088,2.7424,0.4863771,-0.0473,2,2,10,False
5.5752,10.087,-10.087,0.0,O=c1c(O)c(-c2ccc(C(F)(F)F)c(C(F)(F)F)c2)oc2cccc(O)c12,2,O=c1c(O)c(-c2cc([*])c([*])cc2)oc2c1c(O)ccc2,C(F)(*)(F)F|FC(F)(F)*,,0.0,8.19,0.0,9.05,0.0,2.6441,0.0,-0.1282,2,2,10,False
5.933,10.5886,-10.5886,0.0,O=c1c(O)c(-c2ccc(C(F)(F)F)c(C(F)(F)F)c2)oc2cccc(O)c12,2,O=c1c(O)c(-c2cc([*])c([*])cc2)oc2c1c(O)ccc2,FC(*)(F)F|*C(F)(F)F,,0.0,8.19,0.0,9.05,0.0,2.6441,0.0,-0.1282,2,2,10,False
11.5657,12.1977,28.3678,0.316918,CNc1ccc(-c2oc3cccc(O)c3c(=O)c2O)cc1C(C)C,1,O=c1c(O)c(-c2cc([*])c([*])cc2)oc2c1c(O)ccc2,C(*)(C)C|*NC,,0.2460796,7.222,0.9686112,10.383,0.9844059,2.5598,0.0135815,-3.7222,2,2,10,False
6.985,13.452,62.1974,0.5910113,C=CCc1ccc(-c2oc3cccc(O)c3c(=O)c2O)cc1C(F)(F)F,1,O=c1c(O)c(-c2cc([*])c([*])cc2)oc2c1c(O)ccc2,FC(F)(*)F|C(C=C)*,,0.2954154,7.396,0.9858121,10.947,0.9774565,2.6903,0.5461906,0.1609,2,2,10,True
4.7443,9.3909,-9.3909,0.0,O=c1c(O)c(-c2ccc(C(F)(F)F)c(C(F)(F)F)c2)oc2cccc(O)c12,2,O=c1c(O)c(-c2cc([*])c([*])cc2)oc2c1c(O)ccc2,FC(F)(*)F|FC(F)(*)F,,0.0,8.19,0.0,9.05,0.0,2.6441,0.0,-0.1282,2,2,10,False
4.4563,10.4813,-10.4813,0.0,O=c1c(O)c(-c2ccc(C(F)(F)F)c(C(F)(F)F)c2)oc2cccc(O)c12,2,O=c1c(O)c(-c2cc([*])c([*])cc2)oc2c1c(O)ccc2,C(*)(F)(F)F|FC(*)(F)F,,0.0,8.19,0.0,9.05,0.0,2.6441,0.0,-0.1282,2,2,10,False
13.6329,20.9549,9.8987,0.2410438,Cc1ccc(-c2cc(-c3oc4cccc(O)c4c(=O)c3O)ccc2NC2CCCCC2)cc1C,1,O=c1c(O)c(-c2cc([*])c([*])cc2)oc2c1c(O)ccc2,c1(*)cc(C)c(C)cc1|C1CCCCC1N*,,0.8682121,9.31,0.2574644,7.264,0.9836051,2.5775,0.0025469,-5.1857,2,2,10,False
29.7232,31.6095,-31.1188,0.003834,CN(C)CC=CCN=C=Cc1ccc(-c2oc3cccc(O)c3c(=O)c2O)cc1-c1ccccc1,1,O=c1c(O)c(-c2cc([*])c([*])cc2)oc2c1c(O)ccc2,c1cccc(*)c1|C(CN=C=C*)=CCN(C)C,,0.535558,8.099,1e-05,0.0,0.8864599,3.286,0.0001749,-7.5142,2,2,10,False
8.2106,13.8384,66.1543,0.6249432,CC(C)c1ccc(-c2oc3cccc(O)c3c(=O)c2O)cc1C(F)(F)F,1,O=c1c(O)c(-c2cc([*])c([*])cc2)oc2c1c(O)ccc2,FC(F)(*)F|*C(C)C,,0.3803977,7.661,0.9888569,11.117,0.9834381,2.5811,0.4335012,-0.2324,2,2,10,False
5.6832,8.0213,74.7792,0.6468784,Cc1ccc(-c2oc3cccc(O)c3c(=O)c2O)cc1C(F)(F)F,1,O=c1c(O)c(-c2cc([*])c([*])cc2)oc2c1c(O)ccc2,FC(F)(F)*|*C,,0.3507051,7.572,0.9858924,10.951,0.9883733,2.4564,0.6608396,0.5794,2,2,10,True
10.6833,13.8289,-0.2908,0.1057662,Cc1ccc(-c2oc3cccc(O)c3c(=O)c2O)cc1-c1ccc(O)cc1,1,O=c1c(O)c(-c2cc([*])c([*])cc2)oc2c1c(O)ccc2,c1(O)ccc(*)cc1|*C,,0.5844507,8.237,0.9890611,11.13,0.9917769,2.3349,1.1e-06,-11.8907,2,2,10,False
5.225,10.5886,-10.5886,0.0,O=c1c(O)c(-c2ccc(C(F)(F)F)c(C(F)(F)F)c2)oc2cccc(O)c12,2,O=c1c(O)c(-c2cc([*])c([*])cc2)oc2c1c(O)ccc2,FC(*)(F)F|*C(F)(F)F,,0.0,8.19,0.0,9.05,0.0,2.6441,0.0,-0.1282,2,2,10,False
5.1712,9.9746,-9.9746,0.0,O=c1c(O)c(-c2ccc(C(F)(F)F)c(C(F)(F)F)c2)oc2cccc(O)c12,2,O=c1c(O)c(-c2cc([*])c([*])cc2)oc2c1c(O)ccc2,C(*)(F)(F)F|FC(F)(F)*,,0.0,8.19,0.0,9.05,0.0,2.6441,0.0,-0.1282,2,2,10,False
9.7305,4.9435,-0.4696,0.034952,Cc1cc(-c2oc3cccc(O)c3c(=O)c2O)ccc1N,1,c1cc2oc(-c3cc([*])c([*])cc3)c(O)c(=O)c2c(O)c1,C*|N*,,0.1945978,7.013,0.9543232,10.112,0.9905335,2.3843,0.0,-17.5941,3,2,11,False
4.8057,7.683,79.3055,0.6795982,O=c1c(O)c(-c2ccc(C(F)(F)F)c(C(F)(F)F)c2)oc2cccc(O)c12,1,c1cc2oc(-c3cc([*])c([*])cc3)c(O)c(=O)c2c(O)c1,FC(*)(F)F|FC(F)(*)F,,0.5679351,8.19,0.81922,9.05,0.9802079,2.6441,0.4631605,-0.1282,3,2,11,False
14.2709,20.2711,15.233,0.2773762,CCCNc1ccc(-c2oc3cccc(O)c3c(=O)c2O)cc1C(C)C,1,c1cc2oc(-c3cc([*])c([*])cc3)c(O)c(=O)c2c(O)c1,C(C)(C)*|C(N*)CC,,0.1910143,6.997,0.9718109,10.46,0.9859483,2.5231,0.0099945,-3.9918,3,2,11,False
5.5699,9.3255,-9.3255,0.0,O=c1c(O)c(-c2ccc(C(F)(F)F)c(C(F)(F)F)c2)oc2cccc(O)c12,2,c1cc2oc(-c3cc([*])c([*])cc3)c(O)c(=O)c2c(O)c1,C(F)(F)(*)F|FC(F)(*)F,,0.0,8.19,0.0,9.05,0.0,2.6441,0.0,-0.1282,3,2,11,False
5.2187,7.1791,75.6213,0.6468784,Cc1ccc(-c2oc3cccc(O)c3c(=O)c2O)cc1C(F)(F)F,1,c1cc2oc(-c3cc([*])c([*])cc3)c(O)c(=O)c2c(O)c1,FC(F)(F)*|*C,,0.3507051,7.572,0.9858924,10.951,0.9883733,2.4564,0.6608396,0.5794,3,2,11,True
4.4797,7.4413,-7.4413,0.0,O=c1c(O)c(-c2ccc(C(F)(F)F)c(C(F)(F)F)c2)oc2cccc(O)c12,2,c1cc2oc(-c3cc([*])c([*])cc3)c(O)c(=O)c2c(O)c1,FC(*)(F)F|FC(F)(F)*,,0.0,8.19,0.0,9.05,0.0,2.6441,0.0,-0.1282,3,2,11,False
4.8141,8.3081,-8.3081,0.0,O=c1c(O)c(-c2ccc(C(F)(F)F)c(C(F)(F)F)c2)oc2cccc(O)c12,2,c1cc2oc(-c3cc([*])c([*])cc3)c(O)c(=O)c2c(O)c1,C(*)(F)(F)F|FC(F)(*)F,,0.0,8.19,0.0,9.05,0.0,2.6441,0.0,-0.1282,3,2,11,False
3.9625,8.2478,-8.2478,0.0,O=c1c(O)c(-c2ccc(C(F)(F)F)c(C(F)(F)F)c2)oc2cccc(O)c12,2,c1cc2oc(-c3cc([*])c([*])cc3)c(O)c(=O)c2c(O)c1,*C(F)(F)F|FC(F)(F)*,,0.0,8.19,0.0,9.05,0.0,2.6441,0.0,-0.1282,3,2,11,False
4.005,8.2478,-8.2478,0.0,O=c1c(O)c(-c2ccc(C(F)(F)F)c(C(F)(F)F)c2)oc2cccc(O)c12,2,c1cc2oc(-c3cc([*])c([*])cc3)c(O)c(=O)c2c(O)c1,*C(F)(F)F|FC(F)(F)*,,0.0,8.19,0.0,9.05,0.0,2.6441,0.0,-0.1282,3,2,11,False
5.2258,9.8688,-9.8688,0.0,O=c1c(O)c(-c2ccc(C(F)(F)F)c(C(F)(F)F)c2)oc2cccc(O)c12,2,c1cc2oc(-c3cc([*])c([*])cc3)c(O)c(=O)c2c(O)c1,*C(F)(F)F|C(F)(*)(F)F,,0.0,8.19,0.0,9.05,0.0,2.6441,0.0,-0.1282,3,2,11,False
19.745,27.6489,-2.1848,0.1989382,CC(C)Cc1cc(-c2oc3cccc(O)c3c(=O)c2O)ccc1C=Cc1ccc(C(F)(F)F)cc1,1,c1cc2oc(-c3cc([*])c([*])cc3)c(O)c(=O)c2c(O)c1,C(*)C(C)C|*C=Cc1ccc(C(F)(F)F)cc1,,0.5601502,8.168,0.0620584,6.113,0.9728535,2.7565,0.0550589,-2.4692,3,2,11,False
3.4875,8.4473,-8.4473,0.0,O=c1c(O)c(-c2ccc(C(F)(F)F)c(C(F)(F)F)c2)oc2cccc(O)c12,2,c1cc2oc(-c3cc([*])c([*])cc3)c(O)c(=O)c2c(O)c1,*C(F)(F)F|FC(*)(F)F,,0.0,8.19,0.0,9.05,0.0,2.6441,0.0,-0.1282,3,2,11,False
9.3353,14.8561,54.9367,0.5452566,C=CCc1ccc(-c2oc3cccc(O)c3c(=O)c2O)cc1C(C)C,1,c1cc2oc(-c3cc([*])c([*])cc3)c(O)c(=O)c2c(O)c1,*C(C)C|C(C=C)*,,0.2431545,7.211,0.974046,10.519,0.9787458,2.6694,0.516328,0.0567,3,2,11,True
6.4982,9.9743,-9.9743,0.0,O=c1c(O)c(-c2ccc(C(F)(F)F)c(C(F)(F)F)c2)oc2cccc(O)c12,2,c1cc2oc(-c3cc([*])c([*])cc3)c(O)c(=O)c2c(O)c1,FC(F)(F)*|C(*)(F)(F)F,,0.0,8.19,0.0,9.05,0.0,2.6441,0.0,-0.1282,3,2,11,False
7.8323,11.3306,74.0139,0.6667541,O=c1c(O)c(-c2ccc(-c3ccccc3)c(C(F)(F)F)c2)oc2cccc(O)c12,1,c1cc2oc(-c3cc([*])c([*])cc3)c(O)c(=O)c2c(O)c1,FC(F)(F)*|c1(*)ccccc1,,0.5369894,8.103,0.9970405,12.044,0.9902987,2.3929,0.2909075,-0.7739,3,2,11,False
4.9386,7.812,-7.812,0.0,O=c1c(O)c(-c2ccc(C(F)(F)F)c(C(F)(F)F)c2)oc2cccc(O)c12,2,c1cc2oc(-c3cc([*])c([*])cc3)c(O)c(=O)c2c(O)c1,FC(F)(*)F|FC(F)(*)F,,0.0,8.19,0.0,9.05,0.0,2.6441,0.0,-0.1282,3,2,11,False
6.5721,9.6889,-9.6889,0.0,O=c1c(O)c(-c2ccc(C(F)(F)F)c(C(F)(F)F)c2)oc2cccc(O)c12,2,c1cc2oc(-c3cc([*])c([*])cc3)c(O)c(=O)c2c(O)c1,C(*)(F)(F)F|C(F)(F)(*)F,,0.0,8.19,0.0,9.05,0.0,2.6441,0.0,-0.1282,3,2,11,False
3.7829,7.7958,-7.7958,0.0,O=c1c(O)c(-c2ccc(C(F)(F)F)c(C(F)(F)F)c2)oc2cccc(O)c12,2,c1cc2oc(-c3cc([*])c([*])cc3)c(O)c(=O)c2c(O)c1,FC(F)(*)F|FC(*)(F)F,,0.0,8.19,0.0,9.05,0.0,2.6441,0.0,-0.1282,3,2,11,False
6.26,9.0898,-9.0898,0.0,O=c1c(O)c(-c2ccc(C(F)(F)F)c(C(F)(F)F)c2)oc2cccc(O)c12,2,c1cc2oc(-c3cc([*])c([*])cc3)c(O)c(=O)c2c(O)c1,C(F)(F)(*)F|FC(F)(F)*,,0.0,8.19,0.0,9.05,0.0,2.6441,0.0,-0.1282,3,2,11,False
23.4879,23.6768,-16.963,0.0524515,O=c1c(O)c(-c2ccc(C(F)(F)F)c(-c3ccc([N+](=O)[O-])o3)c2)oc2cccc(O)c12,1,c1cc2oc(-c3cc([*])c([*])cc3)c(O)c(=O)c2c(O)c1,c1cc([N+](=O)[O-])oc1*|C(F)(F)(*)F,,0.5997424,8.281,0.9983878,12.467,0.9655391,2.842,0.0,-47.8913,3,2,11,False
14.4645,16.3764,-9.5039,0.0536916,COCCNc1ccc(-c2oc3cccc(O)c3c(=O)c2O)cc1C,1,c1cc2oc(-c3cc([*])c([*])cc3)c(O)c(=O)c2c(O)c1,*C|C(COC)N*,,0.1449924,6.767,0.9149773,9.651,0.9897042,2.4137,4e-07,-12.8318,3,2,11,False
4.0598,8.4889,-8.4889,0.0,O=c1c(O)c(-c2ccc(C(F)(F)F)c(C(F)(F)F)c2)oc2cccc(O)c12,2,c1cc2oc(-c3cc([*])c([*])cc3)c(O)c(=O)c2c(O)c1,*C(F)(F)F|FC(F)(*)F,,0.0,8.19,0.0,9.05,0.0,2.6441,0.0,-0.1282,3,2,11,False
4.0974,6.7201,-6.7201,0.0,Cc1ccc(-c2oc3cccc(O)c3c(=O)c2O)cc1C(F)(F)F,2,c1cc2oc(-c3cc([*])c([*])cc3)c(O)c(=O)c2c(O)c1,FC(F)(*)F|*C,,0.0,7.572,0.0,10.951,0.0,2.4564,0.0,0.5794,3,2,11,True
6.3512,11.6797,-11.6797,0.0,O=c1c(O)c(-c2ccc(-c3ccccc3)c(C(F)(F)F)c2)oc2cccc(O)c12,2,c1cc2oc(-c3cc([*])c([*])cc3)c(O)c(=O)c2c(O)c1,*C(F)(F)F|c1(*)ccccc1,,0.0,8.103,0.0,12.044,0.0,2.3929,0.0,-0.7739,3,2,11,False
3.8872,8.2478,-8.2478,0.0,O=c1c(O)c(-c2ccc(C(F)(F)F)c(C(F)(F)F)c2)oc2cccc(O)c12,2,c1cc2oc(-c3cc([*])c([*])cc3)c(O)c(=O)c2c(O)c1,*C(F)(F)F|FC(F)(F)*,,0.0,8.19,0.0,9.05,0.0,2.6441,0.0,-0.1282,3,2,11,False
4.0739,7.812,-7.812,0.0,O=c1c(O)c(-c2ccc(C(F)(F)F)c(C(F)(F)F)c2)oc2cccc(O)c12,2,c1cc2oc(-c3cc([*])c([*])cc3)c(O)c(=O)c2c(O)c1,FC(F)(*)F|FC(F)(*)F,,0.0,8.19,0.0,9.05,0.0,2.6441,0.0,-0.1282,3,2,11,False
5.6708,11.0031,-11.0031,0.0,O=c1c(O)c(-c2ccc(-c3ccccc3)c(C(F)(F)F)c2)oc2cccc(O)c12,2,c1cc2oc(-c3cc([*])c([*])cc3)c(O)c(=O)c2c(O)c1,FC(*)(F)F|c1(*)ccccc1,,0.0,8.103,0.0,12.044,0.0,2.3929,0.0,-0.7739,3,2,11,False
6.1748,8.253,-8.253,0.0,Cc1ccc(-c2oc3cccc(O)c3c(=O)c2O)cc1C(F)(F)F,2,c1cc2oc(-c3cc([*])c([*])cc3)c(O)c(=O)c2c(O)c1,C(F)(F)(*)F|*C,,0.0,7.572,0.0,10.951,0.0,2.4564,0.0,0.5794,3,2,11,True
5.4013,10.3123,-10.3123,0.0,O=c1c(O)c(-c2ccc(C(F)(F)F)c(C(F)(F)F)c2)oc2cccc(O)c12,2,c1cc2oc(-c3cc([*])c([*])cc3)c(O)c(=O)c2c(O)c1,*C(F)(F)F|C(*)(F)(F)F,,0.0,8.19,0.0,9.05,0.0,2.6441,0.0,-0.1282,3,2,11,False
5.5332,9.116,-9.116,0.0,O=c1c(O)c(-c2ccc(C(F)(F)F)c(C(F)(F)F)c2)oc2cccc(O)c12,2,c1cc2oc(-c3cc([*])c([*])cc3)c(O)c(=O)c2c(O)c1,FC(F)(*)F|C(F)(F)(*)F,,0.0,8.19,0.0,9.05,0.0,2.6441,0.0,-0.1282,3,2,11,False
25.4705,29.4872,-28.6688,0.0063937,C=CCc1cc(-c2oc3cccc(O)c3c(=O)c2O)ccc1NC=C1C=CCCCC1,1,c1cc2oc(-c3cc([*])c([*])cc3)c(O)c(=O)c2c(O)c1,*CC=C|N(*)C=C1CCCCC=C1,,1e-05,0.0,0.5466353,8.13,0.9133496,3.1817,0.0048952,-4.6162,3,2,11,False
4.1198,7.4413,-7.4413,0.0,O=c1c(O)c(-c2ccc(C(F)(F)F)c(C(F)(F)F)c2)oc2cccc(O)c12,2,c1cc2oc(-c3cc([*])c([*])cc3)c(O)c(=O)c2c(O)c1,FC(*)(F)F|FC(F)(F)*,,0.0,8.19,0.0,9.05,0.0,2.6441,0.0,-0.1282,3,2,11,False
5.2931,8.3337,74.9599,0.6507313,Cc1ccc(-c2oc3cccc(O)c3c(=O)c2O)cc1C(C)C,1,c1(-c2c(O)c(=O)c3c(O)cccc3o2)cc([*])c([*])cc1,C(C)(C)*|C*,,0.3699404,7.63,0.9671804,10.351,0.9903793,2.3899,0.6334585,0.4752,4,2,12,True
5.7426,8.3428,-8.3428,0.0,Cc1ccc(-c2oc3cccc(O)c3c(=O)c2O)cc1C(C)C,2,c1(-c2c(O)c(=O)c3c(O)cccc3o2)cc([*])c([*])cc1,C(C)(C)*|*C,,0.0,7.63,0.0,10.351,0.0,2.3899,0.0,0.4752,4,2,12,True
5.0266,8.3428,-8.3428,0.0,Cc1ccc(-c2oc3cccc(O)c3c(=O)c2O)cc1C(C)C,2,c1(-c2c(O)c(=O)c3c(O)cccc3o2)cc([*])c([*])cc1,C(C)(C)*|*C,,0.0,7.63,0.0,10.351,0.0,2.3899,0.0,0.4752,4,2,12,True
5.8045,8.9506,78.038,0.6795982,O=c1c(O)c(-c2ccc(C(F)(F)F)c(C(F)(F)F)c2)oc2cccc(O)c12,1,c1(-c2c(O)c(=O)c3c(O)cccc3o2)cc([*])c([*])cc1,FC(F)(*)F|FC(*)(F)F,,0.5679351,8.19,0.81922,9.05,0.9802079,2.6441,0.4631605,-0.1282,4,2,12,False
19.8399,23.7906,55.6,0.6202396,O=c1c(O)c(-c2ccc(N3CCCC3)c(-c3cc(F)cc(F)c3)c2)oc2cccc(O)c12,1,c1(-c2c(O)c(=O)c3c(O)cccc3o2)cc([*])c([*])cc1,*c1cc(F)cc(F)c1|C1CCN(*)C1,,0.6759865,8.511,0.694299,8.57,0.9819674,2.6112,0.2463215,-0.9714,4,2,12,False
9.2227,13.5497,71.7948,0.6667541,O=c1c(O)c(-c2ccc(-c3ccccc3)c(C(F)(F)F)c2)oc2cccc(O)c12,1,c1(-c2c(O)c(=O)c3c(O)cccc3o2)cc([*])c([*])cc1,C(F)(F)(F)*|c1ccc(*)cc1,,0.5369894,8.103,0.9970405,12.044,0.9902987,2.3929,0.2909075,-0.7739,4,2,12,False
5.8011,10.8971,65.2868,0.5951863,CC(C)c1ccc(-c2oc3cccc(O)c3c(=O)c2O)cc1C(C)C,1,c1(-c2c(O)c(=O)c3c(O)cccc3o2)cc([*])c([*])cc1,CC(C)*|CC(*)C,,0.353989,7.582,0.9512825,10.065,0.986141,2.5182,0.4043107,-0.3366,4,2,12,False
6.0193,1.5756,74.6246,0.5953139,Cc1ccc(-c2oc3cccc(O)c3c(=O)c2O)cc1C,1,c1(-c2c(O)c(=O)c3c(O)cccc3o2)cc([*])c([*])cc1,C*|*C,,0.2544496,7.253,0.9774463,10.619,0.9937705,2.2377,0.8148294,1.287,4,2,12,True
11.083,15.8039,70.7671,0.6763358,O=c1c(O)c(-c2ccc(-c3ccc(F)cc3)c(C(F)(F)F)c2)oc2cccc(O)c12,1,c1(-c2c(O)c(=O)c3c(O)cccc3o2)cc([*])c([*])cc1,C(F)(*)(F)F|c1c(F)ccc(*)c1,,0.5921186,8.259,0.9905134,11.23,0.9884129,2.4552,0.259129,-0.9125,4,2,12,False
8.1995,10.708,-10.708,0.0,O=c1c(O)c(-c2ccc(C(F)(F)F)c(C(F)(F)F)c2)oc2cccc(O)c12,2,c1(-c2c(O)c(=O)c3c(O)cccc3o2)cc([*])c([*])cc1,FC(F)(F)*|C(*)(F)(F)F,,0.0,8.19,0.0,9.05,0.0,2.6441,0.0,-0.1282,4,2,12,False
7.5169,6.9199,75.8805,0.6468784,Cc1ccc(-c2oc3cccc(O)c3c(=O)c2O)cc1C(F)(F)F,1,c1(-c2c(O)c(=O)c3c(O)cccc3o2)cc([*])c([*])cc1,*C(F)(F)F|*C,,0.3507051,7.572,0.9858924,10.951,0.9883733,2.4564,0.6608396,0.5794,4,2,12,True
3.7723,11.6322,-11.6322,0.0,CC(C)c1ccc(-c2oc3cccc(O)c3c(=O)c2O)cc1C(C)C,2,c1(-c2c(O)c(=O)c3c(O)cccc3o2)cc([*])c([*])cc1,*C(C)C|CC(C)*,,0.0,7.582,0.0,10.065,0.0,2.5182,0.0,-0.3366,4,2,12,False
7.6339,14.9331,61.6381,0.5982126,CCCc1cc(-c2oc3cccc(O)c3c(=O)c2O)ccc1CC,1,c1(-c2c(O)c(=O)c3c(O)cccc3o2)cc([*])c([*])cc1,C(C)C*|CC*,,0.2972158,7.402,0.9620302,10.246,0.9885656,2.4506,0.6110687,0.3924,4,2,12,True
5.3995,12.8702,-12.8702,0.0,CC(C)c1ccc(-c2oc3cccc(O)c3c(=O)c2O)cc1C(C)C,2,c1(-c2c(O)c(=O)c3c(O)cccc3o2)cc([*])c([*])cc1,C(C)(*)C|CC(*)C,,0.0,7.582,0.0,10.065,0.0,2.5182,0.0,-0.3366,4,2,12,False
5.1722,6.8232,-6.8232,0.0,Cc1ccc(-c2oc3cccc(O)c3c(=O)c2O)cc1C(C)C,2,c1(-c2c(O)c(=O)c3c(O)cccc3o2)cc([*])c([*])cc1,CC(C)*|C*,,0.0,7.63,0.0,10.351,0.0,2.3899,0.0,0.4752,4,2,12,True
9.8976,20.7284,52.388,0.5712215,CC=Cc1ccc(-c2oc3cccc(O)c3c(=O)c2O)cc1C(C)C,1,c1(-c2c(O)c(=O)c3c(O)cccc3o2)cc([*])c([*])cc1,*C(C)C|C(=C*)C,,0.2972158,7.402,0.9860119,10.957,0.9761792,2.7099,0.4294783,-0.2467,4,2,12,False
5.1228,7.0219,-7.0219,0.0,Cc1ccc(-c2oc3cccc(O)c3c(=O)c2O)cc1C(F)(F)F,2,c1(-c2c(O)c(=O)c3c(O)cccc3o2)cc([*])c([*])cc1,FC(*)(F)F|*C,,0.0,7.572,0.0,10.951,0.0,2.4564,0.0,0.5794,4,2,12,True
6.4373,14.3418,78.9128,0.7285509,CC(C)c1cc(-c2oc3cccc(O)c3c(=O)c2O)ccc1C(F)(F)F,1,c1(-c2c(O)c(=O)c3c(O)cccc3o2)cc([*])c([*])cc1,C(C)(C)*|FC(*)(F)F,,0.5935081,8.263,0.9826264,10.804,0.982895,2.5925,0.4335012,-0.2324,4,2,12,False
6.9801,13.7421,-13.7421,0.0,CC(C)c1cc(-c2oc3cccc(O)c3c(=O)c2O)ccc1C(F)(F)F,2,c1(-c2c(O)c(=O)c3c(O)cccc3o2)cc([*])c([*])cc1,C(C)(*)C|*C(F)(F)F,,0.0,8.263,0.0,10.804,0.0,2.5925,0.0,-0.2324,4,2,12,False
7.113,13.0895,-13.0895,0.0,O=c1c(O)c(-c2ccc(-c3ccccc3)c(C(F)(F)F)c2)oc2cccc(O)c12,2,c1(-c2c(O)c(=O)c3c(O)cccc3o2)cc([*])c([*])cc1,FC(*)(F)F|c1ccccc1*,,0.0,8.103,0.0,12.044,0.0,2.3929,0.0,-0.7739,4,2,12,False
8.1978,18.5827,62.4262,0.6328824,CC(C)c1cc(-c2oc3cccc(O)c3c(=O)c2O)ccc1C1CCCCC1,1,c1(-c2c(O)c(=O)c3c(O)cccc3o2)cc([*])c([*])cc1,C(*)(C)C|*C1CCCCC1,,0.635077,8.385,0.8738692,9.345,0.9830024,2.5903,0.1903832,-1.2573,4,2,12,False
7.2182,14.6223,76.5898,0.7125942,CC(C)c1cc(-c2oc3cccc(O)c3c(=O)c2O)ccc1-c1ccccc1,1,c1(-c2c(O)c(=O)c3c(O)cccc3o2)cc([*])c([*])cc1,*C(C)C|c1c(*)cccc1,,0.6753557,8.509,0.994424,11.602,0.9912694,2.3559,0.2667968,-0.8781,4,2,12,False
4.9559,8.903,-8.903,0.0,O=c1c(O)c(-c2ccc(C(F)(F)F)c(C(F)(F)F)c2)oc2cccc(O)c12,2,c1(-c2c(O)c(=O)c3c(O)cccc3o2)cc([*])c([*])cc1,*C(F)(F)F|FC(*)(F)F,,0.0,8.19,0.0,9.05,0.0,2.6441,0.0,-0.1282,4,2,12,False
11.8843,15.1753,50.9007,0.5162183,CC(C)(C)c1ccc(-c2oc3cccc(O)c3c(=O)c2O)cc1C(C)(C)C,1,c1(-c2c(O)c(=O)c3c(O)cccc3o2)cc([*])c([*])cc1,CC(C)(*)C|C(C)(C)(*)C,,0.3516887,7.575,0.7129021,8.632,0.9820192,2.6102,0.3128452,-0.6835,4,2,12,False
4.0234,8.3197,-8.3197,0.0,Cc1ccc(-c2oc3cccc(O)c3c(=O)c2O)cc1C(C)C,2,c1(-c2c(O)c(=O)c3c(O)cccc3o2)cc([*])c([*])cc1,*C(C)C|*C,,0.0,7.63,0.0,10.351,0.0,2.3899,0.0,0.4752,4,2,12,True
6.8776,10.4116,-10.4116,0.0,O=c1c(O)c(-c2ccc(C(F)(F)F)c(C(F)(F)F)c2)oc2cccc(O)c12,2,c1(-c2c(O)c(=O)c3c(O)cccc3o2)cc([*])c([*])cc1,FC(*)(F)F|C(*)(F)(F)F,,0.0,8.19,0.0,9.05,0.0,2.6441,0.0,-0.1282,4,2,12,False
5.4381,7.056,-7.056,0.0,Cc1ccc(-c2oc3cccc(O)c3c(=O)c2O)cc1C(C)C,2,c1(-c2c(O)c(=O)c3c(O)cccc3o2)cc([*])c([*])cc1,CC(*)C|*C,,0.0,7.63,0.0,10.351,0.0,2.3899,0.0,0.4752,4,2,12,True
9.4302,17.8249,54.4893,0.5649548,C=CCc1ccc(-c2oc3cccc(O)c3c(=O)c2O)cc1C(C)(C)C,1,c1(-c2c(O)c(=O)c3c(O)cccc3o2)cc([*])c([*])cc1,*C(C)(C)C|C(C*)=C,,0.285921,7.364,0.9581165,10.175,0.9773506,2.692,0.4664698,-0.1167,4,2,12,False
6.3171,8.0002,-8.0002,0.0,Cc1ccc(-c2oc3cccc(O)c3c(=O)c2O)cc1C(F)(F)F,2,c1(-c2c(O)c(=O)c3c(O)cccc3o2)cc([*])c([*])cc1,*C(F)(F)F|C*,,0.0,7.572,0.0,10.951,0.0,2.4564,0.0,0.5794,4,2,12,True
6.2694,12.9972,-12.9972,0.0,CC(C)c1ccc(-c2oc3cccc(O)c3c(=O)c2O)cc1C(C)C,2,c1(-c2c(O)c(=O)c3c(O)cccc3o2)cc([*])c([*])cc1,*C(C)C|C(C)(C)*,,0.0,7.582,0.0,10.065,0.0,2.5182,0.0,-0.3366,4,2,12,False
6.0824,6.9806,70.7586,0.6073372,CCc1cc(-c2oc3cccc(O)c3c(=O)c2O)ccc1C,1,c1(-c2c(O)c(=O)c3c(O)cccc3o2)cc([*])c([*])cc1,C(*)C|*C,,0.2771885,7.334,0.976041,10.576,0.9914535,2.3484,0.7668192,1.034,4,2,12,True
7.6401,11.2634,68.7293,0.6249432,CC(C)c1ccc(-c2oc3cccc(O)c3c(=O)c2O)cc1C(F)(F)F,1,c1(-c2c(O)c(=O)c3c(O)cccc3o2)cc([*])c([*])cc1,*C(F)(F)F|CC(C)*,,0.3803977,7.661,0.9888569,11.117,0.9834381,2.5811,0.4335012,-0.2324,4,2,12,False
8.954,9.839,-5.1524,0.0366138,CC(C)c1cc(-c2oc3cccc(O)c3c(=O)c2O)ccc1N,1,[*]c1ccc(-c2c(O)c(=O)c3c(cccc3O)o2)cc1[*],N*|C(C)(*)C,,0.2186386,7.115,0.9717319,10.458,0.9862716,2.5149,0.0,-17.5976,5,2,13,False
7.9626,15.1381,76.074,0.7125942,CC(C)c1cc(-c2oc3cccc(O)c3c(=O)c2O)ccc1-c1ccccc1,1,[*]c1ccc(-c2c(O)c(=O)c3c(cccc3O)o2)cc1[*],c1cc(*)ccc1|C(C)(C)*,,0.6753557,8.509,0.994424,11.602,0.9912694,2.3559,0.2667968,-0.8781,5,2,13,False
6.5203,8.3835,74.9101,0.6507313,Cc1ccc(-c2oc3cccc(O)c3c(=O)c2O)cc1C(C)C,1,[*]c1ccc(-c2c(O)c(=O)c3c(cccc3O)o2)cc1[*],*C|CC(*)C,,0.3699404,7.63,0.9671804,10.351,0.9903793,2.3899,0.6334585,0.4752,5,2,13,True
8.4043,14.2522,55.8687,0.5478195,CCCc1cc(-c2oc3cccc(O)c3c(=O)c2O)ccc1C(C)C,1,[*]c1ccc(-c2c(O)c(=O)c3c(cccc3O)o2)cc1[*],*C(C)C|C(*)CC,,0.2588425,7.269,0.9783482,10.648,0.9861932,2.5169,0.4522589,-0.1664,5,2,13,False
7.3612,9.0503,82.4203,0.7146137,Cc1cc(-c2oc3cccc(O)c3c(=O)c2O)ccc1-c1ccccc1,1,[*]c1ccc(-c2c(O)c(=O)c3c(cccc3O)o2)cc1[*],c1(*)ccccc1|C*,,0.5262397,8.073,0.9981626,12.376,0.9942502,2.2097,0.4809299,-0.0663,5,2,13,False
6.0944,9.9757,66.2081,0.5951863,CC(C)c1ccc(-c2oc3cccc(O)c3c(=O)c2O)cc1C(C)C,1,[*]c1ccc(-c2c(O)c(=O)c3c(cccc3O)o2)cc1[*],C(C)(*)C|CC(C)*,,0.353989,7.582,0.9512825,10.065,0.986141,2.5182,0.4043107,-0.3366,5,2,13,False
8.8118,14.1908,60.9945,0.5873847,CC(C)c1ccc(-c2oc3cccc(O)c3c(=O)c2O)cc1C(C)(C)C,1,[*]c1ccc(-c2c(O)c(=O)c3c(cccc3O)o2)cc1[*],CC(*)C|CC(*)(C)C,,0.3572869,7.592,0.9580008,10.173,0.9838215,2.5728,0.3572791,-0.51,5,2,13,False
10.6481,15.1489,20.9202,0.2817893,CCNc1ccc(-c2oc3cccc(O)c3c(=O)c2O)cc1C(C)C,1,[*]c1ccc(-c2c(O)c(=O)c3c(cccc3O)o2)cc1[*],C(C)N*|CC(C)*,,0.1892415,6.989,0.9529231,10.09,0.9854575,2.5352,0.0118855,-3.8396,5,2,13,False
8.3796,13.4536,71.8909,0.6667541,O=c1c(O)c(-c2ccc(-c3ccccc3)c(C(F)(F)F)c2)oc2cccc(O)c12,1,[*]c1ccc(-c2c(O)c(=O)c3c(cccc3O)o2)cc1[*],c1(*)ccccc1|*C(F)(F)F,,0.5369894,8.103,0.9970405,12.044,0.9902987,2.3929,0.2909075,-0.7739,5,2,13,False
12.3314,14.8403,57.3817,0.5642338,CCCc1ccc(-c2oc3cccc(O)c3c(=O)c2O)cc1C(F)(F)F,1,[*]c1ccc(-c2c(O)c(=O)c3c(cccc3O)o2)cc1[*],*CCC|FC(F)(*)F,,0.2725988,7.318,0.9836981,10.849,0.9855573,2.5328,0.4821095,-0.0622,5,2,13,False
10.9548,19.88,47.7859,0.5286397,CC(C)(C)c1cc(-c2oc3cccc(O)c3c(=O)c2O)ccc1C=Cc1ccccc1,1,[*]c1ccc(-c2c(O)c(=O)c3c(cccc3O)o2)cc1[*],c1(C=C*)ccccc1|CC(C)(C)*,,0.4030246,7.727,0.9296793,9.794,0.9836474,2.5766,0.1433313,-1.5529,5,2,13,False
14.0439,21.225,61.7142,0.6479625,C=Cc1ccc(-c2oc3cccc(O)c3c(=O)c2O)cc1CC=C(C)C,1,[*]c1ccc(-c2c(O)c(=O)c3c(cccc3O)o2)cc1[*],C(=C)*|C(C)(C)=CC*,,0.4331245,7.813,0.9740096,10.518,0.9637203,2.8606,0.4308277,-0.2419,5,2,13,False
7.2974,15.4501,62.4591,0.6086656,CC(C)c1cc(-c2oc3cccc(O)c3c(=O)c2O)ccc1C(C)(C)C,1,[*]c1ccc(-c2c(O)c(=O)c3c(cccc3O)o2)cc1[*],C(C)(C)(C)*|CC(*)C,,0.3919959,7.695,0.9671804,10.351,0.982524,2.6001,0.3572791,-0.51,5,2,13,False
5.2727,7.2553,58.6251,0.5146903,C=CCc1ccc(-c2oc3cccc(O)c3c(=O)c2O)cc1C,1,[*]c1ccc(-c2c(O)c(=O)c3c(cccc3O)o2)cc1[*],C=CC*|*C,,0.1750967,6.923,0.9856094,10.937,0.9849184,2.548,0.7310495,0.8685,5,2,13,True
9.4418,9.8135,69.7838,0.621854,C=CCc1cc(-c2oc3cccc(O)c3c(=O)c2O)ccc1C,1,[*]c1ccc(-c2c(O)c(=O)c3c(cccc3O)o2)cc1[*],*C|C(C=C)*,,0.306924,7.434,0.9656868,10.319,0.9839044,2.571,0.7310495,0.8685,5,2,13,True
11.5677,13.9727,77.0801,0.7113498,CCc1cc(-c2oc3cccc(O)c3c(=O)c2O)ccc1C(F)(F)F,1,[*]c1ccc(-c2c(O)c(=O)c3c(cccc3O)o2)cc1[*],C(F)(F)(*)F|*CC,,0.4838156,7.955,0.9835358,10.842,0.9851692,2.5421,0.5928534,0.3264,5,2,13,True
9.8918,9.9546,68.8202,0.6154279,CC(C)=CCc1ccc(-c2oc3cccc(O)c3c(=O)c2O)cc1C,1,[*]c1ccc(-c2c(O)c(=O)c3c(cccc3O)o2)cc1[*],C(C)(C)=CC*|C*,,0.3335406,7.519,0.9940617,11.558,0.9817148,2.6161,0.526281,0.0914,5,2,13,True
7.0219,12.9117,53.1642,0.5162183,CC(C)(C)c1ccc(-c2oc3cccc(O)c3c(=O)c2O)cc1C(C)(C)C,1,[*]c1ccc(-c2c(O)c(=O)c3c(cccc3O)o2)cc1[*],C(C)(C)(*)C|CC(C)(*)C,,0.3516887,7.575,0.7129021,8.632,0.9820192,2.6102,0.3128452,-0.6835,5,2,13,False
12.6969,14.9302,62.3826,0.6040062,C=Cc1cc(-c2oc3cccc(O)c3c(=O)c2O)ccc1C,1,[*]c1ccc(-c2c(O)c(=O)c3c(cccc3O)o2)cc1[*],*C|*C=C,,0.2754618,7.328,0.9791855,10.676,0.9842818,2.5626,0.7498861,0.9537,5,2,13,True
9.8678,13.4027,52.6967,0.5164016,CCCc1ccc(-c2oc3cccc(O)c3c(=O)c2O)cc1CC,1,[*]c1ccc(-c2c(O)c(=O)c3c(cccc3O)o2)cc1[*],C(*)CC|*CC,,0.1914595,6.999,0.981009,10.741,0.9887304,2.4455,0.6110687,0.3924,5,2,13,True
10.189,11.1988,55.2652,0.5192498,CCCCc1ccc(-c2oc3cccc(O)c3c(=O)c2O)cc1C,1,[*]c1ccc(-c2c(O)c(=O)c3c(cccc3O)o2)cc1[*],*CCCC|*C,,0.2016853,7.044,0.9711329,10.443,0.9912127,2.3582,0.573392,0.2568,5,2,13,True
8.3815,10.1521,76.8364,0.6795982,O=c1c(O)c(-c2ccc(C(F)(F)F)c(C(F)(F)F)c2)oc2cccc(O)c12,1,[*]c1ccc(-c2c(O)c(=O)c3c(cccc3O)o2)cc1[*],C(F)(*)(F)F|FC(*)(F)F,,0.5679351,8.19,0.81922,9.05,0.9802079,2.6441,0.4631605,-0.1282,5,2,13,False
7.3606,15.1381,-15.1381,0.0,CC(C)c1cc(-c2oc3cccc(O)c3c(=O)c2O)ccc1-c1ccccc1,2,[*]c1ccc(-c2c(O)c(=O)c3c(cccc3O)o2)cc1[*],c1cc(*)ccc1|C(C)(C)*,,0.0,8.509,0.0,11.602,0.0,2.3559,0.0,-0.8781,5,2,13,False
7.6179,13.092,-13.092,0.0,O=c1c(O)c(-c2ccc(-c3ccccc3)c(C(F)(F)F)c2)oc2cccc(O)c12,2,[*]c1ccc(-c2c(O)c(=O)c3c(cccc3O)o2)cc1[*],c1cccc(*)c1|FC(F)(*)F,,0.0,8.103,0.0,12.044,0.0,2.3929,0.0,-0.7739,5,2,13,False
5.1115,11.1667,-11.1667,0.0,CC(C)c1ccc(-c2oc3cccc(O)c3c(=O)c2O)cc1C(C)C,2,[*]c1ccc(-c2c(O)c(=O)c3c(cccc3O)o2)cc1[*],*C(C)C|C(C)(C)*,,0.0,7.582,0.0,10.065,0.0,2.5182,0.0,-0.3366,5,2,13,False
7.4704,12.3741,49.0213,0.4796513,C=CCc1ccc(-c2oc3cccc(O)c3c(=O)c2O)cc1CC=C,1,[*]c1ccc(-c2c(O)c(=O)c3c(cccc3O)o2)cc1[*],C=CC*|C(*)C=C,,0.1594697,6.845,0.9508135,10.058,0.9711497,2.7783,0.6267282,0.4501,5,2,13,True
6.6287,7.9423,-7.9423,0.0,Cc1ccc(-c2oc3cccc(O)c3c(=O)c2O)cc1C(C)C,2,[*]c1ccc(-c2c(O)c(=O)c3c(cccc3O)o2)cc1[*],C*|CC(C)*,,0.0,7.63,0.0,10.351,0.0,2.3899,0.0,0.4752,5,2,13,True
10.9989,16.5238,64.9631,0.6366159,CC(C)(C)c1cc(-c2oc3cccc(O)c3c(=O)c2O)ccc1-c1ccccc1,1,[*]c1ccc(-c2c(O)c(=O)c3c(cccc3O)o2)cc1[*],c1(*)ccccc1|C(*)(C)(C)C,,0.5212142,8.059,0.9960461,11.842,0.9905177,2.3848,0.229596,-1.0515,5,2,13,False
8.0951,14.1244,55.6684,0.5452566,C=CCc1ccc(-c2oc3cccc(O)c3c(=O)c2O)cc1C(C)C,1,[*]c1ccc(-c2c(O)c(=O)c3c(cccc3O)o2)cc1[*],C(C*)=C|CC(C)*,,0.2431545,7.211,0.974046,10.519,0.9787458,2.6694,0.516328,0.0567,5,2,13,True
6.6332,14.6134,-14.6134,0.0,C=CCc1ccc(-c2oc3cccc(O)c3c(=O)c2O)cc1C(C)C,2,[*]c1ccc(-c2c(O)c(=O)c3c(cccc3O)o2)cc1[*],C(C=C)*|CC(C)*,,0.0,7.211,0.0,10.519,0.0,2.6694,0.0,0.0567,5,2,13,True
9.9634,14.6841,25.07,0.3105794,C=CCNc1ccc(-c2oc3cccc(O)c3c(=O)c2O)cc1C(F)(F)F,1,[*]c1ccc(-c2c(O)c(=O)c3c(cccc3O)o2)cc1[*],N(*)CC=C|FC(*)(F)F,,0.2452794,7.219,0.9850477,10.91,0.9763691,2.7071,0.0115947,-3.8613,5,2,13,False
5.0688,8.9473,-8.9473,0.0,CC(C)c1ccc(-c2oc3cccc(O)c3c(=O)c2O)cc1C(C)C,2,[*]c1ccc(-c2c(O)c(=O)c3c(cccc3O)o2)cc1[*],CC(C)*|CC(C)*,,0.0,7.582,0.0,10.065,0.0,2.5182,0.0,-0.3366,5,2,13,False
6.7651,11.2932,68.6995,0.6249432,CC(C)c1ccc(-c2oc3cccc(O)c3c(=O)c2O)cc1C(F)(F)F,1,o1c2cccc(O)c2c(=O)c(O)c1-c1ccc([*])c([*])c1,*C(C)C|*C(F)(F)F,,0.3803977,7.661,0.9888569,11.117,0.9834381,2.5811,0.4335012,-0.2324,6,2,14,False
12.2849,17.2094,66.8902,0.6570281,Cc1cccc(-c2cc(-c3oc4cccc(O)c4c(=O)c3O)ccc2C(F)(F)F)c1,1,o1c2cccc(O)c2c(=O)c(O)c1-c1ccc([*])c([*])c1,FC(*)(F)F|c1(*)cc(C)ccc1,,0.5763898,8.214,0.998521,12.527,0.9867454,2.5025,0.2236231,-1.0811,6,2,14,False
4.1203,8.5619,70.283,0.615976,Cc1cc(-c2oc3cccc(O)c3c(=O)c2O)ccc1C(C)C,1,o1c2cccc(O)c2c(=O)c(O)c1-c1ccc([*])c([*])c1,*C(C)C|*C,,0.3078431,7.437,0.9934176,11.486,0.9907497,2.3762,0.6334585,0.4752,6,2,14,True
11.3162,14.8622,57.0056,0.5614671,C=CC(C)c1ccc(-c2oc3cccc(O)c3c(=O)c2O)cc1C,1,o1c2cccc(O)c2c(=O)c(O)c1-c1ccc([*])c([*])c1,C(C(*)C)=C|C*,,0.2520005,7.244,0.9933037,11.474,0.9179735,3.1609,0.588217,0.3097,6,2,14,True
5.2584,8.7683,-8.7683,0.0,Cc1cc(-c2oc3cccc(O)c3c(=O)c2O)ccc1C(C)C,2,o1c2cccc(O)c2c(=O)c(O)c1-c1ccc([*])c([*])c1,C(C)(C)*|C*,,0.0,7.437,0.0,11.486,0.0,2.3762,0.0,0.4752,6,2,14,True
8.643,11.0279,75.9606,0.6795982,O=c1c(O)c(-c2ccc(C(F)(F)F)c(C(F)(F)F)c2)oc2cccc(O)c12,1,o1c2cccc(O)c2c(=O)c(O)c1-c1ccc([*])c([*])c1,*C(F)(F)F|C(F)(*)(F)F,,0.5679351,8.19,0.81922,9.05,0.9802079,2.6441,0.4631605,-0.1282,6,2,14,False
6.6981,11.047,69.1921,0.6268678,CCCc1cc(-c2oc3cccc(O)c3c(=O)c2O)ccc1C,1,o1c2cccc(O)c2c(=O)c(O)c1-c1ccc([*])c([*])c1,*C|C(C)C*,,0.3300309,7.508,0.9463959,9.995,0.99089,2.3708,0.677667,0.6454,6,2,14,True
8.4704,11.8757,52.3324,0.5016262,CCCc1ccc(-c2oc3cccc(O)c3c(=O)c2O)cc1C,1,o1c2cccc(O)c2c(=O)c(O)c1-c1ccc([*])c([*])c1,*CCC|*C,,0.1675384,6.886,0.9860911,10.961,0.9910874,2.3631,0.677667,0.6454,6,2,14,True
5.0887,1.5557,74.6445,0.5953139,Cc1ccc(-c2oc3cccc(O)c3c(=O)c2O)cc1C,1,o1c2cccc(O)c2c(=O)c(O)c1-c1ccc([*])c([*])c1,C*|*C,,0.2544496,7.253,0.9774463,10.619,0.9937705,2.2377,0.8148294,1.287,6,2,14,True
7.1719,14.3751,67.4189,0.6390156,Cc1ccc(-c2oc3cccc(O)c3c(=O)c2O)cc1C(F)F,1,o1c2cccc(O)c2c(=O)c(O)c1-c1ccc([*])c([*])c1,C*|C(F)(F)*,,0.3361047,7.527,0.9827976,10.811,0.9828599,2.5932,0.681388,0.6603,6,2,14,True
5.2104,10.2204,-10.2204,0.0,O=c1c(O)c(-c2ccc(C(F)(F)F)c(C(F)(F)F)c2)oc2cccc(O)c12,2,o1c2cccc(O)c2c(=O)c(O)c1-c1ccc([*])c([*])c1,FC(F)(F)*|FC(*)(F)F,,0.0,8.19,0.0,9.05,0.0,2.6441,0.0,-0.1282,6,2,14,False
8.4513,13.6781,77.3746,0.7113498,CCc1cc(-c2oc3cccc(O)c3c(=O)c2O)ccc1C(F)(F)F,1,o1c2cccc(O)c2c(=O)c(O)c1-c1ccc([*])c([*])c1,FC(*)(F)F|CC*,,0.4838156,7.955,0.9835358,10.842,0.9851692,2.5421,0.5928534,0.3264,6,2,14,True
2.5428,1.5406,-1.5406,0.0,Cc1ccc(-c2oc3cccc(O)c3c(=O)c2O)cc1C,2,o1c2cccc(O)c2c(=O)c(O)c1-c1ccc([*])c([*])c1,*C|*C,,0.0,7.253,0.0,10.619,0.0,2.2377,0.0,1.287,6,2,14,True
3.2658,1.5406,-1.5406,0.0,Cc1ccc(-c2oc3cccc(O)c3c(=O)c2O)cc1C,2,o1c2cccc(O)c2c(=O)c(O)c1-c1ccc([*])c([*])c1,*C|*C,,0.0,7.253,0.0,10.619,0.0,2.2377,0.0,1.287,6,2,14,True
14.9184,10.8023,-6.2831,0.0353062,CCCc1cc(-c2oc3cccc(O)c3c(=O)c2O)ccc1N,1,o1c2cccc(O)c2c(=O)c(O)c1-c1ccc([*])c([*])c1,N*|CCC*,,0.2000682,7.037,0.9565291,10.148,0.9877074,2.476,0.0,-17.5937,6,2,14,False
7.4863,13.9456,74.8805,0.6939538,CCc1cc(-c2oc3cccc(O)c3c(=O)c2O)ccc1-c1ccccc1,1,o1c2cccc(O)c2c(=O)c(O)c1-c1ccc([*])c([*])c1,c1(*)ccccc1|C(C)*,,0.5201367,8.056,0.9959311,11.822,0.9928216,2.2873,0.4091256,-0.3193,6,2,14,False
7.5452,15.5154,71.4464,0.6793893,O=c1c(O)c(-c2ccc(C(F)F)c(C(F)(F)F)c2)oc2cccc(O)c12,1,o1c2cccc(O)c2c(=O)c(O)c1-c1ccc([*])c([*])c1,*C(F)F|*C(F)(F)F,,0.4619372,7.894,0.9878122,11.054,0.9747299,2.731,0.4863771,-0.0473,6,2,14,False
7.9384,11.3586,-11.3586,0.0,O=c1c(O)c(-c2ccc(C(F)(F)F)c(C(F)(F)F)c2)oc2cccc(O)c12,2,o1c2cccc(O)c2c(=O)c(O)c1-c1ccc([*])c([*])c1,C(*)(F)(F)F|FC(*)(F)F,,0.0,8.19,0.0,9.05,0.0,2.6441,0.0,-0.1282,6,2,14,False
2.9027,1.536,-1.536,0.0,Cc1ccc(-c2oc3cccc(O)c3c(=O)c2O)cc1C,2,o1c2cccc(O)c2c(=O)c(O)c1-c1ccc([*])c([*])c1,*C|C*,,0.0,7.253,0.0,10.619,0.0,2.2377,0.0,1.287,6,2,14,True
7.6433,13.6781,-13.6781,0.0,CCc1cc(-c2oc3cccc(O)c3c(=O)c2O)ccc1C(F)(F)F,2,o1c2cccc(O)c2c(=O)c(O)c1-c1ccc([*])c([*])c1,FC(*)(F)F|CC*,,0.0,7.955,0.0,10.842,0.0,2.5421,0.0,0.3264,6,2,14,True
6.3346,11.1702,-11.1702,0.0,O=c1c(O)c(-c2ccc(C(F)(F)F)c(C(F)(F)F)c2)oc2cccc(O)c12,2,o1c2cccc(O)c2c(=O)c(O)c1-c1ccc([*])c([*])c1,*C(F)(F)F|C(*)(F)(F)F,,0.0,8.19,0.0,9.05,0.0,2.6441,0.0,-0.1282,6,2,14,False
8.1514,16.0522,56.4471,0.5664012,C=CCc1cc(-c2oc3cccc(O)c3c(=O)c2O)ccc1C(C)C,1,o1c2cccc(O)c2c(=O)c(O)c1-c1ccc([*])c([*])c1,*C(C)C|C(*)C=C,,0.2700382,7.309,0.9775097,10.621,0.9794016,2.6583,0.516328,0.0567,6,2,14,True
7.5078,12.8459,63.3379,0.5951863,CC(C)c1ccc(-c2oc3cccc(O)c3c(=O)c2O)cc1C(C)C,1,o1c2cccc(O)c2c(=O)c(O)c1-c1ccc([*])c([*])c1,C(C)(C)*|C(*)(C)C,,0.353989,7.582,0.9512825,10.065,0.986141,2.5182,0.4043107,-0.3366,6,2,14,False
3.0417,1.5557,-1.5557,0.0,Cc1ccc(-c2oc3cccc(O)c3c(=O)c2O)cc1C,2,o1c2cccc(O)c2c(=O)c(O)c1-c1ccc([*])c([*])c1,C*|*C,,0.0,7.253,0.0,10.619,0.0,2.2377,0.0,1.287,6,2,14,True
9.2952,14.1992,-14.1992,0.0,CC(C)c1ccc(-c2oc3cccc(O)c3c(=O)c2O)cc1C(F)(F)F,2,o1c2cccc(O)c2c(=O)c(O)c1-c1ccc([*])c([*])c1,C(C)(C)*|C(F)(F)(*)F,,0.0,7.661,0.0,11.117,0.0,2.5811,0.0,-0.2324,6,2,14,False
7.4556,11.2505,-11.2505,0.0,O=c1c(O)c(-c2ccc(C(F)(F)F)c(C(F)(F)F)c2)oc2cccc(O)c12,2,o1c2cccc(O)c2c(=O)c(O)c1-c1ccc([*])c([*])c1,C(F)(*)(F)F|FC(F)(F)*,,0.0,8.19,0.0,9.05,0.0,2.6441,0.0,-0.1282,6,2,14,False
7.0426,12.9287,-12.9287,0.0,CC(C)c1ccc(-c2oc3cccc(O)c3c(=O)c2O)cc1C(C)C,2,o1c2cccc(O)c2c(=O)c(O)c1-c1ccc([*])c([*])c1,C(C)(*)C|*C(C)C,,0.0,7.582,0.0,10.065,0.0,2.5182,0.0,-0.3366,6,2,14,False
7.5843,16.934,63.9116,0.6316064,CCc1cc(-c2oc3cccc(O)c3c(=O)c2O)ccc1C(F)F,1,o1c2cccc(O)c2c(=O)c(O)c1-c1ccc([*])c([*])c1,FC(F)*|C(C)*,,0.340292,7.54,0.9826019,10.803,0.9790705,2.664,0.6151219,0.4073,6,2,14,True
6.6015,14.5351,46.8602,0.4796513,C=CCc1ccc(-c2oc3cccc(O)c3c(=O)c2O)cc1CC=C,1,o1c2cccc(O)c2c(=O)c(O)c1-c1ccc([*])c([*])c1,C(C=C)*|*CC=C,,0.1594697,6.845,0.9508135,10.058,0.9711497,2.7783,0.6267282,0.4501,6,2,14,True
7.3754,9.4991,73.7945,0.6507313,Cc1ccc(-c2oc3cccc(O)c3c(=O)c2O)cc1C(C)C,1,o1c2cccc(O)c2c(=O)c(O)c1-c1ccc([*])c([*])c1,C*|C(C)(C)*,,0.3699404,7.63,0.9671804,10.351,0.9903793,2.3899,0.6334585,0.4752,6,2,14,True
5.9805,7.3562,-7.3562,0.0,Cc1cc(-c2oc3cccc(O)c3c(=O)c2O)ccc1C(C)C,2,o1c2cccc(O)c2c(=O)c(O)c1-c1ccc([*])c([*])c1,CC(C)*|*C,,0.0,7.437,0.0,11.486,0.0,2.3762,0.0,0.4752,6,2,14,True
8.0088,15.2389,50.8605,0.5164016,CCCc1ccc(-c2oc3cccc(O)c3c(=O)c2O)cc1CC,1,o1c2cccc(O)c2c(=O)c(O)c1-c1ccc([*])c([*])c1,C(CC)*|*CC,,0.1914595,6.999,0.981009,10.741,0.9887304,2.4455,0.6110687,0.3924,6,2,14,True
7.0151,11.399,71.2295,0.6455348,O=c1c(O)c(-c2ccc(-c3ccccc3)c(-c3ccccc3)c2)oc2cccc(O)c12,1,O=c1c(O)c(-c2ccc([*])c([*])c2)oc2c1c(O)ccc2,c1(*)ccccc1|c1(*)ccccc1,,0.6413902,8.404,0.973383,10.501,0.9939491,2.2276,0.1632373,-1.4196,7,2,15,False
11.7961,13.2109,57.0965,0.5492761,CCc1ccc(-c2oc3cccc(O)c3c(=O)c2O)cc1C(F)(F)F,1,O=c1c(O)c(-c2ccc([*])c([*])c2)oc2c1c(O)ccc2,CC*|C(F)(F)(*)F,,0.3675954,7.623,0.6182445,8.335,0.985719,2.5288,0.5928534,0.3264,7,2,15,True
13.2896,14.2628,84.2719,0.769802,Cc1ccc(-c2oc3cccc(O)c3c(=O)c2O)cc1Cc1ccc(F)cc1,1,O=c1c(O)c(-c2ccc([*])c([*])c2)oc2c1c(O)ccc2,*C|C(c1ccc(F)cc1)*,,0.6632527,8.471,0.9966996,11.968,0.9917915,2.3343,0.4629552,-0.1289,7,2,15,False
6.8715,11.1554,53.0527,0.5016262,CCCc1ccc(-c2oc3cccc(O)c3c(=O)c2O)cc1C,1,O=c1c(O)c(-c2ccc([*])c([*])c2)oc2c1c(O)ccc2,*CCC|*C,,0.1675384,6.886,0.9860911,10.961,0.9910874,2.3631,0.677667,0.6454,7,2,15,True
4.1703,1.7108,74.4894,0.5953139,Cc1ccc(-c2oc3cccc(O)c3c(=O)c2O)cc1C,1,O=c1c(O)c(-c2ccc([*])c([*])c2)oc2c1c(O)ccc2,*C|*C,,0.2544496,7.253,0.9774463,10.619,0.9937705,2.2377,0.8148294,1.287,7,2,15,True
6.4175,9.6606,72.1321,0.6390056,Cc1cc(-c2oc3cccc(O)c3c(=O)c2O)ccc1C(F)F,1,O=c1c(O)c(-c2ccc([*])c([*])c2)oc2c1c(O)ccc2,C(*)(F)F|C*,,0.3345009,7.522,0.9872633,11.023,0.9833302,2.5834,0.681388,0.6603,7,2,15,True
16.3676,20.9447,20.2032,0.3214674,O=c1c(O)c(-c2ccc(-c3cccnc3)c(C(F)F)c2)oc2cccc(O)c12,1,O=c1c(O)c(-c2ccc([*])c([*])c2)oc2c1c(O)ccc2,c1c(*)cncc1|FC(*)F,,0.4236101,7.786,0.9961743,11.865,0.9798716,2.6501,0.0039571,-4.8018,7,2,15,False
8.7576,17.0743,44.4138,0.4803757,C=CCc1ccc(-c2oc3cccc(O)c3c(=O)c2O)cc1CCC,1,O=c1c(O)c(-c2ccc([*])c([*])c2)oc2c1c(O)ccc2,C(*)C=C|C(C)C*,,0.1651436,6.874,0.9598706,10.206,0.9810281,2.6291,0.5649616,0.227,7,2,15,True
5.633,10.0553,-10.0553,0.0,Cc1cc(-c2oc3cccc(O)c3c(=O)c2O)ccc1C(F)F,2,O=c1c(O)c(-c2ccc([*])c([*])c2)oc2c1c(O)ccc2,FC(*)F|C*,,0.0,7.522,0.0,11.023,0.0,2.5834,0.0,0.6603,7,2,15,True
7.0079,10.0015,65.2286,0.5877352,CCc1ccc(-c2oc3cccc(O)c3c(=O)c2O)cc1CC,1,O=c1c(O)c(-c2ccc([*])c([*])c2)oc2c1c(O)ccc2,CC*|*CC,,0.259395,7.271,0.9818739,10.774,0.9895465,2.4191,0.7107795,0.781,7,2,15,True
8.5455,14.4041,52.4638,0.5224054,C=CCc1ccc(-c2oc3cccc(O)c3c(=O)c2O)cc1CF,1,O=c1c(O)c(-c2ccc([*])c([*])c2)oc2c1c(O)ccc2,C=CC*|FC*,,0.1890208,6.988,0.9804377,10.72,0.9712761,2.7767,0.6932223,0.7081,7,2,15,True
5.4152,11.0312,75.9306,0.6793893,O=c1c(O)c(-c2ccc(C(F)F)c(C(F)(F)F)c2)oc2cccc(O)c12,1,O=c1c(O)c(-c2ccc([*])c([*])c2)oc2c1c(O)ccc2,FC(F)*|FC(*)(F)F,,0.4619372,7.894,0.9878122,11.054,0.9747299,2.731,0.4863771,-0.0473,7,2,15,False
4.9961,11.7949,80.2223,0.7188845,O=c1c(O)c(-c2ccc(C(F)(F)F)c(C(F)F)c2)oc2cccc(O)c12,1,O=c1c(O)c(-c2ccc([*])c([*])c2)oc2c1c(O)ccc2,*C(F)(F)F|FC(F)*,,0.5412803,8.115,0.9910776,11.273,0.9739088,2.7424,0.4863771,-0.0473,7,2,15,False
5.2562,11.7767,-11.7767,0.0,O=c1c(O)c(-c2ccc(C(F)(F)F)c(C(F)F)c2)oc2cccc(O)c12,2,O=c1c(O)c(-c2ccc([*])c([*])c2)oc2c1c(O)ccc2,FC(*)(F)F|FC(*)F,,0.0,8.115,0.0,11.273,0.0,2.7424,0.0,-0.0473,7,2,15,False
7.9722,10.6275,68.9698,0.621854,C=CCc1cc(-c2oc3cccc(O)c3c(=O)c2O)ccc1C,1,O=c1c(O)c(-c2ccc([*])c([*])c2)oc2c1c(O)ccc2,C*|*CC=C,,0.306924,7.434,0.9656868,10.319,0.9839044,2.571,0.7310495,0.8685,7,2,15,True
10.2203,15.0237,57.1982,0.5642338,CCCc1ccc(-c2oc3cccc(O)c3c(=O)c2O)cc1C(F)(F)F,1,O=c1c(O)c(-c2ccc([*])c([*])c2)oc2c1c(O)ccc2,C(C)C*|*C(F)(F)F,,0.2725988,7.318,0.9836981,10.849,0.9855573,2.5328,0.4821095,-0.0622,7,2,15,False
9.3425,17.4034,63.7346,0.6338909,O=c1c(O)c(-c2ccc(CF)c(C(F)F)c2)oc2cccc(O)c12,1,O=c1c(O)c(-c2ccc([*])c([*])c2)oc2c1c(O)ccc2,C(F)*|C(F)(F)*,,0.3419092,7.545,0.9778239,10.631,0.964213,2.8556,0.6400155,0.4998,7,2,15,True
7.8256,4.1218,0.352,0.034952,Cc1cc(-c2oc3cccc(O)c3c(=O)c2O)ccc1N,1,O=c1c(O)c(-c2ccc([*])c([*])c2)oc2c1c(O)ccc2,N*|*C,,0.1945978,7.013,0.9543232,10.112,0.9905335,2.3843,0.0,-17.5941,7,2,15,False
4.2794,9.7435,-9.7435,0.0,Cc1cc(-c2oc3cccc(O)c3c(=O)c2O)ccc1C(F)F,2,O=c1c(O)c(-c2ccc([*])c([*])c2)oc2c1c(O)ccc2,*C(F)F|C*,,0.0,7.522,0.0,11.023,0.0,2.5834,0.0,0.6603,7,2,15,True
9.2309,13.3549,77.5724,0.7103697,C=CCc1cc(-c2oc3cccc(O)c3c(=O)c2O)ccc1C(F)(F)F,1,O=c1c(O)c(-c2ccc([*])c([*])c2)oc2c1c(O)ccc2,FC(F)(*)F|C(C=C)*,,0.5,8.0,0.9855685,10.935,0.9765313,2.7046,0.5461906,0.1609,7,2,15,True
11.1069,17.8186,61.3159,0.6182385,CCCc1ccc(-c2oc3cccc(O)c3c(=O)c2O)cc1-c1ccccc1,1,O=c1c(O)c(-c2ccc([*])c([*])c2)oc2c1c(O)ccc2,C(*)CC|c1(*)ccccc1,,0.4540782,7.872,0.928159,9.778,0.991689,2.3386,0.3068372,-0.7079,7,2,15,False
15.6811,17.5011,63.7954,0.6351289,Cc1ccc(-c2cc(-c3oc4cccc(O)c4c(=O)c3O)ccc2C(F)F)cc1,1,O=c1c(O)c(-c2ccc([*])c([*])c2)oc2c1c(O)ccc2,*C(F)F|c1c(C)ccc(*)c1,,0.520496,8.057,0.9736797,10.509,0.9860198,2.5213,0.240205,-1.0002,7,2,15,False
6.0854,14.2815,66.5642,0.6316064,CCc1cc(-c2oc3cccc(O)c3c(=O)c2O)ccc1C(F)F,1,O=c1c(O)c(-c2ccc([*])c([*])c2)oc2c1c(O)ccc2,*C(F)F|*CC,,0.340292,7.54,0.9826019,10.803,0.9790705,2.664,0.6151219,0.4073,7,2,15,True
6.6525,15.4499,69.8108,0.6660987,O=c1c(O)c(-c2ccc(C(F)F)c(C(F)F)c2)oc2cccc(O)c12,1,O=c1c(O)c(-c2ccc([*])c([*])c2)oc2c1c(O)ccc2,*C(F)F|C(*)(F)F,,0.4292419,7.802,0.9878122,11.054,0.9677678,2.818,0.5096525,0.0335,7,2,15,True
14.148,16.6073,55.6381,0.5644168,C=C(C)Cc1ccc(-c2oc3cccc(O)c3c(=O)c2O)cc1CC,1,O=c1c(O)c(-c2ccc([*])c([*])c2)oc2c1c(O)ccc2,CC(=C)C*|*CC,,0.2660852,7.295,0.9448419,9.974,0.9797034,2.6531,0.5649616,0.227,7,2,15,True
9.9353,17.2098,53.8637,0.5552619,CCc1cc(-c2oc3cccc(O)c3c(=O)c2O)ccc1CC(C)C,1,O=c1c(O)c(-c2ccc([*])c([*])c2)oc2c1c(O)ccc2,C(*)C(C)C|C(C)*,,0.247417,7.227,0.9838361,10.855,0.9868249,2.5004,0.542322,0.1474,7,2,15,True
5.0189,1.7299,-1.7299,0.0,Cc1ccc(-c2oc3cccc(O)c3c(=O)c2O)cc1C,2,O=c1c(O)c(-c2ccc([*])c([*])c2)oc2c1c(O)ccc2,C*|*C,,0.0,7.253,0.0,10.619,0.0,2.2377,0.0,1.287,7,2,15,True
6.5624,11.7949,-11.7949,0.0,O=c1c(O)c(-c2ccc(C(F)(F)F)c(C(F)F)c2)oc2cccc(O)c12,2,O=c1c(O)c(-c2ccc([*])c([*])c2)oc2c1c(O)ccc2,*C(F)(F)F|FC(F)*,,0.0,8.115,0.0,11.273,0.0,2.7424,0.0,-0.0473,7,2,15,False
6.1006,13.9588,-13.9588,0.0,O=c1c(O)c(-c2ccc(C(F)F)c(C(F)F)c2)oc2cccc(O)c12,2,O=c1c(O)c(-c2ccc([*])c([*])c2)oc2c1c(O)ccc2,FC(*)F|FC(*)F,,0.0,7.802,0.0,11.054,0.0,2.818,0.0,0.0335,7,2,15,True
11.0091,14.4611,77.7197,0.720163,O=c1c(O)c(-c2ccc(C(F)(F)F)c(-c3ccccc3)c2)oc2cccc(O)c12,1,O=c1c(O)c(-c2ccc([*])c([*])c2)oc2c1c(O)ccc2,C(*)(F)(F)F|c1cccc(*)c1,,0.6961288,8.576,0.9587471,10.186,0.9897643,2.4117,0.2909075,-0.7739,7,2,15,False
7.0383,16.1697,61.6136,0.6076821,CCc1ccc(-c2oc3cccc(O)c3c(=O)c2O)cc1C(F)F,1,O=c1c(O)c(-c2ccc([*])c([*])c2)oc2c1c(O)ccc2,C(C)*|FC(F)*,,0.3047853,7.427,0.9823042,10.791,0.9794639,2.6572,0.6151219,0.4073,7,2,15,True
7.6985,14.1391,62.7871,0.6009859,C=CCc1ccc(-c2oc3cccc(O)c3c(=O)c2O)cc1C(F)F,1,O=c1c(O)c(-c2ccc([*])c([*])c2)oc2c1c(O)ccc2,C=CC*|C(F)(F)*,,0.3060065,7.431,0.9858322,10.948,0.965944,2.8378,0.5691565,0.2418,7,2,15,True
11.2429,14.5792,55.482,0.547353,CC(C)Cc1ccc(-c2oc3cccc(O)c3c(=O)c2O)cc1C(C)C,1,[*]c1ccc(-c2c(O)c(=O)c3c(o2)cccc3O)cc1[*],CC(C)C*|CC(*)C,,0.3186782,7.472,0.851403,9.213,0.9838542,2.5721,0.3837503,-0.4114,8,2,16,False
8.3212,11.9618,48.8342,0.4749688,C=CCc1ccc(-c2oc3cccc(O)c3c(=O)c2O)cc1CC,1,[*]c1ccc(-c2c(O)c(=O)c3c(o2)cccc3O)cc1[*],C=CC*|*CC,,0.1473271,6.78,0.9676793,10.362,0.9823225,2.6041,0.6701115,0.6156,8,2,16,True
10.9234,15.9958,70.5752,0.6763358,O=c1c(O)c(-c2ccc(-c3ccc(F)cc3)c(C(F)(F)F)c2)oc2cccc(O)c12,1,[*]c1ccc(-c2c(O)c(=O)c3c(o2)cccc3O)cc1[*],*c1ccc(F)cc1|C(F)(F)(F)*,,0.5921186,8.259,0.9905134,11.23,0.9884129,2.4552,0.259129,-0.9125,8,2,16,False
5.9734,10.1381,81.3325,0.7146137,Cc1cc(-c2oc3cccc(O)c3c(=O)c2O)ccc1-c1ccccc1,1,[*]c1ccc(-c2c(O)c(=O)c3c(o2)cccc3O)cc1[*],c1cc(*)ccc1|*C,,0.5262397,8.073,0.9981626,12.376,0.9942502,2.2097,0.4809299,-0.0663,8,2,16,False
4.22,7.4316,75.3689,0.6468784,Cc1ccc(-c2oc3cccc(O)c3c(=O)c2O)cc1C(F)(F)F,1,[*]c1ccc(-c2c(O)c(=O)c3c(o2)cccc3O)cc1[*],*C|FC(*)(F)F,,0.3507051,7.572,0.9858924,10.951,0.9883733,2.4564,0.6608396,0.5794,8,2,16,True
6.3062,8.7794,78.2091,0.6795982,O=c1c(O)c(-c2ccc(C(F)(F)F)c(C(F)(F)F)c2)oc2cccc(O)c12,1,[*]c1ccc(-c2c(O)c(=O)c3c(o2)cccc3O)cc1[*],FC(F)(*)F|FC(*)(F)F,,0.5679351,8.19,0.81922,9.05,0.9802079,2.6441,0.4631605,-0.1282,8,2,16,False
7.4519,13.4845,-13.4845,0.0,C=CCc1ccc(-c2oc3cccc(O)c3c(=O)c2O)cc1CC,2,[*]c1ccc(-c2c(O)c(=O)c3c(o2)cccc3O)cc1[*],C(C*)=C|CC*,,0.0,6.78,0.0,10.362,0.0,2.6041,0.0,0.6156,8,2,16,True
12.9936,15.0502,55.6721,0.5525182,CCCCc1cc(-c2oc3cccc(O)c3c(=O)c2O)ccc1C(C)C,1,[*]c1ccc(-c2c(O)c(=O)c3c(o2)cccc3O)cc1[*],C(*)(C)C|C(C*)CC,,0.296615,7.4,0.9817711,10.77,0.9864262,2.5109,0.345492,-0.555,8,2,16,False
5.9684,10.3955,71.3985,0.6390156,Cc1ccc(-c2oc3cccc(O)c3c(=O)c2O)cc1C(F)F,1,[*]c1ccc(-c2c(O)c(=O)c3c(o2)cccc3O)cc1[*],*C|FC(F)*,,0.3361047,7.527,0.9827976,10.811,0.9828599,2.5932,0.681388,0.6603,8,2,16,True
8.7935,11.1131,76.6214,0.6854258,Cc1ccc(-c2cc(-c3oc4cccc(O)c4c(=O)c3O)ccc2C)cc1,1,[*]c1ccc(-c2c(O)c(=O)c3c(o2)cccc3O)cc1[*],C*|c1(*)ccc(C)cc1,,0.5226505,8.063,0.9719289,10.463,0.9934156,2.2571,0.3941232,-0.3735,8,2,16,False
10.9475,12.6461,82.2626,0.7414746,Cc1cccc(-c2cc(-c3oc4cccc(O)c4c(=O)c3O)ccc2C)c1,1,[*]c1ccc(-c2c(O)c(=O)c3c(o2)cccc3O)cc1[*],*C|c1(*)cccc(C)c1,,0.6380733,8.394,0.9969935,12.033,0.9924223,2.3063,0.3941232,-0.3735,8,2,16,False
12.3799,18.288,23.4451,0.3260399,CCc1cc(-c2oc3cccc(O)c3c(=O)c2O)ccc1NCc1ccccc1,1,[*]c1ccc(-c2c(O)c(=O)c3c(o2)cccc3O)cc1[*],c1cc(CN*)ccc1|C(C)*,,0.3106098,7.446,0.9956972,11.783,0.9911729,2.3597,0.0088754,-4.0959,8,2,16,False
5.6073,10.3955,-10.3955,0.0,Cc1ccc(-c2oc3cccc(O)c3c(=O)c2O)cc1C(F)F,2,[*]c1ccc(-c2c(O)c(=O)c3c(o2)cccc3O)cc1[*],*C|FC(F)*,,0.0,7.527,0.0,10.811,0.0,2.5932,0.0,0.6603,8,2,16,True
7.1198,8.6608,-8.6608,0.0,Cc1ccc(-c2oc3cccc(O)c3c(=O)c2O)cc1C(F)(F)F,2,[*]c1ccc(-c2c(O)c(=O)c3c(o2)cccc3O)cc1[*],*C|C(F)(F)(*)F,,0.0,7.572,0.0,10.951,0.0,2.4564,0.0,0.5794,8,2,16,True
5.3176,8.7573,-8.7573,0.0,O=c1c(O)c(-c2ccc(C(F)(F)F)c(C(F)(F)F)c2)oc2cccc(O)c12,2,[*]c1ccc(-c2c(O)c(=O)c3c(o2)cccc3O)cc1[*],FC(*)(F)F|FC(F)(*)F,,0.0,8.19,0.0,9.05,0.0,2.6441,0.0,-0.1282,8,2,16,False
5.4257,6.899,66.954,0.5769761,CCc1ccc(-c2oc3cccc(O)c3c(=O)c2O)cc1C,1,[*]c1ccc(-c2c(O)c(=O)c3c(o2)cccc3O)cc1[*],*CC|C*,,0.2376361,7.19,0.9836056,10.845,0.9907901,2.3746,0.7668192,1.034,8,2,16,True
7.6488,7.7631,66.0353,0.5765501,Cc1cc(-c2oc3cccc(O)c3c(=O)c2O)ccc1C(C)(C)C,1,[*]c1ccc(-c2c(O)c(=O)c3c(o2)cccc3O)cc1[*],CC(C)(*)C|*C,,0.2632842,7.285,0.9955466,11.759,0.9875355,2.4809,0.585993,0.3018,8,2,16,True
9.1278,15.2595,60.3899,0.5910113,C=CCc1ccc(-c2oc3cccc(O)c3c(=O)c2O)cc1C(F)(F)F,1,[*]c1ccc(-c2c(O)c(=O)c3c(o2)cccc3O)cc1[*],C(*)C=C|*C(F)(F)F,,0.2954154,7.396,0.9858121,10.947,0.9774565,2.6903,0.5461906,0.1609,8,2,16,True
10.625,16.81,70.5794,0.6827298,CCc1cc(-c2oc3cccc(O)c3c(=O)c2O)ccc1-c1ccc(F)cc1,1,[*]c1ccc(-c2c(O)c(=O)c3c(o2)cccc3O)cc1[*],c1(*)ccc(F)cc1|*CC,,0.5169032,8.047,0.9979,12.283,0.9913669,2.3519,0.3711932,-0.4578,8,2,16,False
11.1608,18.2569,67.9542,0.6735246,O=c1c(O)c(-c2ccc(C(F)F)c(-c3ccccc3)c2)oc2cccc(O)c12,1,[*]c1ccc(-c2c(O)c(=O)c3c(o2)cccc3O)cc1[*],C(F)(F)*|c1cccc(*)c1,,0.5398508,8.111,0.9938455,11.533,0.9876481,2.4777,0.3104834,-0.693,8,2,16,False
13.1625,22.1385,45.6278,0.5294242,CCCCc1cc(-c2oc3cccc(O)c3c(=O)c2O)ccc1-c1ccc(C)cc1,1,[*]c1ccc(-c2c(O)c(=O)c3c(o2)cccc3O)cc1[*],c1(*)ccc(C)cc1|C(C)CC*,,0.35366,7.581,0.9966711,11.962,0.9906072,2.3815,0.1657559,-1.4036,8,2,16,False
6.7367,8.7742,-8.7742,0.0,O=c1c(O)c(-c2ccc(C(F)(F)F)c(C(F)(F)F)c2)oc2cccc(O)c12,2,[*]c1ccc(-c2c(O)c(=O)c3c(o2)cccc3O)cc1[*],FC(F)(*)F|FC(F)(*)F,,0.0,8.19,0.0,9.05,0.0,2.6441,0.0,-0.1282,8,2,16,False
7.6577,13.5634,56.5575,0.5478195,CCCc1cc(-c2oc3cccc(O)c3c(=O)c2O)ccc1C(C)C,1,[*]c1ccc(-c2c(O)c(=O)c3c(o2)cccc3O)cc1[*],*C(C)C|*CCC,,0.2588425,7.269,0.9783482,10.648,0.9861932,2.5169,0.4522589,-0.1664,8,2,16,False
10.9198,20.1007,49.1626,0.5411195,C=CCc1cc(-c2oc3cccc(O)c3c(=O)c2O)ccc1C=Cc1ccc(C)cc1,1,[*]c1ccc(-c2c(O)c(=O)c3c(o2)cccc3O)cc1[*],C(=C*)c1ccc(C)cc1|C(*)C=C,,0.4402045,7.833,0.8196458,9.052,0.9772361,2.6938,0.184063,-1.2934,8,2,16,False
7.4062,14.6993,46.6961,0.4796513,C=CCc1ccc(-c2oc3cccc(O)c3c(=O)c2O)cc1CC=C,1,[*]c1ccc(-c2c(O)c(=O)c3c(o2)cccc3O)cc1[*],*CC=C|C=CC*,,0.1594697,6.845,0.9508135,10.058,0.9711497,2.7783,0.6267282,0.4501,8,2,16,True
10.2887,18.6071,-9.7426,0.0692539,CCCc1cc(-c2oc3cccc(O)c3c(=O)c2O)ccc1CCO,1,[*]c1ccc(-c2c(O)c(=O)c3c(o2)cccc3O)cc1[*],OCC*|*CCC,,0.1742669,6.919,0.9506788,10.056,0.9848132,2.5505,1.3e-06,-11.8039,8,2,16,False
7.6744,8.6608,-8.6608,0.0,Cc1ccc(-c2oc3cccc(O)c3c(=O)c2O)cc1C(F)(F)F,2,[*]c1ccc(-c2c(O)c(=O)c3c(o2)cccc3O)cc1[*],*C|C(F)(F)(*)F,,0.0,7.572,0.0,10.951,0.0,2.4564,0.0,0.5794,8,2,16,True
11.2151,18.0421,65.2075,0.6503873,C=CCc1ccc(-c2oc3cccc(O)c3c(=O)c2O)cc1-c1ccc(F)cc1,1,[*]c1ccc(-c2c(O)c(=O)c3c(o2)cccc3O)cc1[*],*CC=C|c1c(*)ccc(F)c1,,0.5071952,8.02,0.9364166,9.869,0.9844697,2.5584,0.3279251,-0.6233,8,2,16,False
7.717,12.4811,79.5361,0.7188845,O=c1c(O)c(-c2ccc(C(F)(F)F)c(C(F)F)c2)oc2cccc(O)c12,1,[*]c1ccc(-c2c(O)c(=O)c3c(o2)cccc3O)cc1[*],FC(F)(F)*|C(F)(F)*,,0.5412803,8.115,0.9910776,11.273,0.9739088,2.7424,0.4863771,-0.0473,8,2,16,False
10.8199,16.5764,72.7034,0.6974981,CCc1ccc(-c2oc3cccc(O)c3c(=O)c2O)cc1-c1ccc(F)cc1,1,[*]c1ccc(-c2c(O)c(=O)c3c(o2)cccc3O)cc1[*],C(C)*|c1(F)ccc(*)cc1,,0.5590861,8.165,0.9809015,10.737,0.9910846,2.3632,0.3711932,-0.4578,8,2,16,False
6.7412,7.5879,84.4162,0.7187822,Cc1cc(-c2oc3cccc(O)c3c(=O)c2O)ccc1C(F)(F)F,1,[*]c1ccc(-c2c(O)c(=O)c3c(o2)cccc3O)cc1[*],FC(*)(F)F|C*,,0.4712495,7.92,0.992153,11.363,0.9869253,2.4977,0.6608396,0.5794,8,2,16,True
12.4988,17.3123,52.8445,0.5481005,O=c1c(O)c(-c2ccc(-c3ccc(F)cc3)c(-c3ccccc3)c2)oc2cccc(O)c12,1,[*]c1ccc(-c2c(O)c(=O)c3c(o2)cccc3O)cc1[*],c1c(*)ccc(F)c1|c1cccc(*)c1,,0.7641842,8.817,0.5427095,8.119,0.9927201,2.2922,0.1426007,-1.5581,8,2,16,False
9.0315,11.1482,54.2157,0.5106556,C=CCc1ccc(-c2oc3cccc(O)c3c(=O)c2O)cc1C,1,Oc1c(=O)c2c(O)cccc2oc1-c1ccc([*])c([*])c1,C(=C)C*|*C,,0.1711823,6.904,0.9857313,10.943,0.9849184,2.548,0.7310495,0.8685,1,3,17,True
9.2373,14.3459,54.9489,0.5413656,Cc1cc(-c2oc3cccc(O)c3c(=O)c2O)ccc1CC(C)C,1,Oc1c(=O)c2c(O)cccc2oc1-c1ccc([*])c([*])c1,C(C)(C)C*|*C,,0.2169225,7.108,0.9889987,11.126,0.9896283,2.4163,0.6132414,0.4004,1,3,17,True
10.3681,13.863,79.3848,0.728498,Cc1cc(-c2oc3cccc(O)c3c(=O)c2O)ccc1Cc1ccccc1,1,Oc1c(=O)c2c(O)cccc2oc1-c1ccc([*])c([*])c1,C(c1ccccc1)*|C*,,0.548418,8.135,0.9933324,11.477,0.9931332,2.2718,0.5027671,0.0096,1,3,17,True
8.3847,15.6325,65.0724,0.6305071,C=CCc1ccc(-c2oc3cccc(O)c3c(=O)c2O)cc1-c1ccccc1,1,Oc1c(=O)c2c(O)cccc2oc1-c1ccc([*])c([*])c1,C(=C)C*|c1cc(*)ccc1,,0.434892,7.818,0.9546981,10.118,0.9868702,2.4992,0.3639954,-0.4847,1,3,17,False
3.7671,1.6949,74.3532,0.5941255,Cc1ccc(-c2oc3cccc(O)c3c(=O)c2O)cc1C,1,Oc1c(=O)c2c(O)cccc2oc1-c1ccc([*])c([*])c1,*C|*C,,0.2528152,7.247,0.9781646,10.642,0.9937705,2.2377,0.8148294,1.287,1,3,17,True
4.3036,7.3647,86.6553,0.7345312,Cc1ccc(-c2oc3cccc(O)c3c(=O)c2O)cc1-c1ccccc1,1,Oc1c(=O)c2c(O)cccc2oc1-c1ccc([*])c([*])c1,*C|c1c(*)cccc1,,0.5725201,8.203,0.9924282,11.388,0.9942845,2.2076,0.4809299,-0.0663,1,3,17,False
9.4838,19.9384,55.4695,0.5891244,C=CCc1cc(-c2oc3cccc(O)c3c(=O)c2O)ccc1C=C,1,Oc1c(=O)c2c(O)cccc2oc1-c1ccc([*])c([*])c1,C=C*|*CC=C,,0.2803712,7.345,0.9594248,10.198,0.9686196,2.8084,0.6493669,0.5353,1,3,17,True
8.7195,20.3888,53.2159,0.5750369,CCCc1ccc(-c2oc3cccc(O)c3c(=O)c2O)cc1C(F)F,1,Oc1c(=O)c2c(O)cccc2oc1-c1ccc([*])c([*])c1,*CCC|C(F)(F)*,,0.2829919,7.354,0.9835358,10.842,0.9780679,2.6806,0.5053817,0.0187,1,3,17,True
4.7916,13.8815,70.7341,0.6610588,O=c1c(O)c(-c2ccc(C(F)F)c(C(F)F)c2)oc2cccc(O)c12,1,Oc1c(=O)c2c(O)cccc2oc1-c1ccc([*])c([*])c1,FC(F)*|FC(F)*,,0.4232587,7.785,0.9802714,10.714,0.9677678,2.818,0.5096525,0.0335,1,3,17,True
8.7689,15.1565,60.4528,0.5906975,CC(C)c1ccc(-c2oc3cccc(O)c3c(=O)c2O)cc1C(C)C,1,Oc1c(=O)c2c(O)cccc2oc1-c1ccc([*])c([*])c1,*C(C)C|C(C)(*)C,,0.3467828,7.56,0.9502723,10.05,0.986141,2.5182,0.4043107,-0.3366,1,3,17,False
10.3077,13.858,30.1166,0.3435512,O=c1c(O)c(-c2ccc(-c3ccccc3)c(Cc3ccccc3)c2)oc2cccc(O)c12,1,Oc1c(=O)c2c(O)cccc2oc1-c1ccc([*])c([*])c1,c1(*)ccccc1|*Cc1ccccc1,,0.5441377,8.123,0.1835673,6.963,0.9925581,2.2999,0.1755273,-1.3437,1,3,17,False
17.5516,19.8177,12.9862,0.2562807,CCCNc1ccc(-c2oc3cccc(O)c3c(=O)c2O)cc1CCC,1,Oc1c(=O)c2c(O)cccc2oc1-c1ccc([*])c([*])c1,C(C)CN*|C(C)C*,,0.147689,6.782,0.9683917,10.378,0.9864833,2.5094,0.0108331,-3.921,1,3,17,False
11.4625,20.0831,69.8085,0.7022781,O=c1c(O)c(-c2ccc(-c3cccc(F)c3)c(C(F)F)c2)oc2cccc(O)c12,1,Oc1c(=O)c2c(O)cccc2oc1-c1ccc([*])c([*])c1,c1(*)cc(F)ccc1|C(F)(F)*,,0.6370757,8.391,0.9980651,12.34,0.9828027,2.5944,0.277403,-0.8316,1,3,17,False
12.0245,16.2857,38.7897,0.4302768,O=c1c(O)c(-c2ccc(C=Cc3ccccc3)c(-c3ccccc3)c2)oc2cccc(O)c12,1,Oc1c(=O)c2c(O)cccc2oc1-c1ccc([*])c([*])c1,c1c(C=C*)cccc1|c1c(*)cccc1,,0.6397334,8.399,0.3807371,7.662,0.9889306,2.4392,0.0987106,-1.921,1,3,17,False
6.7809,17.835,-17.835,0.0,O=c1c(O)c(-c2ccc(C(F)F)c(C(F)F)c2)oc2cccc(O)c12,2,Oc1c(=O)c2c(O)cccc2oc1-c1ccc([*])c([*])c1,C(F)(F)*|*C(F)F,,0.0,7.785,0.0,10.714,0.0,2.818,0.0,0.0335,1,3,17,True
8.2445,11.6845,-11.6845,0.0,Cc1cc(-c2oc3cccc(O)c3c(=O)c2O)ccc1CC(C)C,2,Oc1c(=O)c2c(O)cccc2oc1-c1ccc([*])c([*])c1,*CC(C)C|*C,,0.0,7.108,0.0,11.126,0.0,2.4163,0.0,0.4004,1,3,17,True
5.9961,12.1289,63.1269,0.5879356,CCc1ccc(-c2oc3cccc(O)c3c(=O)c2O)cc1CC,1,Oc1c(=O)c2c(O)cccc2oc1-c1ccc([*])c([*])c1,C(*)C|*CC,,0.2599483,7.273,0.980739,10.731,0.9895465,2.4191,0.7107795,0.781,1,3,17,True
11.462,17.5478,60.9627,0.6133632,CCc1cc(-c2oc3cccc(O)c3c(=O)c2O)ccc1N1CCCCC1,1,Oc1c(=O)c2c(O)cccc2oc1-c1ccc([*])c([*])c1,C1N(*)CCCC1|C(*)C,,0.3425571,7.547,0.9737533,10.511,0.9883261,2.4579,0.5040342,0.014,1,3,17,True
7.2807,19.2286,43.175,0.4875282,C=CCc1ccc(-c2oc3cccc(O)c3c(=O)c2O)cc1CCC,1,Oc1c(=O)c2c(O)cccc2oc1-c1ccc([*])c([*])c1,C(C=C)*|*CCC,,0.1717958,6.907,0.9625005,10.255,0.9810281,2.6291,0.5649616,0.227,1,3,17,True
6.6828,11.1629,-11.1629,0.0,C=CCc1ccc(-c2oc3cccc(O)c3c(=O)c2O)cc1C,2,Oc1c(=O)c2c(O)cccc2oc1-c1ccc([*])c([*])c1,C(C=C)*|C*,,0.0,6.904,0.0,10.943,0.0,2.548,0.0,0.8685,1,3,17,True
5.5508,8.3193,60.6977,0.5391954,O=c1c(O)c(-c2ccc(-c3ccccc3)c(-c3ccccc3)c2)oc2cccc(O)c12,1,Oc1c(=O)c2c(O)cccc2oc1-c1ccc([*])c([*])c1,c1(*)ccccc1|c1c(*)cccc1,,0.6564698,8.45,0.5686415,8.192,0.9939491,2.2276,0.1632373,-1.4196,1,3,17,False
7.8166,12.4827,51.9532,0.5034052,CCCc1ccc(-c2oc3cccc(O)c3c(=O)c2O)cc1C,1,Oc1c(=O)c2c(O)cccc2oc1-c1ccc([*])c([*])c1,C(C*)C|*C,,0.1693525,6.895,0.9854451,10.929,0.9910874,2.3631,0.677667,0.6454,1,3,17,True
8.1425,10.2979,-10.2979,0.0,O=c1c(O)c(-c2ccc(-c3ccccc3)c(-c3ccccc3)c2)oc2cccc(O)c12,2,Oc1c(=O)c2c(O)cccc2oc1-c1ccc([*])c([*])c1,c1ccc(*)cc1|c1cc(*)ccc1,,0.0,8.45,0.0,8.192,0.0,2.2276,0.0,-1.4196,1,3,17,False
5.8257,14.9493,66.6461,0.637464,CCc1cc(-c2oc3cccc(O)c3c(=O)c2O)ccc1C(F)F,1,Oc1c(=O)c2c(O)cccc2oc1-c1ccc([*])c([*])c1,FC(F)*|*CC,,0.3493953,7.568,0.9825773,10.802,0.9790705,2.664,0.6151219,0.4073,1,3,17,True
8.7902,15.0438,76.7963,0.7175007,CCc1cc(-c2oc3cccc(O)c3c(=O)c2O)ccc1C(F)(F)F,1,Oc1c(=O)c2c(O)cccc2oc1-c1ccc([*])c([*])c1,*C(F)(F)F|C(*)C,,0.4960425,7.989,0.9831826,10.827,0.9851692,2.5421,0.5928534,0.3264,1,3,17,True
6.9467,19.2018,57.111,0.5961936,C=CCc1ccc(-c2oc3cccc(O)c3c(=O)c2O)cc1C(F)F,1,Oc1c(=O)c2c(O)cccc2oc1-c1ccc([*])c([*])c1,C(*)C=C|FC(F)*,,0.2993243,7.409,0.9850477,10.91,0.965944,2.8378,0.5691565,0.2418,1,3,17,True
7.5081,16.8265,47.8059,0.5049407,C=CCc1ccc(-c2oc3cccc(O)c3c(=O)c2O)cc1CC=C,1,Oc1c(=O)c2c(O)cccc2oc1-c1ccc([*])c([*])c1,*CC=C|C(C=C)*,,0.1842153,6.966,0.9532449,10.095,0.9711497,2.7783,0.6267282,0.4501,1,3,17,True
7.3599,11.3982,70.13,0.6369388,Cc1cc(-c2oc3cccc(O)c3c(=O)c2O)ccc1C(F)F,1,Oc1c(=O)c2c(O)cccc2oc1-c1ccc([*])c([*])c1,C(*)(F)F|*C,,0.3313051,7.512,0.9876025,11.042,0.9833302,2.5834,0.681388,0.6603,1,3,17,True
10.932,20.4411,56.6839,0.6025394,C=CCc1cc(-c2oc3cccc(O)c3c(=O)c2O)ccc1CF,1,Oc1c(=O)c2c(O)cccc2oc1-c1ccc([*])c([*])c1,C(F)*|C(C=C)*,,0.2993243,7.409,0.931904,9.818,0.9686488,2.8081,0.6932223,0.7081,1,3,17,True
8.3771,13.243,-13.243,0.0,CCc1ccc(-c2oc3cccc(O)c3c(=O)c2O)cc1CC,2,Oc1c(=O)c2c(O)cccc2oc1-c1ccc([*])c([*])c1,C(*)C|C(C)*,,0.0,7.273,0.0,10.731,0.0,2.4191,0.0,0.781,1,3,17,True
7.2092,16.4575,-16.4575,0.0,C=CCc1ccc(-c2oc3cccc(O)c3c(=O)c2O)cc1-c1ccccc1,2,Oc1c(=O)c2c(O)cccc2oc1-c1ccc([*])c([*])c1,*CC=C|c1cc(*)ccc1,,0.0,7.818,0.0,10.118,0.0,2.4992,0.0,-0.4847,1,3,17,False
10.0771,17.8796,68.8438,0.6775267,O=c1c(O)c(-c2ccc(-c3ccccc3)c(C(F)F)c2)oc2cccc(O)c12,1,Oc1c(=O)c2c(O)cccc2oc1-c1ccc([*])c([*])c1,c1cccc(*)c1|C(F)(*)F,,0.5469918,8.131,0.9977111,12.223,0.9874274,2.4839,0.3104834,-0.693,1,3,17,False
13.7251,22.3379,57.8435,0.6264175,CN(C)CCc1ccc(-c2oc3cccc(O)c3c(=O)c2O)cc1C(F)(F)F,1,c1([*])ccc(-c2c(O)c(=O)c3c(O)cccc3o2)cc1[*],N(C)(CC*)C|C(F)(*)(F)F,,0.3477615,7.563,0.9325405,9.825,0.981025,2.6292,0.6240186,0.4401,2,3,18,True
5.2932,17.0676,47.5649,0.5049407,C=CCc1ccc(-c2oc3cccc(O)c3c(=O)c2O)cc1CC=C,1,c1([*])ccc(-c2c(O)c(=O)c3c(O)cccc3o2)cc1[*],*CC=C|*CC=C,,0.1842153,6.966,0.9532449,10.095,0.9711497,2.7783,0.6267282,0.4501,2,3,18,True
7.8443,18.8972,54.7075,0.5750369,CCCc1ccc(-c2oc3cccc(O)c3c(=O)c2O)cc1C(F)F,1,c1([*])ccc(-c2c(O)c(=O)c3c(O)cccc3o2)cc1[*],C(C)C*|FC(F)*,,0.2829919,7.354,0.9835358,10.842,0.9780679,2.6806,0.5053817,0.0187,2,3,18,True
7.2667,12.7946,56.2224,0.5391954,O=c1c(O)c(-c2ccc(-c3ccccc3)c(-c3ccccc3)c2)oc2cccc(O)c12,1,c1([*])ccc(-c2c(O)c(=O)c3c(O)cccc3o2)cc1[*],c1c(*)cccc1|c1(*)ccccc1,,0.6564698,8.45,0.5686415,8.192,0.9939491,2.2276,0.1632373,-1.4196,2,3,18,False
6.8505,11.5677,69.9605,0.6369388,Cc1cc(-c2oc3cccc(O)c3c(=O)c2O)ccc1C(F)F,1,c1([*])ccc(-c2c(O)c(=O)c3c(O)cccc3o2)cc1[*],C(F)(F)*|*C,,0.3313051,7.512,0.9876025,11.042,0.9833302,2.5834,0.681388,0.6603,2,3,18,True
8.2465,13.8576,51.3954,0.5097892,Cc1ccc(C=Cc2ccc(-c3oc4cccc(O)c4c(=O)c3O)cc2C)cc1,1,c1([*])ccc(-c2c(O)c(=O)c3c(O)cccc3o2)cc1[*],C(=C*)c1ccc(C)cc1|C*,,0.261891,7.28,0.9849414,10.905,0.9886239,2.4488,0.2675062,-0.8749,2,3,18,False
8.4953,15.3552,66.2402,0.637464,CCc1cc(-c2oc3cccc(O)c3c(=O)c2O)ccc1C(F)F,1,c1([*])ccc(-c2c(O)c(=O)c3c(O)cccc3o2)cc1[*],FC(F)*|C(*)C,,0.3493953,7.568,0.9825773,10.802,0.9790705,2.664,0.6151219,0.4073,2,3,18,True
21.6152,34.2308,-28.7418,0.0428826,C=CCc1cc(-c2oc3cccc(O)c3c(=O)c2O)ccc1CCC(C)=NN=C(C)C,1,c1([*])ccc(-c2c(O)c(=O)c3c(O)cccc3o2)cc1[*],C(*)CC(=NN=C(C)C)C|C(*)C=C,,0.3957751,7.706,0.8680473,9.309,0.9216377,3.1436,0.0,-16.4518,2,3,18,False
6.9344,17.4326,44.971,0.4875282,C=CCc1ccc(-c2oc3cccc(O)c3c(=O)c2O)cc1CCC,1,c1([*])ccc(-c2c(O)c(=O)c3c(O)cccc3o2)cc1[*],C(=C)C*|C(C)C*,,0.1717958,6.907,0.9625005,10.255,0.9810281,2.6291,0.5649616,0.227,2,3,18,True
19.158,31.6933,2.7863,0.2693723,O=c1c(O)c(-c2ccc(CCN=C=S)c(CF)c2)oc2cccc(O)c12,1,c1([*])ccc(-c2c(O)c(=O)c3c(O)cccc3o2)cc1[*],S=C=NCC*|C(F)*,,0.1868247,6.978,0.9545735,10.116,0.9312771,3.0944,0.0095581,-4.0309,2,3,18,False
7.555,16.7523,64.4981,0.6347693,C=CCc1cc(-c2oc3cccc(O)c3c(=O)c2O)ccc1-c1ccccc1,1,c1([*])ccc(-c2c(O)c(=O)c3c(O)cccc3o2)cc1[*],c1cc(*)ccc1|C(C=C)*,,0.4250163,7.79,0.9955911,11.766,0.9875101,2.4816,0.3639954,-0.4847,2,3,18,False
5.4439,9.567,55.7969,0.5106556,C=CCc1ccc(-c2oc3cccc(O)c3c(=O)c2O)cc1C,1,c1([*])ccc(-c2c(O)c(=O)c3c(O)cccc3o2)cc1[*],C(C=C)*|C*,,0.1711823,6.904,0.9857313,10.943,0.9849184,2.548,0.7310495,0.8685,2,3,18,True
11.4317,19.4672,67.2129,0.6771882,CCc1cc(-c2oc3cccc(O)c3c(=O)c2O)ccc1-c1ccc(F)cc1,1,c1([*])ccc(-c2c(O)c(=O)c3c(O)cccc3o2)cc1[*],c1cc(*)ccc1F|C(*)C,,0.5050367,8.014,0.9978389,12.263,0.9913669,2.3519,0.3711932,-0.4578,2,3,18,False
11.332,20.7548,53.4393,0.5796413,CCc1cc(-c2oc3cccc(O)c3c(=O)c2O)ccc1C=Cc1ccc(C)cc1,1,c1([*])ccc(-c2c(O)c(=O)c3c(O)cccc3o2)cc1[*],c1cc(C=C*)ccc1C|C(*)C,,0.5194182,8.054,0.7891266,8.917,0.9853993,2.5366,0.2144048,-1.1279,2,3,18,False
9.9929,18.8308,70.6572,0.6991252,CCc1cc(-c2oc3cccc(O)c3c(=O)c2O)ccc1Cc1ccccc1,1,c1([*])ccc(-c2c(O)c(=O)c3c(O)cccc3o2)cc1[*],*Cc1ccccc1|CC*,,0.5262397,8.073,0.9845085,10.885,0.9913207,2.3538,0.4304059,-0.2434,2,3,18,False
7.9586,13.566,-13.566,0.0,O=c1c(O)c(-c2ccc(-c3ccccc3)c(-c3ccccc3)c2)oc2cccc(O)c12,2,c1([*])ccc(-c2c(O)c(=O)c3c(O)cccc3o2)cc1[*],c1cc(*)ccc1|c1cc(*)ccc1,,0.0,8.45,0.0,8.192,0.0,2.2276,0.0,-1.4196,2,3,18,False
13.1809,15.7842,55.9021,0.5600493,CN1CCN(c2ccc(-c3oc4cccc(O)c4c(=O)c3O)cc2C(F)(F)F)CC1,1,c1([*])ccc(-c2c(O)c(=O)c3c(O)cccc3o2)cc1[*],C1N(*)CCN(C)C1|FC(F)(F)*,,0.5053966,8.015,0.4813002,7.948,0.9828327,2.5938,0.5775408,0.2716,2,3,18,True
10.8912,16.5914,64.5436,0.6338673,CN(C)c1ccc(-c2oc3cccc(O)c3c(=O)c2O)cc1-c1ccccc1,1,c1([*])ccc(-c2c(O)c(=O)c3c(O)cccc3o2)cc1[*],N(C)(C)*|c1ccc(*)cc1,,0.4448198,7.846,0.8618279,9.272,0.9902262,2.3955,0.4527346,-0.1647,2,3,18,False
12.1663,20.2895,67.5542,0.6862785,CCc1cc(-c2oc3cccc(O)c3c(=O)c2O)ccc1-c1ccccc1F,1,c1([*])ccc(-c2c(O)c(=O)c3c(O)cccc3o2)cc1[*],c1c(*)c(F)ccc1|C(C)*,,0.5255221,8.071,0.9967745,11.984,0.9899894,2.4039,0.3711932,-0.4578,2,3,18,False
13.0863,22.0994,59.9225,0.6407959,O=c1c(O)c(-c2ccc(CCc3ccccc3)c(C(F)(F)F)c2)oc2cccc(O)c12,1,c1([*])ccc(-c2c(O)c(=O)c3c(O)cccc3o2)cc1[*],C(c1ccccc1)C*|C(*)(F)(F)F,,0.5007195,8.002,0.9964796,11.923,0.9880549,2.4659,0.263757,-0.8916,2,3,18,False
9.7979,14.4051,55.9104,0.54934,CCCc1cc(-c2oc3cccc(O)c3c(=O)c2O)ccc1C(C)C,1,c1([*])ccc(-c2c(O)c(=O)c3c(O)cccc3o2)cc1[*],CC(*)C|*CCC,,0.2607797,7.276,0.9788008,10.663,0.9861932,2.5169,0.4522589,-0.1664,2,3,18,False
9.6331,15.4411,73.551,0.6952507,CCc1cc(-c2oc3cccc(O)c3c(=O)c2O)ccc1-c1ccccc1,1,c1([*])ccc(-c2c(O)c(=O)c3c(O)cccc3o2)cc1[*],c1cccc(*)c1|CC*,,0.5230097,8.064,0.9957584,11.793,0.9928216,2.2873,0.4091256,-0.3193,2,3,18,False
13.3953,22.4928,64.6677,0.6809415,O=c1c(O)c(-c2ccc(C(F)F)c(CC(F)(F)F)c2)oc2cccc(O)c12,1,c1([*])ccc(-c2c(O)c(=O)c3c(O)cccc3o2)cc1[*],FC(F)*|FC(C*)(F)F,,0.4805817,7.946,0.9829671,10.818,0.9614007,2.8829,0.4617921,-0.133,2,3,18,False
9.0802,15.9389,64.766,0.6305071,C=CCc1ccc(-c2oc3cccc(O)c3c(=O)c2O)cc1-c1ccccc1,1,c1([*])ccc(-c2c(O)c(=O)c3c(O)cccc3o2)cc1[*],C=CC*|c1ccc(*)cc1,,0.434892,7.818,0.9546981,10.118,0.9868702,2.4992,0.3639954,-0.4847,2,3,18,False
12.5322,20.731,50.1837,0.5540209,C=CCc1cc(-c2oc3cccc(O)c3c(=O)c2O)ccc1C=Cc1ccc(C)cc1,1,c1([*])ccc(-c2c(O)c(=O)c3c(O)cccc3o2)cc1[*],c1(C=C*)ccc(C)cc1|C(=C)C*,,0.4719667,7.922,0.8177233,9.043,0.9772361,2.6938,0.184063,-1.2934,2,3,18,False
8.0112,17.1924,-17.1924,0.0,C=CCc1cc(-c2oc3cccc(O)c3c(=O)c2O)ccc1-c1ccccc1,2,c1([*])ccc(-c2c(O)c(=O)c3c(O)cccc3o2)cc1[*],c1c(*)cccc1|C(=C)C*,,0.0,7.79,0.0,11.766,0.0,2.4816,0.0,-0.4847,2,3,18,False
7.4761,12.8594,62.3964,0.5879356,CCc1ccc(-c2oc3cccc(O)c3c(=O)c2O)cc1CC,1,c1([*])ccc(-c2c(O)c(=O)c3c(O)cccc3o2)cc1[*],CC*|CC*,,0.2599483,7.273,0.980739,10.731,0.9895465,2.4191,0.7107795,0.781,2,3,18,True
10.8647,19.0049,44.2247,0.4939812,C=CCc1cc(-c2oc3cccc(O)c3c(=O)c2O)ccc1CC=C(C)C,1,c1([*])ccc(-c2c(O)c(=O)c3c(O)cccc3o2)cc1[*],C(C)(C)=CC*|C(C*)=C,,0.2070672,7.067,0.9605306,10.218,0.966184,2.8353,0.406965,-0.327,2,3,18,False
7.3029,11.7154,68.0184,0.6229201,CCCc1cc(-c2oc3cccc(O)c3c(=O)c2O)ccc1C,1,c1([*])ccc(-c2c(O)c(=O)c3c(O)cccc3o2)cc1[*],*C|C(C*)C,,0.3243287,7.49,0.9458089,9.987,0.99089,2.3708,0.677667,0.6454,2,3,18,True
8.9986,14.5783,57.602,0.5639083,C=CCc1cc(-c2oc3cccc(O)c3c(=O)c2O)ccc1C(C)C,1,c1([*])ccc(-c2c(O)c(=O)c3c(O)cccc3o2)cc1[*],CC(*)C|*CC=C,,0.2666476,7.297,0.9775413,10.622,0.9794016,2.6583,0.516328,0.0567,2,3,18,True
7.7809,13.1904,80.0574,0.728498,Cc1cc(-c2oc3cccc(O)c3c(=O)c2O)ccc1Cc1ccccc1,1,c1([*])ccc(-c2c(O)c(=O)c3c(O)cccc3o2)cc1[*],c1cc(C*)ccc1|*C,,0.548418,8.135,0.9933324,11.477,0.9931332,2.2718,0.5027671,0.0096,2,3,18,True
11.5562,16.4322,62.7806,0.6188504,CCc1cc(-c2oc3cccc(O)c3c(=O)c2O)ccc1N1CCN(C)CC1,1,c1([*])ccc(-c2c(O)c(=O)c3c(O)cccc3o2)cc1[*],N1(C)CCN(*)CC1|C(*)C,,0.3367472,7.529,0.8860224,9.425,0.9862884,2.5145,0.6952698,0.7165,2,3,18,True
5.9156,1.6291,74.419,0.5941255,Cc1ccc(-c2oc3cccc(O)c3c(=O)c2O)cc1C,1,c1(-c2ccc([*])c([*])c2)c(O)c(=O)c2c(O)cccc2o1,*C|*C,,0.2528152,7.247,0.9781646,10.642,0.9937705,2.2377,0.8148294,1.287,3,3,19,True
5.6118,16.0333,64.3145,0.6277174,C=CCc1cc(-c2oc3cccc(O)c3c(=O)c2O)ccc1C(F)F,1,c1(-c2ccc([*])c([*])c2)c(O)c(=O)c2c(O)cccc2o1,FC(F)*|C(C=C)*,,0.35366,7.581,0.9653995,10.313,0.967191,2.8244,0.5691565,0.2418,3,3,19,True
13.1625,18.7684,32.1318,0.3976583,O=c1c(O)c(-c2ccc(C(F)F)c(NCc3ccccc3)c2)oc2cccc(O)c12,1,c1(-c2ccc([*])c([*])c2)c(O)c(=O)c2c(O)cccc2o1,FC(F)*|C(c1ccccc1)N*,,0.604569,8.295,0.9916562,11.32,0.9837987,2.5733,0.0071715,-4.2825,3,3,19,False
9.0263,15.1201,33.1045,0.3767543,C=CCNc1cc(-c2oc3cccc(O)c3c(=O)c2O)ccc1-c1ccccc1,1,c1(-c2ccc([*])c([*])c2)c(O)c(=O)c2c(O)cccc2o1,c1(*)ccccc1|C(N*)C=C,,0.4813002,7.948,0.9944875,11.61,0.9860337,2.521,0.0084423,-4.1397,3,3,19,False
12.568,18.3847,-6.5334,0.0925881,C=CCc1cc(-c2oc3cccc(O)c3c(=O)c2O)ccc1C=Cc1ccc(O)cc1,1,c1(-c2ccc([*])c([*])c2)c(O)c(=O)c2c(O)cccc2o1,Oc1ccc(C=C*)cc1|C(C=C)*,,0.4494446,7.859,0.9540716,10.108,0.9725136,2.761,1e-06,-12.0389,3,3,19,False
14.128,19.664,-15.0392,0.036131,CC(C)c1cc(-c2oc3cccc(O)c3c(=O)c2O)ccc1CCN,1,c1(-c2ccc([*])c([*])c2)c(O)c(=O)c2c(O)cccc2o1,*CCN|C(*)(C)C,,0.2223489,7.13,0.9212496,9.709,0.9830388,2.5895,0.0,-17.5956,3,3,19,False
10.0336,19.0429,59.8297,0.6161923,CCCc1cc(-c2oc3cccc(O)c3c(=O)c2O)ccc1-c1ccccc1,1,c1(-c2ccc([*])c([*])c2)c(O)c(=O)c2c(O)cccc2o1,c1cccc(*)c1|*CCC,,0.4193993,7.774,0.9952908,11.72,0.9920176,2.3245,0.3068372,-0.7079,3,3,19,False
7.8319,15.2599,65.9906,0.6347693,C=CCc1cc(-c2oc3cccc(O)c3c(=O)c2O)ccc1-c1ccccc1,1,c1(-c2ccc([*])c([*])c2)c(O)c(=O)c2c(O)cccc2o1,c1cccc(*)c1|C(C=C)*,,0.4250163,7.79,0.9955911,11.766,0.9875101,2.4816,0.3639954,-0.4847,3,3,19,False
8.146,12.9047,77.5335,0.7065479,C=CCc1cc(-c2oc3cccc(O)c3c(=O)c2O)ccc1C(F)(F)F,1,c1(-c2ccc([*])c([*])c2)c(O)c(=O)c2c(O)cccc2o1,FC(F)(F)*|C(C=C)*,,0.4924453,7.979,0.9853831,10.926,0.9765313,2.7046,0.5461906,0.1609,3,3,19,True
17.58,25.6605,-24.2248,0.0112159,O=c1c(O)c(-c2ccc(C=CCc3ccc(C(F)(F)F)cc3)c(C(F)(F)F)c2)oc2cccc(O)c12,1,c1(-c2ccc([*])c([*])c2)c(O)c(=O)c2c(O)cccc2o1,C(=C*)Cc1ccc(C(F)(F)F)cc1|FC(F)(F)*,,1e-05,0.0,0.9033442,9.553,0.9628543,2.8691,0.0609572,-2.3753,3,3,19,False
15.7928,16.5398,-10.6896,0.0457048,NC(N)=NN=CCc1ccc(-c2oc3cccc(O)c3c(=O)c2O)cc1C(F)(F)F,1,c1(-c2ccc([*])c([*])c2)c(O)c(=O)c2c(O)cccc2o1,C(C*)=NN=C(N)N|FC(*)(F)F,,0.4127561,7.755,0.9940019,11.551,0.9315912,3.0927,0.0,-68.3322,3,3,19,False
14.401,23.0859,-19.1539,0.0307188,C=CCc1cc(-c2oc3cccc(O)c3c(=O)c2O)ccc1NC(C)CO,1,c1(-c2ccc([*])c([*])c2)c(O)c(=O)c2c(O)cccc2o1,OCC(C)N*|*CC=C,,0.1533934,6.813,0.869687,9.319,0.9063625,3.2113,0.0,-23.8328,3,3,19,False
11.2576,21.6765,63.7497,0.6673923,C=C(C)Cc1cc(-c2oc3cccc(O)c3c(=O)c2O)ccc1C(F)F,1,c1(-c2ccc([*])c([*])c2)c(O)c(=O)c2c(O)cccc2o1,FC(F)*|C(C)(=C)C*,,0.4547917,7.874,0.984596,10.889,0.9608216,2.8883,0.4578612,-0.1468,3,3,19,False
7.3864,14.448,71.1909,0.6690538,O=c1c(O)c(-c2ccc(C(F)F)c(-c3ccccc3)c2)oc2cccc(O)c12,1,c1(-c2ccc([*])c([*])c2)c(O)c(=O)c2c(O)cccc2o1,FC(F)*|c1cccc(*)c1,,0.5487742,8.136,0.9592564,10.195,0.9876481,2.4777,0.3104834,-0.693,3,3,19,False
14.7739,19.5369,-12.0117,0.0587905,O=c1c(O)c(-c2ccc(N3CCCCC3)c(C=Cc3ccc(F)cc3)c2)oc2cccc(O)c12,1,c1(-c2ccc([*])c([*])c2)c(O)c(=O)c2c(O)cccc2o1,C1CN(*)CCC1|C(=C*)c1ccc(F)cc1,,0.6433737,8.41,0.0011786,3.315,0.9824318,2.6019,0.1211953,-1.7208,3,3,19,False
8.5152,12.1575,56.8595,0.5391954,O=c1c(O)c(-c2ccc(-c3ccccc3)c(-c3ccccc3)c2)oc2cccc(O)c12,1,c1(-c2ccc([*])c([*])c2)c(O)c(=O)c2c(O)cccc2o1,c1c(*)cccc1|c1cccc(*)c1,,0.6564698,8.45,0.5686415,8.192,0.9939491,2.2276,0.1632373,-1.4196,3,3,19,False
12.2015,19.6473,55.1875,0.584647,C=CCc1ccc(-c2oc3cccc(O)c3c(=O)c2O)cc1N1CCCC1,1,c1(-c2ccc([*])c([*])c2)c(O)c(=O)c2c(O)cccc2o1,*CC=C|C1CN(*)CC1,,0.283284,7.355,0.9796784,10.693,0.9793194,2.6597,0.5675284,0.2361,3,3,19,True
19.3292,30.6264,-9.1201,0.1680173,CCC=Cc1ccc(-c2cc(-c3oc4cccc(O)c4c(=O)c3O)ccc2C=Cc2ccccc2)cc1,1,c1(-c2ccc([*])c([*])c2)c(O)c(=O)c2c(O)cccc2o1,C(=C*)c1ccccc1|C(=Cc1ccc(*)cc1)CC,,0.5672287,8.188,0.0571409,6.052,0.9755276,2.7195,0.0209641,-3.3386,3,3,19,False
11.5774,17.0239,54.0793,0.5554936,CC(C)c1ccc(-c2oc3cccc(O)c3c(=O)c2O)cc1C(F)F,1,c1(-c2ccc([*])c([*])c2)c(O)c(=O)c2c(O)cccc2o1,*C(C)C|*C(F)F,,0.2660852,7.295,0.989578,11.164,0.978722,2.6698,0.4564952,-0.1515,3,3,19,False
5.7087,13.8965,70.719,0.6610588,O=c1c(O)c(-c2ccc(C(F)F)c(C(F)F)c2)oc2cccc(O)c12,1,c1(-c2ccc([*])c([*])c2)c(O)c(=O)c2c(O)cccc2o1,FC(F)*|FC(F)*,,0.4232587,7.785,0.9802714,10.714,0.9677678,2.818,0.5096525,0.0335,3,3,19,True
6.5645,13.2049,62.6264,0.5924322,C=CCc1ccc(-c2oc3cccc(O)c3c(=O)c2O)cc1C(F)(F)F,1,c1(-c2ccc([*])c([*])c2)c(O)c(=O)c2c(O)cccc2o1,*CC=C|FC(*)(F)F,,0.2975165,7.403,0.985589,10.936,0.9774565,2.6903,0.5461906,0.1609,3,3,19,True
12.4906,14.1803,28.2946,0.3318351,O=c1c(O)c(-c2ccc(N3CCCCC3)c(-c3ccccc3)c2)oc2cccc(O)c12,1,c1(-c2ccc([*])c([*])c2)c(O)c(=O)c2c(O)cccc2o1,C1CCN(*)CC1|c1(*)ccccc1,,0.6097178,8.31,0.1339434,6.703,0.9902226,2.3956,0.2233392,-1.0825,3,3,19,False
6.132,9.7997,69.2135,0.617291,C=CCc1cc(-c2oc3cccc(O)c3c(=O)c2O)ccc1C,1,c1(-c2ccc([*])c([*])c2)c(O)c(=O)c2c(O)cccc2o1,*C|C(=C)C*,,0.3005331,7.413,0.9656868,10.319,0.9839044,2.571,0.7310495,0.8685,3,3,19,True
6.6425,13.2049,-13.2049,0.0,C=CCc1ccc(-c2oc3cccc(O)c3c(=O)c2O)cc1C(F)(F)F,2,c1(-c2ccc([*])c([*])c2)c(O)c(=O)c2c(O)cccc2o1,*CC=C|FC(*)(F)F,,0.0,7.403,0.0,10.936,0.0,2.6903,0.0,0.1609,3,3,19,True
7.079,9.546,80.9774,0.7072144,Cc1cc(-c2oc3cccc(O)c3c(=O)c2O)ccc1-c1ccccc1,1,c1(-c2ccc([*])c([*])c2)c(O)c(=O)c2c(O)cccc2o1,c1ccc(*)cc1|*C,,0.5107916,8.03,0.9982198,12.398,0.9942502,2.2097,0.4809299,-0.0663,3,3,19,False
9.949,22.1977,52.5197,0.5837296,CC=Cc1ccc(-c2oc3cccc(O)c3c(=O)c2O)cc1C(F)F,1,c1(-c2ccc([*])c([*])c2)c(O)c(=O)c2c(O)cccc2o1,C(=C*)C|FC(*)F,,0.3008356,7.414,0.9917628,11.329,0.9632173,2.8655,0.4822813,-0.0616,3,3,19,False
13.5044,14.2374,30.3215,0.3481164,O=c1c(O)c(-c2ccc(C(F)(F)F)c(-c3ccco3)c2)oc2cccc(O)c12,1,c1(-c2ccc([*])c([*])c2)c(O)c(=O)c2c(O)cccc2o1,C(F)(F)(F)*|c1(*)occc1,,0.668057,8.486,0.9369287,9.875,0.9790978,2.6635,0.002684,-5.1401,3,3,19,False
7.9867,16.1585,48.4739,0.5049407,C=CCc1ccc(-c2oc3cccc(O)c3c(=O)c2O)cc1CC=C,1,c1(-c2ccc([*])c([*])c2)c(O)c(=O)c2c(O)cccc2o1,C(*)C=C|C(C*)=C,,0.1842153,6.966,0.9532449,10.095,0.9711497,2.7783,0.6267282,0.4501,3,3,19,True
10.1187,16.3594,14.0232,0.2373636,C=CCNc1ccc(-c2oc3cccc(O)c3c(=O)c2O)cc1CC,1,c1(-c2ccc([*])c([*])c2)c(O)c(=O)c2c(O)cccc2o1,C(C=C)N*|C(*)C,,0.1077377,6.531,0.9699816,10.415,0.9800389,2.6472,0.0136002,-3.721,3,3,19,False
17.6823,25.8948,-21.9898,0.030508,C=CCOC(=O)Cc1cc(-c2oc3cccc(O)c3c(=O)c2O)ccc1CC=C,1,c1(-c2ccc([*])c([*])c2)c(O)c(=O)c2c(O)cccc2o1,*CC=C|C(COC(C*)=O)=C,,0.1395489,6.736,0.9121363,9.626,0.9658907,2.8384,0.0,-17.8879,3,3,19,False
12.4408,21.1452,-15.8535,0.0413412,NC(=O)Cc1ccc(-c2oc3cccc(O)c3c(=O)c2O)cc1C(F)F,1,c1(-c2ccc([*])c([*])c2)c(O)c(=O)c2c(O)cccc2o1,O=C(N)C*|FC(F)*,,0.3099937,7.444,0.976041,10.576,0.9711993,2.7777,0.0,-34.6619,3,3,19,False
4.6139,15.4177,-15.4177,0.0,C=CCc1ccc(-c2oc3cccc(O)c3c(=O)c2O)cc1CC=C,2,c1(-c2ccc([*])c([*])c2)c(O)c(=O)c2c(O)cccc2o1,*CC=C|*CC=C,,0.0,6.966,0.0,10.095,0.0,2.7783,0.0,0.4501,3,3,19,True
8.877,11.5812,78.8569,0.7065479,C=CCc1cc(-c2oc3cccc(O)c3c(=O)c2O)ccc1C(F)(F)F,1,[*]c1c([*])cc(-c2c(O)c(=O)c3c(cccc3O)o2)cc1,FC(F)(*)F|C=CC*,,0.4924453,7.979,0.9853831,10.926,0.9765313,2.7046,0.5461906,0.1609,4,3,20,True
6.3297,9.9846,69.0286,0.617291,C=CCc1cc(-c2oc3cccc(O)c3c(=O)c2O)ccc1C,1,[*]c1c([*])cc(-c2c(O)c(=O)c3c(cccc3O)o2)cc1,*C|C(*)C=C,,0.3005331,7.413,0.9656868,10.319,0.9839044,2.571,0.7310495,0.8685,4,3,20,True
27.146,25.3238,-3.725,0.1687402,O=c1c(O)c(-c2ccc(-c3ccc(-c4ccco4)cc3)c(Cc3ccccc3)c2)oc2cccc(O)c12,1,[*]c1c([*])cc(-c2c(O)c(=O)c3c(cccc3O)o2)cc1,c1ccc(-c2ccc(*)cc2)o1|c1c(C*)cccc1,,0.6469975,8.421,0.2196236,7.119,0.984924,2.5479,0.0006793,-6.3353,4,3,20,False
10.4676,13.7584,61.6495,0.5891244,C=CCc1cc(-c2oc3cccc(O)c3c(=O)c2O)ccc1C=C,1,[*]c1c([*])cc(-c2c(O)c(=O)c3c(cccc3O)o2)cc1,C=C*|C=CC*,,0.2803712,7.345,0.9594248,10.198,0.9686196,2.8084,0.6493669,0.5353,4,3,20,True
9.8115,16.8263,74.0693,0.7101223,CCCc1cc(-c2oc3cccc(O)c3c(=O)c2O)ccc1C(F)(F)F,1,[*]c1c([*])cc(-c2c(O)c(=O)c3c(cccc3O)o2)cc1,FC(F)(F)*|*CCC,,0.5255221,8.071,0.9847912,10.898,0.9845252,2.5571,0.4821095,-0.0622,4,3,20,False
6.9773,14.8917,74.1004,0.6952507,CCc1cc(-c2oc3cccc(O)c3c(=O)c2O)ccc1-c1ccccc1,1,[*]c1c([*])cc(-c2c(O)c(=O)c3c(cccc3O)o2)cc1,c1ccc(*)cc1|C(C)*,,0.5230097,8.064,0.9957584,11.793,0.9928216,2.2873,0.4091256,-0.3193,4,3,20,False
6.8223,12.6957,-12.6957,0.0,C=CCc1cc(-c2oc3cccc(O)c3c(=O)c2O)ccc1C(F)(F)F,2,[*]c1c([*])cc(-c2c(O)c(=O)c3c(cccc3O)o2)cc1,*C(F)(F)F|C(C=C)*,,0.0,7.979,0.0,10.926,0.0,2.7046,0.0,0.1609,4,3,20,True
6.9699,14.2987,72.4247,0.6775267,O=c1c(O)c(-c2ccc(-c3ccccc3)c(C(F)F)c2)oc2cccc(O)c12,1,[*]c1c([*])cc(-c2c(O)c(=O)c3c(cccc3O)o2)cc1,c1c(*)cccc1|FC(F)*,,0.5469918,8.131,0.9977111,12.223,0.9874274,2.4839,0.3104834,-0.693,4,3,20,False
8.8625,12.705,80.5427,0.728498,Cc1cc(-c2oc3cccc(O)c3c(=O)c2O)ccc1Cc1ccccc1,1,[*]c1c([*])cc(-c2c(O)c(=O)c3c(cccc3O)o2)cc1,C(*)c1ccccc1|*C,,0.548418,8.135,0.9933324,11.477,0.9931332,2.2718,0.5027671,0.0096,4,3,20,True
5.5462,9.4522,72.0759,0.6369388,Cc1cc(-c2oc3cccc(O)c3c(=O)c2O)ccc1C(F)F,1,[*]c1c([*])cc(-c2c(O)c(=O)c3c(cccc3O)o2)cc1,FC(F)*|*C,,0.3313051,7.512,0.9876025,11.042,0.9833302,2.5834,0.681388,0.6603,4,3,20,True
7.5782,10.1665,80.357,0.7072144,Cc1cc(-c2oc3cccc(O)c3c(=O)c2O)ccc1-c1ccccc1,1,[*]c1c([*])cc(-c2c(O)c(=O)c3c(cccc3O)o2)cc1,c1ccc(*)cc1|C*,,0.5107916,8.03,0.9982198,12.398,0.9942502,2.2097,0.4809299,-0.0663,4,3,20,False
10.8224,15.2499,63.963,0.6188504,CCc1cc(-c2oc3cccc(O)c3c(=O)c2O)ccc1N1CCN(C)CC1,1,[*]c1c([*])cc(-c2c(O)c(=O)c3c(cccc3O)o2)cc1,CN1CCN(*)CC1|*CC,,0.3367472,7.529,0.8860224,9.425,0.9862884,2.5145,0.6952698,0.7165,4,3,20,True
7.795,12.7934,53.8026,0.5202808,Cc1ccc(-c2oc3cccc(O)c3c(=O)c2O)cc1C=Cc1ccccc1,1,[*]c1c([*])cc(-c2c(O)c(=O)c3c(cccc3O)o2)cc1,*C|C(=C*)c1ccccc1,,0.4165983,7.766,0.5903797,8.254,0.9893637,2.4251,0.3421751,-0.5677,4,3,20,False
10.8926,17.518,55.4928,0.5703967,C=Cc1cc(-c2oc3cccc(O)c3c(=O)c2O)ccc1CC,1,[*]c1c([*])cc(-c2c(O)c(=O)c3c(cccc3O)o2)cc1,CC*|C(=C)*,,0.2434194,7.212,0.9757022,10.566,0.9807059,2.6351,0.6914146,0.7007,4,3,20,True
16.7246,20.2315,-13.803,0.0502228,CCc1cc(-c2oc3cccc(O)c3c(=O)c2O)ccc1-c1nnn[nH]1,1,[*]c1c([*])cc(-c2c(O)c(=O)c3c(cccc3O)o2)cc1,c1(*)[nH]nnn1|C(C)*,,0.532335,8.09,0.9947267,11.641,0.9629348,2.8683,0.0,-46.0335,4,3,20,False
8.7146,13.6161,82.4653,0.7506359,O=c1c(O)c(-c2ccc(C(F)(F)F)c(Cc3ccccc3)c2)oc2cccc(O)c12,1,[*]c1c([*])cc(-c2c(O)c(=O)c3c(cccc3O)o2)cc1,FC(F)(F)*|c1ccccc1C*,,0.7999319,8.963,0.9156465,9.657,0.9879169,2.47,0.3092571,-0.698,4,3,20,False
8.3004,10.8105,74.7765,0.6686482,Cc1ccc(-c2ccc(-c3oc4cccc(O)c4c(=O)c3O)cc2C)cc1,1,[*]c1c([*])cc(-c2c(O)c(=O)c3c(cccc3O)o2)cc1,c1c(*)ccc(C)c1|*C,,0.4737603,7.927,0.9989495,12.765,0.9933771,2.2591,0.3941232,-0.3735,4,3,20,False
13.3989,21.3205,53.748,0.5864726,C=CC(C)c1ccc(-c2oc3cccc(O)c3c(=O)c2O)cc1-c1ccccc1,1,[*]c1c([*])cc(-c2c(O)c(=O)c3c(cccc3O)o2)cc1,C(C)(C=C)*|c1ccccc1*,,0.4544349,7.873,0.9231086,9.727,0.9359736,3.0681,0.2312229,-1.0435,4,3,20,False
6.9998,2.0175,74.0305,0.5941255,Cc1ccc(-c2oc3cccc(O)c3c(=O)c2O)cc1C,1,[*]c1c([*])cc(-c2c(O)c(=O)c3c(cccc3O)o2)cc1,C*|*C,,0.2528152,7.247,0.9781646,10.642,0.9937705,2.2377,0.8148294,1.287,4,3,20,True
8.0865,11.0695,81.2191,0.721005,O=c1c(O)c(-c2ccc(C(F)(F)F)c(-c3ccccc3)c2)oc2cccc(O)c12,1,[*]c1c([*])cc(-c2c(O)c(=O)c3c(cccc3O)o2)cc1,FC(F)(*)F|c1c(*)cccc1,,0.6970414,8.579,0.9606939,10.221,0.9897643,2.4117,0.2909075,-0.7739,4,3,20,False
9.5735,15.4343,-15.4343,0.0,CCc1cc(-c2oc3cccc(O)c3c(=O)c2O)ccc1-c1ccccc1,2,[*]c1c([*])cc(-c2c(O)c(=O)c3c(cccc3O)o2)cc1,*c1ccccc1|*CC,,0.0,8.064,0.0,11.793,0.0,2.2873,0.0,-0.3193,4,3,20,False
5.2906,9.0486,-9.0486,0.0,Cc1cc(-c2oc3cccc(O)c3c(=O)c2O)ccc1-c1ccccc1,2,[*]c1c([*])cc(-c2c(O)c(=O)c3c(cccc3O)o2)cc1,c1(*)ccccc1|*C,,0.0,8.03,0.0,12.398,0.0,2.2097,0.0,-0.0663,4,3,20,False
6.0631,9.3634,-9.3634,0.0,Cc1cc(-c2oc3cccc(O)c3c(=O)c2O)ccc1-c1ccccc1,2,[*]c1c([*])cc(-c2c(O)c(=O)c3c(cccc3O)o2)cc1,c1cc(*)ccc1|*C,,0.0,8.03,0.0,12.398,0.0,2.2097,0.0,-0.0663,4,3,20,False
5.9489,10.6526,53.9798,0.5049407,C=CCc1ccc(-c2oc3cccc(O)c3c(=O)c2O)cc1CC=C,1,[*]c1c([*])cc(-c2c(O)c(=O)c3c(cccc3O)o2)cc1,C=CC*|C(C=C)*,,0.1842153,6.966,0.9532449,10.095,0.9711497,2.7783,0.6267282,0.4501,4,3,20,True
6.0102,10.0042,-10.0042,0.0,C=CCc1ccc(-c2oc3cccc(O)c3c(=O)c2O)cc1CC=C,2,[*]c1c([*])cc(-c2c(O)c(=O)c3c(cccc3O)o2)cc1,C(=C)C*|C=CC*,,0.0,6.966,0.0,10.095,0.0,2.7783,0.0,0.4501,4,3,20,True
12.0145,17.5549,54.8803,0.5658997,C=Cc1ccc(-c2oc3cccc(O)c3c(=O)c2O)cc1C=C,1,[*]c1c([*])cc(-c2c(O)c(=O)c3c(cccc3O)o2)cc1,C=C*|C=C*,,0.2405159,7.201,0.9821029,10.783,0.9703853,2.7877,0.6713526,0.6204,4,3,20,True
11.8993,10.9527,27.2564,0.2985084,CCc1cc(-c2oc3cccc(O)c3c(=O)c2O)ccc1N1CCOCC1,1,[*]c1c([*])cc(-c2c(O)c(=O)c3c(cccc3O)o2)cc1,N1(*)CCOCC1|CC*,,0.2536316,7.25,0.9263142,9.759,0.9862363,2.5158,0.0094077,-4.0448,4,3,20,False
11.9366,18.051,-12.4051,0.0441083,COC(=O)Cc1cc(-c2oc3cccc(O)c3c(=O)c2O)ccc1-c1ccccc1,1,[*]c1c([*])cc(-c2c(O)c(=O)c3c(cccc3O)o2)cc1,c1(*)ccccc1|O=C(OC)C*,,0.3655904,7.617,0.9878641,11.057,0.989733,2.4127,0.0,-17.9086,4,3,20,False
10.0449,14.0104,71.6285,0.6690538,O=c1c(O)c(-c2ccc(C(F)F)c(-c3ccccc3)c2)oc2cccc(O)c12,1,[*]c1c([*])cc(-c2c(O)c(=O)c3c(cccc3O)o2)cc1,FC(*)F|c1cc(*)ccc1,,0.5487742,8.136,0.9592564,10.195,0.9876481,2.4777,0.3104834,-0.693,4,3,20,False
7.7852,14.4875,-14.4875,0.0,O=c1c(O)c(-c2ccc(C(F)F)c(-c3ccccc3)c2)oc2cccc(O)c12,2,[*]c1c([*])cc(-c2c(O)c(=O)c3c(cccc3O)o2)cc1,C(F)(F)*|c1ccc(*)cc1,,0.0,8.136,0.0,10.195,0.0,2.4777,0.0,-0.693,4,3,20,False
10.11,13.4843,-13.4843,0.0,CCc1cc(-c2oc3cccc(O)c3c(=O)c2O)ccc1N1CCN(C)CC1,2,[*]c1c([*])cc(-c2c(O)c(=O)c3c(cccc3O)o2)cc1,N1(*)CCN(C)CC1|CC*,,0.0,7.529,0.0,9.425,0.0,2.5145,0.0,0.7165,4,3,20,True
7.7603,14.9449,67.1557,0.6414109,C=CCc1ccc(-c2oc3cccc(O)c3c(=O)c2O)cc1Cc1ccccc1,1,[*]c1c([*])cc(-c2c(O)c(=O)c3c(cccc3O)o2)cc1,C(=C)C*|c1cc(C*)ccc1,,0.4274799,7.797,0.9968341,11.997,0.9858394,2.5258,0.3844556,-0.4088,4,3,20,False
9.2484,16.2748,62.9855,0.6192213,C=CCc1ccc(-c2oc3cccc(O)c3c(=O)c2O)cc1N1CCCCC1,1,c1([*])c([*])ccc(-c2oc3c(c(=O)c2O)c(O)ccc3)c1,C1N(*)CCCC1|C(*)C=C,,0.3800586,7.66,0.9443902,9.968,0.979384,2.6586,0.4567528,-0.1506,5,3,21,False
8.6476,16.0183,72.705,0.6931507,O=c1c(O)c(-c2ccc(Cc3ccccc3)c(C(F)(F)F)c2)oc2cccc(O)c12,1,c1([*])c([*])ccc(-c2oc3c(c(=O)c2O)c(O)ccc3)c1,FC(*)(F)F|C(c1ccccc1)*,,0.6759865,8.511,0.8626825,9.277,0.988608,2.4493,0.3092571,-0.698,5,3,21,False
9.1,13.8348,69.1783,0.6485398,O=c1c(O)c(-c2ccc(CF)c(C(F)(F)F)c2)oc2cccc(O)c12,1,c1([*])c([*])ccc(-c2oc3c(c(=O)c2O)c(O)ccc3)c1,FC(*)(F)F|FC*,,0.369605,7.629,0.974479,10.531,0.9769197,2.6987,0.6182935,0.4189,5,3,21,True
8.8132,17.2599,58.148,0.5891244,C=CCc1cc(-c2oc3cccc(O)c3c(=O)c2O)ccc1C=C,1,c1([*])c([*])ccc(-c2oc3c(c(=O)c2O)c(O)ccc3)c1,C(C=C)*|C(*)=C,,0.2803712,7.345,0.9594248,10.198,0.9686196,2.8084,0.6493669,0.5353,5,3,21,True
11.4763,15.5768,60.3923,0.5935088,CCCc1cc(-c2oc3cccc(O)c3c(=O)c2O)ccc1CC,1,c1([*])c([*])ccc(-c2oc3c(c(=O)c2O)c(O)ccc3)c1,C(CC)*|CC*,,0.2909422,7.381,0.9608566,10.224,0.9885656,2.4506,0.6110687,0.3924,5,3,21,True
14.3033,22.2849,-15.7359,0.0511639,C=CCc1ccc(-c2oc3cccc(O)c3c(=O)c2O)cc1NCCOC,1,c1([*])c([*])ccc(-c2oc3c(c(=O)c2O)c(O)ccc3)c1,COCCN*|*CC=C,,0.1233032,6.637,0.9481921,10.02,0.9766595,2.7027,4e-07,-12.8434,5,3,21,False
7.2955,12.1158,79.8926,0.7188156,O=c1c(O)c(-c2ccc(C(F)(F)F)c(C(F)F)c2)oc2cccc(O)c12,1,c1([*])c([*])ccc(-c2oc3c(c(=O)c2O)c(O)ccc3)c1,FC(F)*|C(F)(*)(F)F,,0.5412803,8.115,0.9908063,11.252,0.9739088,2.7424,0.4863771,-0.0473,5,3,21,False
9.0072,20.7941,50.5408,0.5573035,O=c1c(O)c(-c2ccc(C(F)F)c(C=Cc3ccccc3)c2)oc2cccc(O)c12,1,c1([*])c([*])ccc(-c2oc3c(c(=O)c2O)c(O)ccc3)c1,*C=Cc1ccccc1|FC(F)*,,0.5053966,8.015,0.7463685,8.75,0.9780278,2.6812,0.2017876,-1.1944,5,3,21,False
15.4114,22.5222,-16.4941,0.0470947,N#Cc1ccc(Cc2ccc(-c3oc4cccc(O)c4c(=O)c3O)cc2C(F)F)cc1,1,c1([*])c([*])ccc(-c2oc3c(c(=O)c2O)c(O)ccc3)c1,FC(F)*|c1c(C#N)ccc(C*)c1,,0.6246768,8.354,0.5523353,8.146,0.9743991,2.7356,0.0,-15.5145,5,3,21,False
14.4757,23.2654,61.7715,0.6643504,O=c1c(O)c(-c2ccc(CC3CCCC3)c(C(F)(F)F)c2)oc2cccc(O)c12,1,c1([*])c([*])ccc(-c2oc3c(c(=O)c2O)c(O)ccc3)c1,FC(*)(F)F|C(*)C1CCCC1,,0.5647542,8.181,0.9642271,10.289,0.9808218,2.633,0.2756136,-0.8393,5,3,21,False
13.494,22.087,36.298,0.4561329,CC(C)c1ccc(-c2oc3cccc(O)c3c(=O)c2O)cc1C=Cc1ccccc1,1,c1([*])c([*])ccc(-c2oc3c(c(=O)c2O)c(O)ccc3)c1,c1(C=C*)ccccc1|C(C)(*)C,,0.4881295,7.967,0.4683818,7.912,0.9842792,2.5627,0.1696324,-1.3795,5,3,21,False
8.5249,15.3562,72.0333,0.6827298,O=c1c(O)c(-c2ccc(-c3ccc(F)cc3)c(C(F)F)c2)oc2cccc(O)c12,1,c1([*])c([*])ccc(-c2oc3c(c(=O)c2O)c(O)ccc3)c1,FC(F)*|c1(*)ccc(F)cc1,,0.5903797,8.254,0.9925569,11.4,0.9850963,2.5439,0.277403,-0.8316,5,3,21,False
5.5967,13.8348,72.8886,0.6775267,O=c1c(O)c(-c2ccc(-c3ccccc3)c(C(F)F)c2)oc2cccc(O)c12,1,c1([*])c([*])ccc(-c2oc3c(c(=O)c2O)c(O)ccc3)c1,FC(F)*|c1ccc(*)cc1,,0.5469918,8.131,0.9977111,12.223,0.9874274,2.4839,0.3104834,-0.693,5,3,21,False
19.7316,21.431,-14.0065,0.0580033,Cc1ccc(-c2oc3cccc(O)c3c(=O)c2O)cc1CC(=O)Nc1ccc(F)cc1F,1,c1([*])c([*])ccc(-c2oc3c(c(=O)c2O)c(O)ccc3)c1,Fc1ccc(NC(C*)=O)c(F)c1|*C,,0.8109792,9.012,0.9745862,10.534,0.9879861,2.4679,0.0,-20.7286,5,3,21,False
4.9753,8.2833,70.7299,0.617291,C=CCc1cc(-c2oc3cccc(O)c3c(=O)c2O)ccc1C,1,c1([*])c([*])ccc(-c2oc3c(c(=O)c2O)c(O)ccc3)c1,C(C=C)*|*C,,0.3005331,7.413,0.9656868,10.319,0.9839044,2.571,0.7310495,0.8685,5,3,21,True
7.2544,18.1591,-18.1591,0.0,C=CCc1cc(-c2oc3cccc(O)c3c(=O)c2O)ccc1C=C,2,c1([*])c([*])ccc(-c2oc3c(c(=O)c2O)c(O)ccc3)c1,C(C=C)*|*C=C,,0.0,7.345,0.0,10.198,0.0,2.8084,0.0,0.5353,5,3,21,True
14.5912,17.612,67.2828,0.6632408,O=c1c(O)c(-c2ccc(C#Cc3ccccc3)c(C(F)(F)F)c2)oc2cccc(O)c12,1,c1([*])c([*])ccc(-c2oc3c(c(=O)c2O)c(O)ccc3)c1,C(*)(F)(F)F|c1c(C#C*)cccc1,,0.4852534,7.959,0.999152,12.914,0.9794851,2.6569,0.357885,-0.5077,5,3,21,False
13.6488,17.084,71.5261,0.692266,O=c1c(O)c(-c2ccc(C(F)(F)F)c(CF)c2)oc2cccc(O)c12,1,c1([*])c([*])ccc(-c2oc3c(c(=O)c2O)c(O)ccc3)c1,*CF|FC(F)(*)F,,0.4391408,7.83,0.9885025,11.095,0.9763415,2.7075,0.6182935,0.4189,5,3,21,True
6.8395,15.6539,66.7997,0.6441689,O=c1c(O)c(-c2ccc(Cc3ccccc3)c(C(F)F)c2)oc2cccc(O)c12,1,c1([*])c([*])ccc(-c2oc3c(c(=O)c2O)c(O)ccc3)c1,FC(F)*|c1cc(C*)ccc1,,0.4687401,7.913,0.9838818,10.857,0.9842582,2.5632,0.329494,-0.6171,5,3,21,False
5.6603,11.8678,73.2346,0.664863,O=c1c(O)c(-c2ccc(-c3ccccc3)c(C(F)(F)F)c2)oc2cccc(O)c12,1,c1([*])c([*])ccc(-c2oc3c(c(=O)c2O)c(O)ccc3)c1,FC(*)(F)F|c1cc(*)ccc1,,0.532693,8.091,0.9969587,12.025,0.9902987,2.3929,0.2909075,-0.7739,5,3,21,False
5.9382,12.6715,51.9609,0.5049407,C=CCc1ccc(-c2oc3cccc(O)c3c(=O)c2O)cc1CC=C,1,c1([*])c([*])ccc(-c2oc3c(c(=O)c2O)c(O)ccc3)c1,*CC=C|*CC=C,,0.1842153,6.966,0.9532449,10.095,0.9711497,2.7783,0.6267282,0.4501,5,3,21,True
12.1417,17.6229,64.0272,0.6378914,C=C(C)C=Cc1cc(-c2oc3cccc(O)c3c(=O)c2O)ccc1C,1,c1([*])c([*])ccc(-c2oc3c(c(=O)c2O)c(O)ccc3)c1,CC(=C)C=C*|*C,,0.3895977,7.688,0.9640779,10.286,0.9747059,2.7313,0.5031972,0.0111,5,3,21,True
9.4253,12.0281,21.2724,0.2601607,C=CCNc1ccc(-c2oc3cccc(O)c3c(=O)c2O)cc1CC=C,1,c1([*])c([*])ccc(-c2oc3c(c(=O)c2O)c(O)ccc3)c1,C(=C)C*|C(N*)C=C,,0.1441026,6.762,0.9687422,10.386,0.9675789,2.8201,0.0129183,-3.7663,5,3,21,False
9.8781,18.8004,62.0492,0.6316381,C=Cc1cc(-c2oc3cccc(O)c3c(=O)c2O)ccc1C(F)F,1,c1([*])c([*])ccc(-c2oc3c(c(=O)c2O)c(O)ccc3)c1,C(=C)*|FC(F)*,,0.3493953,7.568,0.9779484,10.635,0.9658493,2.8388,0.5930195,0.327,5,3,21,True
5.8023,7.2285,75.6266,0.6473059,Cc1ccc(-c2oc3cccc(O)c3c(=O)c2O)cc1C(F)(F)F,1,c1([*])c([*])ccc(-c2oc3c(c(=O)c2O)c(O)ccc3)c1,FC(F)(F)*|*C,,0.3513607,7.574,0.9859123,10.952,0.9883733,2.4564,0.6608396,0.5794,5,3,21,True
12.8704,16.7233,31.1328,0.3738762,O=c1c(O)c(-c2ccc(-c3ccccc3)c(NCc3ccccc3)c2)oc2cccc(O)c12,1,c1([*])c([*])ccc(-c2oc3c(c(=O)c2O)c(O)ccc3)c1,C(N*)c1ccccc1|c1(*)ccccc1,,0.6293886,8.368,0.9727418,10.484,0.9919831,2.326,0.0044896,-4.6917,5,3,21,False
15.7125,18.1486,-16.9642,0.0092528,COc1ccc(-c2cc(-c3oc4cccc(O)c4c(=O)c3O)ccc2-c2ccccc2)cc1,1,c1([*])c([*])ccc(-c2oc3c(c(=O)c2O)c(O)ccc3)c1,*c1ccc(OC)cc1|c1(*)ccccc1,,0.6927696,8.565,1e-05,0.0,0.9927903,2.2888,0.0304508,-3.0059,5,3,21,False
7.9175,13.0667,74.7685,0.686213,O=c1c(O)c(-c2ccc(-c3ccc(F)cc3)c(C(F)(F)F)c2)oc2cccc(O)c12,1,c1([*])c([*])ccc(-c2oc3c(c(=O)c2O)c(O)ccc3)c1,FC(*)(F)F|c1(F)ccc(*)cc1,,0.6162047,8.329,0.9920515,11.354,0.9884129,2.4552,0.259129,-0.9125,5,3,21,False
7.6755,19.1348,35.9406,0.4302768,O=c1c(O)c(-c2ccc(C=Cc3ccccc3)c(-c3ccccc3)c2)oc2cccc(O)c12,1,c1([*])c([*])ccc(-c2oc3c(c(=O)c2O)c(O)ccc3)c1,c1c(*)cccc1|C(=C*)c1ccccc1,,0.6397334,8.399,0.3807371,7.662,0.9889306,2.4392,0.0987106,-1.921,5,3,21,False
11.6141,14.0188,65.5633,0.6217349,O=c1c(O)c(-c2ccc(N3CCCC3)c(C(F)(F)F)c2)oc2cccc(O)c12,1,c1([*])c([*])ccc(-c2oc3c(c(=O)c2O)c(O)ccc3)c1,FC(F)(*)F|C1CN(*)CC1,,0.4152001,7.762,0.8499405,9.205,0.9855444,2.5331,0.4851227,-0.0517,5,3,21,False
6.5,11.6492,-11.6492,0.0,C=CCc1ccc(-c2oc3cccc(O)c3c(=O)c2O)cc1CC=C,2,c1([*])c([*])ccc(-c2oc3c(c(=O)c2O)c(O)ccc3)c1,C(C=C)*|C(*)C=C,,0.0,6.966,0.0,10.095,0.0,2.7783,0.0,0.4501,5,3,21,True
6.0252,14.0122,70.6033,0.6610588,O=c1c(O)c(-c2ccc(C(F)F)c(C(F)F)c2)oc2cccc(O)c12,1,c1([*])c([*])ccc(-c2oc3c(c(=O)c2O)c(O)ccc3)c1,C(F)(F)*|FC(F)*,,0.4232587,7.785,0.9802714,10.714,0.9677678,2.818,0.5096525,0.0335,5,3,21,True
15.2769,22.4612,48.7142,0.5560575,C=CCc1ccccc1-c1ccc(-c2oc3cccc(O)c3c(=O)c2O)cc1CC=C,1,Oc1c(=O)c2c(O)cccc2oc1-c1ccc([*])c([*])c1,c1cc(CC=C)c(*)cc1|C=CC*,,0.392339,7.696,0.9652067,10.309,0.9689143,2.805,0.1988483,-1.2104,6,3,22,False
8.5548,23.67,51.7379,0.5891244,C=CCc1cc(-c2oc3cccc(O)c3c(=O)c2O)ccc1C=C,1,Oc1c(=O)c2c(O)cccc2oc1-c1ccc([*])c([*])c1,*C=C|*CC=C,,0.2803712,7.345,0.9594248,10.198,0.9686196,2.8084,0.6493669,0.5353,6,3,22,True
9.3372,15.3405,70.2984,0.6690538,O=c1c(O)c(-c2ccc(C(F)F)c(-c3ccccc3)c2)oc2cccc(O)c12,1,Oc1c(=O)c2c(O)cccc2oc1-c1ccc([*])c([*])c1,*C(F)F|c1cccc(*)c1,,0.5487742,8.136,0.9592564,10.195,0.9876481,2.4777,0.3104834,-0.693,6,3,22,False
8.2266,16.3147,27.6599,0.3435512,O=c1c(O)c(-c2ccc(-c3ccccc3)c(Cc3ccccc3)c2)oc2cccc(O)c12,1,Oc1c(=O)c2c(O)cccc2oc1-c1ccc([*])c([*])c1,c1ccc(*)cc1|C(c1ccccc1)*,,0.5441377,8.123,0.1835673,6.963,0.9925581,2.2999,0.1755273,-1.3437,6,3,22,False
4.7319,11.242,54.1219,0.5106556,C=CCc1ccc(-c2oc3cccc(O)c3c(=O)c2O)cc1C,1,Oc1c(=O)c2c(O)cccc2oc1-c1ccc([*])c([*])c1,C(C=C)*|*C,,0.1711823,6.904,0.9857313,10.943,0.9849184,2.548,0.7310495,0.8685,6,3,22,True
7.4748,13.3669,59.9287,0.572622,O=c1c(O)c(-c2ccc(Cc3ccccc3)c(-c3ccccc3)c2)oc2cccc(O)c12,1,Oc1c(=O)c2c(O)cccc2oc1-c1ccc([*])c([*])c1,*Cc1ccccc1|c1(*)ccccc1,,0.6683762,8.487,0.6433737,8.41,0.9923065,2.3116,0.1755273,-1.3437,6,3,22,False
6.8929,15.6316,65.6189,0.6347693,C=CCc1cc(-c2oc3cccc(O)c3c(=O)c2O)ccc1-c1ccccc1,1,Oc1c(=O)c2c(O)cccc2oc1-c1ccc([*])c([*])c1,c1cc(*)ccc1|C(C=C)*,,0.4250163,7.79,0.9955911,11.766,0.9875101,2.4816,0.3639954,-0.4847,6,3,22,False
9.6755,17.879,48.4116,0.5178949,C=CCc1ccc(-c2oc3cccc(O)c3c(=O)c2O)cc1CF,1,Oc1c(=O)c2c(O)cccc2oc1-c1ccc([*])c([*])c1,C=CC*|C(F)*,,0.1844316,6.967,0.9802436,10.713,0.9712761,2.7767,0.6932223,0.7081,6,3,22,True
6.8889,16.0105,59.6685,0.5912418,C=CCc1ccc(-c2oc3cccc(O)c3c(=O)c2O)cc1C=C,1,Oc1c(=O)c2c(O)cccc2oc1-c1ccc([*])c([*])c1,C=CC*|C=C*,,0.2792113,7.341,0.9731584,10.495,0.9690335,2.8036,0.6493669,0.5353,6,3,22,True
5.7953,15.2334,73.7587,0.6952507,CCc1cc(-c2oc3cccc(O)c3c(=O)c2O)ccc1-c1ccccc1,1,Oc1c(=O)c2c(O)cccc2oc1-c1ccc([*])c([*])c1,c1cccc(*)c1|C(C)*,,0.5230097,8.064,0.9957584,11.793,0.9928216,2.2873,0.4091256,-0.3193,6,3,22,False
7.0515,13.5491,65.199,0.6152195,CC(C)=CCc1ccc(-c2oc3cccc(O)c3c(=O)c2O)cc1C,1,Oc1c(=O)c2c(O)cccc2oc1-c1ccc([*])c([*])c1,C(C)(C)=CC*|*C,,0.3332208,7.518,0.9940532,11.557,0.9817148,2.6161,0.526281,0.0914,6,3,22,True
6.4116,17.5808,-17.5808,0.0,C=CCc1ccc(-c2oc3cccc(O)c3c(=O)c2O)cc1C=C,2,Oc1c(=O)c2c(O)cccc2oc1-c1ccc([*])c([*])c1,C(=C)C*|C=C*,,0.0,7.341,0.0,10.495,0.0,2.8036,0.0,0.5353,6,3,22,True
9.8494,14.9547,76.8854,0.7175007,CCc1cc(-c2oc3cccc(O)c3c(=O)c2O)ccc1C(F)(F)F,1,Oc1c(=O)c2c(O)cccc2oc1-c1ccc([*])c([*])c1,FC(F)(*)F|*CC,,0.4960425,7.989,0.9831826,10.827,0.9851692,2.5421,0.5928534,0.3264,6,3,22,True
7.0452,14.3387,50.2937,0.5049407,C=CCc1ccc(-c2oc3cccc(O)c3c(=O)c2O)cc1CC=C,1,Oc1c(=O)c2c(O)cccc2oc1-c1ccc([*])c([*])c1,C(C=C)*|C=CC*,,0.1842153,6.966,0.9532449,10.095,0.9711497,2.7783,0.6267282,0.4501,6,3,22,True
4.3285,1.6949,74.3532,0.5941255,Cc1ccc(-c2oc3cccc(O)c3c(=O)c2O)cc1C,1,Oc1c(=O)c2c(O)cccc2oc1-c1ccc([*])c([*])c1,*C|*C,,0.2528152,7.247,0.9781646,10.642,0.9937705,2.2377,0.8148294,1.287,6,3,22,True
10.334,17.344,73.0941,0.7065479,C=CCc1cc(-c2oc3cccc(O)c3c(=O)c2O)ccc1C(F)(F)F,1,Oc1c(=O)c2c(O)cccc2oc1-c1ccc([*])c([*])c1,FC(F)(F)*|*CC=C,,0.4924453,7.979,0.9853831,10.926,0.9765313,2.7046,0.5461906,0.1609,6,3,22,True
9.3104,17.1111,63.5938,0.6305071,C=CCc1ccc(-c2oc3cccc(O)c3c(=O)c2O)cc1-c1ccccc1,1,Oc1c(=O)c2c(O)cccc2oc1-c1ccc([*])c([*])c1,C(*)C=C|*c1ccccc1,,0.434892,7.818,0.9546981,10.118,0.9868702,2.4992,0.3639954,-0.4847,6,3,22,False
7.2206,15.6763,56.9769,0.5676029,C=C(C)Cc1ccc(-c2oc3cccc(O)c3c(=O)c2O)cc1C,1,Oc1c(=O)c2c(O)cccc2oc1-c1ccc([*])c([*])c1,C(C)(=C)C*|*C,,0.2455459,7.22,0.9880354,11.067,0.9838429,2.5724,0.6347356,0.48,6,3,22,True
6.8736,11.5376,57.4794,0.5391954,O=c1c(O)c(-c2ccc(-c3ccccc3)c(-c3ccccc3)c2)oc2cccc(O)c12,1,Oc1c(=O)c2c(O)cccc2oc1-c1ccc([*])c([*])c1,c1ccc(*)cc1|c1cccc(*)c1,,0.6564698,8.45,0.5686415,8.192,0.9939491,2.2276,0.1632373,-1.4196,6,3,22,False
14.1474,20.3111,55.41,0.5915707,C#CCc1ccc(-c2oc3cccc(O)c3c(=O)c2O)cc1C,1,Oc1c(=O)c2c(O)cccc2oc1-c1ccc([*])c([*])c1,*CC#C|C*,,0.2458127,7.221,0.9900708,11.198,0.9761301,2.7107,0.8367038,1.4192,6,3,22,True
8.5167,15.9342,39.1413,0.4302768,O=c1c(O)c(-c2ccc(C=Cc3ccccc3)c(-c3ccccc3)c2)oc2cccc(O)c12,1,Oc1c(=O)c2c(O)cccc2oc1-c1ccc([*])c([*])c1,*C=Cc1ccccc1|c1c(*)cccc1,,0.6397334,8.399,0.3807371,7.662,0.9889306,2.4392,0.0987106,-1.921,6,3,22,False
11.0137,20.4512,65.9454,0.6749737,C=Cc1cc(-c2oc3cccc(O)c3c(=O)c2O)ccc1-c1ccccc1,1,Oc1c(=O)c2c(O)cccc2oc1-c1ccc([*])c([*])c1,c1c(*)cccc1|C(=C)*,,0.4928049,7.98,0.9965397,11.935,0.9881549,2.463,0.3869826,-0.3996,6,3,22,False
5.3971,8.3193,-8.3193,0.0,O=c1c(O)c(-c2ccc(-c3ccccc3)c(-c3ccccc3)c2)oc2cccc(O)c12,2,Oc1c(=O)c2c(O)cccc2oc1-c1ccc([*])c([*])c1,c1(*)ccccc1|c1c(*)cccc1,,0.0,8.45,0.0,8.192,0.0,2.2276,0.0,-1.4196,6,3,22,False
4.4805,9.7621,71.766,0.6369388,Cc1cc(-c2oc3cccc(O)c3c(=O)c2O)ccc1C(F)F,1,Oc1c(=O)c2c(O)cccc2oc1-c1ccc([*])c([*])c1,FC(F)*|*C,,0.3313051,7.512,0.9876025,11.042,0.9833302,2.5834,0.681388,0.6603,6,3,22,True
6.9708,13.3293,73.3942,0.6775267,O=c1c(O)c(-c2ccc(-c3ccccc3)c(C(F)F)c2)oc2cccc(O)c12,1,Oc1c(=O)c2c(O)cccc2oc1-c1ccc([*])c([*])c1,c1c(*)cccc1|FC(F)*,,0.5469918,8.131,0.9977111,12.223,0.9874274,2.4839,0.3104834,-0.693,6,3,22,False
12.1496,17.776,64.7409,0.6446632,CN(C)c1ccc(-c2oc3cccc(O)c3c(=O)c2O)cc1C(F)(F)F,1,Oc1c(=O)c2c(O)cccc2oc1-c1ccc([*])c([*])c1,N(C)(C)*|*C(F)(F)F,,0.3596035,7.599,0.9720855,10.467,0.9812609,2.6248,0.6341638,0.4778,6,3,22,True
4.8486,9.9847,82.7662,0.7246167,Cc1cc(-c2oc3cccc(O)c3c(=O)c2O)ccc1C(F)(F)F,1,Oc1c(=O)c2c(O)cccc2oc1-c1ccc([*])c([*])c1,*C(F)(F)F|*C,,0.4820187,7.95,0.9926519,11.409,0.9869253,2.4977,0.6608396,0.5794,6,3,22,True
6.2291,15.2071,50.9282,0.5166819,C=CCc1ccc(-c2oc3cccc(O)c3c(=O)c2O)cc1CC,1,Oc1c(=O)c2c(O)cccc2oc1-c1ccc([*])c([*])c1,C(C=C)*|C(*)C,,0.1874814,6.981,0.9671804,10.351,0.9823225,2.6041,0.6701115,0.6156,6,3,22,True
8.4322,15.1497,-15.1497,0.0,CCc1cc(-c2oc3cccc(O)c3c(=O)c2O)ccc1C(F)(F)F,2,Oc1c(=O)c2c(O)cccc2oc1-c1ccc([*])c([*])c1,*C(F)(F)F|*CC,,0.0,7.989,0.0,10.827,0.0,2.5421,0.0,0.3264,6,3,22,True
4.5153,12.1428,-12.1428,0.0,C=CCc1ccc(-c2oc3cccc(O)c3c(=O)c2O)cc1C,2,Oc1c(=O)c2c(O)cccc2oc1-c1ccc([*])c([*])c1,*CC=C|*C,,0.0,6.904,0.0,10.943,0.0,2.548,0.0,0.8685,6,3,22,True
10.7172,14.4436,71.4611,0.6711299,O=c1c(O)c(-c2ccc(C(F)(F)F)c(-c3ccc(F)cc3)c2)oc2cccc(O)c12,1,Oc1c(=O)c2c(O)cccc2oc1-c1ccc([*])c([*])c1,*C(F)(F)F|c1(*)ccc(F)cc1,,0.5997424,8.281,0.9568273,10.153,0.9877917,2.4736,0.259129,-0.9125,6,3,22,False
7.7937,14.2661,55.0058,0.5411867,C=CCc1ccc(-c2oc3cccc(O)c3c(=O)c2O)cc1C(C)C,1,Oc1c(=O)c2c(O)cccc2oc1-c1ccc([*])c([*])c1,C=CC*|CC(*)C,,0.2381579,7.192,0.9734203,10.502,0.9787458,2.6694,0.516328,0.0567,6,3,22,True
9.0608,15.1303,73.8618,0.6952507,CCc1cc(-c2oc3cccc(O)c3c(=O)c2O)ccc1-c1ccccc1,1,[*]c1cc(-c2c(O)c(=O)c3c(o2)cccc3O)ccc1[*],C(*)C|c1ccc(*)cc1,,0.5230097,8.064,0.9957584,11.793,0.9928216,2.2873,0.4091256,-0.3193,7,3,23,False
10.5946,18.1074,58.4012,0.5977231,CN(C)c1ccc(-c2oc3cccc(O)c3c(=O)c2O)cc1C(F)F,1,[*]c1cc(-c2c(O)c(=O)c3c(o2)cccc3O)ccc1[*],FC(F)*|CN(*)C,,0.2862149,7.365,0.972818,10.486,0.9753233,2.7225,0.6553839,0.5583,7,3,23,True
11.7182,19.1327,65.7635,0.6632515,O=c1c(O)c(-c2ccc(C(F)F)c(N3CCCCC3)c2)oc2cccc(O)c12,1,[*]c1cc(-c2c(O)c(=O)c3c(o2)cccc3O)ccc1[*],C1CCCCN1*|C(F)(F)*,,0.4744779,7.929,0.9761083,10.578,0.9791641,2.6624,0.3984131,-0.3579,7,3,23,False
4.9232,8.6611,85.3589,0.7345312,Cc1ccc(-c2oc3cccc(O)c3c(=O)c2O)cc1-c1ccccc1,1,[*]c1cc(-c2c(O)c(=O)c3c(o2)cccc3O)ccc1[*],c1ccc(*)cc1|*C,,0.5725201,8.203,0.9924282,11.388,0.9942845,2.2076,0.4809299,-0.0663,7,3,23,False
18.8374,26.7883,54.2914,0.6334358,C=Cc1ccc(-c2oc3cccc(O)c3c(=O)c2O)cc1C=Cc1cccc(C(F)(F)F)c1,1,[*]c1cc(-c2c(O)c(=O)c3c(o2)cccc3O)ccc1[*],C(c1cc(C(F)(F)F)ccc1)=C*|C=C*,,0.7801296,8.88,0.9493116,10.036,0.9674838,2.8212,0.0992424,-1.9158,7,3,23,False
8.9484,14.8585,70.2439,0.664863,O=c1c(O)c(-c2ccc(-c3ccccc3)c(C(F)(F)F)c2)oc2cccc(O)c12,1,[*]c1cc(-c2c(O)c(=O)c3c(o2)cccc3O)ccc1[*],C(*)(F)(F)F|c1ccc(*)cc1,,0.532693,8.091,0.9969587,12.025,0.9902987,2.3929,0.2909075,-0.7739,7,3,23,False
14.282,16.8364,57.4213,0.5801383,Cc1ccc(-c2oc3cccc(O)c3c(=O)c2O)cc1CCN(C)C,1,[*]c1cc(-c2c(O)c(=O)c3c(o2)cccc3O)ccc1[*],N(C)(C)CC*|C*,,0.2509169,7.24,0.9360729,9.865,0.9877568,2.4746,0.7887408,1.1442,7,3,23,True
9.8114,16.6451,37.7606,0.4250444,O=c1c(O)c(-c2ccc(C(F)(F)F)c(N3CCCCC3)c2)oc2cccc(O)c12,1,[*]c1cc(-c2c(O)c(=O)c3c(o2)cccc3O)ccc1[*],C1CN(*)CCC1|FC(F)(F)*,,0.5777949,8.218,0.2299033,7.16,0.9836911,2.5757,0.3763793,-0.4386,7,3,23,False
8.2517,11.18,84.7659,0.7495772,Cc1ccc(-c2oc3cccc(O)c3c(=O)c2O)cc1Cc1ccccc1,1,[*]c1cc(-c2c(O)c(=O)c3c(o2)cccc3O)ccc1[*],c1c(C*)cccc1|C*,,0.6117705,8.316,0.966019,10.326,0.9932739,2.2646,0.5027671,0.0096,7,3,23,True
7.71,13.6167,78.6719,0.721005,O=c1c(O)c(-c2ccc(C(F)(F)F)c(-c3ccccc3)c2)oc2cccc(O)c12,1,[*]c1cc(-c2c(O)c(=O)c3c(o2)cccc3O)ccc1[*],c1ccccc1*|FC(F)(*)F,,0.6970414,8.579,0.9606939,10.221,0.9897643,2.4117,0.2909075,-0.7739,7,3,23,False
6.8866,11.7303,57.2867,0.5391954,O=c1c(O)c(-c2ccc(-c3ccccc3)c(-c3ccccc3)c2)oc2cccc(O)c12,1,[*]c1cc(-c2c(O)c(=O)c3c(o2)cccc3O)ccc1[*],c1(*)ccccc1|c1c(*)cccc1,,0.6564698,8.45,0.5686415,8.192,0.9939491,2.2276,0.1632373,-1.4196,7,3,23,False
5.9318,11.8029,76.2822,0.6881652,O=c1c(O)c(-c2ccc(C(F)F)c(C(F)(F)F)c2)oc2cccc(O)c12,1,[*]c1cc(-c2c(O)c(=O)c3c(o2)cccc3O)ccc1[*],FC(F)(*)F|FC(F)*,,0.4802226,7.945,0.9856908,10.941,0.9747299,2.731,0.4863771,-0.0473,7,3,23,False
11.6554,18.0306,46.384,0.5032393,O=c1c(O)c(-c2ccc(C=Cc3ccccc3)c(C(F)(F)F)c2)oc2cccc(O)c12,1,[*]c1cc(-c2c(O)c(=O)c3c(o2)cccc3O)ccc1[*],C(F)(F)(*)F|c1cc(C=C*)ccc1,,0.2909422,7.381,0.9980707,12.342,0.9830801,2.5886,0.1872043,-1.2753,7,3,23,False
8.8039,15.7054,80.376,0.7506359,O=c1c(O)c(-c2ccc(C(F)(F)F)c(Cc3ccccc3)c2)oc2cccc(O)c12,1,[*]c1cc(-c2c(O)c(=O)c3c(o2)cccc3O)ccc1[*],c1c(C*)cccc1|FC(F)(F)*,,0.7999319,8.963,0.9156465,9.657,0.9879169,2.47,0.3092571,-0.698,7,3,23,False
8.6559,15.4802,59.1986,0.5834281,C=Cc1ccc(-c2oc3cccc(O)c3c(=O)c2O)cc1C,1,[*]c1cc(-c2c(O)c(=O)c3c(o2)cccc3O)ccc1[*],*C|C(=C)*,,0.2484903,7.231,0.9836519,10.847,0.9830332,2.5896,0.7498861,0.9537,7,3,23,True
10.5168,19.0557,56.3522,0.5891244,C=CCc1cc(-c2oc3cccc(O)c3c(=O)c2O)ccc1C=C,1,[*]c1cc(-c2c(O)c(=O)c3c(o2)cccc3O)ccc1[*],C(C=C)*|C(=C)*,,0.2803712,7.345,0.9594248,10.198,0.9686196,2.8084,0.6493669,0.5353,7,3,23,True
6.2765,12.645,-12.645,0.0,O=c1c(O)c(-c2ccc(C(F)(F)F)c(-c3ccccc3)c2)oc2cccc(O)c12,2,[*]c1cc(-c2c(O)c(=O)c3c(o2)cccc3O)ccc1[*],c1ccc(*)cc1|FC(F)(F)*,,0.0,8.579,0.0,10.221,0.0,2.4117,0.0,-0.7739,7,3,23,False
11.1491,22.1215,15.7556,0.2959147,O=c1c(O)c(-c2ccc(Cc3ccccc3)c(C=Cc3ccccc3)c2)oc2cccc(O)c12,1,[*]c1cc(-c2c(O)c(=O)c3c(o2)cccc3O)ccc1[*],C(=C*)c1ccccc1|*Cc1ccccc1,,0.6199414,8.34,0.1304763,6.682,0.9869625,2.4967,0.1067622,-1.8451,7,3,23,False
6.7873,15.9684,69.6705,0.6690538,O=c1c(O)c(-c2ccc(C(F)F)c(-c3ccccc3)c2)oc2cccc(O)c12,1,[*]c1cc(-c2c(O)c(=O)c3c(o2)cccc3O)ccc1[*],c1(*)ccccc1|C(F)(F)*,,0.5487742,8.136,0.9592564,10.195,0.9876481,2.4777,0.3104834,-0.693,7,3,23,False
7.6438,11.5349,-11.5349,0.0,O=c1c(O)c(-c2ccc(-c3ccccc3)c(-c3ccccc3)c2)oc2cccc(O)c12,2,[*]c1cc(-c2c(O)c(=O)c3c(o2)cccc3O)ccc1[*],*c1ccccc1|c1(*)ccccc1,,0.0,8.45,0.0,8.192,0.0,2.2276,0.0,-1.4196,7,3,23,False
14.4419,14.7052,35.7713,0.3943472,Cc1ccc(-c2oc3cccc(O)c3c(=O)c2O)cc1NC1CCCCC1,1,[*]c1cc(-c2c(O)c(=O)c3c(o2)cccc3O)ccc1[*],N(C1CCCCC1)*|C*,,0.534842,8.097,0.9693893,10.401,0.9893142,2.4268,0.009466,-4.0394,7,3,23,False
6.3726,14.1949,73.5941,0.6858516,CCc1ccc(-c2oc3cccc(O)c3c(=O)c2O)cc1-c1ccccc1,1,[*]c1cc(-c2c(O)c(=O)c3c(o2)cccc3O)ccc1[*],c1ccc(*)cc1|C(C)*,,0.5075548,8.021,0.9870443,11.011,0.9925804,2.2989,0.4091256,-0.3193,7,3,23,False
13.8008,25.4727,56.6227,0.6413704,CCc1ccc(-c2oc3cccc(O)c3c(=O)c2O)cc1-c1ccc(F)c(C(F)(F)F)c1,1,[*]c1cc(-c2c(O)c(=O)c3c(o2)cccc3O)ccc1[*],FC(F)(c1cc(*)ccc1F)F|*CC,,0.6397334,8.399,0.9851323,10.914,0.980415,2.6404,0.1550591,-1.4727,7,3,23,False
5.8945,9.7471,83.2924,0.726871,O=c1c(O)c(-c2ccc(C(F)(F)F)c(C(F)(F)F)c2)oc2cccc(O)c12,1,[*]c1cc(-c2c(O)c(=O)c3c(o2)cccc3O)ccc1[*],FC(F)(*)F|FC(F)(*)F,,0.5689943,8.193,0.9909106,11.26,0.9802079,2.6441,0.4631605,-0.1282,7,3,23,False
6.5344,13.4456,-13.4456,0.0,O=c1c(O)c(-c2ccc(-c3ccccc3)c(C(F)(F)F)c2)oc2cccc(O)c12,2,[*]c1cc(-c2c(O)c(=O)c3c(o2)cccc3O)ccc1[*],FC(F)(F)*|c1cc(*)ccc1,,0.0,8.091,0.0,12.025,0.0,2.3929,0.0,-0.7739,7,3,23,False
6.0836,17.7868,68.6098,0.6749737,C=Cc1cc(-c2oc3cccc(O)c3c(=O)c2O)ccc1-c1ccccc1,1,[*]c1cc(-c2c(O)c(=O)c3c(o2)cccc3O)ccc1[*],C=C*|c1(*)ccccc1,,0.4928049,7.98,0.9965397,11.935,0.9881549,2.463,0.3869826,-0.3996,7,3,23,False
7.8902,17.8329,63.4176,0.6347693,C=CCc1cc(-c2oc3cccc(O)c3c(=O)c2O)ccc1-c1ccccc1,1,[*]c1cc(-c2c(O)c(=O)c3c(o2)cccc3O)ccc1[*],*CC=C|c1ccccc1*,,0.4250163,7.79,0.9955911,11.766,0.9875101,2.4816,0.3639954,-0.4847,7,3,23,False
6.7981,9.694,80.8295,0.7072144,Cc1cc(-c2oc3cccc(O)c3c(=O)c2O)ccc1-c1ccccc1,1,[*]c1cc(-c2c(O)c(=O)c3c(o2)cccc3O)ccc1[*],*C|c1c(*)cccc1,,0.5107916,8.03,0.9982198,12.398,0.9942502,2.2097,0.4809299,-0.0663,7,3,23,False
10.6415,14.0773,22.2186,0.2835624,CCc1ccc(-c2oc3cccc(O)c3c(=O)c2O)cc1NC,1,[*]c1cc(-c2c(O)c(=O)c3c(o2)cccc3O)ccc1[*],*NC|*CC,,0.1746814,6.921,0.9443902,9.968,0.9869224,2.4978,0.0152328,-3.6211,7,3,23,False
10.3534,16.1674,64.7201,0.6319336,CCc1ccc(-c2oc3cccc(O)c3c(=O)c2O)cc1N1CCCCC1,1,[*]c1cc(-c2c(O)c(=O)c3c(o2)cccc3O)ccc1[*],C1CN(*)CCC1|CC*,,0.3814159,7.664,0.9523386,10.081,0.9883394,2.4575,0.5040342,0.014,7,3,23,True
6.9301,12.5048,-12.5048,0.0,O=c1c(O)c(-c2ccc(-c3ccccc3)c(C(F)(F)F)c2)oc2cccc(O)c12,2,[*]c1cc(-c2c(O)c(=O)c3c(o2)cccc3O)ccc1[*],FC(*)(F)F|c1(*)ccccc1,,0.0,8.091,0.0,12.025,0.0,2.3929,0.0,-0.7739,7,3,23,False
7.9439,12.4254,-12.4254,0.0,Cc1ccc(-c2oc3cccc(O)c3c(=O)c2O)cc1Cc1ccccc1,2,[*]c1cc(-c2c(O)c(=O)c3c(o2)cccc3O)ccc1[*],*Cc1ccccc1|C*,,0.0,8.316,0.0,10.326,0.0,2.2646,0.0,0.0096,7,3,23,True
11.1632,19.55,51.7306,0.5568801,C=C(C)Cc1ccc(-c2oc3cccc(O)c3c(=O)c2O)cc1CC,1,c1cc2c(c(O)c1)c(=O)c(O)c(-c1ccc([*])c([*])c1)o2,C(C)(=C)C*|C(C)*,,0.2558171,7.258,0.945735,9.986,0.9797034,2.6531,0.5649616,0.227,8,3,24,True
7.6362,12.9928,72.1096,0.664863,O=c1c(O)c(-c2ccc(-c3ccccc3)c(C(F)(F)F)c2)oc2cccc(O)c12,1,c1cc2c(c(O)c1)c(=O)c(O)c(-c1ccc([*])c([*])c1)o2,c1c(*)cccc1|FC(*)(F)F,,0.532693,8.091,0.9969587,12.025,0.9902987,2.3929,0.2909075,-0.7739,8,3,24,False
5.6834,10.1196,82.6313,0.7246167,Cc1cc(-c2oc3cccc(O)c3c(=O)c2O)ccc1C(F)(F)F,1,c1cc2c(c(O)c1)c(=O)c(O)c(-c1ccc([*])c([*])c1)o2,*C(F)(F)F|C*,,0.4820187,7.95,0.9926519,11.409,0.9869253,2.4977,0.6608396,0.5794,8,3,24,True
9.8481,19.0403,62.5551,0.637464,CCc1cc(-c2oc3cccc(O)c3c(=O)c2O)ccc1C(F)F,1,c1cc2c(c(O)c1)c(=O)c(O)c(-c1ccc([*])c([*])c1)o2,C(F)(F)*|CC*,,0.3493953,7.568,0.9825773,10.802,0.9790705,2.664,0.6151219,0.4073,8,3,24,True
6.6449,13.6306,78.658,0.721005,O=c1c(O)c(-c2ccc(C(F)(F)F)c(-c3ccccc3)c2)oc2cccc(O)c12,1,c1cc2c(c(O)c1)c(=O)c(O)c(-c1ccc([*])c([*])c1)o2,FC(F)(*)F|c1ccc(*)cc1,,0.6970414,8.579,0.9606939,10.221,0.9897643,2.4117,0.2909075,-0.7739,8,3,24,False
10.1969,16.8265,47.5882,0.5032393,O=c1c(O)c(-c2ccc(C=Cc3ccccc3)c(C(F)(F)F)c2)oc2cccc(O)c12,1,c1cc2c(c(O)c1)c(=O)c(O)c(-c1ccc([*])c([*])c1)o2,c1cc(C=C*)ccc1|C(F)(F)(F)*,,0.2909422,7.381,0.9980707,12.342,0.9830801,2.5886,0.1872043,-1.2753,8,3,24,False
9.0998,18.9695,71.5087,0.7068611,C=Cc1cc(-c2oc3cccc(O)c3c(=O)c2O)ccc1C(F)(F)F,1,c1cc2c(c(O)c1)c(=O)c(O)c(-c1ccc([*])c([*])c1)o2,C(*)(F)(F)F|C(=C)*,,0.4834562,7.954,0.9867841,10.997,0.9758636,2.7146,0.5703653,0.2461,8,3,24,True
6.3259,13.6306,-13.6306,0.0,O=c1c(O)c(-c2ccc(C(F)(F)F)c(-c3ccccc3)c2)oc2cccc(O)c12,2,c1cc2c(c(O)c1)c(=O)c(O)c(-c1ccc([*])c([*])c1)o2,FC(F)(*)F|c1ccc(*)cc1,,0.0,8.579,0.0,10.221,0.0,2.4117,0.0,-0.7739,8,3,24,False
7.3377,9.7986,55.5653,0.5106556,C=CCc1ccc(-c2oc3cccc(O)c3c(=O)c2O)cc1C,1,c1cc2c(c(O)c1)c(=O)c(O)c(-c1ccc([*])c([*])c1)o2,C(=C)C*|C*,,0.1711823,6.904,0.9857313,10.943,0.9849184,2.548,0.7310495,0.8685,8,3,24,True
5.8315,13.3737,68.1545,0.6369388,Cc1cc(-c2oc3cccc(O)c3c(=O)c2O)ccc1C(F)F,1,c1cc2c(c(O)c1)c(=O)c(O)c(-c1ccc([*])c([*])c1)o2,FC(F)*|C*,,0.3313051,7.512,0.9876025,11.042,0.9833302,2.5834,0.681388,0.6603,8,3,24,True
10.4012,21.8412,60.5236,0.6434757,CC=Cc1ccc(-c2oc3cccc(O)c3c(=O)c2O)cc1C(F)(F)F,1,c1cc2c(c(O)c1)c(=O)c(O)c(-c1ccc([*])c([*])c1)o2,C(=C*)C|FC(F)(F)*,,0.4061446,7.736,0.9862481,10.969,0.9744611,2.7347,0.4590856,-0.1425,8,3,24,False
6.4596,12.8361,65.2997,0.6104354,Cc1cc(-c2oc3cccc(O)c3c(=O)c2O)ccc1C=Cc1ccccc1,1,c1cc2c(c(O)c1)c(=O)c(O)c(-c1ccc([*])c([*])c1)o2,C(c1ccccc1)=C*|*C,,0.4030246,7.727,0.9632209,10.269,0.9898025,2.4104,0.3421751,-0.5677,8,3,24,False
15.8033,20.3728,56.418,0.5999281,CCN(C)c1cc(-c2oc3cccc(O)c3c(=O)c2O)ccc1C(F)(F)F,1,c1cc2c(c(O)c1)c(=O)c(O)c(-c1ccc([*])c([*])c1)o2,FC(F)(*)F|CCN(*)C,,0.3425571,7.547,0.9029666,9.55,0.9740039,2.7411,0.5262073,0.0911,8,3,24,True
12.6251,23.2404,46.9755,0.5485616,C=CC=Cc1cc(-c2oc3cccc(O)c3c(=O)c2O)ccc1CC=C,1,c1cc2c(c(O)c1)c(=O)c(O)c(-c1ccc([*])c([*])c1)o2,*CC=C|C(C=C*)=C,,0.2624477,7.282,0.9467598,10.0,0.951161,2.9684,0.4946022,-0.0188,8,3,24,False
4.8394,9.5428,83.4967,0.726871,O=c1c(O)c(-c2ccc(C(F)(F)F)c(C(F)(F)F)c2)oc2cccc(O)c12,1,c1cc2c(c(O)c1)c(=O)c(O)c(-c1ccc([*])c([*])c1)o2,FC(F)(F)*|FC(*)(F)F,,0.5689943,8.193,0.9909106,11.26,0.9802079,2.6441,0.4631605,-0.1282,8,3,24,False
7.0108,16.1059,72.8862,0.6952507,CCc1cc(-c2oc3cccc(O)c3c(=O)c2O)ccc1-c1ccccc1,1,c1cc2c(c(O)c1)c(=O)c(O)c(-c1ccc([*])c([*])c1)o2,c1ccc(*)cc1|C(*)C,,0.5230097,8.064,0.9957584,11.793,0.9928216,2.2873,0.4091256,-0.3193,8,3,24,False
8.8655,8.8423,74.0128,0.6473059,Cc1ccc(-c2oc3cccc(O)c3c(=O)c2O)cc1C(F)(F)F,1,c1cc2c(c(O)c1)c(=O)c(O)c(-c1ccc([*])c([*])c1)o2,*C|FC(*)(F)F,,0.3513607,7.574,0.9859123,10.952,0.9883733,2.4564,0.6608396,0.5794,8,3,24,True
5.6167,13.2298,-13.2298,0.0,O=c1c(O)c(-c2ccc(C(F)(F)F)c(-c3ccccc3)c2)oc2cccc(O)c12,2,c1cc2c(c(O)c1)c(=O)c(O)c(-c1ccc([*])c([*])c1)o2,FC(F)(F)*|c1ccc(*)cc1,,0.0,8.579,0.0,10.221,0.0,2.4117,0.0,-0.7739,8,3,24,False
5.4815,14.773,75.6651,0.7065479,C=CCc1cc(-c2oc3cccc(O)c3c(=O)c2O)ccc1C(F)(F)F,1,c1cc2c(c(O)c1)c(=O)c(O)c(-c1ccc([*])c([*])c1)o2,FC(F)(F)*|C(C=C)*,,0.4924453,7.979,0.9853831,10.926,0.9765313,2.7046,0.5461906,0.1609,8,3,24,True
13.9291,20.2996,56.8254,0.6025394,C=CCc1cc(-c2oc3cccc(O)c3c(=O)c2O)ccc1CF,1,c1cc2c(c(O)c1)c(=O)c(O)c(-c1ccc([*])c([*])c1)o2,*CF|C=CC*,,0.2993243,7.409,0.931904,9.818,0.9686488,2.8081,0.6932223,0.7081,8,3,24,True
5.5918,9.3995,-9.3995,0.0,O=c1c(O)c(-c2ccc(C(F)(F)F)c(C(F)(F)F)c2)oc2cccc(O)c12,2,c1cc2c(c(O)c1)c(=O)c(O)c(-c1ccc([*])c([*])c1)o2,FC(F)(F)*|FC(F)(*)F,,0.0,8.193,0.0,11.26,0.0,2.6441,0.0,-0.1282,8,3,24,False
6.6837,18.0682,67.5707,0.6690538,O=c1c(O)c(-c2ccc(C(F)F)c(-c3ccccc3)c2)oc2cccc(O)c12,1,c1cc2c(c(O)c1)c(=O)c(O)c(-c1ccc([*])c([*])c1)o2,FC(F)*|c1ccc(*)cc1,,0.5487742,8.136,0.9592564,10.195,0.9876481,2.4777,0.3104834,-0.693,8,3,24,False
7.2521,15.3173,-15.3173,0.0,CCc1cc(-c2oc3cccc(O)c3c(=O)c2O)ccc1-c1ccccc1,2,c1cc2c(c(O)c1)c(=O)c(O)c(-c1ccc([*])c([*])c1)o2,c1cc(*)ccc1|CC*,,0.0,8.064,0.0,11.793,0.0,2.2873,0.0,-0.3193,8,3,24,False
7.0522,15.0618,60.7695,0.5924322,C=CCc1ccc(-c2oc3cccc(O)c3c(=O)c2O)cc1C(F)(F)F,1,c1cc2c(c(O)c1)c(=O)c(O)c(-c1ccc([*])c([*])c1)o2,C(C=C)*|FC(F)(F)*,,0.2975165,7.403,0.985589,10.936,0.9774565,2.6903,0.5461906,0.1609,8,3,24,True
8.1672,16.645,-16.645,0.0,C=CCc1cc(-c2oc3cccc(O)c3c(=O)c2O)ccc1C(F)(F)F,2,c1cc2c(c(O)c1)c(=O)c(O)c(-c1ccc([*])c([*])c1)o2,C(F)(*)(F)F|C(C=C)*,,0.0,7.979,0.0,10.926,0.0,2.7046,0.0,0.1609,8,3,24,True
7.0209,16.8606,49.2747,0.5166819,C=CCc1ccc(-c2oc3cccc(O)c3c(=O)c2O)cc1CC,1,c1cc2c(c(O)c1)c(=O)c(O)c(-c1ccc([*])c([*])c1)o2,*CC=C|C(C)*,,0.1874814,6.981,0.9671804,10.351,0.9823225,2.6041,0.6701115,0.6156,8,3,24,True
8.0085,9.8512,84.1687,0.7345312,Cc1ccc(-c2oc3cccc(O)c3c(=O)c2O)cc1-c1ccccc1,1,c1cc2c(c(O)c1)c(=O)c(O)c(-c1ccc([*])c([*])c1)o2,*C|c1cc(*)ccc1,,0.5725201,8.203,0.9924282,11.388,0.9942845,2.2076,0.4809299,-0.0663,8,3,24,False
8.7679,20.8805,68.6075,0.6991252,CCc1cc(-c2oc3cccc(O)c3c(=O)c2O)ccc1Cc1ccccc1,1,c1cc2c(c(O)c1)c(=O)c(O)c(-c1ccc([*])c([*])c1)o2,C(c1ccccc1)*|C(*)C,,0.5262397,8.073,0.9845085,10.885,0.9913207,2.3538,0.4304059,-0.2434,8,3,24,False
4.4368,8.7578,-8.7578,0.0,Cc1cc(-c2oc3cccc(O)c3c(=O)c2O)ccc1C(F)(F)F,2,c1cc2c(c(O)c1)c(=O)c(O)c(-c1ccc([*])c([*])c1)o2,FC(F)(*)F|*C,,0.0,7.95,0.0,11.409,0.0,2.4977,0.0,0.5794,8,3,24,True
8.2008,20.117,56.1957,0.5961936,C=CCc1ccc(-c2oc3cccc(O)c3c(=O)c2O)cc1C(F)F,1,c1cc2c(c(O)c1)c(=O)c(O)c(-c1ccc([*])c([*])c1)o2,C(=C)C*|C(F)(F)*,,0.2993243,7.409,0.9850477,10.91,0.965944,2.8378,0.5691565,0.2418,8,3,24,True
8.734,19.5702,-19.5702,0.0,CCc1cc(-c2oc3cccc(O)c3c(=O)c2O)ccc1Cc1ccccc1,2,c1cc2c(c(O)c1)c(=O)c(O)c(-c1ccc([*])c([*])c1)o2,*Cc1ccccc1|CC*,,0.0,8.073,0.0,10.885,0.0,2.3538,0.0,-0.2434,8,3,24,False
8.0575,21.099,65.2976,0.6749737,C=Cc1cc(-c2oc3cccc(O)c3c(=O)c2O)ccc1-c1ccccc1,1,c1cc2c(c(O)c1)c(=O)c(O)c(-c1ccc([*])c([*])c1)o2,c1ccccc1*|C=C*,,0.4928049,7.98,0.9965397,11.935,0.9881549,2.463,0.3869826,-0.3996,8,3,24,False
19.146,21.2341,12.9428,0.2670071,O=c1c(O)c(-c2ccc(-c3ccccc3)c(C=CC3=CCCCC3)c2)oc2cccc(O)c12,1,c1(-c2ccc([*])c([*])c2)c(O)c(=O)c2c(cccc2O)o1,*c1ccccc1|C1CCC=C(C=C*)C1,,0.5636929,8.178,0.13015,6.68,0.9691827,2.8019,0.0688035,-2.2629,1,4,25,False
6.2692,9.1675,81.2861,0.7066693,Cc1cc(-c2oc3cccc(O)c3c(=O)c2O)ccc1-c1ccccc1,1,c1(-c2ccc([*])c([*])c2)c(O)c(=O)c2c(cccc2O)o1,c1c(*)cccc1|*C,,0.5097129,8.027,0.9981307,12.364,0.9942502,2.2097,0.4809299,-0.0663,1,4,25,False
5.4928,10.5703,81.1956,0.7169214,O=c1c(O)c(-c2ccc(C(F)(F)F)c(-c3ccccc3)c2)oc2cccc(O)c12,1,c1(-c2ccc([*])c([*])c2)c(O)c(=O)c2c(cccc2O)o1,FC(F)(*)F|c1cc(*)ccc1,,0.6939937,8.569,0.9493808,10.037,0.9897643,2.4117,0.2909075,-0.7739,1,4,25,False
12.8834,21.3719,23.4865,0.3504562,CC(Nc1ccc(-c2oc3cccc(O)c3c(=O)c2O)cc1C(F)F)c1ccccc1,1,c1(-c2ccc([*])c([*])c2)c(O)c(=O)c2c(cccc2O)o1,*NC(c1ccccc1)C|FC(F)*,,0.4964022,7.99,0.9966424,11.956,0.9432619,3.0234,0.0050434,-4.5902,1,4,25,False
14.7493,19.7405,28.5893,0.3775767,CNCCc1cc(-c2oc3cccc(O)c3c(=O)c2O)ccc1C(F)(F)F,1,c1(-c2ccc([*])c([*])c2)c(O)c(=O)c2c(cccc2O)o1,FC(*)(F)F|C(C*)NC,,0.3868631,7.68,0.9803824,10.718,0.9793625,2.659,0.0148435,-3.6439,1,4,25,False
6.6591,12.009,73.9638,0.6716623,O=c1c(O)c(-c2ccc(-c3ccccc3)c(C(F)(F)F)c2)oc2cccc(O)c12,1,c1(-c2ccc([*])c([*])c2)c(O)c(=O)c2c(cccc2O)o1,c1ccccc1*|FC(*)(F)F,,0.548418,8.135,0.9969369,12.02,0.9902987,2.3929,0.2909075,-0.7739,1,4,25,False
11.4157,14.6879,63.9595,0.6144328,Cc1cc(-c2oc3cccc(O)c3c(=O)c2O)ccc1-c1ccc(C(F)(F)F)cc1,1,c1(-c2ccc([*])c([*])c2)c(O)c(=O)c2c(cccc2O)o1,FC(F)(c1ccc(*)cc1)F|C*,,0.4748367,7.93,0.9995693,13.385,0.9896442,2.4158,0.2236231,-1.0811,1,4,25,False
6.3994,13.8536,71.4482,0.66642,O=c1c(O)c(-c2ccc(C(F)F)c(-c3ccccc3)c2)oc2cccc(O)c12,1,c1(-c2ccc([*])c([*])c2)c(O)c(=O)c2c(cccc2O)o1,FC(F)*|c1cccc(*)c1,,0.5441377,8.123,0.9565889,10.149,0.9876481,2.4777,0.3104834,-0.693,1,4,25,False
4.8545,11.232,80.323,0.7152735,O=c1c(O)c(-c2ccc(C(F)(F)F)c(C(F)F)c2)oc2cccc(O)c12,1,c1(-c2ccc([*])c([*])c2)c(O)c(=O)c2c(cccc2O)o1,FC(*)(F)F|FC(F)*,,0.5369894,8.103,0.9847264,10.895,0.9739088,2.7424,0.4863771,-0.0473,1,4,25,False
5.594,10.8356,-10.8356,0.0,O=c1c(O)c(-c2ccc(-c3ccccc3)c(C(F)(F)F)c2)oc2cccc(O)c12,2,c1(-c2ccc([*])c([*])c2)c(O)c(=O)c2c(cccc2O)o1,c1cccc(*)c1|FC(F)(F)*,,0.0,8.135,0.0,12.02,0.0,2.3929,0.0,-0.7739,1,4,25,False
7.2969,11.3946,72.0522,0.6519284,O=c1c(O)c(-c2ccc(-c3ccccc3)c(-c3ccccc3)c2)oc2cccc(O)c12,1,c1(-c2ccc([*])c([*])c2)c(O)c(=O)c2c(cccc2O)o1,c1ccccc1*|c1ccc(*)cc1,,0.659708,8.46,0.973383,10.501,0.9939491,2.2276,0.1632373,-1.4196,1,4,25,False
5.2201,8.1519,84.3112,0.7223684,O=c1c(O)c(-c2ccc(C(F)(F)F)c(C(F)(F)F)c2)oc2cccc(O)c12,1,c1(-c2ccc([*])c([*])c2)c(O)c(=O)c2c(cccc2O)o1,FC(F)(*)F|FC(*)(F)F,,0.5573116,8.16,0.9938806,11.537,0.9802079,2.6441,0.4631605,-0.1282,1,4,25,False
7.8283,13.9974,49.3519,0.4949161,O=c1c(O)c(-c2ccc(C(F)(F)F)c(Cc3ccccc3)c2)oc2cccc(O)c12,1,c1(-c2ccc([*])c([*])c2)c(O)c(=O)c2c(cccc2O)o1,FC(F)(*)F|*Cc1ccccc1,,0.8013101,8.969,0.2780542,7.337,0.9879169,2.47,0.3092571,-0.698,1,4,25,False
6.7052,8.7951,-8.7951,0.0,O=c1c(O)c(-c2ccc(C(F)(F)F)c(C(F)(F)F)c2)oc2cccc(O)c12,2,c1(-c2ccc([*])c([*])c2)c(O)c(=O)c2c(cccc2O)o1,C(F)(F)(F)*|FC(F)(F)*,,0.0,8.16,0.0,11.537,0.0,2.6441,0.0,-0.1282,1,4,25,False
7.2929,11.2554,75.9798,0.6815252,O=c1c(O)c(-c2ccc(C(F)F)c(C(F)(F)F)c2)oc2cccc(O)c12,1,c1(-c2ccc([*])c([*])c2)c(O)c(=O)c2c(cccc2O)o1,FC(F)*|FC(F)(*)F,,0.4673068,7.909,0.9852582,10.92,0.9747299,2.731,0.4863771,-0.0473,1,4,25,False
11.3368,17.3718,51.7679,0.5401542,C=CCc1ccc(-c2oc3cccc(O)c3c(=O)c2O)cc1C=Cc1ccccc1,1,c1(-c2ccc([*])c([*])c2)c(O)c(=O)c2c(cccc2O)o1,C(=C)C*|c1ccc(C=C*)cc1,,0.5739282,8.207,0.5544695,8.152,0.9798389,2.6507,0.2431727,-0.9862,1,4,25,False
5.0169,8.0324,-8.0324,0.0,O=c1c(O)c(-c2ccc(C(F)(F)F)c(C(F)(F)F)c2)oc2cccc(O)c12,2,c1(-c2ccc([*])c([*])c2)c(O)c(=O)c2c(cccc2O)o1,FC(F)(*)F|FC(F)(*)F,,0.0,8.16,0.0,11.537,0.0,2.6441,0.0,-0.1282,1,4,25,False
7.8054,10.5704,-10.5704,0.0,O=c1c(O)c(-c2ccc(-c3ccccc3)c(-c3ccccc3)c2)oc2cccc(O)c12,2,c1(-c2ccc([*])c([*])c2)c(O)c(=O)c2c(cccc2O)o1,c1cc(*)ccc1|c1ccc(*)cc1,,0.0,8.46,0.0,10.501,0.0,2.2276,0.0,-1.4196,1,4,25,False
6.8856,9.0389,-9.0389,0.0,O=c1c(O)c(-c2ccc(C(F)(F)F)c(C(F)(F)F)c2)oc2cccc(O)c12,2,c1(-c2ccc([*])c([*])c2)c(O)c(=O)c2c(cccc2O)o1,C(F)(F)(F)*|FC(F)(*)F,,0.0,8.16,0.0,11.537,0.0,2.6441,0.0,-0.1282,1,4,25,False
8.1263,1.94,73.9506,0.5928954,Cc1ccc(-c2oc3cccc(O)c3c(=O)c2O)cc1C,1,c1(-c2ccc([*])c([*])c2)c(O)c(=O)c2c(cccc2O)o1,*C|C*,,0.2514583,7.242,0.9776359,10.625,0.9937705,2.2377,0.8148294,1.287,1,4,25,True
15.9956,17.267,36.2146,0.4178255,C=CCc1cc(-c2oc3cccc(O)c3c(=O)c2O)ccc1CCCC,1,c1(-c2ccc([*])c([*])c2)c(O)c(=O)c2c(cccc2O)o1,CCCC*|C(C=C)*,,0.1200733,6.616,0.9733083,10.499,0.9816982,2.6164,0.4536229,-0.1616,1,4,25,False
9.093,8.5251,68.4997,0.6017563,Cc1cc(-c2oc3cccc(O)c3c(=O)c2O)ccc1C(C)C,1,c1(-c2ccc([*])c([*])c2)c(O)c(=O)c2c(cccc2O)o1,CC(*)C|*C,,0.2879823,7.371,0.9933799,11.482,0.9907497,2.3762,0.6334585,0.4752,1,4,25,True
10.7128,14.1599,74.6879,0.6941231,O=c1c(O)c(-c2ccc(-c3ccccc3F)c(C(F)(F)F)c2)oc2cccc(O)c12,1,c1(-c2ccc([*])c([*])c2)c(O)c(=O)c2c(cccc2O)o1,Fc1ccccc1*|FC(F)(F)*,,0.6334077,8.38,0.997906,12.285,0.9868629,2.4994,0.259129,-0.9125,1,4,25,False
5.6569,12.0207,66.2703,0.6116481,Cc1cc(-c2oc3cccc(O)c3c(=O)c2O)ccc1C=Cc1ccccc1,1,c1(-c2ccc([*])c([*])c2)c(O)c(=O)c2c(cccc2O)o1,C(=C*)c1ccccc1|*C,,0.4051037,7.733,0.9637274,10.279,0.9898025,2.4104,0.3421751,-0.5677,1,4,25,False
10.4351,12.7185,83.1784,0.7491951,Cc1ccc(-c2oc3cccc(O)c3c(=O)c2O)cc1Cc1ccccc1,1,c1(-c2ccc([*])c([*])c2)c(O)c(=O)c2c(cccc2O)o1,C*|C(c1ccccc1)*,,0.6100601,8.311,0.9673172,10.354,0.9932739,2.2646,0.5027671,0.0096,1,4,25,True
8.7544,16.6656,64.0194,0.6303515,C=CCc1cc(-c2oc3cccc(O)c3c(=O)c2O)ccc1-c1ccccc1,1,c1(-c2ccc([*])c([*])c2)c(O)c(=O)c2c(cccc2O)o1,c1cccc(*)c1|C(*)C=C,,0.4165983,7.766,0.9956414,11.774,0.9875101,2.4816,0.3639954,-0.4847,1,4,25,False
11.8062,12.0373,61.3086,0.5730147,Cc1ccc(-c2oc3cccc(O)c3c(=O)c2O)cc1CF,1,c1(-c2ccc([*])c([*])c2)c(O)c(=O)c2c(cccc2O)o1,*C|C(*)F,,0.2350387,7.18,0.9673172,10.354,0.9856805,2.5298,0.7853254,1.1265,1,4,25,True
5.715,11.1711,-11.1711,0.0,O=c1c(O)c(-c2ccc(C(F)(F)F)c(-c3ccccc3)c2)oc2cccc(O)c12,2,c1(-c2ccc([*])c([*])c2)c(O)c(=O)c2c(cccc2O)o1,FC(*)(F)F|c1ccc(*)cc1,,0.0,8.569,0.0,10.037,0.0,2.4117,0.0,-0.7739,1,4,25,False
6.6309,14.4012,46.4947,0.4757495,O=c1c(O)c(-c2ccc(C(F)(F)F)c(C=Cc3ccccc3)c2)oc2cccc(O)c12,1,c1(-c2ccc([*])c([*])c2)c(O)c(=O)c2c(cccc2O)o1,FC(F)(F)*|C(=C*)c1ccccc1,,0.814918,9.03,0.3035668,7.423,0.9825332,2.5999,0.1872043,-1.2753,1,4,25,False
9.4703,19.4538,31.3183,0.3966576,O=c1c(O)c(-c2ccc(C=Cc3ccccc3)c(C(F)F)c2)oc2cccc(O)c12,1,c1(-c2ccc([*])c([*])c2)c(O)c(=O)c2c(cccc2O)o1,C(c1ccccc1)=C*|C(F)(F)*,,0.376336,7.649,0.3793807,7.658,0.9780443,2.681,0.2017876,-1.1944,1,4,25,False
4.4556,7.4115,-7.4115,0.0,O=c1c(O)c(-c2ccc(C(F)(F)F)c(C(F)(F)F)c2)oc2cccc(O)c12,2,c1(-c2ccc([*])c([*])c2)c(O)c(=O)c2c(cccc2O)o1,FC(F)(F)*|FC(F)(F)*,,0.0,8.16,0.0,11.537,0.0,2.6441,0.0,-0.1282,1,4,25,False
10.2485,15.4647,66.8932,0.6434211,C=CCc1ccc(-c2oc3cccc(O)c3c(=O)c2O)cc1Cc1ccccc1,1,c1(-c2ccc([*])c([*])c2)c(O)c(=O)c2c(cccc2O)o1,C(C=C)*|c1cc(C*)ccc1,,0.4313586,7.808,0.996742,11.977,0.9858394,2.5258,0.3844556,-0.4088,1,4,25,False
5.5378,11.1266,80.4284,0.7152735,O=c1c(O)c(-c2ccc(C(F)(F)F)c(C(F)F)c2)oc2cccc(O)c12,1,c1cc([*])c([*])cc1-c1oc2c(c(=O)c1O)c(O)ccc2,FC(F)(*)F|FC(F)*,,0.5369894,8.103,0.9847264,10.895,0.9739088,2.7424,0.4863771,-0.0473,2,4,26,False
11.9568,15.9668,63.3858,0.619942,C=CCc1ccc(-c2oc3cccc(O)c3c(=O)c2O)cc1-c1ccccc1,1,c1cc([*])c([*])cc1-c1oc2c(c(=O)c1O)c(O)ccc2,C(C*)=C|c1(*)ccccc1,,0.4141521,7.759,0.955255,10.127,0.9868702,2.4992,0.3639954,-0.4847,2,4,26,False
7.8575,11.4097,82.1365,0.7308297,Cc1cc(-c2oc3cccc(O)c3c(=O)c2O)ccc1Cc1ccccc1,1,c1cc([*])c([*])cc1-c1oc2c(c(=O)c1O)c(O)ccc2,c1cc(C*)ccc1|*C,,0.5530468,8.148,0.9940532,11.557,0.9931332,2.2718,0.5027671,0.0096,2,4,26,True
12.9121,9.5,-4.3262,0.040421,CCc1ccc(-c2oc3cccc(O)c3c(=O)c2O)cc1N,1,c1cc([*])c([*])cc1-c1oc2c(c(=O)c1O)c(O)ccc2,C(*)C|N*,,0.2891641,7.375,0.9738268,10.513,0.9883712,2.4565,0.0,-17.5912,2,4,26,False
6.897,14.165,66.52,0.6303515,C=CCc1cc(-c2oc3cccc(O)c3c(=O)c2O)ccc1-c1ccccc1,1,c1cc([*])c([*])cc1-c1oc2c(c(=O)c1O)c(O)ccc2,c1(*)ccccc1|C(C=C)*,,0.4165983,7.766,0.9956414,11.774,0.9875101,2.4816,0.3639954,-0.4847,2,4,26,False
4.1811,1.6337,74.2569,0.5928954,Cc1ccc(-c2oc3cccc(O)c3c(=O)c2O)cc1C,1,c1cc([*])c([*])cc1-c1oc2c(c(=O)c1O)c(O)ccc2,*C|*C,,0.2514583,7.242,0.9776359,10.625,0.9937705,2.2377,0.8148294,1.287,2,4,26,True
6.7672,14.8381,71.8923,0.677581,O=c1c(O)c(-c2ccc(-c3ccccc3)c(C(F)F)c2)oc2cccc(O)c12,1,c1cc([*])c([*])cc1-c1oc2c(c(=O)c1O)c(O)ccc2,c1cc(*)ccc1|FC(F)*,,0.5473485,8.132,0.9972886,12.105,0.9874274,2.4839,0.3104834,-0.693,2,4,26,False
11.4208,14.2819,77.6781,0.7184374,Cc1cc(-c2oc3cccc(O)c3c(=O)c2O)ccc1-c1cccc(F)c1,1,c1cc([*])c([*])cc1-c1oc2c(c(=O)c1O)c(O)ccc2,c1(*)cc(F)ccc1|C*,,0.5555356,8.155,0.9971036,12.059,0.9918779,2.3306,0.4413125,-0.2048,2,4,26,False
4.4357,11.352,-11.352,0.0,O=c1c(O)c(-c2ccc(C(F)(F)F)c(C(F)F)c2)oc2cccc(O)c12,2,c1cc([*])c([*])cc1-c1oc2c(c(=O)c1O)c(O)ccc2,FC(*)(F)F|FC(F)*,,0.0,8.103,0.0,10.895,0.0,2.7424,0.0,-0.0473,2,4,26,False
7.2741,15.5069,73.0186,0.6916059,O=c1c(O)c(-c2ccc(Cc3ccccc3)c(C(F)(F)F)c2)oc2cccc(O)c12,1,c1cc([*])c([*])cc1-c1oc2c(c(=O)c1O)c(O)ccc2,C(*)c1ccccc1|FC(*)(F)F,,0.671558,8.497,0.8628529,9.278,0.988608,2.4493,0.3092571,-0.698,2,4,26,False
4.3124,11.352,-11.352,0.0,O=c1c(O)c(-c2ccc(C(F)(F)F)c(C(F)F)c2)oc2cccc(O)c12,2,c1cc([*])c([*])cc1-c1oc2c(c(=O)c1O)c(O)ccc2,FC(*)(F)F|FC(F)*,,0.0,8.103,0.0,10.895,0.0,2.7424,0.0,-0.0473,2,4,26,False
4.1151,10.4468,70.7506,0.6343544,Cc1cc(-c2oc3cccc(O)c3c(=O)c2O)ccc1C(F)F,1,c1cc([*])c([*])cc1-c1oc2c(c(=O)c1O)c(O)ccc2,FC(F)*|*C,,0.3274904,7.5,0.9875672,11.04,0.9833302,2.5834,0.681388,0.6603,2,4,26,True
9.0105,10.1326,64.9962,0.5869435,CCc1ccc(-c2oc3cccc(O)c3c(=O)c2O)cc1CC,1,c1cc([*])c([*])cc1-c1oc2c(c(=O)c1O)c(O)ccc2,CC*|C(*)C,,0.2588425,7.269,0.9801877,10.711,0.9895465,2.4191,0.7107795,0.781,2,4,26,True
7.4682,14.4213,48.9279,0.4949161,O=c1c(O)c(-c2ccc(C(F)(F)F)c(Cc3ccccc3)c2)oc2cccc(O)c12,1,c1cc([*])c([*])cc1-c1oc2c(c(=O)c1O)c(O)ccc2,FC(F)(*)F|c1cc(C*)ccc1,,0.8013101,8.969,0.2780542,7.337,0.9879169,2.47,0.3092571,-0.698,2,4,26,False
10.1591,16.9171,25.5071,0.331439,O=c1c(O)c(-c2ccc(N3CCCCC3)c(-c3ccccc3)c2)oc2cccc(O)c12,1,c1cc([*])c([*])cc1-c1oc2c(c(=O)c1O)c(O)ccc2,C1N(*)CCCC1|c1ccccc1*,,0.6145015,8.324,0.132448,6.694,0.9902226,2.3956,0.2233392,-1.0825,2,4,26,False
8.9108,15.3194,-15.3194,0.0,O=c1c(O)c(-c2ccc(Cc3ccccc3)c(C(F)(F)F)c2)oc2cccc(O)c12,2,c1cc([*])c([*])cc1-c1oc2c(c(=O)c1O)c(O)ccc2,*Cc1ccccc1|FC(F)(*)F,,0.0,8.497,0.0,9.278,0.0,2.4493,0.0,-0.698,2,4,26,False
5.8659,11.2716,66.1096,0.6045411,C=Cc1cc(-c2oc3cccc(O)c3c(=O)c2O)ccc1C,1,c1cc([*])c([*])cc1-c1oc2c(c(=O)c1O)c(O)ccc2,*C|C=C*,,0.2760366,7.33,0.979621,10.691,0.9842818,2.5626,0.7498861,0.9537,2,4,26,True
5.1543,1.769,-1.769,0.0,Cc1ccc(-c2oc3cccc(O)c3c(=O)c2O)cc1C,2,c1cc([*])c([*])cc1-c1oc2c(c(=O)c1O)c(O)ccc2,*C|C*,,0.0,7.242,0.0,10.625,0.0,2.2377,0.0,1.287,2,4,26,True
6.2019,11.3561,75.8791,0.6815252,O=c1c(O)c(-c2ccc(C(F)F)c(C(F)(F)F)c2)oc2cccc(O)c12,1,c1cc([*])c([*])cc1-c1oc2c(c(=O)c1O)c(O)ccc2,FC(F)*|FC(F)(F)*,,0.4673068,7.909,0.9852582,10.92,0.9747299,2.731,0.4863771,-0.0473,2,4,26,False
8.3374,13.0878,76.1482,0.6971561,CCc1cc(-c2oc3cccc(O)c3c(=O)c2O)ccc1-c1ccccc1,1,c1cc([*])c([*])cc1-c1oc2c(c(=O)c1O)c(O)ccc2,c1(*)ccccc1|CC*,,0.5269572,8.075,0.9960574,11.844,0.9928216,2.2873,0.4091256,-0.3193,2,4,26,False
10.9751,13.4876,54.019,0.5273957,Cc1ccc(-c2oc3cccc(O)c3c(=O)c2O)cc1C=Cc1ccccc1,1,c1cc([*])c([*])cc1-c1oc2c(c(=O)c1O)c(O)ccc2,C*|*C=Cc1ccccc1,,0.4320647,7.81,0.5917712,8.258,0.9893637,2.4251,0.3421751,-0.5677,2,4,26,False
9.4818,17.5908,-17.5908,0.0,O=c1c(O)c(-c2ccc(C(F)(F)F)c(Cc3ccccc3)c2)oc2cccc(O)c12,2,c1cc([*])c([*])cc1-c1oc2c(c(=O)c1O)c(O)ccc2,C(F)(*)(F)F|C(c1ccccc1)*,,0.0,8.969,0.0,7.337,0.0,2.47,0.0,-0.698,2,4,26,False
5.5658,8.2766,84.1865,0.7223684,O=c1c(O)c(-c2ccc(C(F)(F)F)c(C(F)(F)F)c2)oc2cccc(O)c12,1,c1cc([*])c([*])cc1-c1oc2c(c(=O)c1O)c(O)ccc2,FC(F)(F)*|FC(*)(F)F,,0.5573116,8.16,0.9938806,11.537,0.9802079,2.6441,0.4631605,-0.1282,2,4,26,False
9.2343,16.0831,36.6668,0.4121084,O=c1c(O)c(-c2ccc(Cc3ccccc3)c(-c3ccccc3)c2)oc2cccc(O)c12,1,c1cc([*])c([*])cc1-c1oc2c(c(=O)c1O)c(O)ccc2,*Cc1ccccc1|c1c(*)cccc1,,0.6702871,8.493,0.2506465,7.239,0.9923065,2.3116,0.1755273,-1.3437,2,4,26,False
6.0639,8.9847,82.8157,0.7171903,Cc1cc(-c2oc3cccc(O)c3c(=O)c2O)ccc1C(F)(F)F,1,c1cc([*])c([*])cc1-c1oc2c(c(=O)c1O)c(O)ccc2,FC(*)(F)F|C*,,0.4680233,7.911,0.9926834,11.412,0.9869253,2.4977,0.6608396,0.5794,2,4,26,True
3.9147,10.4468,-10.4468,0.0,Cc1cc(-c2oc3cccc(O)c3c(=O)c2O)ccc1C(F)F,2,c1cc([*])c([*])cc1-c1oc2c(c(=O)c1O)c(O)ccc2,FC(F)*|*C,,0.0,7.5,0.0,11.04,0.0,2.5834,0.0,0.6603,2,4,26,True
8.5113,17.212,-17.212,0.0,C=CCc1ccc(-c2oc3cccc(O)c3c(=O)c2O)cc1-c1ccccc1,2,c1cc([*])c([*])cc1-c1oc2c(c(=O)c1O)c(O)ccc2,*CC=C|c1ccccc1*,,0.0,7.759,0.0,10.127,0.0,2.4992,0.0,-0.4847,2,4,26,False
12.7787,15.3852,57.6682,0.5707302,CCc1cc(-c2oc3cccc(O)c3c(=O)c2O)ccc1C(C)(C)C,1,c1cc([*])c([*])cc1-c1oc2c(c(=O)c1O)c(O)ccc2,CC(C)(*)C|C(*)C,,0.2728842,7.319,0.9881033,11.071,0.984895,2.5486,0.5140365,0.0488,2,4,26,True
5.5158,11.5369,-11.5369,0.0,O=c1c(O)c(-c2ccc(C(F)(F)F)c(C(F)F)c2)oc2cccc(O)c12,2,c1cc([*])c([*])cc1-c1oc2c(c(=O)c1O)c(O)ccc2,*C(F)(F)F|FC(F)*,,0.0,8.103,0.0,10.895,0.0,2.7424,0.0,-0.0473,2,4,26,False
6.183,9.7739,80.6798,0.7066693,Cc1cc(-c2oc3cccc(O)c3c(=O)c2O)ccc1-c1ccccc1,1,c1cc([*])c([*])cc1-c1oc2c(c(=O)c1O)c(O)ccc2,c1ccc(*)cc1|*C,,0.5097129,8.027,0.9981307,12.364,0.9942502,2.2097,0.4809299,-0.0663,2,4,26,False
4.8942,14.1914,70.6151,0.6625507,O=c1c(O)c(-c2ccc(C(F)F)c(C(F)F)c2)oc2cccc(O)c12,1,c1cc([*])c([*])cc1-c1oc2c(c(=O)c1O)c(O)ccc2,FC(F)*|FC(F)*,,0.4229075,7.784,0.9874251,11.032,0.9677678,2.818,0.5096525,0.0335,2,4,26,True
8.4531,17.2709,72.6123,0.7022122,CCc1cc(-c2oc3cccc(O)c3c(=O)c2O)ccc1Cc1ccccc1,1,c1cc([*])c([*])cc1-c1oc2c(c(=O)c1O)c(O)ccc2,C(c1ccccc1)*|CC*,,0.5319765,8.089,0.9862286,10.968,0.9913207,2.3538,0.4304059,-0.2434,2,4,26,False
23.0508,29.9232,13.8583,0.3420436,C=C1CCCC(c2cc(-c3oc4cccc(O)c4c(=O)c3O)ccc2C=Cc2ccc(C)cc2)C1,1,c1c(-c2oc3c(c(O)ccc3)c(=O)c2O)cc([*])c([*])c1,C1C(=C)CCCC1*|C(=C*)c1ccc(C)cc1,,0.6223121,8.347,0.3199293,7.476,0.8576715,3.376,0.0394527,-2.7729,3,4,27,False
7.1338,10.4818,64.6469,0.5869435,CCc1ccc(-c2oc3cccc(O)c3c(=O)c2O)cc1CC,1,c1c(-c2oc3c(c(O)ccc3)c(=O)c2O)cc([*])c([*])c1,CC*|C(*)C,,0.2588425,7.269,0.9801877,10.711,0.9895465,2.4191,0.7107795,0.781,3,4,27,True
18.0892,25.9637,-2.3258,0.1846707,C=CCc1cc(-c2oc3cccc(O)c3c(=O)c2O)ccc1C12CC3CCC(CC(C3)C1)C2,1,c1c(-c2oc3c(c(O)ccc3)c(=O)c2O)cc([*])c([*])c1,C(C=C)*|C1CC2CC3CC1CC(*)(C2)C3,,0.2714589,7.314,0.1894624,6.99,0.1026012,4.7535,0.1274398,-1.671,3,4,27,False
3.8821,8.3671,74.0182,0.6436355,Cc1ccc(-c2oc3cccc(O)c3c(=O)c2O)cc1C(F)F,1,c1c(-c2oc3c(c(O)ccc3)c(=O)c2O)cc([*])c([*])c1,FC(F)*|*C,,0.3432056,7.549,0.9824784,10.798,0.9828599,2.5932,0.681388,0.6603,3,4,27,True
3.5278,1.6068,74.2838,0.5928954,Cc1ccc(-c2oc3cccc(O)c3c(=O)c2O)cc1C,1,c1c(-c2oc3c(c(O)ccc3)c(=O)c2O)cc([*])c([*])c1,*C|*C,,0.2514583,7.242,0.9776359,10.625,0.9937705,2.2377,0.8148294,1.287,3,4,27,True
5.4839,6.8776,71.6611,0.6135839,CCc1cc(-c2oc3cccc(O)c3c(=O)c2O)ccc1C,1,c1c(-c2oc3c(c(O)ccc3)c(=O)c2O)cc([*])c([*])c1,C(C)*|*C,,0.2853338,7.362,0.9763088,10.584,0.9914535,2.3484,0.7668192,1.034,3,4,27,True
11.3906,17.174,28.7686,0.3589264,CCc1ccc(-c2oc3cccc(O)c3c(=O)c2O)cc1NCc1ccccc1,1,c1c(-c2oc3c(c(O)ccc3)c(=O)c2O)cc([*])c([*])c1,*NCc1ccccc1|CC*,,0.4480205,7.855,0.9083747,9.594,0.9912843,2.3553,0.0088754,-4.0959,3,4,27,False
5.8849,10.1677,69.2347,0.6203308,C=CCc1cc(-c2oc3cccc(O)c3c(=O)c2O)ccc1C,1,c1c(-c2oc3c(c(O)ccc3)c(=O)c2O)cc([*])c([*])c1,*CC=C|C*,,0.3060065,7.431,0.9618193,10.242,0.9839044,2.571,0.7310495,0.8685,3,4,27,True
5.679,11.8999,55.6068,0.5273957,Cc1ccc(-c2oc3cccc(O)c3c(=O)c2O)cc1C=Cc1ccccc1,1,c1c(-c2oc3c(c(O)ccc3)c(=O)c2O)cc([*])c([*])c1,C(=C*)c1ccccc1|*C,,0.4320647,7.81,0.5917712,8.258,0.9893637,2.4251,0.3421751,-0.5677,3,4,27,False
5.1254,10.5806,83.9336,0.7383921,Cc1ccc(-c2oc3cccc(O)c3c(=O)c2O)cc1-c1ccccc1,1,c1c(-c2oc3c(c(O)ccc3)c(=O)c2O)cc([*])c([*])c1,c1ccc(*)cc1|C*,,0.5813014,8.228,0.9921865,11.366,0.9942845,2.2076,0.4809299,-0.0663,3,4,27,False
12.4955,21.1686,64.0075,0.6654388,O=c1c(O)c(-c2ccc(C(F)F)c(N3CCCCC3)c2)oc2cccc(O)c12,1,c1c(-c2oc3c(c(O)ccc3)c(=O)c2O)cc([*])c([*])c1,C1N(*)CCCC1|C(F)(*)F,,0.4791449,7.942,0.9757363,10.567,0.9791641,2.6624,0.3984131,-0.3579,3,4,27,False
9.4681,14.7694,59.5125,0.5803277,C=CCc1cc(-c2oc3cccc(O)c3c(=O)c2O)ccc1CC,1,c1c(-c2oc3c(c(O)ccc3)c(=O)c2O)cc([*])c([*])c1,C(C*)=C|C(*)C,,0.2624477,7.282,0.9629138,10.263,0.9822093,2.6064,0.6701115,0.6156,3,4,27,True
5.9551,10.3624,-10.3624,0.0,CCc1ccc(-c2oc3cccc(O)c3c(=O)c2O)cc1CC,2,c1c(-c2oc3c(c(O)ccc3)c(=O)c2O)cc([*])c([*])c1,*CC|CC*,,0.0,7.269,0.0,10.711,0.0,2.4191,0.0,0.781,3,4,27,True
7.4315,11.8102,64.29,0.594533,Cc1cc(-c2oc3cccc(O)c3c(=O)c2O)ccc1CF,1,c1c(-c2oc3c(c(O)ccc3)c(=O)c2O)cc([*])c([*])c1,*C|C(F)*,,0.2605025,7.275,0.9703563,10.424,0.9841392,2.5658,0.7853254,1.1265,3,4,27,True
7.3444,10.4818,-10.4818,0.0,CCc1ccc(-c2oc3cccc(O)c3c(=O)c2O)cc1CC,2,c1c(-c2oc3c(c(O)ccc3)c(=O)c2O)cc([*])c([*])c1,CC*|C(*)C,,0.0,7.269,0.0,10.711,0.0,2.4191,0.0,0.781,3,4,27,True
6.9402,12.1474,-12.1474,0.0,Cc1cc(-c2oc3cccc(O)c3c(=O)c2O)ccc1CF,2,c1c(-c2oc3c(c(O)ccc3)c(=O)c2O)cc([*])c([*])c1,*C|FC*,,0.0,7.275,0.0,10.424,0.0,2.5658,0.0,1.1265,3,4,27,True
11.9841,16.8916,61.56,0.6129032,CCc1cc(-c2oc3cccc(O)c3c(=O)c2O)ccc1N1CCN(C)CC1,1,c1c(-c2oc3c(c(O)ccc3)c(=O)c2O)cc([*])c([*])c1,C(*)C|C1N(C)CCN(*)C1,,0.3281245,7.502,0.8845609,9.415,0.9862884,2.5145,0.6952698,0.7165,3,4,27,True
8.591,14.1139,60.2405,0.5808944,Cc1ccc(-c2ccc(-c3oc4cccc(O)c4c(=O)c3O)cc2C(F)F)cc1,1,c1c(-c2oc3c(c(O)ccc3)c(=O)c2O)cc([*])c([*])c1,FC(F)*|c1(*)ccc(C)cc1,,0.3930253,7.698,0.9993156,13.063,0.9857766,2.5274,0.240205,-1.0002,3,4,27,False
5.829,12.345,74.3854,0.677581,O=c1c(O)c(-c2ccc(-c3ccccc3)c(C(F)F)c2)oc2cccc(O)c12,1,c1c(-c2oc3c(c(O)ccc3)c(=O)c2O)cc([*])c([*])c1,FC(F)*|c1cc(*)ccc1,,0.5473485,8.132,0.9972886,12.105,0.9874274,2.4839,0.3104834,-0.693,3,4,27,False
8.2514,13.8786,62.0115,0.5928919,CCc1ccc(-c2oc3cccc(O)c3c(=O)c2O)cc1C(F)F,1,c1c(-c2oc3c(c(O)ccc3)c(=O)c2O)cc([*])c([*])c1,C(F)(F)*|C(*)C,,0.2841614,7.358,0.981976,10.778,0.9794639,2.6572,0.6151219,0.4073,3,4,27,True
15.9274,20.9945,69.7159,0.7086751,Cc1ccc(-c2oc3cccc(O)c3c(=O)c2O)cc1N1CCC2CCCCC2C1,1,c1c(-c2oc3c(c(O)ccc3)c(=O)c2O)cc([*])c([*])c1,C1CCCC2C1CN(*)CC2|C*,,0.7123128,8.63,0.9308,9.806,0.8872519,3.2832,0.2960543,-0.7523,3,4,27,False
6.3516,10.9109,75.0619,0.6716623,O=c1c(O)c(-c2ccc(-c3ccccc3)c(C(F)(F)F)c2)oc2cccc(O)c12,1,c1c(-c2oc3c(c(O)ccc3)c(=O)c2O)cc([*])c([*])c1,FC(*)(F)F|c1(*)ccccc1,,0.548418,8.135,0.9969369,12.02,0.9902987,2.3929,0.2909075,-0.7739,3,4,27,False
6.8582,10.9413,62.4046,0.5730147,Cc1ccc(-c2oc3cccc(O)c3c(=O)c2O)cc1CF,1,c1c(-c2oc3c(c(O)ccc3)c(=O)c2O)cc([*])c([*])c1,C(F)*|C*,,0.2350387,7.18,0.9673172,10.354,0.9856805,2.5298,0.7853254,1.1265,3,4,27,True
4.1945,8.3671,-8.3671,0.0,Cc1ccc(-c2oc3cccc(O)c3c(=O)c2O)cc1C(F)F,2,c1c(-c2oc3c(c(O)ccc3)c(=O)c2O)cc([*])c([*])c1,FC(F)*|*C,,0.0,7.549,0.0,10.798,0.0,2.5932,0.0,0.6603,3,4,27,True
9.1665,12.5899,15.9662,0.2230949,Cc1ccc(-c2oc3cccc(O)c3c(=O)c2O)cc1N1CCNCC1,1,c1c(-c2oc3c(c(O)ccc3)c(=O)c2O)cc([*])c([*])c1,C1CN(*)CCN1|C*,,0.4155495,7.763,0.9829188,10.816,0.9860221,2.5212,0.0003716,-6.8596,3,4,27,False
5.5739,13.0526,82.8443,0.7491951,Cc1ccc(-c2oc3cccc(O)c3c(=O)c2O)cc1Cc1ccccc1,1,c1c(-c2oc3c(c(O)ccc3)c(=O)c2O)cc([*])c([*])c1,C(c1ccccc1)*|*C,,0.6100601,8.311,0.9673172,10.354,0.9932739,2.2646,0.5027671,0.0096,3,4,27,True
5.9224,10.772,70.4254,0.6343544,Cc1cc(-c2oc3cccc(O)c3c(=O)c2O)ccc1C(F)F,1,c1c(-c2oc3c(c(O)ccc3)c(=O)c2O)cc([*])c([*])c1,*C|FC(F)*,,0.3274904,7.5,0.9875672,11.04,0.9833302,2.5834,0.681388,0.6603,3,4,27,True
9.2745,16.7395,62.6131,0.619942,C=CCc1ccc(-c2oc3cccc(O)c3c(=O)c2O)cc1-c1ccccc1,1,c1c(-c2oc3c(c(O)ccc3)c(=O)c2O)cc([*])c([*])c1,c1ccc(*)cc1|C(*)C=C,,0.4141521,7.759,0.955255,10.127,0.9868702,2.4992,0.3639954,-0.4847,3,4,27,False
8.3214,20.6272,66.9074,0.6838647,C=Cc1ccc(-c2oc3cccc(O)c3c(=O)c2O)cc1-c1ccccc1,1,c1c(-c2oc3c(c(O)ccc3)c(=O)c2O)cc([*])c([*])c1,c1ccc(*)cc1|C(=C)*,,0.5161844,8.045,0.9876378,11.044,0.9881827,2.4621,0.3869826,-0.3996,3,4,27,False
9.7472,17.619,54.9854,0.5672215,C=CCc1cc(-c2oc3cccc(O)c3c(=O)c2O)ccc1C=Cc1ccccc1,1,c1c(-c2oc3c(c(O)ccc3)c(=O)c2O)cc([*])c([*])c1,*CC=C|C(=C*)c1ccccc1,,0.382775,7.668,0.9562289,10.143,0.9793185,2.6597,0.2431727,-0.9862,3,4,27,False
4.9834,6.8165,-6.8164,0.0,CCc1cc(-c2oc3cccc(O)c3c(=O)c2O)ccc1C,2,c1c(-c2oc3c(c(O)ccc3)c(=O)c2O)cc([*])c([*])c1,CC*|*C,,0.0,7.362,0.0,10.584,0.0,2.3484,0.0,1.034,3,4,27,True
13.3343,20.9616,49.2874,0.5488204,O=c1c(O)c(-c2ccc(-c3ccc(F)cc3)c(Cc3ccccc3)c2)oc2cccc(O)c12,1,c1c(-c2oc3c(c(O)ccc3)c(=O)c2O)cc([*])c([*])c1,*Cc1ccccc1|c1cc(*)ccc1F,,0.6307302,8.372,0.6397334,8.399,0.9910927,2.3629,0.1536222,-1.4822,3,4,27,False
5.7032,7.9927,65.3408,0.572918,CCc1ccc(-c2oc3cccc(O)c3c(=O)c2O)cc1C,1,c1c(-c2oc3cccc(O)c3c(=O)c2O)ccc([*])c1[*],C(*)C|C*,,0.2329751,7.172,0.9832538,10.83,0.9907901,2.3746,0.7668192,1.034,4,4,28,True
8.5117,14.5985,70.208,0.6625507,O=c1c(O)c(-c2ccc(C(F)F)c(C(F)F)c2)oc2cccc(O)c12,1,c1c(-c2oc3cccc(O)c3c(=O)c2O)ccc([*])c1[*],FC(F)*|FC(*)F,,0.4229075,7.784,0.9874251,11.032,0.9677678,2.818,0.5096525,0.0335,4,4,28,True
5.2849,10.2772,80.1765,0.7066693,Cc1cc(-c2oc3cccc(O)c3c(=O)c2O)ccc1-c1ccccc1,1,c1c(-c2oc3cccc(O)c3c(=O)c2O)ccc([*])c1[*],c1(*)ccccc1|C*,,0.5097129,8.027,0.9981307,12.364,0.9942502,2.2097,0.4809299,-0.0663,4,4,28,False
7.0109,13.6064,69.8404,0.6519284,O=c1c(O)c(-c2ccc(-c3ccccc3)c(-c3ccccc3)c2)oc2cccc(O)c12,1,c1c(-c2oc3cccc(O)c3c(=O)c2O)ccc([*])c1[*],c1ccccc1*|c1ccc(*)cc1,,0.659708,8.46,0.973383,10.501,0.9939491,2.2276,0.1632373,-1.4196,4,4,28,False
5.444,14.4832,79.063,0.7308297,Cc1cc(-c2oc3cccc(O)c3c(=O)c2O)ccc1Cc1ccccc1,1,c1c(-c2oc3cccc(O)c3c(=O)c2O)ccc([*])c1[*],C(c1ccccc1)*|*C,,0.5530468,8.148,0.9940532,11.557,0.9931332,2.2718,0.5027671,0.0096,4,4,28,True
6.4914,12.0392,65.342,0.6045411,C=Cc1cc(-c2oc3cccc(O)c3c(=O)c2O)ccc1C,1,c1c(-c2oc3cccc(O)c3c(=O)c2O)ccc([*])c1[*],C*|C=C*,,0.2760366,7.33,0.979621,10.691,0.9842818,2.5626,0.7498861,0.9537,4,4,28,True
5.1837,10.0632,55.4053,0.5114728,C=CCc1ccc(-c2oc3cccc(O)c3c(=O)c2O)cc1C,1,c1c(-c2oc3cccc(O)c3c(=O)c2O)ccc([*])c1[*],C(C=C)*|*C,,0.1717958,6.907,0.9867088,10.993,0.9849184,2.548,0.7310495,0.8685,4,4,28,True
3.97,1.7432,74.1474,0.5928954,Cc1ccc(-c2oc3cccc(O)c3c(=O)c2O)cc1C,1,c1c(-c2oc3cccc(O)c3c(=O)c2O)ccc([*])c1[*],*C|*C,,0.2514583,7.242,0.9776359,10.625,0.9937705,2.2377,0.8148294,1.287,4,4,28,True
5.2796,7.2096,71.3292,0.6135839,CCc1cc(-c2oc3cccc(O)c3c(=O)c2O)ccc1C,1,c1c(-c2oc3cccc(O)c3c(=O)c2O)ccc([*])c1[*],C*|CC*,,0.2853338,7.362,0.9763088,10.584,0.9914535,2.3484,0.7668192,1.034,4,4,28,True
11.9894,20.386,64.2414,0.6611519,CCCc1ccc(-c2oc3cccc(O)c3c(=O)c2O)cc1Cc1ccccc1,1,c1c(-c2oc3cccc(O)c3c(=O)c2O)ccc([*])c1[*],*CCC|C(*)c1ccccc1,,0.4996403,7.999,0.9966279,11.953,0.9901626,2.3977,0.32573,-0.632,4,4,28,False
8.2485,9.8938,-9.8938,0.0,C=CCc1ccc(-c2oc3cccc(O)c3c(=O)c2O)cc1C,2,c1c(-c2oc3cccc(O)c3c(=O)c2O)ccc([*])c1[*],C=CC*|C*,,0.0,6.907,0.0,10.993,0.0,2.548,0.0,0.8685,4,4,28,True
6.4764,13.6988,71.603,0.66642,O=c1c(O)c(-c2ccc(C(F)F)c(-c3ccccc3)c2)oc2cccc(O)c12,1,c1c(-c2oc3cccc(O)c3c(=O)c2O)ccc([*])c1[*],FC(F)*|c1ccc(*)cc1,,0.5441377,8.123,0.9565889,10.149,0.9876481,2.4777,0.3104834,-0.693,4,4,28,False
4.802,10.843,-10.843,0.0,Cc1cc(-c2oc3cccc(O)c3c(=O)c2O)ccc1-c1ccccc1,2,c1c(-c2oc3cccc(O)c3c(=O)c2O)ccc([*])c1[*],c1cccc(*)c1|*C,,0.0,8.027,0.0,12.364,0.0,2.2097,0.0,-0.0663,4,4,28,False
6.9264,12.3319,-12.3319,0.0,O=c1c(O)c(-c2ccc(-c3ccccc3)c(-c3ccccc3)c2)oc2cccc(O)c12,2,c1c(-c2oc3cccc(O)c3c(=O)c2O)ccc([*])c1[*],c1ccc(*)cc1|c1c(*)cccc1,,0.0,8.46,0.0,10.501,0.0,2.2276,0.0,-1.4196,4,4,28,False
8.7221,14.1013,60.7635,0.5848814,C=Cc1ccc(-c2oc3cccc(O)c3c(=O)c2O)cc1C,1,c1c(-c2oc3cccc(O)c3c(=O)c2O)ccc([*])c1[*],C(=C)*|C*,,0.2503763,7.238,0.9832064,10.828,0.9830332,2.5896,0.7498861,0.9537,4,4,28,True
4.755,7.67,-7.67,0.0,CCc1ccc(-c2oc3cccc(O)c3c(=O)c2O)cc1C,2,c1c(-c2oc3cccc(O)c3c(=O)c2O)ccc([*])c1[*],*CC|C*,,0.0,7.172,0.0,10.83,0.0,2.3746,0.0,1.034,4,4,28,True
4.3123,1.8092,-1.8092,0.0,Cc1ccc(-c2oc3cccc(O)c3c(=O)c2O)cc1C,2,c1c(-c2oc3cccc(O)c3c(=O)c2O)ccc([*])c1[*],*C|C*,,0.0,7.242,0.0,10.625,0.0,2.2377,0.0,1.287,4,4,28,True
15.5726,19.2816,66.7149,0.6718479,Cc1cc(-c2oc3cccc(O)c3c(=O)c2O)ccc1C(C)c1ccccc1,1,c1c(-c2oc3cccc(O)c3c(=O)c2O)ccc([*])c1[*],c1cccc(C(C)*)c1|C*,,0.5226505,8.063,0.9813017,10.752,0.9655775,2.8416,0.3469925,-0.5492,4,4,28,False
10.1993,16.101,42.3121,0.4563527,CC=Cc1ccc(-c2ccc(-c3oc4cccc(O)c4c(=O)c3O)cc2C)cc1,1,c1c(-c2oc3cccc(O)c3c(=O)c2O)ccc([*])c1[*],C(c1ccc(*)cc1)=CC|*C,,0.2054181,7.06,0.9942127,11.576,0.9872295,2.4894,0.2207888,-1.0954,4,4,28,False
10.9428,13.913,76.6627,0.7076229,Cc1cc(-c2oc3cccc(O)c3c(=O)c2O)ccc1-c1ccc(F)cc1,1,c1c(-c2oc3cccc(O)c3c(=O)c2O)ccc([*])c1[*],*c1ccc(F)cc1|C*,,0.5312599,8.087,0.9979478,12.299,0.9930362,2.2767,0.4413125,-0.2048,4,4,28,False
6.5137,11.057,64.0717,0.5869435,CCc1ccc(-c2oc3cccc(O)c3c(=O)c2O)cc1CC,1,c1c(-c2oc3cccc(O)c3c(=O)c2O)ccc([*])c1[*],C(*)C|C(*)C,,0.2588425,7.269,0.9801877,10.711,0.9895465,2.4191,0.7107795,0.781,4,4,28,True
9.7957,14.7653,63.7184,0.6131536,CC(C)=CCc1ccc(-c2oc3cccc(O)c3c(=O)c2O)cc1C,1,c1c(-c2oc3cccc(O)c3c(=O)c2O)ccc([*])c1[*],CC(C)=CC*|C*,,0.3300309,7.508,0.9940617,11.558,0.9817148,2.6161,0.526281,0.0914,4,4,28,True
11.3593,13.6304,59.7385,0.5731944,Cc1cc(-c2oc3cccc(O)c3c(=O)c2O)ccc1-c1ccc(Cl)cc1,1,c1c(-c2oc3cccc(O)c3c(=O)c2O)ccc([*])c1[*],c1(Cl)ccc(*)cc1|*C,,0.3409384,7.542,0.9984335,12.487,0.9931293,2.272,0.3045686,-0.7171,4,4,28,False
6.1346,8.0298,-8.0298,0.0,CCc1cc(-c2oc3cccc(O)c3c(=O)c2O)ccc1C,2,c1c(-c2oc3cccc(O)c3c(=O)c2O)ccc([*])c1[*],C*|*CC,,0.0,7.362,0.0,10.584,0.0,2.3484,0.0,1.034,4,4,28,True
9.4203,16.8512,75.016,0.7177123,O=c1c(O)c(-c2ccc(C(F)F)c(C3CCCCC3)c2)oc2cccc(O)c12,1,c1c(-c2oc3cccc(O)c3c(=O)c2O)ccc([*])c1[*],FC(F)*|C1CCCCC1*,,0.7517784,8.77,0.9860318,10.958,0.9774301,2.6908,0.2254041,-1.0722,4,4,28,False
6.6794,12.0564,-12.0564,0.0,O=c1c(O)c(-c2ccc(-c3ccccc3)c(-c3ccccc3)c2)oc2cccc(O)c12,2,c1c(-c2oc3cccc(O)c3c(=O)c2O)ccc([*])c1[*],c1ccc(*)cc1|c1(*)ccccc1,,0.0,8.46,0.0,10.501,0.0,2.2276,0.0,-1.4196,4,4,28,False
6.6979,14.9553,74.2807,0.6971561,CCc1cc(-c2oc3cccc(O)c3c(=O)c2O)ccc1-c1ccccc1,1,c1c(-c2oc3cccc(O)c3c(=O)c2O)ccc([*])c1[*],c1c(*)cccc1|CC*,,0.5269572,8.075,0.9960574,11.844,0.9928216,2.2873,0.4091256,-0.3193,4,4,28,False
4.2962,1.7417,-1.7417,0.0,Cc1ccc(-c2oc3cccc(O)c3c(=O)c2O)cc1C,2,c1c(-c2oc3cccc(O)c3c(=O)c2O)ccc([*])c1[*],C*|*C,,0.0,7.242,0.0,10.625,0.0,2.2377,0.0,1.287,4,4,28,True
5.0332,10.5332,-10.5332,0.0,Cc1cc(-c2oc3cccc(O)c3c(=O)c2O)ccc1-c1ccccc1,2,c1c(-c2oc3cccc(O)c3c(=O)c2O)ccc([*])c1[*],c1c(*)cccc1|*C,,0.0,8.027,0.0,12.364,0.0,2.2097,0.0,-0.0663,4,4,28,False
8.7295,10.7171,81.0833,0.7171903,Cc1cc(-c2oc3cccc(O)c3c(=O)c2O)ccc1C(F)(F)F,1,c1c(-c2oc3cccc(O)c3c(=O)c2O)ccc([*])c1[*],C(F)(*)(F)F|C*,,0.4680233,7.911,0.9926834,11.412,0.9869253,2.4977,0.6608396,0.5794,4,4,28,True
5.3763,10.2772,-10.2772,0.0,Cc1cc(-c2oc3cccc(O)c3c(=O)c2O)ccc1-c1ccccc1,2,c1c(-c2oc3cccc(O)c3c(=O)c2O)ccc([*])c1[*],c1(*)ccccc1|C*,,0.0,8.027,0.0,12.364,0.0,2.2097,0.0,-0.0663,4,4,28,False
9.8487,13.3651,52.9642,0.5181971,CCCc1ccc(-c2oc3cccc(O)c3c(=O)c2O)cc1CC,1,c1c(-c2oc3cccc(O)c3c(=O)c2O)ccc([*])c1[*],C(C)C*|*CC,,0.193248,7.007,0.981616,10.764,0.9887304,2.4455,0.6110687,0.3924,4,4,28,True
12.2633,15.2143,57.6592,0.5693241,Cc1cc(-c2oc3cccc(O)c3c(=O)c2O)ccc1CCF,1,c1([*])ccc(-c2oc3c(c(=O)c2O)c(O)ccc3)cc1[*],*CCF|*C,,0.2296486,7.159,0.9772552,10.613,0.9835842,2.578,0.7769943,1.0842,5,4,29,True
6.5123,15.2237,74.0123,0.6971561,CCc1cc(-c2oc3cccc(O)c3c(=O)c2O)ccc1-c1ccccc1,1,c1([*])ccc(-c2oc3c(c(=O)c2O)c(O)ccc3)cc1[*],c1cc(*)ccc1|C(*)C,,0.5269572,8.075,0.9960574,11.844,0.9928216,2.2873,0.4091256,-0.3193,5,4,29,False
14.4864,21.4533,66.2174,0.6849274,O=c1c(O)c(-c2ccc(-c3cccc(F)c3)c(C(F)(F)F)c2)oc2cccc(O)c12,1,c1([*])ccc(-c2oc3c(c(=O)c2O)c(O)ccc3)cc1[*],c1ccc(*)cc1F|FC(*)(F)F,,0.6093752,8.309,0.9985649,12.548,0.986669,2.5046,0.259129,-0.9125,5,4,29,False
7.9393,10.4162,62.9297,0.5730147,Cc1ccc(-c2oc3cccc(O)c3c(=O)c2O)cc1CF,1,c1([*])ccc(-c2oc3c(c(=O)c2O)c(O)ccc3)cc1[*],C*|FC*,,0.2350387,7.18,0.9673172,10.354,0.9856805,2.5298,0.7853254,1.1265,5,4,29,True
13.347,14.3422,-9.6361,0.0367662,CCc1ccc(-c2oc3cccc(O)c3c(=O)c2O)cc1CCN,1,c1([*])ccc(-c2oc3c(c(=O)c2O)c(O)ccc3)cc1[*],C(*)C|C(C*)N,,0.2314356,7.166,0.9292074,9.789,0.985663,2.5302,0.0,-17.5917,5,4,29,False
4.4109,6.7389,71.7999,0.6135839,CCc1cc(-c2oc3cccc(O)c3c(=O)c2O)ccc1C,1,c1([*])ccc(-c2oc3c(c(=O)c2O)c(O)ccc3)cc1[*],*C|C(*)C,,0.2853338,7.362,0.9763088,10.584,0.9914535,2.3484,0.7668192,1.034,5,4,29,True
5.8503,12.7624,80.7838,0.7308297,Cc1cc(-c2oc3cccc(O)c3c(=O)c2O)ccc1Cc1ccccc1,1,c1([*])ccc(-c2oc3c(c(=O)c2O)c(O)ccc3)cc1[*],C(c1ccccc1)*|C*,,0.5530468,8.148,0.9940532,11.557,0.9931332,2.2718,0.5027671,0.0096,5,4,29,True
9.1586,4.9788,-0.4836,0.0351184,Cc1cc(-c2oc3cccc(O)c3c(=O)c2O)ccc1N,1,c1([*])ccc(-c2oc3c(c(=O)c2O)c(O)ccc3)cc1[*],*N|*C,,0.1975467,7.026,0.9529231,10.09,0.9905335,2.3843,0.0,-17.5941,5,4,29,False
11.0166,18.8251,68.089,0.6790163,Cc1cc(-c2oc3cccc(O)c3c(=O)c2O)ccc1CC1CCCC1,1,c1([*])ccc(-c2oc3c(c(=O)c2O)c(O)ccc3)cc1[*],C1(C*)CCCC1|*C,,0.4665904,7.907,0.9923848,11.384,0.9877374,2.4752,0.462157,-0.1317,5,4,29,False
5.9163,6.4018,66.9317,0.572918,CCc1ccc(-c2oc3cccc(O)c3c(=O)c2O)cc1C,1,c1([*])ccc(-c2oc3c(c(=O)c2O)c(O)ccc3)cc1[*],C(*)C|*C,,0.2329751,7.172,0.9832538,10.83,0.9907901,2.3746,0.7668192,1.034,5,4,29,True
8.8244,20.0563,61.7386,0.6390228,C=Cc1cc(-c2oc3cccc(O)c3c(=O)c2O)ccc1C=Cc1ccccc1,1,c1([*])ccc(-c2oc3c(c(=O)c2O)c(O)ccc3)cc1[*],C(=C*)c1ccccc1|C=C*,,0.515106,8.042,0.9672717,10.353,0.9809603,2.6304,0.261669,-0.901,5,4,29,False
13.0129,15.3522,66.7506,0.6414281,C=C(F)c1ccc(-c2oc3cccc(O)c3c(=O)c2O)cc1C,1,c1([*])ccc(-c2oc3c(c(=O)c2O)c(O)ccc3)cc1[*],C(*)(F)=C|C*,,0.3386784,7.535,0.9887132,11.108,0.9772443,2.6937,0.6807404,0.6577,5,4,29,True
10.4766,20.2481,63.6787,0.6556782,CCc1cc(-c2oc3cccc(O)c3c(=O)c2O)ccc1-c1cccc(C)c1,1,c1([*])ccc(-c2oc3c(c(=O)c2O)c(O)ccc3)cc1[*],Cc1cccc(*)c1|C(C)*,,0.4884891,7.968,0.9934645,11.491,0.9905848,2.3824,0.3271118,-0.6265,5,4,29,False
6.5373,15.7479,-15.7479,0.0,CCc1cc(-c2oc3cccc(O)c3c(=O)c2O)ccc1-c1ccccc1,2,c1([*])ccc(-c2oc3c(c(=O)c2O)c(O)ccc3)cc1[*],c1ccc(*)cc1|C(*)C,,0.0,8.075,0.0,11.844,0.0,2.2873,0.0,-0.3193,5,4,29,False
7.5876,7.9219,57.5466,0.5114728,C=CCc1ccc(-c2oc3cccc(O)c3c(=O)c2O)cc1C,1,c1([*])ccc(-c2oc3c(c(=O)c2O)c(O)ccc3)cc1[*],C=CC*|*C,,0.1717958,6.907,0.9867088,10.993,0.9849184,2.548,0.7310495,0.8685,5,4,29,True
13.568,25.2981,62.6426,0.6870368,CCc1cc(-c2oc3cccc(O)c3c(=O)c2O)ccc1C1CCN(Cc2ccccc2)CC1,1,c1([*])ccc(-c2oc3c(c(=O)c2O)c(O)ccc3)cc1[*],C1CN(Cc2ccccc2)CCC1*|C(C)*,,0.8588887,9.255,0.8523111,9.218,0.9860644,2.5202,0.1719411,-1.3654,5,4,29,False
9.9982,18.7661,66.4101,0.6654388,O=c1c(O)c(-c2ccc(C(F)F)c(N3CCCCC3)c2)oc2cccc(O)c12,1,c1([*])ccc(-c2oc3c(c(=O)c2O)c(O)ccc3)cc1[*],FC(F)*|C1CN(*)CCC1,,0.4791449,7.942,0.9757363,10.567,0.9791641,2.6624,0.3984131,-0.3579,5,4,29,False
5.8299,9.5497,65.579,0.5869435,CCc1ccc(-c2oc3cccc(O)c3c(=O)c2O)cc1CC,1,c1([*])ccc(-c2oc3c(c(=O)c2O)c(O)ccc3)cc1[*],C(C)*|C(*)C,,0.2588425,7.269,0.9801877,10.711,0.9895465,2.4191,0.7107795,0.781,5,4,29,True
7.0925,15.7651,59.1611,0.5853605,C=CCc1cc(-c2oc3cccc(O)c3c(=O)c2O)ccc1C=C,1,c1([*])ccc(-c2oc3c(c(=O)c2O)c(O)ccc3)cc1[*],C=C*|C(C=C)*,,0.2754618,7.328,0.958804,10.187,0.9686196,2.8084,0.6493669,0.5353,5,4,29,True
5.6916,10.3226,84.1916,0.7383921,Cc1ccc(-c2oc3cccc(O)c3c(=O)c2O)cc1-c1ccccc1,1,c1([*])ccc(-c2oc3c(c(=O)c2O)c(O)ccc3)cc1[*],*C|c1cccc(*)c1,,0.5813014,8.228,0.9921865,11.366,0.9942845,2.2076,0.4809299,-0.0663,5,4,29,False
14.2564,23.353,-17.8726,0.0428163,O=c1c(O)c(-c2ccc(-c3ccc([N+](=O)[O-])cc3)c(C(F)F)c2)oc2cccc(O)c12,1,c1([*])ccc(-c2oc3c(c(=O)c2O)c(O)ccc3)cc1[*],c1cc([N+]([O-])=O)ccc1*|FC(F)*,,0.3341807,7.521,0.9968612,12.003,0.9801531,2.6451,0.0,-34.7864,5,4,29,False
6.6047,13.9385,71.3632,0.66642,O=c1c(O)c(-c2ccc(C(F)F)c(-c3ccccc3)c2)oc2cccc(O)c12,1,c1([*])ccc(-c2oc3c(c(=O)c2O)c(O)ccc3)cc1[*],FC(F)*|c1(*)ccccc1,,0.5441377,8.123,0.9565889,10.149,0.9876481,2.4777,0.3104834,-0.693,5,4,29,False
4.4872,1.8266,74.064,0.5928954,Cc1ccc(-c2oc3cccc(O)c3c(=O)c2O)cc1C,1,c1([*])ccc(-c2oc3c(c(=O)c2O)c(O)ccc3)cc1[*],*C|C*,,0.2514583,7.242,0.9776359,10.625,0.9937705,2.2377,0.8148294,1.287,5,4,29,True
10.3977,21.8116,57.0481,0.6160917,CCc1cc(-c2oc3cccc(O)c3c(=O)c2O)ccc1CCc1ccccc1,1,c1([*])ccc(-c2oc3c(c(=O)c2O)c(O)ccc3)cc1[*],*CCc1ccccc1|C(C)*,,0.3858396,7.677,0.9907141,11.245,0.9908862,2.3709,0.3768047,-0.437,5,4,29,False
5.1169,7.3533,-7.3533,0.0,CCc1cc(-c2oc3cccc(O)c3c(=O)c2O)ccc1C,2,c1([*])ccc(-c2oc3c(c(=O)c2O)c(O)ccc3)cc1[*],*C|C(C)*,,0.0,7.362,0.0,10.584,0.0,2.3484,0.0,1.034,5,4,29,True
6.4793,9.9506,-9.9506,0.0,CCc1ccc(-c2oc3cccc(O)c3c(=O)c2O)cc1CC,2,c1([*])ccc(-c2oc3c(c(=O)c2O)c(O)ccc3)cc1[*],CC*|CC*,,0.0,7.269,0.0,10.711,0.0,2.4191,0.0,0.781,5,4,29,True
7.2758,16.858,73.0251,0.7022122,CCc1cc(-c2oc3cccc(O)c3c(=O)c2O)ccc1Cc1ccccc1,1,c1([*])ccc(-c2oc3c(c(=O)c2O)c(O)ccc3)cc1[*],c1(C*)ccccc1|C(*)C,,0.5319765,8.089,0.9862286,10.968,0.9913207,2.3538,0.4304059,-0.2434,5,4,29,False
5.5655,11.2404,79.2132,0.7066693,Cc1cc(-c2oc3cccc(O)c3c(=O)c2O)ccc1-c1ccccc1,1,c1([*])ccc(-c2oc3c(c(=O)c2O)c(O)ccc3)cc1[*],c1c(*)cccc1|*C,,0.5097129,8.027,0.9981307,12.364,0.9942502,2.2097,0.4809299,-0.0663,5,4,29,False
10.4545,13.8354,4.0882,0.1400278,CC(=O)Cc1ccc(-c2oc3cccc(O)c3c(=O)c2O)cc1C,1,c1([*])ccc(-c2oc3c(c(=O)c2O)c(O)ccc3)cc1[*],O=C(C*)C|*C,,0.2660852,7.295,0.9774145,10.618,0.9879557,2.4688,4.77e-05,-8.6437,5,4,29,False
10.5895,19.6353,76.2213,0.7488793,O=c1c(O)c(-c2ccc(-c3ccccc3)c(N3CCCC3)c2)oc2cccc(O)c12,1,c1([*])ccc(-c2oc3c(c(=O)c2O)c(O)ccc3)cc1[*],c1(*)ccccc1|C1CCCN1*,,0.7433602,8.739,0.9767703,10.598,0.9902456,2.3948,0.3099951,-0.695,5,4,29,False
7.7746,13.6694,66.4722,0.6261058,CCc1cc(-c2oc3cccc(O)c3c(=O)c2O)ccc1C(F)F,1,c1([*])ccc(-c2oc3c(c(=O)c2O)c(O)ccc3)cc1[*],FC(F)*|CC*,,0.331943,7.514,0.9824536,10.797,0.9790705,2.664,0.6151219,0.4073,5,4,29,True
6.5846,15.7479,-15.7479,0.0,CCc1cc(-c2oc3cccc(O)c3c(=O)c2O)ccc1-c1ccccc1,2,c1([*])ccc(-c2oc3c(c(=O)c2O)c(O)ccc3)cc1[*],c1ccc(*)cc1|C(*)C,,0.0,8.075,0.0,11.844,0.0,2.2873,0.0,-0.3193,5,4,29,False
7.4079,10.8796,70.2778,0.6340421,Cc1ccc(-c2oc3cccc(O)c3c(=O)c2O)cc1N1CCCC1,1,[*]c1c([*])ccc(-c2c(O)c(=O)c3c(O)cccc3o2)c1,C1CCCN1*|*C,,0.3265403,7.497,0.986989,11.008,0.9909625,2.368,0.6794368,0.6525,6,4,30,True
5.6964,9.3716,85.1426,0.7383921,Cc1ccc(-c2oc3cccc(O)c3c(=O)c2O)cc1-c1ccccc1,1,[*]c1c([*])ccc(-c2c(O)c(=O)c3c(O)cccc3o2)c1,c1cc(*)ccc1|*C,,0.5813014,8.228,0.9921865,11.366,0.9942845,2.2076,0.4809299,-0.0663,6,4,30,False
5.2627,10.1472,80.3065,0.7066693,Cc1cc(-c2oc3cccc(O)c3c(=O)c2O)ccc1-c1ccccc1,1,[*]c1c([*])ccc(-c2c(O)c(=O)c3c(O)cccc3o2)c1,*C|c1cccc(*)c1,,0.5097129,8.027,0.9981307,12.364,0.9942502,2.2097,0.4809299,-0.0663,6,4,30,False
4.901,7.7585,70.7802,0.6135839,CCc1cc(-c2oc3cccc(O)c3c(=O)c2O)ccc1C,1,[*]c1c([*])ccc(-c2c(O)c(=O)c3c(O)cccc3o2)c1,C(*)C|*C,,0.2853338,7.362,0.9763088,10.584,0.9914535,2.3484,0.7668192,1.034,6,4,30,True
5.9822,8.9608,70.4415,0.6203308,C=CCc1cc(-c2oc3cccc(O)c3c(=O)c2O)ccc1C,1,[*]c1c([*])ccc(-c2c(O)c(=O)c3c(O)cccc3o2)c1,C(*)C=C|*C,,0.3060065,7.431,0.9618193,10.242,0.9839044,2.571,0.7310495,0.8685,6,4,30,True
8.8358,16.1647,63.1879,0.619942,C=CCc1ccc(-c2oc3cccc(O)c3c(=O)c2O)cc1-c1ccccc1,1,[*]c1c([*])ccc(-c2c(O)c(=O)c3c(O)cccc3o2)c1,c1c(*)cccc1|C(C=C)*,,0.4141521,7.759,0.955255,10.127,0.9868702,2.4992,0.3639954,-0.4847,6,4,30,False
4.491,8.5477,-8.5477,0.0,CCc1cc(-c2oc3cccc(O)c3c(=O)c2O)ccc1C,2,[*]c1c([*])ccc(-c2c(O)c(=O)c3c(O)cccc3o2)c1,CC*|C*,,0.0,7.362,0.0,10.584,0.0,2.3484,0.0,1.034,6,4,30,True
6.0358,11.4804,70.9049,0.6436355,Cc1ccc(-c2oc3cccc(O)c3c(=O)c2O)cc1C(F)F,1,[*]c1c([*])ccc(-c2c(O)c(=O)c3c(O)cccc3o2)c1,C(F)(F)*|*C,,0.3432056,7.549,0.9824784,10.798,0.9828599,2.5932,0.681388,0.6603,6,4,30,True
4.6531,9.9969,-9.9968,0.0,Cc1ccc(-c2oc3cccc(O)c3c(=O)c2O)cc1C(F)F,2,[*]c1c([*])ccc(-c2c(O)c(=O)c3c(O)cccc3o2)c1,FC(F)*|*C,,0.0,7.549,0.0,10.798,0.0,2.5932,0.0,0.6603,6,4,30,True
7.1773,13.3273,61.8014,0.5869435,CCc1ccc(-c2oc3cccc(O)c3c(=O)c2O)cc1CC,1,[*]c1c([*])ccc(-c2c(O)c(=O)c3c(O)cccc3o2)c1,C(*)C|C(C)*,,0.2588425,7.269,0.9801877,10.711,0.9895465,2.4191,0.7107795,0.781,6,4,30,True
5.7238,10.1097,-10.1097,0.0,Cc1ccc(-c2oc3cccc(O)c3c(=O)c2O)cc1C(F)F,2,[*]c1c([*])ccc(-c2c(O)c(=O)c3c(O)cccc3o2)c1,FC(*)F|*C,,0.0,7.549,0.0,10.798,0.0,2.5932,0.0,0.6603,6,4,30,True
8.7156,14.2823,72.8465,0.6806937,Cc1cc(-c2oc3cccc(O)c3c(=O)c2O)ccc1C1CCCCC1,1,[*]c1c([*])ccc(-c2c(O)c(=O)c3c(O)cccc3o2)c1,C*|C1CCCCC1*,,0.5133086,8.037,0.9935941,11.505,0.9889488,2.4386,0.3745131,-0.4455,6,4,30,False
9.5915,19.096,72.8366,0.7182238,Cc1cc(-c2oc3cccc(O)c3c(=O)c2O)ccc1CCc1ccccc1,1,[*]c1c([*])ccc(-c2c(O)c(=O)c3c(O)cccc3o2)c1,C*|C(c1ccccc1)C*,,0.5526912,8.147,0.9952975,11.721,0.9927772,2.2895,0.44723,-0.184,6,4,30,False
8.2362,19.6721,65.1306,0.6625209,O=c1c(O)c(-c2ccc(-c3ccccc3)c(Cc3ccccc3)c2)oc2cccc(O)c12,1,[*]c1c([*])ccc(-c2c(O)c(=O)c3c(O)cccc3o2)c1,C(c1ccccc1)*|c1ccc(*)cc1,,0.7447305,8.744,0.8757604,9.357,0.9925581,2.2999,0.1755273,-1.3437,6,4,30,False
5.0966,14.6064,81.2906,0.7491951,Cc1ccc(-c2oc3cccc(O)c3c(=O)c2O)cc1Cc1ccccc1,1,[*]c1c([*])ccc(-c2c(O)c(=O)c3c(O)cccc3o2)c1,C(c1ccccc1)*|*C,,0.6100601,8.311,0.9673172,10.354,0.9932739,2.2646,0.5027671,0.0096,6,4,30,True
9.1714,18.5094,76.2873,0.7405989,Cc1ccc(-c2oc3cccc(O)c3c(=O)c2O)cc1CCc1ccccc1,1,[*]c1c([*])ccc(-c2c(O)c(=O)c3c(O)cccc3o2)c1,C(Cc1ccccc1)*|C*,,0.6035362,8.292,0.9949988,11.678,0.9926493,2.2956,0.44723,-0.184,6,4,30,False
4.3185,8.5477,-8.5477,0.0,CCc1cc(-c2oc3cccc(O)c3c(=O)c2O)ccc1C,2,[*]c1c([*])ccc(-c2c(O)c(=O)c3c(O)cccc3o2)c1,CC*|C*,,0.0,7.362,0.0,10.584,0.0,2.3484,0.0,1.034,6,4,30,True
3.511,1.6247,74.2659,0.5928954,Cc1ccc(-c2oc3cccc(O)c3c(=O)c2O)cc1C,1,[*]c1c([*])ccc(-c2c(O)c(=O)c3c(O)cccc3o2)c1,*C|*C,,0.2514583,7.242,0.9776359,10.625,0.9937705,2.2377,0.8148294,1.287,6,4,30,True
4.577,8.4255,-8.4255,0.0,CCc1cc(-c2oc3cccc(O)c3c(=O)c2O)ccc1C,2,[*]c1c([*])ccc(-c2c(O)c(=O)c3c(O)cccc3o2)c1,CC*|*C,,0.0,7.362,0.0,10.584,0.0,2.3484,0.0,1.034,6,4,30,True
8.709,12.656,44.5854,0.4471981,Cc1ccc(C=Cc2cc(-c3oc4cccc(O)c4c(=O)c3O)ccc2C)cc1,1,[*]c1c([*])ccc(-c2c(O)c(=O)c3c(O)cccc3o2)c1,C(=C*)c1ccc(C)cc1|C*,,0.5050367,8.014,0.3513607,7.574,0.9881471,2.4632,0.2675062,-0.8749,6,4,30,False
8.029,15.0059,71.7244,0.677581,O=c1c(O)c(-c2ccc(-c3ccccc3)c(C(F)F)c2)oc2cccc(O)c12,1,[*]c1c([*])ccc(-c2c(O)c(=O)c3c(O)cccc3o2)c1,FC(F)*|*c1ccccc1,,0.5473485,8.132,0.9972886,12.105,0.9874274,2.4839,0.3104834,-0.693,6,4,30,False
5.7358,10.7128,-10.7128,0.0,Cc1ccc(-c2oc3cccc(O)c3c(=O)c2O)cc1C(F)F,2,[*]c1c([*])ccc(-c2c(O)c(=O)c3c(O)cccc3o2)c1,FC(*)F|C*,,0.0,7.549,0.0,10.798,0.0,2.5932,0.0,0.6603,6,4,30,True
5.9931,15.3663,-15.3663,0.0,O=c1c(O)c(-c2ccc(-c3ccccc3)c(C(F)F)c2)oc2cccc(O)c12,2,[*]c1c([*])ccc(-c2c(O)c(=O)c3c(O)cccc3o2)c1,FC(F)*|c1ccccc1*,,0.0,8.132,0.0,12.105,0.0,2.4839,0.0,-0.693,6,4,30,False
3.0894,1.6247,-1.6247,0.0,Cc1ccc(-c2oc3cccc(O)c3c(=O)c2O)cc1C,2,[*]c1c([*])ccc(-c2c(O)c(=O)c3c(O)cccc3o2)c1,*C|*C,,0.0,7.242,0.0,10.625,0.0,2.2377,0.0,1.287,6,4,30,True
6.774,14.5568,-14.5568,0.0,CCc1ccc(-c2oc3cccc(O)c3c(=O)c2O)cc1CC,2,[*]c1c([*])ccc(-c2c(O)c(=O)c3c(O)cccc3o2)c1,C(C)*|C(C)*,,0.0,7.269,0.0,10.711,0.0,2.4191,0.0,0.781,6,4,30,True
6.6988,13.0112,63.089,0.594533,Cc1cc(-c2oc3cccc(O)c3c(=O)c2O)ccc1CF,1,[*]c1c([*])ccc(-c2c(O)c(=O)c3c(O)cccc3o2)c1,*C|FC*,,0.2605025,7.275,0.9703563,10.424,0.9841392,2.5658,0.7853254,1.1265,6,4,30,True
11.8295,23.817,64.1446,0.6872004,CCCc1cc(-c2oc3cccc(O)c3c(=O)c2O)ccc1Cc1ccccc1,1,[*]c1c([*])ccc(-c2c(O)c(=O)c3c(O)cccc3o2)c1,C(C)C*|*Cc1ccccc1,,0.5983598,8.277,0.929302,9.79,0.9902689,2.3939,0.32573,-0.632,6,4,30,False
6.1185,10.3918,-10.3918,0.0,Cc1cc(-c2oc3cccc(O)c3c(=O)c2O)ccc1-c1ccccc1,2,[*]c1c([*])ccc(-c2c(O)c(=O)c3c(O)cccc3o2)c1,C*|c1cccc(*)c1,,0.0,8.027,0.0,12.364,0.0,2.2097,0.0,-0.0663,6,4,30,False
7.701,16.5869,72.6491,0.6971561,CCc1cc(-c2oc3cccc(O)c3c(=O)c2O)ccc1-c1ccccc1,1,[*]c1c([*])ccc(-c2c(O)c(=O)c3c(O)cccc3o2)c1,C(*)C|c1ccccc1*,,0.5269572,8.075,0.9960574,11.844,0.9928216,2.2873,0.4091256,-0.3193,6,4,30,False
4.6386,8.7588,64.5747,0.572918,CCc1ccc(-c2oc3cccc(O)c3c(=O)c2O)cc1C,1,[*]c1c([*])ccc(-c2c(O)c(=O)c3c(O)cccc3o2)c1,*C|C(*)C,,0.2329751,7.172,0.9832538,10.83,0.9907901,2.3746,0.7668192,1.034,6,4,30,True
5.4911,6.6032,76.0473,0.6457077,Cc1ccc(-c2oc3cccc(O)c3c(=O)c2O)cc1C(F)(F)F,1,[*]c1c([*])ccc(-c2c(O)c(=O)c3c(O)cccc3o2)c1,FC(*)(F)F|*C,,0.3487414,7.566,0.986326,10.973,0.9883733,2.4564,0.6608396,0.5794,6,4,30,True
6.587,13.5649,-13.5649,0.0,Cc1ccc(-c2oc3cccc(O)c3c(=O)c2O)cc1Cc1ccccc1,2,[*]c1c([*])ccc(-c2c(O)c(=O)c3c(O)cccc3o2)c1,C(*)c1ccccc1|C*,,0.0,8.311,0.0,10.354,0.0,2.2646,0.0,0.0096,6,4,30,True
2.5188,1.4429,74.4477,0.5928954,Cc1ccc(-c2oc3cccc(O)c3c(=O)c2O)cc1C,1,c12c(oc(-c3ccc([*])c([*])c3)c(O)c1=O)cccc2O,*C|*C,,0.2514583,7.242,0.9776359,10.625,0.9937705,2.2377,0.8148294,1.287,7,4,31,True
8.9784,20.6254,65.5507,0.6732512,C=Cc1cc(-c2oc3cccc(O)c3c(=O)c2O)ccc1-c1ccccc1,1,c12c(oc(-c3ccc([*])c([*])c3)c(O)c1=O)cccc2O,c1ccc(*)cc1|C=C*,,0.4892082,7.97,0.9965644,11.94,0.9881549,2.463,0.3869826,-0.3996,7,4,31,False
8.2362,22.1894,67.6938,0.7022122,CCc1cc(-c2oc3cccc(O)c3c(=O)c2O)ccc1Cc1ccccc1,1,c12c(oc(-c3ccc([*])c([*])c3)c(O)c1=O)cccc2O,C(*)c1ccccc1|CC*,,0.5319765,8.089,0.9862286,10.968,0.9913207,2.3538,0.4304059,-0.2434,7,4,31,False
7.3453,14.2508,65.9568,0.6266223,CCCc1cc(-c2oc3cccc(O)c3c(=O)c2O)ccc1C,1,c12c(oc(-c3ccc([*])c([*])c3)c(O)c1=O)cccc2O,C*|C(C*)C,,0.3297128,7.507,0.9462497,9.993,0.99089,2.3708,0.677667,0.6454,7,4,31,True
3.2828,1.4967,-1.4967,0.0,Cc1ccc(-c2oc3cccc(O)c3c(=O)c2O)cc1C,2,c12c(oc(-c3ccc([*])c([*])c3)c(O)c1=O)cccc2O,C*|*C,,0.0,7.242,0.0,10.625,0.0,2.2377,0.0,1.287,7,4,31,True
5.9826,10.8866,62.4469,0.572918,CCc1ccc(-c2oc3cccc(O)c3c(=O)c2O)cc1C,1,c12c(oc(-c3ccc([*])c([*])c3)c(O)c1=O)cccc2O,C(C)*|*C,,0.2329751,7.172,0.9832538,10.83,0.9907901,2.3746,0.7668192,1.034,7,4,31,True
6.9269,10.0083,81.792,0.7171903,Cc1cc(-c2oc3cccc(O)c3c(=O)c2O)ccc1C(F)(F)F,1,c12c(oc(-c3ccc([*])c([*])c3)c(O)c1=O)cccc2O,FC(*)(F)F|C*,,0.4680233,7.911,0.9926834,11.412,0.9869253,2.4977,0.6608396,0.5794,7,4,31,True
4.9818,10.7568,79.6969,0.7066693,Cc1cc(-c2oc3cccc(O)c3c(=O)c2O)ccc1-c1ccccc1,1,c12c(oc(-c3ccc([*])c([*])c3)c(O)c1=O)cccc2O,c1ccc(*)cc1|C*,,0.5097129,8.027,0.9981307,12.364,0.9942502,2.2097,0.4809299,-0.0663,7,4,31,False
5.8587,15.0567,62.3246,0.6045411,C=Cc1cc(-c2oc3cccc(O)c3c(=O)c2O)ccc1C,1,c12c(oc(-c3ccc([*])c([*])c3)c(O)c1=O)cccc2O,*C|C=C*,,0.2760366,7.33,0.979621,10.691,0.9842818,2.5626,0.7498861,0.9537,7,4,31,True
8.4389,18.835,23.1184,0.3277604,C=CCc1ccc(-c2oc3cccc(O)c3c(=O)c2O)cc1C=C,1,c12c(oc(-c3ccc([*])c([*])c3)c(O)c1=O)cccc2O,C(C=C)*|C=C*,,0.148415,6.786,0.3393235,7.537,0.9690335,2.8036,0.6493669,0.5353,7,4,31,True
7.5244,13.1563,70.2905,0.6519284,O=c1c(O)c(-c2ccc(-c3ccccc3)c(-c3ccccc3)c2)oc2cccc(O)c12,1,c12c(oc(-c3ccc([*])c([*])c3)c(O)c1=O)cccc2O,c1cc(*)ccc1|c1ccc(*)cc1,,0.659708,8.46,0.973383,10.501,0.9939491,2.2276,0.1632373,-1.4196,7,4,31,False
8.6328,13.5864,73.5424,0.6806937,Cc1cc(-c2oc3cccc(O)c3c(=O)c2O)ccc1C1CCCCC1,1,c12c(oc(-c3ccc([*])c([*])c3)c(O)c1=O)cccc2O,C1CCCC(*)C1|C*,,0.5133086,8.037,0.9935941,11.505,0.9889488,2.4386,0.3745131,-0.4455,7,4,31,False
8.8545,18.8494,67.1471,0.6718479,Cc1cc(-c2oc3cccc(O)c3c(=O)c2O)ccc1C(C)c1ccccc1,1,c12c(oc(-c3ccc([*])c([*])c3)c(O)c1=O)cccc2O,CC(c1ccccc1)*|C*,,0.5226505,8.063,0.9813017,10.752,0.9655775,2.8416,0.3469925,-0.5492,7,4,31,False
3.1281,1.4967,-1.4967,0.0,Cc1ccc(-c2oc3cccc(O)c3c(=O)c2O)cc1C,2,c12c(oc(-c3ccc([*])c([*])c3)c(O)c1=O)cccc2O,C*|*C,,0.0,7.242,0.0,10.625,0.0,2.2377,0.0,1.287,7,4,31,True
2.6731,1.5206,-1.5206,0.0,Cc1ccc(-c2oc3cccc(O)c3c(=O)c2O)cc1C,2,c12c(oc(-c3ccc([*])c([*])c3)c(O)c1=O)cccc2O,*C|C*,,0.0,7.242,0.0,10.625,0.0,2.2377,0.0,1.287,7,4,31,True
2.6317,1.5206,-1.5206,0.0,Cc1ccc(-c2oc3cccc(O)c3c(=O)c2O)cc1C,2,c12c(oc(-c3ccc([*])c([*])c3)c(O)c1=O)cccc2O,*C|C*,,0.0,7.242,0.0,10.625,0.0,2.2377,0.0,1.287,7,4,31,True
3.3497,1.4967,-1.4967,0.0,Cc1ccc(-c2oc3cccc(O)c3c(=O)c2O)cc1C,2,c12c(oc(-c3ccc([*])c([*])c3)c(O)c1=O)cccc2O,C*|*C,,0.0,7.242,0.0,10.625,0.0,2.2377,0.0,1.287,7,4,31,True
12.112,19.0775,62.3167,0.6358916,Cc1ccc(-c2cc(-c3oc4cccc(O)c4c(=O)c3O)ccc2C(F)F)cc1,1,c12c(oc(-c3ccc([*])c([*])c3)c(O)c1=O)cccc2O,FC(F)*|c1c(*)ccc(C)c1,,0.5219324,8.061,0.9743355,10.527,0.9860198,2.5213,0.240205,-1.0002,7,4,31,False
6.7735,15.3262,60.774,0.594533,Cc1cc(-c2oc3cccc(O)c3c(=O)c2O)ccc1CF,1,c12c(oc(-c3ccc([*])c([*])c3)c(O)c1=O)cccc2O,C(F)*|C*,,0.2605025,7.275,0.9703563,10.424,0.9841392,2.5658,0.7853254,1.1265,7,4,31,True
2.6818,1.5206,-1.5206,0.0,Cc1ccc(-c2oc3cccc(O)c3c(=O)c2O)cc1C,2,c12c(oc(-c3ccc([*])c([*])c3)c(O)c1=O)cccc2O,*C|C*,,0.0,7.242,0.0,10.625,0.0,2.2377,0.0,1.287,7,4,31,True
4.3041,10.4121,-10.4121,0.0,Cc1cc(-c2oc3cccc(O)c3c(=O)c2O)ccc1-c1ccccc1,2,c12c(oc(-c3ccc([*])c([*])c3)c(O)c1=O)cccc2O,c1(*)ccccc1|C*,,0.0,8.027,0.0,12.364,0.0,2.2097,0.0,-0.0663,7,4,31,False
5.9978,13.0285,52.44,0.5114728,C=CCc1ccc(-c2oc3cccc(O)c3c(=O)c2O)cc1C,1,c12c(oc(-c3ccc([*])c([*])c3)c(O)c1=O)cccc2O,C(C*)=C|*C,,0.1717958,6.907,0.9867088,10.993,0.9849184,2.548,0.7310495,0.8685,7,4,31,True
13.5614,28.8413,52.6801,0.6368858,O=c1c(O)c(-c2ccc(-c3ccccc3)c(CC3CCCC3)c2)oc2cccc(O)c12,1,c12c(oc(-c3ccc([*])c([*])c3)c(O)c1=O)cccc2O,c1c(*)cccc1|C1CC(C*)CC1,,0.6466689,8.42,0.9571236,10.158,0.9876898,2.4765,0.1532052,-1.485,7,4,31,False
14.1422,25.5674,54.0034,0.6216465,C=CCc1cc(-c2oc3cccc(O)c3c(=O)c2O)ccc1C(=C)F,1,c12c(oc(-c3ccc([*])c([*])c3)c(O)c1=O)cccc2O,FC(*)=C|C(C=C)*,,0.3438548,7.551,0.9708491,10.436,0.9565794,2.9256,0.5684252,0.2392,7,4,31,True
4.8916,10.4091,-10.4091,0.0,Cc1cc(-c2oc3cccc(O)c3c(=O)c2O)ccc1-c1ccccc1,2,c12c(oc(-c3ccc([*])c([*])c3)c(O)c1=O)cccc2O,c1c(*)cccc1|*C,,0.0,8.027,0.0,12.364,0.0,2.2097,0.0,-0.0663,7,4,31,False
4.5246,9.9164,-9.9164,0.0,Cc1cc(-c2oc3cccc(O)c3c(=O)c2O)ccc1-c1ccccc1,2,c12c(oc(-c3ccc([*])c([*])c3)c(O)c1=O)cccc2O,c1(*)ccccc1|*C,,0.0,8.027,0.0,12.364,0.0,2.2097,0.0,-0.0663,7,4,31,False
5.1545,9.9164,-9.9164,0.0,Cc1cc(-c2oc3cccc(O)c3c(=O)c2O)ccc1-c1ccccc1,2,c12c(oc(-c3ccc([*])c([*])c3)c(O)c1=O)cccc2O,c1(*)ccccc1|*C,,0.0,8.027,0.0,12.364,0.0,2.2097,0.0,-0.0663,7,4,31,False
4.3213,11.7979,-11.7979,0.0,Cc1cc(-c2oc3cccc(O)c3c(=O)c2O)ccc1-c1ccccc1,2,c12c(oc(-c3ccc([*])c([*])c3)c(O)c1=O)cccc2O,c1ccccc1*|C*,,0.0,8.027,0.0,12.364,0.0,2.2097,0.0,-0.0663,7,4,31,False
9.6804,18.6002,69.1149,0.6852744,Cc1cc(-c2oc3cccc(O)c3c(=O)c2O)ccc1CC1CCCCC1,1,c12c(oc(-c3ccc([*])c([*])c3)c(O)c1=O)cccc2O,C(C1CCCCC1)*|C*,,0.5369894,8.103,0.9917037,11.324,0.9876171,2.4786,0.354566,-0.5203,7,4,31,False
2.5522,1.5206,-1.5206,0.0,Cc1ccc(-c2oc3cccc(O)c3c(=O)c2O)cc1C,2,c12c(oc(-c3ccc([*])c([*])c3)c(O)c1=O)cccc2O,*C|C*,,0.0,7.242,0.0,10.625,0.0,2.2377,0.0,1.287,7,4,31,True
13.796,17.147,66.1251,0.6505639,CC(C)(C)c1ccc(-c2oc3cccc(O)c3c(=O)c2O)cc1-c1ccccc1,1,c12c(oc(-c3ccc([*])c([*])c3)c(O)c1=O)cccc2O,CC(*)(C)C|c1cccc(*)c1,,0.6394016,8.398,0.8640406,9.285,0.9898818,2.4076,0.229596,-1.0515,7,4,31,False
5.2853,13.7878,64.5032,0.6116481,Cc1cc(-c2oc3cccc(O)c3c(=O)c2O)ccc1C=Cc1ccccc1,1,c12c(oc(-c3ccc([*])c([*])c3)c(O)c1=O)cccc2O,C(=C*)c1ccccc1|C*,,0.4051037,7.733,0.9637274,10.279,0.9898025,2.4104,0.3421751,-0.5677,7,4,31,False
9.0022,13.9161,69.5307,0.6519284,O=c1c(O)c(-c2ccc(-c3ccccc3)c(-c3ccccc3)c2)oc2cccc(O)c12,1,c1([*])ccc(-c2c(O)c(=O)c3c(cccc3O)o2)cc1[*],c1(*)ccccc1|*c1ccccc1,,0.659708,8.46,0.973383,10.501,0.9939491,2.2276,0.1632373,-1.4196,8,4,32,False
4.3769,7.9289,65.4046,0.572918,CCc1ccc(-c2oc3cccc(O)c3c(=O)c2O)cc1C,1,c1([*])ccc(-c2c(O)c(=O)c3c(cccc3O)o2)cc1[*],CC*|C*,,0.2329751,7.172,0.9832538,10.83,0.9907901,2.3746,0.7668192,1.034,8,4,32,True
6.0784,7.7719,-7.7719,0.0,CCc1ccc(-c2oc3cccc(O)c3c(=O)c2O)cc1C,2,c1([*])ccc(-c2c(O)c(=O)c3c(cccc3O)o2)cc1[*],C(C)*|*C,,0.0,7.172,0.0,10.83,0.0,2.3746,0.0,1.034,8,4,32,True
5.4063,11.2075,63.9213,0.5869435,CCc1ccc(-c2oc3cccc(O)c3c(=O)c2O)cc1CC,1,c1([*])ccc(-c2c(O)c(=O)c3c(cccc3O)o2)cc1[*],CC*|CC*,,0.2588425,7.269,0.9801877,10.711,0.9895465,2.4191,0.7107795,0.781,8,4,32,True
13.7413,22.3505,61.1442,0.6523029,Cc1cc(-c2oc3cccc(O)c3c(=O)c2O)ccc1CSc1ccccc1,1,c1([*])ccc(-c2c(O)c(=O)c3c(cccc3O)o2)cc1[*],c1cc(SC*)ccc1|*C,,0.501439,8.004,0.974046,10.519,0.9902951,2.393,0.3114367,-0.6891,8,4,32,False
4.3609,7.7838,70.755,0.6135839,CCc1cc(-c2oc3cccc(O)c3c(=O)c2O)ccc1C,1,c1([*])ccc(-c2c(O)c(=O)c3c(cccc3O)o2)cc1[*],*C|C(*)C,,0.2853338,7.362,0.9763088,10.584,0.9914535,2.3484,0.7668192,1.034,8,4,32,True
8.6345,14.336,59.946,0.5803277,C=CCc1cc(-c2oc3cccc(O)c3c(=O)c2O)ccc1CC,1,c1([*])ccc(-c2c(O)c(=O)c3c(cccc3O)o2)cc1[*],*CC|C(C=C)*,,0.2624477,7.282,0.9629138,10.263,0.9822093,2.6064,0.6701115,0.6156,8,4,32,True
7.863,11.1601,69.0476,0.6266223,CCCc1cc(-c2oc3cccc(O)c3c(=O)c2O)ccc1C,1,c1([*])ccc(-c2c(O)c(=O)c3c(cccc3O)o2)cc1[*],*C|*CCC,,0.3297128,7.507,0.9462497,9.993,0.99089,2.3708,0.677667,0.6454,8,4,32,True
5.2452,9.6276,80.826,0.7066693,Cc1cc(-c2oc3cccc(O)c3c(=O)c2O)ccc1-c1ccccc1,1,c1([*])ccc(-c2c(O)c(=O)c3c(cccc3O)o2)cc1[*],c1cc(*)ccc1|*C,,0.5097129,8.027,0.9981307,12.364,0.9942502,2.2097,0.4809299,-0.0663,8,4,32,False
13.177,24.0291,48.5523,0.5670419,O=c1c(O)c(-c2ccc(Cc3ccc(F)cc3)c(C3CCCCC3)c2)oc2cccc(O)c12,1,c1([*])ccc(-c2c(O)c(=O)c3c(cccc3O)o2)cc1[*],C(*)c1ccc(F)cc1|C1CCCCC1*,,0.850124,9.206,0.6151831,8.326,0.9844283,2.5593,0.1049819,-1.8614,8,4,32,False
5.2547,7.7749,-7.7749,0.0,CCc1cc(-c2oc3cccc(O)c3c(=O)c2O)ccc1C,2,c1([*])ccc(-c2c(O)c(=O)c3c(cccc3O)o2)cc1[*],*C|C(C)*,,0.0,7.362,0.0,10.584,0.0,2.3484,0.0,1.034,8,4,32,True
6.2838,11.9063,81.6399,0.7308297,Cc1cc(-c2oc3cccc(O)c3c(=O)c2O)ccc1Cc1ccccc1,1,c1([*])ccc(-c2c(O)c(=O)c3c(cccc3O)o2)cc1[*],c1ccccc1C*|C*,,0.5530468,8.148,0.9940532,11.557,0.9931332,2.2718,0.5027671,0.0096,8,4,32,True
12.527,19.4909,56.9145,0.5969172,C=Cc1cc(-c2oc3cccc(O)c3c(=O)c2O)ccc1CF,1,c1([*])ccc(-c2c(O)c(=O)c3c(cccc3O)o2)cc1[*],FC*|C=C*,,0.2751747,7.327,0.9752547,10.553,0.9673139,2.823,0.7136706,0.7933,8,4,32,True
14.0797,21.7629,45.6814,0.5269084,O=c1c(O)c(-c2ccc(Cc3ccc(F)cc3)c(-c3ccccc3)c2)oc2cccc(O)c12,1,c1([*])ccc(-c2c(O)c(=O)c3c(cccc3O)o2)cc1[*],c1cc(C*)ccc1F|c1cc(*)ccc1,,0.7369946,8.716,0.4874105,7.965,0.9906992,2.3781,0.1536222,-1.4822,8,4,32,False
7.027,12.5262,47.7487,0.470898,C=CCc1ccc(-c2oc3cccc(O)c3c(=O)c2O)cc1CC,1,c1([*])ccc(-c2c(O)c(=O)c3c(cccc3O)o2)cc1[*],C(C=C)*|CC*,,0.143748,6.76,0.9676793,10.362,0.9823225,2.6041,0.6701115,0.6156,8,4,32,True
5.9368,14.6132,74.6228,0.6971561,CCc1cc(-c2oc3cccc(O)c3c(=O)c2O)ccc1-c1ccccc1,1,c1([*])ccc(-c2c(O)c(=O)c3c(cccc3O)o2)cc1[*],c1cc(*)ccc1|C(*)C,,0.5269572,8.075,0.9960574,11.844,0.9928216,2.2873,0.4091256,-0.3193,8,4,32,False
7.5053,10.7359,83.7783,0.7383921,Cc1ccc(-c2oc3cccc(O)c3c(=O)c2O)cc1-c1ccccc1,1,c1([*])ccc(-c2c(O)c(=O)c3c(cccc3O)o2)cc1[*],C*|c1ccc(*)cc1,,0.5813014,8.228,0.9921865,11.366,0.9942845,2.2076,0.4809299,-0.0663,8,4,32,False
7.5751,9.4938,70.728,0.6267322,Cc1cc(-c2oc3cccc(O)c3c(=O)c2O)ccc1N1CCCCC1,1,c1([*])ccc(-c2c(O)c(=O)c3c(cccc3O)o2)cc1[*],C1CCCCN1*|*C,,0.3380342,7.533,0.9900566,11.197,0.9910153,2.3659,0.5759057,0.2658,8,4,32,True
7.3855,20.8038,58.0559,0.6160917,CCc1cc(-c2oc3cccc(O)c3c(=O)c2O)ccc1CCc1ccccc1,1,c1([*])ccc(-c2c(O)c(=O)c3c(cccc3O)o2)cc1[*],C(C*)c1ccccc1|C(*)C,,0.3858396,7.677,0.9907141,11.245,0.9908862,2.3709,0.3768047,-0.437,8,4,32,False
4.7758,1.8964,73.9942,0.5928954,Cc1ccc(-c2oc3cccc(O)c3c(=O)c2O)cc1C,1,c1([*])ccc(-c2c(O)c(=O)c3c(cccc3O)o2)cc1[*],C*|C*,,0.2514583,7.242,0.9776359,10.625,0.9937705,2.2377,0.8148294,1.287,8,4,32,True
17.4791,24.297,-5.6672,0.1455452,CCc1cc(-c2oc3cccc(O)c3c(=O)c2O)ccc1-c1ccc2ccccc2c1,1,c1([*])ccc(-c2c(O)c(=O)c3c(cccc3O)o2)cc1[*],c1c2c(ccc(*)c2)ccc1|C(C)*,,0.0090635,4.738,0.9982121,12.395,0.99,2.4035,0.1557666,-1.468,8,4,32,False
6.9507,5.7472,71.2776,0.6017563,Cc1cc(-c2oc3cccc(O)c3c(=O)c2O)ccc1C(C)C,1,c1([*])ccc(-c2c(O)c(=O)c3c(cccc3O)o2)cc1[*],CC(C)*|*C,,0.2879823,7.371,0.9933799,11.482,0.9907497,2.3762,0.6334585,0.4752,8,4,32,True
4.2401,7.4043,-7.4043,0.0,CCc1cc(-c2oc3cccc(O)c3c(=O)c2O)ccc1C,2,c1([*])ccc(-c2c(O)c(=O)c3c(cccc3O)o2)cc1[*],*C|CC*,,0.0,7.362,0.0,10.584,0.0,2.3484,0.0,1.034,8,4,32,True
10.706,17.1614,59.4584,0.5985923,Cc1cc(-c2oc3cccc(O)c3c(=O)c2O)ccc1C(C)Cc1ccccc1,1,c1([*])ccc(-c2c(O)c(=O)c3c(cccc3O)o2)cc1[*],CC(Cc1ccccc1)*|*C,,0.4047569,7.732,0.9720855,10.467,0.9654608,2.8429,0.2983383,-0.7428,8,4,32,False
8.8539,19.1521,65.6506,0.6625209,O=c1c(O)c(-c2ccc(-c3ccccc3)c(Cc3ccccc3)c2)oc2cccc(O)c12,1,c1([*])ccc(-c2c(O)c(=O)c3c(cccc3O)o2)cc1[*],c1ccc(*)cc1|C(c1ccccc1)*,,0.7447305,8.744,0.8757604,9.357,0.9925581,2.2999,0.1755273,-1.3437,8,4,32,False
3.7189,1.7276,-1.7276,0.0,Cc1ccc(-c2oc3cccc(O)c3c(=O)c2O)cc1C,2,c1([*])ccc(-c2c(O)c(=O)c3c(cccc3O)o2)cc1[*],*C|*C,,0.0,7.242,0.0,10.625,0.0,2.2377,0.0,1.287,8,4,32,True
12.2338,19.5061,49.0435,0.5355439,CC#Cc1ccc(-c2oc3cccc(O)c3c(=O)c2O)cc1CC,1,c1([*])ccc(-c2c(O)c(=O)c3c(cccc3O)o2)cc1[*],C(#C*)C|C(C)*,,0.1950492,7.015,0.9825773,10.802,0.9748423,2.7294,0.7536569,0.9713,8,4,32,True
4.125,1.8479,-1.8479,0.0,Cc1ccc(-c2oc3cccc(O)c3c(=O)c2O)cc1C,2,c1([*])ccc(-c2c(O)c(=O)c3c(cccc3O)o2)cc1[*],*C|C*,,0.0,7.242,0.0,10.625,0.0,2.2377,0.0,1.287,8,4,32,True
8.6928,15.7095,69.5923,0.66642,O=c1c(O)c(-c2ccc(C(F)F)c(-c3ccccc3)c2)oc2cccc(O)c12,1,c1([*])ccc(-c2c(O)c(=O)c3c(cccc3O)o2)cc1[*],FC(F)*|c1cc(*)ccc1,,0.5441377,8.123,0.9565889,10.149,0.9876481,2.4777,0.3104834,-0.693,8,4,32,False
5.6971,11.6335,-11.6335,0.0,CCc1ccc(-c2oc3cccc(O)c3c(=O)c2O)cc1CC,2,c1([*])ccc(-c2c(O)c(=O)c3c(cccc3O)o2)cc1[*],CC*|C(C)*,,0.0,7.269,0.0,10.711,0.0,2.4191,0.0,0.781,8,4,32,True
5.358,12.0633,-12.0633,0.0,Cc1cc(-c2oc3cccc(O)c3c(=O)c2O)ccc1Cc1ccccc1,2,c1([*])ccc(-c2c(O)c(=O)c3c(cccc3O)o2)cc1[*],c1cc(C*)ccc1|*C,,0.0,8.148,0.0,11.557,0.0,2.2718,0.0,0.0096,8,4,32,True
4.7621,9.3357,-9.3357,0.0,Cc1cc(-c2oc3cccc(O)c3c(=O)c2O)ccc1-c1ccccc1,2,c1([*])ccc(-c2c(O)c(=O)c3c(cccc3O)o2)cc1[*],c1(*)ccccc1|C*,,0.0,8.027,0.0,12.364,0.0,2.2097,0.0,-0.0663,8,4,32,False
