Agent,Prior,Target,Score,SMILES,SMILES_state,Input_Scaffold,R-groups,Scaffold,TTBK1_dock,TTBK1_dock (raw),MAOB_dock,MAOB_dock (raw),SA_score,SA_score (raw),BBB_signed_dist,BBB_signed_dist (raw),step,canon
17.9945,16.614,33.0279,0.3878278,Cc1ccc(-c2oc3cccc(O)c3c(=O)c2O)cc1Nc1cc(C)c2ccccc2c1,1,c12c(=O)c(O)c(-c3cc([*])c([*])cc3)oc1cccc2O,*Nc1cc(C)c2c(cccc2)c1|*C,O=c1cc(-c2cccc(Nc3ccc4ccccc4c3)c2)oc2ccccc12,0.8187934,9.048,0.8944559,9.485,0.987413,2.4843,0.0037907,-4.8393,1,Cc1ccc(-c2oc3cccc(O)c3c(=O)c2O)cc1Nc1cc(C)c2ccccc2c1
1.8129,1.7858,87.5843,0.6982034,Cc1ccc(-c2oc3cccc(O)c3c(=O)c2O)cc1C,1,c12c(=O)c(O)c(-c3cc([*])c([*])cc3)oc1cccc2O,*C|*C,O=c1cc(-c2ccccc2)oc2ccccc12,0.4002576,7.719,0.9798779,10.7,0.9937705,2.2377,0.8148294,1.287,1,Cc1ccc(-c2oc3cccc(O)c3c(=O)c2O)cc1C
5.4278,4.4156,-0.25,0.0325435,Nc1ccc(-c2oc3cccc(O)c3c(=O)c2O)cc1N,1,c12c(=O)c(O)c(-c3cc([*])c([*])cc3)oc1cccc2O,*N|N*,O=c1cc(-c2ccccc2)oc2ccccc12,0.1659387,6.878,0.9140773,9.643,0.9868701,2.4992,0.0,-43.6238,1,Nc1ccc(-c2oc3cccc(O)c3c(=O)c2O)cc1N
2.9245,3.6075,1.4043,0.0391549,Cc1cc(-c2oc3cccc(O)c3c(=O)c2O)ccc1N,1,c12c(=O)c(O)c(-c3cc([*])c([*])cc3)oc1cccc2O,C*|N*,O=c1cc(-c2ccccc2)oc2ccccc12,0.2697546,7.308,0.9522732,10.08,0.9905335,2.3843,0.0,-17.5941,1,Cc1cc(-c2oc3cccc(O)c3c(=O)c2O)ccc1N
5.2054,4.6817,0.0793,0.037195,Cc1ccc(-c2oc3cccc(O)c3c(=O)c2O)cc1N,1,c12c(=O)c(O)c(-c3cc([*])c([*])cc3)oc1cccc2O,N*|*C,O=c1cc(-c2ccccc2)oc2ccccc12,0.2306686,7.163,0.9617135,10.24,0.99042,2.3884,0.0,-17.5941,1,Cc1ccc(-c2oc3cccc(O)c3c(=O)c2O)cc1N
6.2067,7.8206,-2.8152,0.0391046,CNc1ccc(-c2oc3cccc(O)c3c(=O)c2O)cc1N,1,c12c(=O)c(O)c(-c3cc([*])c([*])cc3)oc1cccc2O,N*|*NC,O=c1cc(-c2ccccc2)oc2ccccc12,0.2728842,7.319,0.9395959,9.907,0.9863799,2.5121,0.0,-29.627,1,CNc1ccc(-c2oc3cccc(O)c3c(=O)c2O)cc1N
9.4648,7.664,84.6075,0.7208707,CC(C)=CCc1cc(-c2oc3cccc(O)c3c(=O)c2O)ccc1C,1,c12c(=O)c(O)c(-c3cc([*])c([*])cc3)oc1cccc2O,CC(C)=CC*|C*,O=c1cc(-c2ccccc2)oc2ccccc12,0.5344839,8.096,0.9751503,10.55,0.9805811,2.6374,0.526281,0.0914,1,CC(C)=CCc1cc(-c2oc3cccc(O)c3c(=O)c2O)ccc1C
32.6524,26.8459,-26.3338,0.0040007,Nc1ccc(-c2oc3cccc(O)c3c(=O)c2O)cc1-c1c(O)c(=O)oc2cc(-c3ccccc3)ccc12,1,c1c(-c2c(O)c(=O)c3c(O)cccc3o2)ccc([*])c1[*],N*|c1ccc(-c2ccc3c(*)c(O)c(=O)oc3c2)cc1,O=c1cc(-c2cccc(-c3cc(=O)c4ccccc4o3)c2)c2ccc(-c3ccccc3)cc2o1,0.9120209,9.625,0.0004209,2.599,0.9647832,2.8499,0.0,-68.0771,2,Nc1ccc(-c2oc3cccc(O)c3c(=O)c2O)cc1-c1c(O)c(=O)oc2cc(-c3ccccc3)ccc12
31.3892,23.1506,-16.3761,0.0529255,CC1=NC(C)(C)C=CC1Nc1ccc(-c2oc3cccc(O)c3c(=O)c2O)cc1C,1,c1c(-c2c(O)c(=O)c3c(O)cccc3o2)ccc([*])c1[*],C1(C)=NC(C)(C)C=CC1N*|C*,O=c1cc(-c2ccc(NC3C=CCN=C3)cc2)oc2ccccc12,0.7245382,8.672,0.9706038,10.43,0.7044652,3.6982,0.0,-16.0487,2,CC1=NC(C)(C)C=CC1Nc1ccc(-c2oc3cccc(O)c3c(=O)c2O)cc1C
22.8775,20.1854,-19.2271,0.007487,Cc1ccc2sc(-c3cc(-c4oc5cccc(O)c5c(=O)c4O)ccc3N)c(-c3ccccc3)c2c1,1,c1c(-c2c(O)c(=O)c3c(O)cccc3o2)ccc([*])c1[*],N*|c12sc(*)c(-c3ccccc3)c1cc(C)cc2,O=c1cc(-c2cccc(-c3sc4ccccc4c3-c3ccccc3)c2)oc2ccccc12,0.7994709,8.961,0.0028675,3.934,0.9727547,2.7578,0.0,-46.0245,2,Cc1ccc2sc(-c3cc(-c4oc5cccc(O)c5c(=O)c4O)ccc3N)c(-c3ccccc3)c2c1
8.0887,8.1498,67.9081,0.5942025,CCc1ccc(-c2oc3cccc(O)c3c(=O)c2O)cc1C,1,c1c(-c2c(O)c(=O)c3c(O)cccc3o2)ccc([*])c1[*],C(C)*|C*,O=c1cc(-c2ccccc2)oc2ccccc12,0.2585665,7.268,0.9832538,10.83,0.9907901,2.3746,0.7668192,1.034,2,CCc1ccc(-c2oc3cccc(O)c3c(=O)c2O)cc1C
8.1708,10.0622,91.163,0.7908214,Cc1ccc(-c2oc3cccc(O)c3c(=O)c2O)cc1-c1ccccc1,1,c1c(-c2c(O)c(=O)c3c(O)cccc3o2)ccc([*])c1[*],*C|c1ccc(*)cc1,O=c1cc(-c2cccc(-c3ccccc3)c2)oc2ccccc12,0.7066771,8.611,0.9928691,11.43,0.9942845,2.2076,0.4809299,-0.0663,2,Cc1ccc(-c2oc3cccc(O)c3c(=O)c2O)cc1-c1ccccc1
4.7184,6.3761,75.1229,0.636711,Cc1cc(-c2oc3cccc(O)c3c(=O)c2O)ccc1C(C)C,1,c1c(-c2c(O)c(=O)c3c(O)cccc3o2)ccc([*])c1[*],CC(C)*|*C,O=c1cc(-c2ccccc2)oc2ccccc12,0.3386784,7.535,0.9925569,11.4,0.9907497,2.3762,0.6334585,0.4752,2,Cc1cc(-c2oc3cccc(O)c3c(=O)c2O)ccc1C(C)C
6.2486,7.6509,68.6978,0.5964747,Cc1ccc(-c2oc3cccc(O)c3c(=O)c2O)cc1C(C)C,1,Oc1cccc2oc(-c3cc([*])c([*])cc3)c(O)c(=O)c12,*C(C)C|*C,O=c1cc(-c2ccccc2)oc2ccccc12,0.2870978,7.368,0.9718109,10.46,0.9903793,2.3899,0.6334585,0.4752,3,Cc1ccc(-c2oc3cccc(O)c3c(=O)c2O)cc1C(C)C
26.7452,28.8933,-28.8681,0.0001962,Cc1ccc(-c2oc3cccc(O)c3c(=O)c2O)cc1-c1ccc(C(=O)c2cc3oc(=O)c(C)c(C)c3c(=O)o2)cc1,1,Oc1cccc2oc(-c3cc([*])c([*])cc3)c(O)c(=O)c12,O=C(c1ccc(*)cc1)c1cc2c(c(C)c(C)c(=O)o2)c(=O)o1|*C,O=C(c1ccc(-c2cccc(-c3cc(=O)c4ccccc4o3)c2)cc1)c1cc2oc(=O)ccc2c(=O)o1,0.8925387,9.471,1e-07,-3.364,0.9390009,3.0501,0.0,-69.1122,3,Cc1ccc(-c2oc3cccc(O)c3c(=O)c2O)cc1-c1ccc(C(=O)c2cc3oc(=O)c(C)c(C)c3c(=O)o2)cc1
12.361,13.6077,63.5195,0.6025562,CCc1ccc(-c2oc3cccc(O)c3c(=O)c2O)cc1C(C)C,1,Oc1cccc2oc(-c3cc([*])c([*])cc3)c(O)c(=O)c12,CC(*)C|C(*)C,O=c1cc(-c2ccccc2)oc2ccccc12,0.3106098,7.446,0.9733457,10.5,0.9875249,2.4812,0.5636081,0.2222,3,CCc1ccc(-c2oc3cccc(O)c3c(=O)c2O)cc1C(C)C
5.3934,7.3947,68.8948,0.5960118,C=CCc1cc(-c2oc3cccc(O)c3c(=O)c2O)ccc1C,1,Oc1cccc2oc(-c3cc([*])c([*])cc3)c(O)c(=O)c12,C=CC*|*C,O=c1cc(-c2ccccc2)oc2ccccc12,0.2734558,7.321,0.9600918,10.21,0.9839044,2.571,0.7310495,0.8685,3,C=CCc1cc(-c2oc3cccc(O)c3c(=O)c2O)ccc1C
25.176,29.1715,-23.2963,0.0459001,Cc1ccc(-c2oc3cccc(O)c3c(=O)c2O)cc1C=CCOc1ccc2ccc(=O)oc2c1,1,Oc1cccc2oc(-c3cc([*])c([*])cc3)c(O)c(=O)c12,C(Oc1ccc2ccc(=O)oc2c1)C=C*|C*,O=c1ccc2ccc(OCC=Cc3cccc(-c4cc(=O)c5ccccc5o4)c3)cc2o1,0.6584146,8.456,0.6209582,8.343,0.966302,2.834,0.0,-31.095,3,Cc1ccc(-c2oc3cccc(O)c3c(=O)c2O)cc1C=CCOc1ccc2ccc(=O)oc2c1
17.809,17.5172,-17.2511,0.0020786,Cc1ccc(-c2oc3cccc(O)c3c(=O)c2O)cc1-c1c(C)oc2ccc(C)c(C)c2c1=O,1,Oc1cccc2oc(-c3cc([*])c([*])cc3)c(O)c(=O)c12,c1(=O)c(*)c(C)oc2c1c(C)c(C)cc2|*C,O=c1cc(-c2cccc(-c3coc4ccccc4c3=O)c2)oc2ccccc12,0.5689943,8.193,0.0001038,1.626,0.9668633,2.828,0.0,-21.9582,3,Cc1ccc(-c2oc3cccc(O)c3c(=O)c2O)cc1-c1c(C)oc2ccc(C)c(C)c2c1=O
8.2387,7.7342,86.937,0.7396185,O=c1c(O)c(-c2ccc(C(F)(F)F)c(C(F)(F)F)c2)oc2cccc(O)c12,1,Oc1cccc2oc(-c3cc([*])c([*])cc3)c(O)c(=O)c12,*C(F)(F)F|FC(*)(F)F,O=c1cc(-c2ccccc2)oc2ccccc12,0.5976676,8.275,0.9914147,11.3,0.9802079,2.6441,0.4631605,-0.1282,3,O=c1c(O)c(-c2ccc(C(F)(F)F)c(C(F)(F)F)c2)oc2cccc(O)c12
7.3973,6.9503,98.5548,0.8242581,Cc1ccc(-c2oc3cccc(O)c3c(=O)c2O)cc1C(F)(F)F,1,Oc1cccc2oc(-c3cc([*])c([*])cc3)c(O)c(=O)c12,C(*)(F)(F)F|*C,O=c1cc(-c2ccccc2)oc2ccccc12,0.7039852,8.602,0.9815118,10.76,0.9883733,2.4564,0.6608396,0.5794,3,Cc1ccc(-c2oc3cccc(O)c3c(=O)c2O)cc1C(F)(F)F
24.3456,28.8028,-21.5038,0.0570236,Cc1cccc(COC(=O)CCc2cc(-c3oc4cccc(O)c4c(=O)c3O)ccc2C(C)C)c1,1,Oc1cccc2oc(-c3cc([*])c([*])cc3)c(O)c(=O)c12,C(=O)(CC*)OCc1cccc(C)c1|CC(*)C,O=C(CCc1cccc(-c2cc(=O)c3ccccc3o2)c1)OCc1ccccc1,0.8607964,9.266,0.8773177,9.367,0.9807608,2.6341,0.0,-18.1024,3,Cc1cccc(COC(=O)CCc2cc(-c3oc4cccc(O)c4c(=O)c3O)ccc2C(C)C)c1
6.286,8.8807,83.1094,0.7186725,C=CCc1ccc(-c2oc3cccc(O)c3c(=O)c2O)cc1C,1,Oc1cccc2oc(-c3cc([*])c([*])cc3)c(O)c(=O)c12,C*|C=CC*,O=c1cc(-c2ccccc2)oc2ccccc12,0.4551485,7.875,0.9841757,10.87,0.9849184,2.548,0.7310495,0.8685,3,C=CCc1ccc(-c2oc3cccc(O)c3c(=O)c2O)cc1C
8.2116,10.2446,84.381,0.7392619,Cc1cc(-c2oc3cccc(O)c3c(=O)c2O)ccc1-c1ccccc1,1,c1([*])ccc(-c2oc3cccc(O)c3c(=O)c2O)cc1[*],c1ccccc1*|*C,O=c1cc(-c2ccc(-c3ccccc3)cc2)oc2ccccc12,0.5798997,8.224,0.9979507,12.3,0.9942502,2.2097,0.4809299,-0.0663,4,Cc1cc(-c2oc3cccc(O)c3c(=O)c2O)ccc1-c1ccccc1
17.5053,18.0097,-11.9626,0.0472429,CC(C)(C)c1ccc(-c2oc3cccc(O)c3c(=O)c2O)cc1CC(=O)O,1,c1([*])ccc(-c2oc3cccc(O)c3c(=O)c2O)cc1[*],C(C)(C)(*)C|C(C*)(=O)O,O=c1cc(-c2ccccc2)oc2ccccc12,0.4501568,7.861,0.9793026,10.68,0.9823274,2.604,0.0,-28.8795,4,CC(C)(C)c1ccc(-c2oc3cccc(O)c3c(=O)c2O)cc1CC(=O)O
13.5811,13.4148,79.3186,0.7244797,CC(C)(C)c1ccc(-c2oc3cccc(O)c3c(=O)c2O)cc1C(F)(F)F,1,c1([*])ccc(-c2oc3cccc(O)c3c(=O)c2O)cc1[*],CC(C)(*)C|C(*)(F)(F)F,O=c1cc(-c2ccccc2)oc2ccccc12,0.6069747,8.302,0.995553,11.76,0.9806814,2.6356,0.3852701,-0.4058,4,CC(C)(C)c1ccc(-c2oc3cccc(O)c3c(=O)c2O)cc1C(F)(F)F
13.4974,12.1394,-6.2723,0.0458366,Nc1ccc(-c2oc3cccc(O)c3c(=O)c2O)cc1N1CCCCC1,1,c1([*])ccc(-c2oc3cccc(O)c3c(=O)c2O)cc1[*],N*|C1CCCCN1*,O=c1cc(-c2cccc(N3CCCCC3)c2)oc2ccccc12,0.4103166,7.748,0.9832538,10.83,0.9876163,2.4786,0.0,-20.8339,4,Nc1ccc(-c2oc3cccc(O)c3c(=O)c2O)cc1N1CCCCC1
32.0353,29.1715,-21.7204,0.0582116,CCc1ccc(-c2oc3cccc(O)c3c(=O)c2O)cc1CC(=O)NCCCc1cc(C)ccc1C,1,c1([*])ccc(-c2oc3cccc(O)c3c(=O)c2O)cc1[*],*CC|*CC(=O)NCCCc1c(C)ccc(C)c1,O=C(Cc1cccc(-c2cc(=O)c3ccccc3o2)c1)NCCCc1ccccc1,0.9096838,9.605,0.8812883,9.393,0.9788406,2.6678,0.0,-20.7928,4,CCc1ccc(-c2oc3cccc(O)c3c(=O)c2O)cc1CC(=O)NCCCc1cc(C)ccc1C
14.9302,15.8557,-9.7047,0.0480546,O=C(O)CCc1cc(-c2oc3cccc(O)c3c(=O)c2O)ccc1C(F)(F)F,1,c1([*])ccc(-c2oc3cccc(O)c3c(=O)c2O)cc1[*],*C(F)(F)F|C(C*)C(O)=O,O=c1cc(-c2ccccc2)oc2ccccc12,0.4690984,7.914,0.9864612,10.98,0.9827283,2.5959,0.0,-28.8824,4,O=C(O)CCc1cc(-c2oc3cccc(O)c3c(=O)c2O)ccc1C(F)(F)F
29.6077,34.3968,-34.3827,0.0001101,Cc1ccc(-c2oc3cccc(O)c3c(=O)c2O)cc1-c1c(O)c2c(C)c(O)c(C)cc2c(C)cc1=N,1,c1([*])ccc(-c2oc3cccc(O)c3c(=O)c2O)cc1[*],*C|c1c(=N)c(*)c(O)c2c(cc(C)c(O)c2C)c1C,N=c1ccc2ccccc2cc1-c1cccc(-c2cc(=O)c3ccccc3o2)c1,0.8074242,8.996,0.0,-4.432,0.9066002,3.2103,0.0,-55.9472,4,Cc1ccc(-c2oc3cccc(O)c3c(=O)c2O)cc1-c1c(O)c2c(C)c(O)c(C)cc2c(C)cc1=N
25.2231,25.6427,9.5718,0.2751135,CCCc1cc(-c2oc3cccc(O)c3c(=O)c2O)ccc1C1(C)CCC2CCCC1(C)C2,1,c1([*])ccc(-c2oc3cccc(O)c3c(=O)c2O)cc1[*],C1C2CCC(C)(*)C1(C)CCC2|C(CC)*,O=c1cc(-c2ccc(C3CCC4CCCC3C4)cc2)oc2ccccc12,0.4530081,7.869,0.4267757,7.795,0.1259869,4.673,0.0673556,-2.2827,4,CCCc1cc(-c2oc3cccc(O)c3c(=O)c2O)ccc1C1(C)CCC2CCCC1(C)C2
11.7646,12.3327,72.0038,0.6588789,CC(C)(C)c1cc(-c2oc3cccc(O)c3c(=O)c2O)ccc1C(F)(F)F,1,c1([*])ccc(-c2oc3cccc(O)c3c(=O)c2O)cc1[*],FC(*)(F)F|*C(C)(C)C,O=c1cc(-c2ccccc2)oc2ccccc12,0.4741191,7.928,0.9714139,10.45,0.9815779,2.6187,0.3852701,-0.4058,4,CC(C)(C)c1cc(-c2oc3cccc(O)c3c(=O)c2O)ccc1C(F)(F)F
15.7572,19.3033,63.6216,0.647851,Cc1ccc(C=Cc2ccc(-c3oc4cccc(O)c4c(=O)c3O)cc2-c2ccccc2)cc1,1,c1([*])ccc(-c2oc3cccc(O)c3c(=O)c2O)cc1[*],C(c1ccc(C)cc1)=C*|c1cc(*)ccc1,O=c1cc(-c2ccc(C=Cc3ccccc3)c(-c3ccccc3)c2)oc2ccccc12,0.9265105,9.761,0.9729698,10.49,0.9875678,2.48,0.0714033,-2.2282,4,Cc1ccc(C=Cc2ccc(-c3oc4cccc(O)c4c(=O)c3O)cc2-c2ccccc2)cc1
6.9821,10.0536,-4.8188,0.0408969,CC(C)(C)c1ccc(-c2oc3cccc(O)c3c(=O)c2O)cc1N,1,c1([*])ccc(-c2oc3cccc(O)c3c(=O)c2O)cc1[*],CC(C)(C)*|*N,O=c1cc(-c2ccccc2)oc2ccccc12,0.2954154,7.396,0.9879158,11.06,0.9830537,2.5892,0.0,-17.6032,4,CC(C)(C)c1ccc(-c2oc3cccc(O)c3c(=O)c2O)cc1N
10.5961,11.8509,70.3253,0.6420019,Cc1cc(-c2oc3cccc(O)c3c(=O)c2O)ccc1CC(C)C,1,c1([*])ccc(-c2oc3cccc(O)c3c(=O)c2O)cc1[*],CC(C)C*|C*,O=c1cc(-c2ccccc2)oc2ccccc12,0.3523454,7.577,0.9910393,11.27,0.9896283,2.4163,0.6132414,0.4004,4,Cc1cc(-c2oc3cccc(O)c3c(=O)c2O)ccc1CC(C)C
7.2567,7.3675,92.8365,0.7828433,Cc1cc(-c2oc3cccc(O)c3c(=O)c2O)ccc1C(F)(F)F,1,c1([*])ccc(-c2oc3cccc(O)c3c(=O)c2O)cc1[*],*C(F)(F)F|*C,O=c1cc(-c2ccccc2)oc2ccccc12,0.6011233,8.285,0.9926624,11.41,0.9869253,2.4977,0.6608396,0.5794,4,Cc1cc(-c2oc3cccc(O)c3c(=O)c2O)ccc1C(F)(F)F
19.6593,21.669,-16.342,0.0416172,CC(C)c1ccc(-c2oc3cccc(O)c3c(=O)c2O)cc1NCCNCCc1ccc(O)c(O)c1,1,c1([*])ccc(-c2oc3cccc(O)c3c(=O)c2O)cc1[*],*C(C)C|*NCCNCCc1ccc(O)c(O)c1,O=c1cc(-c2cccc(NCCNCCc3ccccc3)c2)oc2ccccc12,0.339969,7.539,0.9081349,9.592,0.9685165,2.8096,0.0,-56.1126,4,CC(C)c1ccc(-c2oc3cccc(O)c3c(=O)c2O)cc1NCCNCCc1ccc(O)c(O)c1
28.0988,25.4457,-24.4994,0.0073927,Cc1cc(C)c(C)c(OCC(=O)CNCCCNc2cc(-c3oc4cccc(O)c4c(=O)c3O)ccc2N)c1,1,c1([*])ccc(-c2oc3cccc(O)c3c(=O)c2O)cc1[*],N*|C(N*)CCNCC(COc1c(C)c(C)cc(C)c1)=O,O=C(CNCCCNc1cccc(-c2cc(=O)c3ccccc3o2)c1)COc1ccccc1,0.2870978,7.368,0.007769,4.63,0.9530669,2.9539,0.0,-67.9639,4,Cc1cc(C)c(C)c(OCC(=O)CNCCCNc2cc(-c3oc4cccc(O)c4c(=O)c3O)ccc2N)c1
31.43,35.8551,-35.8434,9.2e-05,Cc1cc(O)c(-c2ccc(-c3oc4cccc(O)c4c(=O)c3O)cc2-c2ccccc2)c(=O)c2oc(-c3ccc(F)cc3)c(C)c12,1,c1([*])ccc(-c2oc3cccc(O)c3c(=O)c2O)cc1[*],c1cc(F)ccc1-c1c(C)c2c(c(=O)c(*)c(O)cc2C)o1|*c1ccccc1,O=c1cc(-c2ccc(-c3cccc4cc(-c5ccccc5)oc4c3=O)c(-c3ccccc3)c2)oc2ccccc12,0.8131754,9.022,0.0,-13.45,0.9294968,3.104,0.0,-42.3498,4,Cc1cc(O)c(-c2ccc(-c3oc4cccc(O)c4c(=O)c3O)cc2-c2ccccc2)c(=O)c2oc(-c3ccc(F)cc3)c(C)c12
18.9267,21.6491,9.1893,0.2409251,Cc1cc(-c2oc3cccc(O)c3c(=O)c2O)ccc1Nc1ccc2ccccc2[n+]1C,1,c1([*])ccc(-c2oc3cccc(O)c3c(=O)c2O)cc1[*],*Nc1ccc2ccccc2[n+]1C|*C,O=c1cc(-c2ccc(Nc3ccc4ccccc4[nH+]3)cc2)oc2ccccc12,0.8078713,8.998,0.9627593,10.26,0.959373,2.9015,0.0001419,-7.6961,4,Cc1cc(-c2oc3cccc(O)c3c(=O)c2O)ccc1Nc1ccc2ccccc2[n+]1C
41.4819,54.3355,-54.3245,8.6e-05,CC(=Nc1cccc2oc(=O)c(-c3cc(-c4oc5cccc(O)c5c(=O)c4O)ccc3C(F)(F)F)cc(=O)c12)C(=O)C=Cc1ccc(O)c(C)c1,1,c1c([*])c([*])cc(-c2oc3c(c(O)ccc3)c(=O)c2O)c1,*C(F)(F)F|O=C(C=Cc1ccc(O)c(C)c1)C(C)=Nc1c2c(=O)cc(*)c(=O)oc2ccc1,O=C(C=Cc1ccccc1)C=Nc1cccc2oc(=O)c(-c3cccc(-c4cc(=O)c5ccccc5o4)c3)cc(=O)c12,0.7353176,8.71,0.0,-6.23,0.7503219,3.6177,0.0,-88.6163,5,CC(=Nc1cccc2oc(=O)c(-c3cc(-c4oc5cccc(O)c5c(=O)c4O)ccc3C(F)(F)F)cc(=O)c12)C(=O)C=Cc1ccc(O)c(C)c1
11.5279,13.0909,51.3543,0.503478,COc1ccc(-c2cc(-c3oc4cccc(O)c4c(=O)c3O)ccc2C(F)(F)F)cc1,1,c1c([*])c([*])cc(-c2oc3c(c(O)ccc3)c(=O)c2O)c1,FC(F)(*)F|c1c(*)ccc(OC)c1,O=c1cc(-c2cccc(-c3ccccc3)c2)oc2ccccc12,0.5551804,8.154,0.8635326,9.282,0.9883336,2.4576,0.0579833,-2.4215,5,COc1ccc(-c2cc(-c3oc4cccc(O)c4c(=O)c3O)ccc2C(F)(F)F)cc1
9.4172,9.3637,-3.0145,0.0496033,Nc1cc(-c2oc3cccc(O)c3c(=O)c2O)ccc1-c1ccccc1,1,c1c([*])c([*])cc(-c2oc3c(c(O)ccc3)c(=O)c2O)c1,c1ccccc1*|N*,O=c1cc(-c2ccc(-c3ccccc3)cc2)oc2ccccc12,0.5057561,8.016,0.9976,12.19,0.9922955,2.3121,0.0,-17.6209,5,Nc1cc(-c2oc3cccc(O)c3c(=O)c2O)ccc1-c1ccccc1
16.9843,17.6051,71.0127,0.6923259,O=c1c(O)c(-c2ccc(-c3ccc(F)cc3)c(N3CCCCC3)c2)oc2cccc(O)c12,1,c1c([*])c([*])cc(-c2oc3c(c(O)ccc3)c(=O)c2O)c1,Fc1ccc(*)cc1|N1(*)CCCCC1,O=c1cc(-c2ccc(-c3ccccc3)c(N3CCCCC3)c2)oc2ccccc12,0.720499,8.658,0.9790089,10.67,0.9879003,2.4704,0.1969599,-1.2207,5,O=c1c(O)c(-c2ccc(-c3ccc(F)cc3)c(N3CCCCC3)c2)oc2cccc(O)c12
22.7214,20.1296,-15.4681,0.0364187,Cc1ccc(-c2oc3cccc(O)c3c(=O)c2O)cc1NCc1ccc(O)c(C=O)c1O,1,c1c([*])c([*])cc(-c2oc3c(c(O)ccc3)c(=O)c2O)c1,*C|c1(O)c(C=O)c(O)c(CN*)cc1,O=c1cc(-c2cccc(NCc3ccccc3)c2)oc2ccccc12,0.3971526,7.71,0.5309017,8.086,0.9687912,2.8064,0.0,-61.1379,5,Cc1ccc(-c2oc3cccc(O)c3c(=O)c2O)cc1NCc1ccc(O)c(C=O)c1O
45.3778,49.7621,-49.7502,9.29e-05,CC(Cc1ccc(-c2oc3cccc(O)c3c(=O)c2O)cc1-c1cccc(C2=CCC(C=O)=CC2=O)c1)Nc1ccc(O)c2ccccc12,1,c1c([*])c([*])cc(-c2oc3c(c(O)ccc3)c(=O)c2O)c1,*CC(C)Nc1c2ccccc2c(O)cc1|C1=C(c2cccc(*)c2)C(=O)C=C(C=O)C1,O=C1C=CCC=C1c1cccc(-c2cc(-c3cc(=O)c4ccccc4o3)ccc2CCNc2cccc3ccccc23)c1,0.9529231,10.09,0.0,-4.757,0.5920153,3.8706,0.0,-58.1716,5,CC(Cc1ccc(-c2oc3cccc(O)c3c(=O)c2O)cc1-c1cccc(C2=CCC(C=O)=CC2=O)c1)Nc1ccc(O)c2ccccc12
38.9474,40.8133,-40.0455,0.0059986,C=C(C)C1CCC(=O)CC1=CNc1cc(-c2oc3cccc(O)c3c(=O)c2O)ccc1-c1cc2ccccc2o1,1,c1c([*])c([*])cc(-c2oc3c(c(O)ccc3)c(=O)c2O)c1,c1cc2c(oc(*)c2)cc1|C1(C(=C)C)CCC(=O)CC1=CN*,O=C1CCCC(=CNc2cc(-c3cc(=O)c4ccccc4o3)ccc2-c2cc3ccccc3o2)C1,0.8643783,9.287,0.001664,3.555,0.6586375,3.7717,0.0,-34.1002,5,C=C(C)C1CCC(=O)CC1=CNc1cc(-c2oc3cccc(O)c3c(=O)c2O)ccc1-c1cc2ccccc2o1
25.6264,24.5232,-22.0486,0.0193328,O=C(C=CNc1ccc(-c2oc3cccc(O)c3c(=O)c2O)cc1-c1ccc(F)cc1)c1ccc2c(c1)OCO2,1,c1c([*])c([*])cc(-c2oc3c(c(O)ccc3)c(=O)c2O)c1,c1(C(=O)C=CN*)cc2c(cc1)OCO2|c1(F)ccc(*)cc1,O=C(C=CNc1ccc(-c2cc(=O)c3ccccc3o2)cc1-c1ccccc1)c1ccc2c(c1)OCO2,0.9440871,9.964,0.0366773,5.729,0.9623678,2.8738,0.0,-39.2552,5,O=C(C=CNc1ccc(-c2oc3cccc(O)c3c(=O)c2O)cc1-c1ccc(F)cc1)c1ccc2c(c1)OCO2
9.7159,11.9372,46.599,0.4573139,Cc1cc(-c2oc3cccc(O)c3c(=O)c2O)ccc1NCc1ccccc1,1,c1c([*])c([*])cc(-c2oc3c(c(O)ccc3)c(=O)c2O)c1,C(c1ccccc1)N*|*C,O=c1cc(-c2ccc(NCc3ccccc3)cc2)oc2ccccc12,0.7711142,8.844,0.9960347,11.84,0.9934694,2.2542,0.0101164,-3.9811,5,Cc1cc(-c2oc3cccc(O)c3c(=O)c2O)ccc1NCc1ccccc1
15.3255,12.2469,-6.6938,0.0433835,CN1C=CC(c2ccc(-c3oc4cccc(O)c4c(=O)c3O)cc2N)C=C1,1,c1c([*])c([*])cc(-c2oc3c(c(O)ccc3)c(=O)c2O)c1,C1=CC(*)C=CN1C|N*,O=c1cc(-c2ccc(C3C=CNC=C3)cc2)oc2ccccc12,0.3770117,7.651,0.9516149,10.07,0.900041,3.2364,0.0,-20.8351,5,CN1C=CC(c2ccc(-c3oc4cccc(O)c4c(=O)c3O)cc2N)C=C1
21.1834,27.2752,-18.8808,0.0655819,O=c1c(O)c(-c2ccc(C(F)(F)F)c(C=Cc3cc(F)cc4ccccc34)c2)oc2cccc(O)c12,1,c1c([*])c([*])cc(-c2oc3c(c(O)ccc3)c(=O)c2O)c1,*C(F)(F)F|c1(F)cc2c(c(C=C*)c1)cccc2,O=c1cc(-c2cccc(C=Cc3cccc4ccccc34)c2)oc2ccccc12,0.9718109,10.46,0.0015733,3.516,0.9662229,2.8348,0.0497229,-2.5626,5,O=c1c(O)c(-c2ccc(C(F)(F)F)c(C=Cc3cc(F)cc4ccccc34)c2)oc2cccc(O)c12
13.2925,15.2682,67.592,0.6473452,Cc1cc(-c2oc3cccc(O)c3c(=O)c2O)ccc1C(C)(C)Cl,1,c1c([*])c([*])cc(-c2oc3c(c(O)ccc3)c(=O)c2O)c1,C(Cl)(*)(C)C|*C,O=c1cc(-c2ccccc2)oc2ccccc12,0.3841359,7.672,0.9915363,11.31,0.976591,2.7037,0.5362188,0.1261,5,Cc1cc(-c2oc3cccc(O)c3c(=O)c2O)ccc1C(C)(C)Cl
22.4788,25.4034,-25.2583,0.0011338,CC1=CC(=O)C2=C(C(=O)CCC2=C(C)C)C1c1ccc(-c2oc3cccc(O)c3c(=O)c2O)cc1C,1,c1c([*])c([*])cc(-c2oc3c(c(O)ccc3)c(=O)c2O)c1,C12=C(C(*)C(C)=CC1=O)C(=O)CCC2=C(C)C|C*,C=C1CCC(=O)C2=C1C(=O)C=CC2c1ccc(-c2cc(=O)c3ccccc3o2)cc1,0.5707581,8.198,2.14e-05,0.5299,0.6695665,3.7546,0.0,-25.8517,5,CC1=CC(=O)C2=C(C(=O)CCC2=C(C)C)C1c1ccc(-c2oc3cccc(O)c3c(=O)c2O)cc1C
12.2976,15.1505,75.2248,0.7060567,Cc1cc(-c2oc3cccc(O)c3c(=O)c2O)ccc1-c1ccc(C(F)(F)F)cc1,1,c1c([*])c([*])cc(-c2oc3c(c(O)ccc3)c(=O)c2O)c1,c1cc(C(F)(F)F)ccc1*|C*,O=c1cc(-c2ccc(-c3ccccc3)cc2)oc2ccccc12,0.7248254,8.673,0.9740824,10.52,0.9896442,2.4158,0.2236231,-1.0811,5,Cc1cc(-c2oc3cccc(O)c3c(=O)c2O)ccc1-c1ccc(C(F)(F)F)cc1
14.8647,12.8201,-8.1484,0.0364983,Cc1cc(-c2oc3cccc(O)c3c(=O)c2O)ccc1NCC=Cc1ccc(O)cc1,1,c1c([*])c([*])cc(-c2oc3c(c(O)ccc3)c(=O)c2O)c1,C(N*)C=Cc1ccc(O)cc1|C*,O=c1cc(-c2ccc(NCC=Cc3ccccc3)cc2)oc2ccccc12,0.8569592,9.244,0.2463467,7.223,0.9801794,2.6446,0.0,-23.9079,5,Cc1cc(-c2oc3cccc(O)c3c(=O)c2O)ccc1NCC=Cc1ccc(O)cc1
10.6919,13.6006,60.7625,0.5809615,CC(C)(C)c1ccc(-c2oc3cccc(O)c3c(=O)c2O)cc1C(C)(C)C,1,c1c([*])c([*])cc(-c2oc3c(c(O)ccc3)c(=O)c2O)c1,CC(C)(*)C|C(*)(C)(C)C,O=c1cc(-c2ccccc2)oc2ccccc12,0.5973217,8.274,0.58829,8.248,0.9820192,2.6102,0.3128452,-0.6835,5,CC(C)(C)c1ccc(-c2oc3cccc(O)c3c(=O)c2O)cc1C(C)(C)C
21.532,27.2063,-27.0877,0.0009267,CCCc1ccc(-c2ccc(-c3cc(-c4oc5cccc(O)c5c(=O)c4O)ccc3C(C)(C)C)cc2)cc1,1,c1c([*])c([*])cc(-c2oc3c(c(O)ccc3)c(=O)c2O)c1,C(*)(C)(C)C|C(c1ccc(-c2ccc(*)cc2)cc1)CC,O=c1cc(-c2cccc(-c3ccc(-c4ccccc4)cc3)c2)oc2ccccc12,0.7987778,8.958,0.0,-4.445,0.9837178,2.5751,0.0145625,-3.6608,5,CCCc1ccc(-c2ccc(-c3cc(-c4oc5cccc(O)c5c(=O)c4O)ccc3C(C)(C)C)cc2)cc1
9.5645,12.275,71.3739,0.6535071,O=c1c(O)c(-c2ccc(C(F)(F)F)c(-c3ccccc3)c2)oc2cccc(O)c12,1,c1c([*])c([*])cc(-c2oc3c(c(O)ccc3)c(=O)c2O)c1,C(F)(F)(*)F|c1cc(*)ccc1,O=c1cc(-c2cccc(-c3ccccc3)c2)oc2ccccc12,0.527316,8.076,0.9589742,10.19,0.9897643,2.4117,0.2909075,-0.7739,5,O=c1c(O)c(-c2ccc(C(F)(F)F)c(-c3ccccc3)c2)oc2cccc(O)c12
22.6708,23.6263,-23.6138,9.77e-05,COc1ccc2c(=O)c3ccc(-c4cc(-c5oc6cccc(O)c6c(=O)c5O)ccc4-c4ccccc4)cc3ccc2c1,1,c1c([*])c([*])cc(-c2oc3c(c(O)ccc3)c(=O)c2O)c1,c1(*)ccccc1|c1cc(*)cc2c1C(=O)c1c(cc(OC)cc1)C=C2,O=c1c2ccccc2ccc2cc(-c3cc(-c4cc(=O)c5ccccc5o4)ccc3-c3ccccc3)ccc12,0.9449169,9.975,0.0,-8.9,0.9756516,2.7177,0.0,-18.5009,5,COc1ccc2c(=O)c3ccc(-c4cc(-c5oc6cccc(O)c6c(=O)c5O)ccc4-c4ccccc4)cc3ccc2c1
13.5972,15.7876,-2.8503,0.1010733,O=c1c(O)c(-c2ccc(C(F)(F)F)c(-c3ccccc3O)c2)oc2cccc(O)c12,1,c1c([*])c([*])cc(-c2oc3c(c(O)ccc3)c(=O)c2O)c1,C(*)(F)(F)F|Oc1c(*)cccc1,O=c1cc(-c2cccc(-c3ccccc3)c2)oc2ccccc12,0.5945494,8.266,0.9037204,9.556,0.9840475,2.5679,1e-06,-11.9986,5,O=c1c(O)c(-c2ccc(C(F)(F)F)c(-c3ccccc3O)c2)oc2cccc(O)c12
34.7827,39.8508,-39.4313,0.0032772,CC(=O)N=c1oc2ccccc2cc1C#Cc1ccc(-c2oc3cccc(O)c3c(=O)c2O)cc1C(F)(F)F,1,c1c([*])c([*])cc(-c2oc3c(c(O)ccc3)c(=O)c2O)c1,c1c2c(oc(=NC(C)=O)c(C#C*)c2)ccc1|FC(*)(F)F,N=c1oc2ccccc2cc1C#Cc1ccc(-c2cc(=O)c3ccccc3o2)cc1,0.9522732,10.08,0.0002344,2.192,0.9045866,3.2185,0.0,-34.2245,5,CC(=O)N=c1oc2ccccc2cc1C#Cc1ccc(-c2oc3cccc(O)c3c(=O)c2O)cc1C(F)(F)F
29.7022,33.7192,-19.3084,0.1125838,C=CC(C=O)(c1cc(-c2oc3cccc(O)c3c(=O)c2O)ccc1Cc1ccccc1)C(F)(F)F,1,c1c([*])c([*])cc(-c2oc3c(c(O)ccc3)c(=O)c2O)c1,C(*)c1ccccc1|C(=O)C(*)(C(F)(F)F)C=C,O=c1cc(-c2ccc(Cc3ccccc3)cc2)oc2ccccc12,0.4250163,7.79,0.4338313,7.815,0.7851337,3.5498,3.13e-05,-9.0102,5,C=CC(C=O)(c1cc(-c2oc3cccc(O)c3c(=O)c2O)ccc1Cc1ccccc1)C(F)(F)F
18.441,21.0754,-20.5173,0.0043599,Cc1cccc2occ(-c3cc(-c4oc5cccc(O)c5c(=O)c4O)ccc3C=Cc3ccccc3)c(=O)c12,1,c1c([*])c([*])cc(-c2oc3c(c(O)ccc3)c(=O)c2O)c1,c1(C=C*)ccccc1|c1cc(C)c2c(=O)c(*)coc2c1,O=c1cc(-c2ccc(C=Cc3ccccc3)c(-c3coc4ccccc4c3=O)c2)oc2ccccc12,0.9366731,9.872,0.0005245,2.752,0.9623323,2.8741,0.0,-22.1506,5,Cc1cccc2occ(-c3cc(-c4oc5cccc(O)c5c(=O)c4O)ccc3C=Cc3ccccc3)c(=O)c12
16.7652,23.3485,49.7664,0.5712103,C=CC(C)(C)c1cc(-c2oc3cccc(O)c3c(=O)c2O)ccc1CC=C(C)C,1,c1c([*])c([*])cc(-c2oc3c(c(O)ccc3)c(=O)c2O)c1,CC(C)=CC*|CC(C)(*)C=C,O=c1cc(-c2ccccc2)oc2ccccc12,0.4141521,7.759,0.9415267,9.931,0.9441101,3.0178,0.2280177,-1.0593,5,C=CC(C)(C)c1cc(-c2oc3cccc(O)c3c(=O)c2O)ccc1CC=C(C)C
9.5318,10.1876,41.3974,0.4030076,C=CCNc1ccc(-c2oc3cccc(O)c3c(=O)c2O)cc1C,1,c1(-c2oc3c(c(O)ccc3)c(=O)c2O)ccc([*])c([*])c1,C(=C)CN*|*C,O=c1cc(-c2ccccc2)oc2ccccc12,0.4791449,7.942,0.96118,10.23,0.9849879,2.5464,0.0144885,-3.6653,6,C=CCNc1ccc(-c2oc3cccc(O)c3c(=O)c2O)cc1C
12.4468,16.2807,24.4182,0.31796,O=c1c(O)c(-c2ccc(-c3ccco3)c(-c3ccccc3)c2)oc2cccc(O)c12,1,c1(-c2oc3c(c(O)ccc3)c(=O)c2O)ccc([*])c([*])c1,o1cccc1*|c1c(*)cccc1,O=c1cc(-c2ccc(-c3ccco3)c(-c3ccccc3)c2)oc2ccccc12,0.5760385,8.213,0.9642767,10.29,0.9887819,2.4439,0.0019195,-5.4319,6,O=c1c(O)c(-c2ccc(-c3ccco3)c(-c3ccccc3)c2)oc2cccc(O)c12
16.7496,21.9495,46.0185,0.5309999,CCC(C)(C)c1ccc(-c2oc3cccc(O)c3c(=O)c2O)cc1-c1ccccc1,1,c1(-c2oc3c(c(O)ccc3)c(=O)c2O)ccc([*])c([*])c1,*C(C)(CC)C|c1(*)ccccc1,O=c1cc(-c2cccc(-c3ccccc3)c2)oc2ccccc12,0.6303951,8.371,0.5735765,8.206,0.9861326,2.5184,0.160036,-1.4401,6,CCC(C)(C)c1ccc(-c2oc3cccc(O)c3c(=O)c2O)cc1-c1ccccc1
15.1575,17.5031,25.1547,0.3332637,O=c1c(O)c(-c2ccc(-c3cccnc3)c(C(F)(F)F)c2)oc2cccc(O)c12,1,c1(-c2oc3c(c(O)ccc3)c(=O)c2O)ccc([*])c([*])c1,c1c(*)cccn1|C(F)(*)(F)F,O=c1cc(-c2ccc(-c3cccnc3)cc2)oc2ccccc12,0.4769904,7.936,0.9934552,11.49,0.9846212,2.5549,0.0038205,-4.8324,6,O=c1c(O)c(-c2ccc(-c3cccnc3)c(C(F)(F)F)c2)oc2cccc(O)c12
10.4394,18.6264,59.5608,0.6108375,CC(C)(C)c1ccc(-c2oc3cccc(O)c3c(=O)c2O)cc1Cc1ccccc1,1,c1(-c2oc3c(c(O)ccc3)c(=O)c2O)ccc([*])c([*])c1,*C(C)(C)C|c1ccccc1C*,O=c1cc(-c2cccc(Cc3ccccc3)c2)oc2ccccc12,0.5530468,8.148,0.8116401,9.015,0.9877359,2.4752,0.2454168,-0.9756,6,CC(C)(C)c1ccc(-c2oc3cccc(O)c3c(=O)c2O)cc1Cc1ccccc1
14.5444,15.8385,-8.9448,0.0538573,Nc1cc(-c2oc3cccc(O)c3c(=O)c2O)ccc1NCCc1ccccc1,1,c1(-c2oc3c(c(O)ccc3)c(=O)c2O)ccc([*])c([*])c1,C(Cc1ccccc1)N*|*N,O=c1cc(-c2ccc(NCCc3ccccc3)cc2)oc2ccccc12,0.6492951,8.428,0.9837212,10.85,0.9905987,2.3818,0.0,-29.6383,6,Nc1cc(-c2oc3cccc(O)c3c(=O)c2O)ccc1NCCc1ccccc1
17.6988,25.2375,23.0141,0.3769655,CC(C)NCC(C)(C)c1ccc(-c2oc3cccc(O)c3c(=O)c2O)cc1C(F)(F)F,1,c1(-c2oc3c(c(O)ccc3)c(=O)c2O)ccc([*])c([*])c1,CC(C)NCC(C)(*)C|*C(F)(F)F,O=c1cc(-c2ccccc2)oc2ccccc12,0.5007195,8.002,0.9754966,10.56,0.9598955,2.8968,0.0083024,-4.1543,6,CC(C)NCC(C)(C)c1ccc(-c2oc3cccc(O)c3c(=O)c2O)cc1C(F)(F)F
24.9106,27.4068,39.3836,0.5218005,O=c1c(O)c(-c2ccc(CC3=CC=COC3)c(-c3ccccc3)c2)oc2cccc(O)c12,1,c1(-c2oc3c(c(O)ccc3)c(=O)c2O)ccc([*])c([*])c1,C1=COCC(C*)=C1|c1c(*)cccc1,O=c1cc(-c2ccc(CC3=CC=COC3)c(-c3ccccc3)c2)oc2ccccc12,0.6571186,8.452,0.8181518,9.045,0.9468002,2.9997,0.0587928,-2.4087,6,O=c1c(O)c(-c2ccc(CC3=CC=COC3)c(-c3ccccc3)c2)oc2cccc(O)c12
19.8808,24.073,-21.06,0.0235392,NCCNc1ccc(-c2oc3cccc(O)c3c(=O)c2O)cc1-c1cccc(-c2ccccc2)c1,1,c1(-c2oc3c(c(O)ccc3)c(=O)c2O)ccc([*])c([*])c1,C(N*)CN|c1ccc(-c2cc(*)ccc2)cc1,O=c1cc(-c2cccc(-c3cccc(-c4ccccc4)c3)c2)oc2ccccc12,0.7075713,8.614,0.0850228,6.349,0.9852816,2.5394,0.0,-29.7248,6,NCCNc1ccc(-c2oc3cccc(O)c3c(=O)c2O)cc1-c1cccc(-c2ccccc2)c1
14.3961,19.5149,8.1033,0.2157671,O=c1c(O)c(-c2ccc(NCCc3ccc(Cl)cc3)c(-c3ccccc3)c2)oc2cccc(O)c12,1,c1(-c2oc3c(c(O)ccc3)c(=O)c2O)ccc([*])c([*])c1,c1c(Cl)ccc(CCN*)c1|c1(*)ccccc1,O=c1cc(-c2ccc(NCCc3ccccc3)c(-c3ccccc3)c2)oc2ccccc12,0.4852534,7.959,0.3287595,7.504,0.9892749,2.4281,0.0026583,-5.1485,6,O=c1c(O)c(-c2ccc(NCCc3ccc(Cl)cc3)c(-c3ccccc3)c2)oc2cccc(O)c12
13.5359,14.5929,-7.4809,0.0555621,Cc1cc(-c2oc3cccc(O)c3c(=O)c2O)ccc1-c1ccc(C(=O)O)cc1,1,c1(-c2oc3c(c(O)ccc3)c(=O)c2O)ccc([*])c([*])c1,C(c1ccc(*)cc1)(O)=O|*C,O=c1cc(-c2ccc(-c3ccccc3)cc2)oc2ccccc12,0.6994669,8.587,0.9974944,12.16,0.9922292,2.3151,0.0,-28.9074,6,Cc1cc(-c2oc3cccc(O)c3c(=O)c2O)ccc1-c1ccc(C(=O)O)cc1
23.4116,29.1385,-19.3805,0.0762347,Cc1cc(C(=O)C(F)(F)F)ccc1-c1ccc(-c2oc3cccc(O)c3c(=O)c2O)cc1-c1ccccc1,1,c1(-c2oc3c(c(O)ccc3)c(=O)c2O)ccc([*])c([*])c1,C(c1ccc(*)c(C)c1)(=O)C(F)(F)F|c1ccc(*)cc1,O=c1cc(-c2ccc(-c3ccccc3)c(-c3ccccc3)c2)oc2ccccc12,0.8842667,9.413,0.0830291,6.331,0.9777672,2.6854,1.6e-05,-9.5922,6,Cc1cc(C(=O)C(F)(F)F)ccc1-c1ccc(-c2oc3cccc(O)c3c(=O)c2O)cc1-c1ccccc1
6.7984,11.2218,76.9109,0.6885367,O=c1c(O)c(-c2ccc(-c3ccccc3)c(-c3ccccc3)c2)oc2cccc(O)c12,1,c1(-c2oc3c(c(O)ccc3)c(=O)c2O)ccc([*])c([*])c1,c1(*)ccccc1|c1cc(*)ccc1,O=c1cc(-c2ccc(-c3ccccc3)c(-c3ccccc3)c2)oc2ccccc12,0.7936407,8.936,0.9458089,9.987,0.9939491,2.2276,0.1632373,-1.4196,6,O=c1c(O)c(-c2ccc(-c3ccccc3)c(-c3ccccc3)c2)oc2cccc(O)c12
48.2101,43.7835,-43.7721,8.91e-05,Cc1ccc2c(c1)C(=O)C=C(C(=O)C(=O)c1ccc(-c3ccc(-c4oc5cccc(O)c5c(=O)c4O)cc3C)c([N+](=O)[O-])c1)C2=O,1,c1(-c2oc3c(c(O)ccc3)c(=O)c2O)ccc([*])c([*])c1,c1c(C)ccc2c1C(=O)C=C(C(C(c1cc([N+]([O-])=O)c(*)cc1)=O)=O)C2=O|C*,O=C(C(=O)c1ccc(-c2ccc(-c3cc(=O)c4ccccc4o3)cc2)cc1)C1=CC(=O)c2ccccc2C1=O,0.7515097,8.769,0.0,-5.678,0.9026595,3.2262,0.0,-103.0271,6,Cc1ccc2c(c1)C(=O)C=C(C(=O)C(=O)c1ccc(-c3ccc(-c4oc5cccc(O)c5c(=O)c4O)cc3C)c([N+](=O)[O-])c1)C2=O
15.6677,16.8653,33.5053,0.3935199,Cc1cc(-c2oc3cccc(O)c3c(=O)c2O)ccc1Nc1ccc(C)c2ccccc12,1,c1(-c2oc3c(c(O)ccc3)c(=O)c2O)ccc([*])c([*])c1,c1cc2c(N*)ccc(C)c2cc1|C*,O=c1cc(-c2ccc(Nc3cccc4ccccc34)cc2)oc2ccccc12,0.7943469,8.939,0.9606395,10.22,0.9886975,2.4465,0.0037907,-4.8393,6,Cc1cc(-c2oc3cccc(O)c3c(=O)c2O)ccc1Nc1ccc(C)c2ccccc12
11.5497,14.11,82.2209,0.7525854,Cc1cccc(-c2ccc(-c3oc4cccc(O)c4c(=O)c3O)cc2C)c1,1,c1(-c2oc3c(c(O)ccc3)c(=O)c2O)ccc([*])c([*])c1,c1c(C)cc(*)cc1|*C,O=c1cc(-c2ccc(-c3ccccc3)cc2)oc2ccccc12,0.6661393,8.48,0.9964644,11.92,0.9923781,2.3083,0.3941232,-0.3735,6,Cc1cccc(-c2ccc(-c3oc4cccc(O)c4c(=O)c3O)cc2C)c1
25.8152,32.7913,-32.4453,0.0027026,Cc1cccc(C(=O)c2ccc(Br)c(C=NNc3ccc(-c4oc5cccc(O)c5c(=O)c4O)cc3C)c2)c1,1,c1(-c2oc3c(c(O)ccc3)c(=O)c2O)ccc([*])c([*])c1,c1ccc(C)cc1C(c1ccc(Br)c(C=NN*)c1)=O|*C,O=C(c1ccccc1)c1cccc(C=NNc2ccc(-c3cc(=O)c4ccccc4o3)cc2)c1,0.943935,9.962,0.0001324,1.795,0.968401,2.8109,0.0,-33.2527,6,Cc1cccc(C(=O)c2ccc(Br)c(C=NNc3ccc(-c4oc5cccc(O)c5c(=O)c4O)cc3C)c2)c1
12.2637,16.3284,24.9779,0.3227057,O=c1c(O)c(-c2ccc(-c3ccccc3)c(-c3ccncc3)c2)oc2cccc(O)c12,1,c1(-c2oc3c(c(O)ccc3)c(=O)c2O)ccc([*])c([*])c1,c1(*)ccccc1|n1ccc(*)cc1,O=c1cc(-c2ccc(-c3ccccc3)c(-c3ccncc3)c2)oc2ccccc12,0.5587312,8.164,0.8873238,9.434,0.9907537,2.376,0.0027569,-5.1168,6,O=c1c(O)c(-c2ccc(-c3ccccc3)c(-c3ccncc3)c2)oc2cccc(O)c12
15.3659,14.0793,-7.0871,0.0546268,Nc1cc(-c2oc3cccc(O)c3c(=O)c2O)ccc1NCc1ccc2c(c1)OCO2,1,c1(-c2oc3c(c(O)ccc3)c(=O)c2O)ccc([*])c([*])c1,c1(CN*)ccc2c(c1)OCO2|*N,O=c1cc(-c2ccc(NCc3ccc4c(c3)OCO4)cc2)oc2ccccc12,0.6988616,8.585,0.9548224,10.12,0.9831979,2.5862,0.0,-48.0861,6,Nc1cc(-c2oc3cccc(O)c3c(=O)c2O)ccc1NCc1ccc2c(c1)OCO2
15.7657,18.9638,25.5238,0.3475589,CCc1cc(-c2oc3cccc(O)c3c(=O)c2O)ccc1N(CCCl)CCCl,1,c1(-c2oc3c(c(O)ccc3)c(=O)c2O)ccc([*])c([*])c1,C(CN(CCCl)*)Cl|CC*,O=c1cc(-c2ccccc2)oc2ccccc12,0.0951585,6.435,0.7549868,8.782,0.9647888,2.8498,0.4209088,-0.2771,6,CCc1cc(-c2oc3cccc(O)c3c(=O)c2O)ccc1N(CCCl)CCCl
18.6362,25.7451,-11.2662,0.1131165,O=c1c(O)c(-c2ccc(NCc3ccc4ccccc4c3)c(-c3ccc4ccccc4c3)c2)oc2cccc(O)c12,1,c1(-c2oc3c(c(O)ccc3)c(=O)c2O)ccc([*])c([*])c1,c1c(CN*)cc2c(cccc2)c1|c1cc2c(cccc2)cc1*,O=c1cc(-c2ccc(NCc3ccc4ccccc4c3)c(-c3ccc4ccccc4c3)c2)oc2ccccc12,0.8974077,9.507,0.0515259,5.976,0.9823344,2.6039,0.0006499,-6.3737,6,O=c1c(O)c(-c2ccc(NCc3ccc4ccccc4c3)c(-c3ccc4ccccc4c3)c2)oc2cccc(O)c12
10.9953,17.9528,75.4842,0.729977,CC(C)(C)c1cc(-c2oc3cccc(O)c3c(=O)c2O)ccc1-c1ccccc1,1,c1(-c2oc3c(c(O)ccc3)c(=O)c2O)ccc([*])c([*])c1,c1cccc(*)c1|CC(C)(*)C,O=c1cc(-c2ccc(-c3ccccc3)cc2)oc2ccccc12,0.7723818,8.849,0.99373,11.52,0.9905177,2.3848,0.229596,-1.0515,6,CC(C)(C)c1cc(-c2oc3cccc(O)c3c(=O)c2O)ccc1-c1ccccc1
8.5097,12.278,84.0808,0.7528031,Cc1ccc(-c2cc(-c3oc4cccc(O)c4c(=O)c3O)ccc2C)cc1,1,c12oc(-c3cc([*])c([*])cc3)c(O)c(=O)c1c(O)ccc2,c1(C)ccc(*)cc1|*C,O=c1cc(-c2cccc(-c3ccccc3)c2)oc2ccccc12,0.6844383,8.538,0.9701903,10.42,0.9934156,2.2571,0.3941232,-0.3735,7,Cc1ccc(-c2cc(-c3oc4cccc(O)c4c(=O)c3O)ccc2C)cc1
15.1164,22.1207,61.9672,0.6569371,CC(c1ccccc1)c1ccc(-c2oc3cccc(O)c3c(=O)c2O)cc1C(F)(F)F,1,c12oc(-c3cc([*])c([*])cc3)c(O)c(=O)c1c(O)ccc2,FC(*)(F)F|C(c1ccccc1)(C)*,O=c1cc(-c2ccc(Cc3ccccc3)cc2)oc2ccccc12,0.6850596,8.54,0.9166416,9.666,0.944416,3.0158,0.1904716,-1.2568,7,CC(c1ccccc1)c1ccc(-c2oc3cccc(O)c3c(=O)c2O)cc1C(F)(F)F
14.3596,17.6444,1.3392,0.1483091,O=c1c(O)c(-c2ccc(Cc3ccc4ccccc4c3)c(C(F)(F)F)c2)oc2cccc(O)c12,1,c12oc(-c3cc([*])c([*])cc3)c(O)c(=O)c1c(O)ccc2,FC(*)(F)F|*Cc1ccc2ccccc2c1,O=c1cc(-c2ccc(Cc3ccc4ccccc4c3)cc2)oc2ccccc12,0.9425482,9.944,0.0119476,4.932,0.9841262,2.5661,0.1065874,-1.8467,7,O=c1c(O)c(-c2ccc(Cc3ccc4ccccc4c3)c(C(F)(F)F)c2)oc2cccc(O)c12
13.6385,19.1597,70.8815,0.7034466,CC(C)c1cc(-c2oc3cccc(O)c3c(=O)c2O)ccc1C=Cc1ccc(F)cc1,1,c12oc(-c3cc([*])c([*])cc3)c(O)c(=O)c1c(O)ccc2,C(*)(C)C|C(c1ccc(F)cc1)=C*,O=c1cc(-c2ccc(C=Cc3ccccc3)cc2)oc2ccccc12,0.8528536,9.221,0.9798779,10.7,0.9822035,2.6065,0.1483307,-1.5181,7,CC(C)c1cc(-c2oc3cccc(O)c3c(=O)c2O)ccc1C=Cc1ccc(F)cc1
45.957,52.5271,-52.5155,9.09e-05,CC(C)(C)c1ccc(-c2oc3cccc(O)c3c(=O)c2O)cc1CC1(c2ccccc2)N=C(c2cccc(C(=N)N)c2)OC1=O,1,c12oc(-c3cc([*])c([*])cc3)c(O)c(=O)c1c(O)ccc2,C(=N)(N)c1cccc(C2=NC(c3ccccc3)(C*)C(=O)O2)c1|C(C)(*)(C)C,O=C1OC(c2ccccc2)=NC1(Cc1cccc(-c2cc(=O)c3ccccc3o2)c1)c1ccccc1,0.9153125,9.654,0.0,-5.869,0.6512159,3.7831,0.0,-80.1499,7,CC(C)(C)c1ccc(-c2oc3cccc(O)c3c(=O)c2O)cc1CC1(c2ccccc2)N=C(c2cccc(C(=N)N)c2)OC1=O
14.7281,18.6432,75.0358,0.731867,Cc1ccc(-c2ccc(-c3oc4cccc(O)c4c(=O)c3O)cc2C(F)(F)F)c(C)c1,1,c12oc(-c3cc([*])c([*])cc3)c(O)c(=O)c1c(O)ccc2,FC(*)(F)F|c1(*)c(C)cc(C)cc1,O=c1cc(-c2ccc(-c3ccccc3)cc2)oc2ccccc12,0.8884698,9.442,0.996709,11.97,0.9852329,2.5406,0.1682093,-1.3883,7,Cc1ccc(-c2ccc(-c3oc4cccc(O)c4c(=O)c3O)cc2C(F)(F)F)c(C)c1
6.2675,11.0017,68.7641,0.6231705,Cc1ccc(-c2oc3cccc(O)c3c(=O)c2O)cc1C(C)(C)C,1,c12oc(-c3cc([*])c([*])cc3)c(O)c(=O)c1c(O)ccc2,CC(C)(*)C|*C,O=c1cc(-c2ccccc2)oc2ccccc12,0.3393235,7.537,0.9642767,10.29,0.988364,2.4567,0.585993,0.3018,7,Cc1ccc(-c2oc3cccc(O)c3c(=O)c2O)cc1C(C)(C)C
7.1345,11.9659,86.6709,0.7706003,O=c1c(O)c(-c2ccc(-c3ccccc3)c(C(F)(F)F)c2)oc2cccc(O)c12,1,c12oc(-c3cc([*])c([*])cc3)c(O)c(=O)c1c(O)ccc2,FC(*)(F)F|c1c(*)cccc1,O=c1cc(-c2ccc(-c3ccccc3)cc2)oc2ccccc12,0.81142,9.014,0.9977981,12.25,0.9902987,2.3929,0.2909075,-0.7739,7,O=c1c(O)c(-c2ccc(-c3ccccc3)c(C(F)(F)F)c2)oc2cccc(O)c12
9.2174,11.9428,-6.6852,0.0410744,CC(C)c1ccc(-c2oc3cccc(O)c3c(=O)c2O)cc1N,1,c12oc(-c3cc([*])c([*])cc3)c(O)c(=O)c1c(O)ccc2,N*|CC(*)C,O=c1cc(-c2ccccc2)oc2ccccc12,0.298721,7.407,0.9879158,11.06,0.9859179,2.5239,0.0,-17.5976,7,CC(C)c1ccc(-c2oc3cccc(O)c3c(=O)c2O)cc1N
20.1647,23.186,-15.3975,0.0608477,N#Cc1ccc(-c2ccc(-c3oc4cccc(O)c4c(=O)c3O)cc2C(F)(F)F)c2ccccc12,1,c12oc(-c3cc([*])c([*])cc3)c(O)c(=O)c1c(O)ccc2,C(F)(*)(F)F|c1(*)ccc(C#N)c2ccccc12,O=c1cc(-c2ccc(-c3cccc4ccccc34)cc2)oc2ccccc12,0.8179376,9.044,0.9854658,10.93,0.9759867,2.7128,0.0,-15.752,7,N#Cc1ccc(-c2ccc(-c3oc4cccc(O)c4c(=O)c3O)cc2C(F)(F)F)c2ccccc12
13.4714,16.4733,36.8391,0.4165028,Cc1ccc(-c2oc3cccc(O)c3c(=O)c2O)cc1NCc1cccc2ccccc12,1,c12oc(-c3cc([*])c([*])cc3)c(O)c(=O)c1c(O)ccc2,*NCc1cccc2ccccc21|*C,O=c1cc(-c2cccc(NCc3cccc4ccccc34)c2)oc2ccccc12,0.9241239,9.737,0.849573,9.203,0.9902222,2.3956,0.0051707,-4.5684,7,Cc1ccc(-c2oc3cccc(O)c3c(=O)c2O)cc1NCc1cccc2ccccc12
13.81,18.7124,-11.1224,0.0592973,O=c1oc2ccccc2cc1-c1ccc(-c2oc3cccc(O)c3c(=O)c2O)cc1C(F)(F)F,1,c12oc(-c3cc([*])c([*])cc3)c(O)c(=O)c1c(O)ccc2,C(*)(F)(F)F|c1(=O)c(*)cc2ccccc2o1,O=c1oc2ccccc2cc1-c1ccc(-c2cc(=O)c3ccccc3o2)cc1,0.8956724,9.494,0.944163,9.965,0.9774856,2.6899,0.0,-21.932,7,O=c1oc2ccccc2cc1-c1ccc(-c2oc3cccc(O)c3c(=O)c2O)cc1C(F)(F)F
7.7338,15.5673,70.6632,0.673676,CC(C)c1cc(-c2oc3cccc(O)c3c(=O)c2O)ccc1-c1ccccc1,1,c1(-c2c(O)c(=O)c3c(cccc3O)o2)ccc([*])c([*])c1,c1c(*)cccc1|CC(*)C,O=c1cc(-c2ccc(-c3ccccc3)cc2)oc2ccccc12,0.5753356,8.211,0.9942457,11.58,0.9912694,2.3559,0.2667968,-0.8781,8,CC(C)c1cc(-c2oc3cccc(O)c3c(=O)c2O)ccc1-c1ccccc1
10.4973,15.425,55.1181,0.5511181,CC(C)c1ccc(-c2oc3cccc(O)c3c(=O)c2O)cc1C(C)(C)C,1,c1(-c2c(O)c(=O)c3c(cccc3O)o2)ccc([*])c([*])c1,C(*)(C)C|*C(C)(C)C,O=c1cc(-c2ccccc2)oc2ccccc12,0.3002307,7.412,0.9502723,10.05,0.9838215,2.5728,0.3572791,-0.51,8,CC(C)c1ccc(-c2oc3cccc(O)c3c(=O)c2O)cc1C(C)(C)C
9.6693,14.7971,60.0404,0.5846682,Cc1ccc(-c2cc(-c3oc4cccc(O)c4c(=O)c3O)ccc2-c2ccccc2)cc1,1,c1(-c2c(O)c(=O)c3c(cccc3O)o2)ccc([*])c([*])c1,c1ccccc1*|c1c(C)ccc(*)c1,O=c1cc(-c2ccc(-c3ccccc3)c(-c3ccccc3)c2)oc2ccccc12,0.8290218,9.097,0.6466689,8.42,0.9930157,2.2777,0.1204653,-1.7268,8,Cc1ccc(-c2cc(-c3oc4cccc(O)c4c(=O)c3O)ccc2-c2ccccc2)cc1
23.8995,25.0925,-7.9926,0.1335932,O=c1c(O)c(-c2ccc(NCc3ccc(-c4ccc(F)cc4)cc3)c(C(F)(F)F)c2)oc2cccc(O)c12,1,c1(-c2c(O)c(=O)c3c(cccc3O)o2)ccc([*])c([*])c1,c1(CN*)ccc(-c2ccc(F)cc2)cc1|FC(F)(F)*,O=c1cc(-c2ccc(NCc3ccc(-c4ccccc4)cc3)cc2)oc2ccccc12,0.9296793,9.794,0.0514556,5.975,0.9840702,2.5673,0.0018173,-5.4796,8,O=c1c(O)c(-c2ccc(NCc3ccc(-c4ccc(F)cc4)cc3)c(C(F)(F)F)c2)oc2cccc(O)c12
17.9546,22.1432,62.8053,0.66366,CC(C)c1ccc(-c2oc3cccc(O)c3c(=O)c2O)cc1C(F)(F)Br,1,c1(-c2c(O)c(=O)c3c(cccc3O)o2)ccc([*])c([*])c1,C(C)(*)C|*C(Br)(F)F,O=c1cc(-c2ccccc2)oc2ccccc12,0.5265986,8.074,0.9737166,10.51,0.9664557,2.8323,0.3196395,-0.6562,8,CC(C)c1ccc(-c2oc3cccc(O)c3c(=O)c2O)cc1C(F)(F)Br
8.2628,15.356,70.8056,0.6731375,O=c1c(O)c(-c2ccc(-c3ccc(F)cc3)c(-c3ccccc3)c2)oc2cccc(O)c12,1,c1(-c2c(O)c(=O)c3c(cccc3O)o2)ccc([*])c([*])c1,c1c(F)ccc(*)c1|c1ccc(*)cc1,O=c1cc(-c2ccc(-c3ccccc3)c(-c3ccccc3)c2)oc2ccccc12,0.7941117,8.938,0.9394324,9.905,0.9927201,2.2922,0.1426007,-1.5581,8,O=c1c(O)c(-c2ccc(-c3ccc(F)cc3)c(-c3ccccc3)c2)oc2cccc(O)c12
18.4975,22.7506,44.185,0.5229343,O=c1c(O)c(-c2ccc(C3CCCCC3)c(C#Cc3ccccc3)c2)oc2cccc(O)c12,1,c1(-c2c(O)c(=O)c3c(cccc3O)o2)ccc([*])c([*])c1,C1CCCCC1*|c1c(C#C*)cccc1,O=c1cc(-c2ccc(C3CCCCC3)c(C#Cc3ccccc3)c2)oc2ccccc12,0.9063181,9.577,0.3985317,7.714,0.9769719,2.6979,0.146228,-1.5326,8,O=c1c(O)c(-c2ccc(C3CCCCC3)c(C#Cc3ccccc3)c2)oc2cccc(O)c12
11.8189,17.3318,27.0405,0.3466586,CCNc1cc(-c2oc3cccc(O)c3c(=O)c2O)ccc1-c1ccccc1,1,c1(-c2c(O)c(=O)c3c(cccc3O)o2)ccc([*])c([*])c1,*c1ccccc1|*NCC,O=c1cc(-c2ccc(-c3ccccc3)cc2)oc2ccccc12,0.3639231,7.612,0.9952908,11.72,0.990791,2.3746,0.0092426,-4.0603,8,CCNc1cc(-c2oc3cccc(O)c3c(=O)c2O)ccc1-c1ccccc1
7.8953,9.2561,-2.5101,0.0527033,Nc1ccc(-c2oc3cccc(O)c3c(=O)c2O)cc1-c1ccccc1,1,c1(-c2c(O)c(=O)c3c(cccc3O)o2)ccc([*])c([*])c1,*N|c1ccccc1*,O=c1cc(-c2cccc(-c3ccccc3)c2)oc2ccccc12,0.6042247,8.294,0.9928691,11.43,0.9924542,2.3048,0.0,-17.6209,8,Nc1ccc(-c2oc3cccc(O)c3c(=O)c2O)cc1-c1ccccc1
11.6942,18.1244,-5.6758,0.0972547,O=c1c(O)c(-c2ccc(-c3cccc(O)c3)c(-c3ccccc3)c2)oc2cccc(O)c12,1,c1(-c2c(O)c(=O)c3c(cccc3O)o2)ccc([*])c([*])c1,Oc1cccc(*)c1|c1c(*)cccc1,O=c1cc(-c2ccc(-c3ccccc3)c(-c3ccccc3)c2)oc2ccccc12,0.7571102,8.79,0.6772462,8.515,0.9905425,2.3839,9e-07,-12.1325,8,O=c1c(O)c(-c2ccc(-c3cccc(O)c3)c(-c3ccccc3)c2)oc2cccc(O)c12
13.5773,19.4315,-15.3346,0.0320071,O=c1oc2ccccc2cc1-c1cc(-c2oc3cccc(O)c3c(=O)c2O)ccc1-c1ccccc1,1,c1(-c2c(O)c(=O)c3c(cccc3O)o2)ccc([*])c([*])c1,c1cccc(*)c1|c1cccc2cc(*)c(=O)oc12,O=c1oc2ccccc2cc1-c1cc(-c2cc(=O)c3ccccc3o2)ccc1-c1ccccc1,0.9255246,9.751,0.1564075,6.829,0.9850769,2.5443,0.0,-22.0174,8,O=c1oc2ccccc2cc1-c1cc(-c2oc3cccc(O)c3c(=O)c2O)ccc1-c1ccccc1
20.93,27.0088,-26.5014,0.003964,Cc1cc(-c2ccccc2)c(-c2cc(-c3oc4cccc(O)c4c(=O)c3O)ccc2-c2ccccc2)[nH]c1=O,1,c1(-c2c(O)c(=O)c3c(cccc3O)o2)ccc([*])c([*])c1,c1ccc(*)cc1|c1ccccc1-c1c(*)[nH]c(=O)c(C)c1,O=c1ccc(-c2ccccc2)c(-c2cc(-c3cc(=O)c4ccccc4o3)ccc2-c2ccccc2)[nH]1,0.9057053,9.572,0.0004107,2.582,0.9763598,2.7072,0.0,-24.7209,8,Cc1cc(-c2ccccc2)c(-c2cc(-c3oc4cccc(O)c4c(=O)c3O)ccc2-c2ccccc2)[nH]c1=O
7.7848,18.3144,64.1866,0.644539,CC(C)(C)c1ccc(-c2oc3cccc(O)c3c(=O)c2O)cc1-c1ccccc1,1,c1(-c2c(O)c(=O)c3c(cccc3O)o2)ccc([*])c([*])c1,C(C)(C)(*)C|c1cccc(*)c1,O=c1cc(-c2cccc(-c3ccccc3)c2)oc2ccccc12,0.6253514,8.356,0.8602782,9.263,0.9898818,2.4076,0.229596,-1.0515,8,CC(C)(C)c1ccc(-c2oc3cccc(O)c3c(=O)c2O)cc1-c1ccccc1
6.7772,15.5198,67.1782,0.6460782,CC(C)c1ccc(-c2oc3cccc(O)c3c(=O)c2O)cc1-c1ccccc1,1,c1(-c2c(O)c(=O)c3c(cccc3O)o2)ccc([*])c([*])c1,*C(C)C|c1ccccc1*,O=c1cc(-c2cccc(-c3ccccc3)c2)oc2ccccc12,0.5337677,8.094,0.950948,10.06,0.9912851,2.3553,0.2667968,-0.8781,8,CC(C)c1ccc(-c2oc3cccc(O)c3c(=O)c2O)cc1-c1ccccc1
8.7994,15.07,37.3392,0.4094466,O=c1c(O)c(-c2ccc(NCc3ccccc3)c(-c3ccccc3)c2)oc2cccc(O)c12,1,c1(-c2c(O)c(=O)c3c(cccc3O)o2)ccc([*])c([*])c1,c1cccc(CN*)c1|c1cc(*)ccc1,O=c1cc(-c2ccc(NCc3ccccc3)c(-c3ccccc3)c2)oc2ccccc12,0.7950514,8.942,0.9983479,12.45,0.9920308,2.3239,0.0044896,-4.6917,8,O=c1c(O)c(-c2ccc(NCc3ccccc3)c(-c3ccccc3)c2)oc2cccc(O)c12
29.3551,35.5812,-32.5034,0.0240454,CC(C)CNC(=O)C(Cc1ccccc1)Nc1ccc(-c2oc3cccc(O)c3c(=O)c2O)cc1C(C)C,1,c1(-c2c(O)c(=O)c3c(cccc3O)o2)ccc([*])c([*])c1,C(C(C)C)NC(=O)C(N*)Cc1ccccc1|CC(*)C,O=c1cc(-c2ccc(NCCc3ccccc3)cc2)oc2ccccc12,0.647983,8.424,0.1015372,6.485,0.9213936,3.1448,0.0,-32.8119,8,CC(C)CNC(=O)C(Cc1ccccc1)Nc1ccc(-c2oc3cccc(O)c3c(=O)c2O)cc1C(C)C
8.9725,17.4241,66.8579,0.6584524,Cc1cccc(-c2ccc(-c3oc4cccc(O)c4c(=O)c3O)cc2-c2ccccc2)c1,1,c1(-c2c(O)c(=O)c3c(cccc3O)o2)ccc([*])c([*])c1,c1ccc(C)cc1*|c1c(*)cccc1,O=c1cc(-c2ccc(-c3ccccc3)c(-c3ccccc3)c2)oc2ccccc12,0.783566,8.894,0.96118,10.23,0.9921564,2.3183,0.1204653,-1.7268,8,Cc1cccc(-c2ccc(-c3oc4cccc(O)c4c(=O)c3O)cc2-c2ccccc2)c1
26.4283,39.7176,-27.1433,0.098237,C=CCc1ccc(C(C)(c2ccccc2)c2ccc(-c3oc4cccc(O)c4c(=O)c3O)cc2-c2ccccc2)cc1,1,o1c(-c2ccc([*])c([*])c2)c(O)c(=O)c2c(O)cccc12,C(C=C)c1ccc(C(*)(C)c2ccccc2)cc1|c1cc(*)ccc1,O=c1cc(-c2ccc(C(c3ccccc3)c3ccccc3)c(-c3ccccc3)c2)oc2ccccc12,0.6273723,8.362,0.0146792,5.077,0.891687,3.2676,0.0120714,-3.8259,9,C=CCc1ccc(C(C)(c2ccccc2)c2ccc(-c3oc4cccc(O)c4c(=O)c3O)cc2-c2ccccc2)cc1
13.006,16.2574,39.9089,0.4387987,O=c1c(O)c(-c2ccc(C(F)(F)F)c(NCc3ccccc3)c2)oc2cccc(O)c12,1,o1c(-c2ccc([*])c([*])c2)c(O)c(=O)c2c(O)cccc12,FC(F)(F)*|*NCc1ccccc1,O=c1cc(-c2cccc(NCc3ccccc3)c2)oc2ccccc12,0.8196458,9.052,0.9872089,11.02,0.9876878,2.4766,0.0068402,-4.3239,9,O=c1c(O)c(-c2ccc(C(F)(F)F)c(NCc3ccccc3)c2)oc2cccc(O)c12
16.4966,20.2073,2.8517,0.1801483,O=c1c(O)c(-c2ccc(-c3ccccc3)c(-c3ccc4[nH]ccc4c3)c2)oc2cccc(O)c12,1,o1c(-c2ccc([*])c([*])c2)c(O)c(=O)c2c(O)cccc12,c1(*)ccccc1|c1(*)ccc2[nH]ccc2c1,O=c1cc(-c2ccc(-c3ccccc3)c(-c3ccc4[nH]ccc4c3)c2)oc2ccccc12,0.8506731,9.209,0.5028783,8.008,0.9850761,2.5443,8.03e-05,-8.1909,9,O=c1c(O)c(-c2ccc(-c3ccccc3)c(-c3ccc4[nH]ccc4c3)c2)oc2cccc(O)c12
11.9062,17.5192,68.9467,0.6755145,O=c1c(O)c(-c2ccc(C(F)(F)F)c(C3CCCCC3)c2)oc2cccc(O)c12,1,o1c(-c2ccc([*])c([*])c2)c(O)c(=O)c2c(O)cccc12,FC(F)(F)*|C1CC(*)CCC1,O=c1cc(-c2cccc(C3CCCCC3)c2)oc2ccccc12,0.6492951,8.428,0.9887453,11.11,0.9818001,2.6144,0.2095621,-1.1531,9,O=c1c(O)c(-c2ccc(C(F)(F)F)c(C3CCCCC3)c2)oc2cccc(O)c12
7.1361,11.8558,82.1978,0.7347943,Cc1ccc(-c2ccc(-c3oc4cccc(O)c4c(=O)c3O)cc2C)cc1,1,o1c(-c2ccc([*])c([*])c2)c(O)c(=O)c2c(O)cccc12,c1c(C)ccc(*)c1|*C,O=c1cc(-c2ccc(-c3ccccc3)cc2)oc2ccccc12,0.6202803,8.341,0.999001,12.8,0.9933771,2.2591,0.3941232,-0.3735,9,Cc1ccc(-c2ccc(-c3oc4cccc(O)c4c(=O)c3O)cc2C)cc1
11.682,16.3587,73.4346,0.7015101,O=c1c(O)c(-c2ccc(C(F)(F)F)c(-c3cccc(F)c3)c2)oc2cccc(O)c12,1,o1c(-c2ccc([*])c([*])c2)c(O)c(=O)c2c(O)cccc12,FC(F)(F)*|c1(F)cccc(*)c1,O=c1cc(-c2cccc(-c3ccccc3)c2)oc2ccccc12,0.653869,8.442,0.996756,11.98,0.9859556,2.5229,0.259129,-0.9125,9,O=c1c(O)c(-c2ccc(C(F)(F)F)c(-c3cccc(F)c3)c2)oc2cccc(O)c12
16.0872,21.7417,61.3117,0.6488541,CC#Cc1ccc(-c2oc3cccc(O)c3c(=O)c2O)cc1C(C)C,1,o1c(-c2ccc([*])c([*])c2)c(O)c(=O)c2c(O)cccc12,C(#CC)*|CC(*)C,O=c1cc(-c2ccccc2)oc2ccccc12,0.3662582,7.619,0.9892157,11.14,0.9694114,2.7992,0.6165327,0.4125,9,CC#Cc1ccc(-c2oc3cccc(O)c3c(=O)c2O)cc1C(C)C
16.9137,26.7928,31.7291,0.4572021,O=c1c(O)c(-c2ccc(C(c3ccc(F)cc3)c3ccccc3F)c(C(F)(F)F)c2)oc2cccc(O)c12,1,o1c(-c2ccc([*])c([*])c2)c(O)c(=O)c2c(O)cccc12,Fc1ccccc1C(*)c1ccc(F)cc1|*C(F)(F)F,O=c1cc(-c2ccc(C(c3ccccc3)c3ccccc3)cc2)oc2ccccc12,0.8788582,9.377,0.4576478,7.882,0.9086844,3.2017,0.0499564,-2.5583,9,O=c1c(O)c(-c2ccc(C(c3ccc(F)cc3)c3ccccc3F)c(C(F)(F)F)c2)oc2cccc(O)c12
17.2588,26.3447,46.1878,0.5666605,Cc1ccc(C(C)c2ccc(-c3oc4cccc(O)c4c(=O)c3O)cc2C(C)C)cc1,1,o1c(-c2ccc([*])c([*])c2)c(O)c(=O)c2c(O)cccc12,c1(C(*)C)ccc(C)cc1|C(*)(C)C,O=c1cc(-c2ccc(Cc3ccccc3)cc2)oc2ccccc12,0.6162047,8.329,0.7929327,8.933,0.9434752,3.022,0.1277947,-1.6682,9,Cc1ccc(C(C)c2ccc(-c3oc4cccc(O)c4c(=O)c3O)cc2C(C)C)cc1
14.323,24.188,48.9823,0.5716425,O=c1c(O)c(-c2ccc(-c3ccccc3C(F)(F)F)c(-c3ccccc3)c2)oc2cccc(O)c12,1,o1c(-c2ccc([*])c([*])c2)c(O)c(=O)c2c(O)cccc12,FC(c1ccccc1*)(F)F|c1c(*)cccc1,O=c1cc(-c2ccc(-c3ccccc3)c(-c3ccccc3)c2)oc2ccccc12,0.7922231,8.93,0.8754467,9.355,0.9872221,2.4896,0.0571787,-2.4344,9,O=c1c(O)c(-c2ccc(-c3ccccc3C(F)(F)F)c(-c3ccccc3)c2)oc2cccc(O)c12
9.9097,17.5881,69.8709,0.6832734,O=c1c(O)c(-c2ccc(C(F)(F)F)c(Cc3ccccc3)c2)oc2cccc(O)c12,1,o1c(-c2ccc([*])c([*])c2)c(O)c(=O)c2c(O)cccc12,*C(F)(F)F|c1ccc(C*)cc1,O=c1cc(-c2cccc(Cc3ccccc3)c2)oc2ccccc12,0.6124538,8.318,0.9141903,9.644,0.9879169,2.47,0.3092571,-0.698,9,O=c1c(O)c(-c2ccc(C(F)(F)F)c(Cc3ccccc3)c2)oc2cccc(O)c12
21.5576,28.1338,-11.0948,0.1331168,O=C(Cc1cc(-c2oc3cccc(O)c3c(=O)c2O)ccc1C(F)(F)F)c1ccccc1C(F)(F)F,1,o1c(-c2ccc([*])c([*])c2)c(O)c(=O)c2c(O)cccc12,C(F)(F)(F)*|C(c1ccccc1C(F)(F)F)(=O)C*,O=C(Cc1cccc(-c2cc(=O)c3ccccc3o2)c1)c1ccccc1,0.774902,8.859,0.3906248,7.691,0.9700699,2.7914,2.43e-05,-9.2285,9,O=C(Cc1cc(-c2oc3cccc(O)c3c(=O)c2O)ccc1C(F)(F)F)c1ccccc1C(F)(F)F
17.28,21.3352,22.3654,0.3414106,Cc1cc(C)c2oc(C)c(-c3ccc(-c4oc5cccc(O)c5c(=O)c4O)cc3C)c2c1,1,o1c(-c2ccc([*])c([*])c2)c(O)c(=O)c2c(O)cccc12,Cc1cc(C)c2c(c1)c(*)c(C)o2|*C,O=c1cc(-c2ccc(-c3coc4ccccc34)cc2)oc2ccccc12,0.8609688,9.267,0.9578268,10.17,0.9722555,2.7643,0.0012477,-5.8067,9,Cc1cc(C)c2oc(C)c(-c3ccc(-c4oc5cccc(O)c5c(=O)c4O)cc3C)c2c1
10.842,19.9126,67.2688,0.6811048,O=c1c(O)c(-c2ccc(-c3cccc(F)c3)c(-c3ccccc3)c2)oc2cccc(O)c12,1,o1c(-c2ccc([*])c([*])c2)c(O)c(=O)c2c(O)cccc12,c1(F)cccc(*)c1|c1ccccc1*,O=c1cc(-c2ccc(-c3ccccc3)c(-c3ccccc3)c2)oc2ccccc12,0.783566,8.894,0.9850477,10.91,0.9917336,2.3367,0.1426007,-1.5581,9,O=c1c(O)c(-c2ccc(-c3cccc(F)c3)c(-c3ccccc3)c2)oc2cccc(O)c12
12.0541,21.1396,53.2137,0.5808847,O=c1c(O)c(-c2ccc(C3CCCCC3)c(Cc3ccccc3)c2)oc2cccc(O)c12,1,o1c(-c2ccc([*])c([*])c2)c(O)c(=O)c2c(O)cccc12,C1C(*)CCCC1|c1ccccc1C*,O=c1cc(-c2ccc(C3CCCCC3)c(Cc3ccccc3)c2)oc2ccccc12,0.6800708,8.524,0.7743996,8.857,0.9873616,2.4858,0.1209424,-1.7229,9,O=c1c(O)c(-c2ccc(C3CCCCC3)c(Cc3ccccc3)c2)oc2cccc(O)c12
8.8103,14.6271,88.6169,0.8065935,Cc1cc(-c2oc3cccc(O)c3c(=O)c2O)ccc1Cc1ccccc1,1,o1c(-c2ccc([*])c([*])c2)c(O)c(=O)c2c(O)cccc12,C(c1ccccc1)*|*C,O=c1cc(-c2ccc(Cc3ccccc3)cc2)oc2ccccc12,0.7341959,8.706,0.9925569,11.4,0.9931332,2.2718,0.5027671,0.0096,9,Cc1cc(-c2oc3cccc(O)c3c(=O)c2O)ccc1Cc1ccccc1
21.3932,30.4436,-9.287,0.1652859,Cc1ccc(-c2ccc(-c3oc4cccc(O)c4c(=O)c3O)cc2-c2ccc(C)c3ccccc23)c(C)c1,1,o1c(-c2ccc([*])c([*])c2)c(O)c(=O)c2c(O)cccc12,c1(C)cc(C)c(*)cc1|c12ccccc1c(C)ccc2*,O=c1cc(-c2ccc(-c3ccccc3)c(-c3cccc4ccccc34)c2)oc2ccccc12,0.9081349,9.592,0.036525,5.726,0.9829778,2.5908,0.0176726,-3.4899,9,Cc1ccc(-c2ccc(-c3oc4cccc(O)c4c(=O)c3O)cc2-c2ccc(C)c3ccccc23)c(C)c1
13.72,22.8349,50.9558,0.5764894,C=Cc1ccccc1-c1ccc(-c2oc3cccc(O)c3c(=O)c2O)cc1-c1ccccc1,1,o1c(-c2ccc([*])c([*])c2)c(O)c(=O)c2c(O)cccc12,C(c1ccccc1*)=C|c1cc(*)ccc1,O=c1cc(-c2ccc(-c3ccccc3)c(-c3ccccc3)c2)oc2ccccc12,0.6629313,8.47,0.9030925,9.551,0.9860877,2.5196,0.0853542,-2.0601,9,C=Cc1ccccc1-c1ccc(-c2oc3cccc(O)c3c(=O)c2O)cc1-c1ccccc1
28.4418,35.8886,55.1246,0.7110405,CC(F)(F)c1cc(-c2oc3cccc(O)c3c(=O)c2O)ccc1C(C)(F)C(F)(F)F,1,o1c(-c2ccc([*])c([*])c2)c(O)c(=O)c2c(O)cccc12,*C(F)(C)C(F)(F)F|C(C)(F)(F)*,O=c1cc(-c2ccccc2)oc2ccccc12,0.7716218,8.846,0.9758382,10.57,0.7927843,3.5338,0.2517573,-0.9461,9,CC(F)(F)c1cc(-c2oc3cccc(O)c3c(=O)c2O)ccc1C(C)(F)C(F)(F)F
9.3594,16.0307,65.0756,0.633643,Cc1ccc(-c2ccc(-c3oc4cccc(O)c4c(=O)c3O)cc2C(F)(F)F)cc1,1,o1c(-c2ccc([*])c([*])c2)c(O)c(=O)c2c(O)cccc12,c1c(C)ccc(*)c1|FC(F)(F)*,O=c1cc(-c2ccc(-c3ccccc3)cc2)oc2ccccc12,0.5186998,8.052,0.9994844,13.26,0.9889311,2.4392,0.2236231,-1.0811,9,Cc1ccc(-c2ccc(-c3oc4cccc(O)c4c(=O)c3O)cc2C(F)(F)F)cc1
9.8416,17.9526,60.2641,0.6110681,O=c1c(O)c(-c2ccc(-c3ccc(C(F)(F)F)cc3)c(-c3ccccc3)c2)oc2cccc(O)c12,1,c1cc([*])c([*])cc1-c1oc2cccc(O)c2c(=O)c1O,c1cc(C(F)(F)F)ccc1*|*c1ccccc1,O=c1cc(-c2ccc(-c3ccccc3)c(-c3ccccc3)c2)oc2ccccc12,0.8437822,9.172,0.99373,11.52,0.9890064,2.4368,0.0571787,-2.4344,10,O=c1c(O)c(-c2ccc(-c3ccc(C(F)(F)F)cc3)c(-c3ccccc3)c2)oc2cccc(O)c12
11.2875,15.6364,36.4308,0.4067744,O=c1c(O)c(-c2ccc(C(F)(F)F)c(-c3ccc(C(F)(F)F)cc3)c2)oc2cccc(O)c12,1,c1cc([*])c([*])cc1-c1oc2cccc(O)c2c(=O)c1O,C(*)(F)(F)F|c1cc(C(F)(F)F)ccc1*,O=c1cc(-c2cccc(-c3ccccc3)c2)oc2ccccc12,0.6856802,8.542,0.2862149,7.365,0.9823866,2.6028,0.1131121,-1.7887,10,O=c1c(O)c(-c2ccc(C(F)(F)F)c(-c3ccc(C(F)(F)F)cc3)c2)oc2cccc(O)c12
27.1011,29.8526,-6.0321,0.1860977,C=C(C)C(=O)Cc1ccc(-c2oc3cccc(O)c3c(=O)c2O)cc1-c1cccc(C)c1,1,c1cc([*])c([*])cc1-c1oc2cccc(O)c2c(=O)c1O,C(C)(=C)C(C*)=O|c1c(C)cc(*)cc1,O=c1cc(-c2cccc(-c3ccccc3)c2)oc2ccccc12,0.7170081,8.646,0.9697713,10.41,0.975696,2.7171,3.24e-05,-8.979,10,C=C(C)C(=O)Cc1ccc(-c2oc3cccc(O)c3c(=O)c2O)cc1-c1cccc(C)c1
14.6781,19.0237,57.1846,0.5953773,CCCCCc1ccc(-c2oc3cccc(O)c3c(=O)c2O)cc1C(F)(F)F,1,c1cc([*])c([*])cc1-c1oc2cccc(O)c2c(=O)c1O,C(CCC)C*|FC(F)(F)*,O=c1cc(-c2ccccc2)oc2ccccc12,0.4026783,7.726,0.9866521,10.99,0.9855892,2.532,0.2756136,-0.8393,10,CCCCCc1ccc(-c2oc3cccc(O)c3c(=O)c2O)cc1C(F)(F)F
9.8398,15.4574,65.3229,0.6310959,O=c1c(O)c(-c2ccc(C(F)(F)F)c(-c3cccc(C(F)(F)F)c3)c2)oc2cccc(O)c12,1,c1cc([*])c([*])cc1-c1oc2cccc(O)c2c(=O)c1O,FC(F)(F)*|c1c(C(F)(F)F)cccc1*,O=c1cc(-c2cccc(-c3ccccc3)c2)oc2ccccc12,0.6896984,8.555,0.9986096,12.57,0.9809909,2.6298,0.1131121,-1.7887,10,O=c1c(O)c(-c2ccc(C(F)(F)F)c(-c3cccc(C(F)(F)F)c3)c2)oc2cccc(O)c12
10.4712,14.6024,53.3203,0.530646,O=c1c(O)c(-c2ccc(-c3ccccc3)c(-c3ccc(Cl)cc3)c2)oc2cccc(O)c12,1,c1cc([*])c([*])cc1-c1oc2cccc(O)c2c(=O)c1O,c1cccc(*)c1|c1cc(Cl)ccc1*,O=c1cc(-c2ccc(-c3ccccc3)c(-c3ccccc3)c2)oc2ccccc12,0.8246953,9.076,0.5739282,8.207,0.9928005,2.2884,0.0844276,-2.0704,10,O=c1c(O)c(-c2ccc(-c3ccccc3)c(-c3ccc(Cl)cc3)c2)oc2cccc(O)c12
9.8369,16.901,58.8565,0.5918555,O=c1c(O)c(-c2ccc(-c3cccc(C(F)(F)F)c3)c(-c3ccccc3)c2)oc2cccc(O)c12,1,c1cc([*])c([*])cc1-c1oc2cccc(O)c2c(=O)c1O,FC(F)(c1cc(*)ccc1)F|c1cc(*)ccc1,O=c1cc(-c2ccc(-c3ccccc3)c(-c3ccccc3)c2)oc2ccccc12,0.7726348,8.85,0.9909106,11.26,0.9882115,2.4613,0.0571787,-2.4344,10,O=c1c(O)c(-c2ccc(-c3cccc(C(F)(F)F)c3)c(-c3ccccc3)c2)oc2cccc(O)c12
16.2943,18.2281,-0.7531,0.1365229,O=Cc1ccc(-c2cc(-c3oc4cccc(O)c4c(=O)c3O)ccc2-c2ccccc2)cc1,1,c1cc([*])c([*])cc1-c1oc2cccc(O)c2c(=O)c1O,c1c(*)cccc1|C(=O)c1ccc(*)cc1,O=c1cc(-c2ccc(-c3ccccc3)c(-c3ccccc3)c2)oc2ccccc12,0.8185797,9.047,0.3739746,7.642,0.9894109,2.4236,2.75e-05,-9.1222,10,O=Cc1ccc(-c2cc(-c3oc4cccc(O)c4c(=O)c3O)ccc2-c2ccccc2)cc1
11.1472,16.5933,31.3139,0.374275,Cc1ccc(CNc2ccc(-c3oc4cccc(O)c4c(=O)c3O)cc2-c2ccccc2)cc1,1,c1cc([*])c([*])cc1-c1oc2cccc(O)c2c(=O)c1O,c1(CN*)ccc(C)cc1|c1cc(*)ccc1,O=c1cc(-c2ccc(NCc3ccccc3)c(-c3ccccc3)c2)oc2ccccc12,0.6949096,8.572,0.9733457,10.5,0.9907458,2.3763,0.003588,-4.8872,10,Cc1ccc(CNc2ccc(-c3oc4cccc(O)c4c(=O)c3O)cc2-c2ccccc2)cc1
13.1804,17.3217,69.8999,0.6814193,O=c1c(O)c(-c2ccc(-c3ccc(F)cc3F)c(-c3ccccc3)c2)oc2cccc(O)c12,1,c1cc([*])c([*])cc1-c1oc2cccc(O)c2c(=O)c1O,Fc1cc(F)c(*)cc1|c1cc(*)ccc1,O=c1cc(-c2ccc(-c3ccccc3)c(-c3ccccc3)c2)oc2ccccc12,0.8456699,9.182,0.9706038,10.43,0.9895961,2.4174,0.1241858,-1.6967,10,O=c1c(O)c(-c2ccc(-c3ccc(F)cc3F)c(-c3ccccc3)c2)oc2cccc(O)c12
9.8899,22.2997,55.3094,0.6063216,Cc1ccccc1-c1ccc(-c2oc3cccc(O)c3c(=O)c2O)cc1C(C)(C)C,1,[*]c1c([*])cc(-c2c(O)c(=O)c3c(O)cccc3o2)cc1,c1(C)ccccc1*|CC(C)(*)C,O=c1cc(-c2ccc(-c3ccccc3)cc2)oc2ccccc12,0.8510385,9.211,0.5997424,8.281,0.9880105,2.4672,0.173032,-1.3587,11,Cc1ccccc1-c1ccc(-c2oc3cccc(O)c3c(=O)c2O)cc1C(C)(C)C
8.8419,15.798,70.5514,0.6746048,O=c1c(O)c(-c2ccc(-c3ccc(C(F)(F)F)cc3)c(C(F)(F)F)c2)oc2cccc(O)c12,1,[*]c1c([*])cc(-c2c(O)c(=O)c3c(O)cccc3o2)cc1,c1(C(F)(F)F)ccc(*)cc1|FC(F)(*)F,O=c1cc(-c2ccc(-c3ccccc3)cc2)oc2ccccc12,0.833263,9.118,0.9990293,12.82,0.9832105,2.5859,0.1131121,-1.7887,11,O=c1c(O)c(-c2ccc(-c3ccc(C(F)(F)F)cc3)c(C(F)(F)F)c2)oc2cccc(O)c12
12.5021,20.9521,61.7069,0.6457735,Cc1cccc(-c2cc(-c3oc4cccc(O)c4c(=O)c3O)ccc2Cc2ccccc2)c1,1,[*]c1c([*])cc(-c2c(O)c(=O)c3c(O)cccc3o2)cc1,c1c(C*)cccc1|c1ccc(C)cc1*,O=c1cc(-c2ccc(Cc3ccccc3)c(-c3ccccc3)c2)oc2ccccc12,0.7517784,8.77,0.9179517,9.678,0.9901106,2.3996,0.1300354,-1.6509,11,Cc1cccc(-c2cc(-c3oc4cccc(O)c4c(=O)c3O)ccc2Cc2ccccc2)c1
11.0642,14.8224,57.5071,0.5650744,Cc1ccc(-c2cc(-c3oc4cccc(O)c4c(=O)c3O)ccc2C(C)C)cc1,1,[*]c1c([*])cc(-c2c(O)c(=O)c3c(O)cccc3o2)cc1,CC(*)C|Cc1ccc(*)cc1,O=c1cc(-c2cccc(-c3ccccc3)c2)oc2ccccc12,0.5806007,8.226,0.6699689,8.492,0.9900461,2.4019,0.2034886,-1.1853,11,Cc1ccc(-c2cc(-c3oc4cccc(O)c4c(=O)c3O)ccc2C(C)C)cc1
10.5693,14.7908,79.6842,0.7380863,O=c1c(O)c(-c2ccc(C=Cc3ccccc3)c(C(F)(F)F)c2)oc2cccc(O)c12,1,[*]c1c([*])cc(-c2c(O)c(=O)c3c(O)cccc3o2)cc1,c1ccccc1C=C*|FC(*)(F)F,O=c1cc(-c2ccc(C=Cc3ccccc3)cc2)oc2ccccc12,0.8687052,9.313,0.9984624,12.5,0.9830801,2.5886,0.1872043,-1.2753,11,O=c1c(O)c(-c2ccc(C=Cc3ccccc3)c(C(F)(F)F)c2)oc2cccc(O)c12
18.0123,20.0402,53.4731,0.5743226,COc1cccc(-c2ccc(-c3oc4cccc(O)c4c(=O)c3O)cc2C(F)(F)F)c1,1,[*]c1c([*])cc(-c2c(O)c(=O)c3c(O)cccc3o2)cc1,c1(OC)cc(*)ccc1|C(F)(F)(*)F,O=c1cc(-c2ccc(-c3ccccc3)cc2)oc2ccccc12,0.7018816,8.595,0.9953578,11.73,0.9874218,2.4841,0.0579833,-2.4215,11,COc1cccc(-c2ccc(-c3oc4cccc(O)c4c(=O)c3O)cc2C(F)(F)F)c1
12.2052,12.0056,-4.656,0.0574191,Nc1cc(-c2oc3cccc(O)c3c(=O)c2O)ccc1C=Cc1ccccc1,1,[*]c1c([*])cc(-c2c(O)c(=O)c3c(O)cccc3o2)cc1,c1ccc(C=C*)cc1|N*,O=c1cc(-c2ccc(C=Cc3ccccc3)cc2)oc2ccccc12,0.77314,8.852,0.993819,11.53,0.9864138,2.5112,0.0,-17.6574,11,Nc1cc(-c2oc3cccc(O)c3c(=O)c2O)ccc1C=Cc1ccccc1
8.6107,12.1471,72.8506,0.6640452,O=c1c(O)c(-c2ccc(C(F)(F)F)c(-c3ccc(F)cc3)c2)oc2cccc(O)c12,1,[*]c1c([*])cc(-c2c(O)c(=O)c3c(O)cccc3o2)cc1,FC(F)(*)F|Fc1ccc(*)cc1,O=c1cc(-c2cccc(-c3ccccc3)c2)oc2ccccc12,0.5830517,8.233,0.9548224,10.12,0.9877917,2.4736,0.259129,-0.9125,11,O=c1c(O)c(-c2ccc(C(F)(F)F)c(-c3ccc(F)cc3)c2)oc2cccc(O)c12
10.0157,15.7151,78.9172,0.7393149,O=c1c(O)c(-c2ccc(Cc3ccccc3)c(C(F)(F)F)c2)oc2cccc(O)c12,1,[*]c1c([*])cc(-c2c(O)c(=O)c3c(O)cccc3o2)cc1,C(*)c1ccccc1|FC(F)(*)F,O=c1cc(-c2ccc(Cc3ccccc3)cc2)oc2ccccc12,0.8569592,9.244,0.8181518,9.045,0.988608,2.4493,0.3092571,-0.698,11,O=c1c(O)c(-c2ccc(Cc3ccccc3)c(C(F)(F)F)c2)oc2cccc(O)c12
12.6284,17.8917,28.9233,0.3657418,O=c1c(O)c(-c2ccc(C(F)(F)F)c(-c3ccccc3C(F)(F)F)c2)oc2cccc(O)c12,1,[*]c1c([*])cc(-c2c(O)c(=O)c3c(O)cccc3o2)cc1,FC(F)(F)*|c1cccc(C(F)(F)F)c1*,O=c1cc(-c2cccc(-c3ccccc3)c2)oc2ccccc12,0.6364099,8.389,0.2278713,7.152,0.9794739,2.6571,0.1131121,-1.7887,11,O=c1c(O)c(-c2ccc(C(F)(F)F)c(-c3ccccc3C(F)(F)F)c2)oc2cccc(O)c12
11.0148,18.911,5.5663,0.1912287,Cc1ccc(Cc2ccc(-c3oc4cccc(O)c4c(=O)c3O)cc2-c2ccccc2)cc1,1,[*]c1c([*])cc(-c2c(O)c(=O)c3c(O)cccc3o2)cc1,c1(C)ccc(C*)cc1|c1(*)ccccc1,O=c1cc(-c2ccc(Cc3ccccc3)c(-c3ccccc3)c2)oc2ccccc12,0.5851495,8.239,0.0364239,5.724,0.9910644,2.364,0.1300354,-1.6509,11,Cc1ccc(Cc2ccc(-c3oc4cccc(O)c4c(=O)c3O)cc2-c2ccccc2)cc1
17.8499,29.2023,-1.7833,0.214211,Cc1ccc(-c2cccc(CC(C)c3ccc(-c4oc5cccc(O)c5c(=O)c4O)cc3C)c2)cc1,1,[*]c1c([*])cc(-c2c(O)c(=O)c3c(O)cccc3o2)cc1,c1(C)ccc(-c2cccc(CC(C)*)c2)cc1|*C,O=c1cc(-c2ccc(CCc3cccc(-c4ccccc4)c3)cc2)oc2ccccc12,0.8435923,9.171,0.0576079,6.058,0.9495981,2.9799,0.0422641,-2.7105,11,Cc1ccc(-c2cccc(CC(C)c3ccc(-c4oc5cccc(O)c5c(=O)c4O)cc3C)c2)cc1
9.0307,21.7582,-12.4218,0.0729412,O=c1c(O)c(-c2ccc(C(c3ccccc3)c3ccccc3)c(-c3ccccc3)c2)oc2cccc(O)c12,1,[*]c1c([*])cc(-c2c(O)c(=O)c3c(O)cccc3o2)cc1,c1cccc(C(*)c2ccccc2)c1|c1ccccc1*,O=c1cc(-c2ccc(C(c3ccccc3)c3ccccc3)c(-c3ccccc3)c2)oc2ccccc12,0.6127955,8.319,0.0039824,4.163,0.9859833,2.5222,0.0332568,-2.9269,11,O=c1c(O)c(-c2ccc(C(c3ccccc3)c3ccccc3)c(-c3ccccc3)c2)oc2cccc(O)c12
21.564,25.7324,-17.5479,0.0639416,CC(=O)c1ccc(-c2cc(-c3oc4cccc(O)c4c(=O)c3O)ccc2C=Cc2ccc(F)cc2)cc1,1,[*]c1c([*])cc(-c2c(O)c(=O)c3c(O)cccc3o2)cc1,C(=Cc1ccc(F)cc1)*|c1c(C(C)=O)ccc(*)c1,O=c1cc(-c2ccc(C=Cc3ccccc3)c(-c3ccccc3)c2)oc2ccccc12,0.9343289,9.845,0.0454265,5.884,0.9821018,2.6085,1.77e-05,-9.5036,11,CC(=O)c1ccc(-c2cc(-c3oc4cccc(O)c4c(=O)c3O)ccc2C=Cc2ccc(F)cc2)cc1
10.5667,16.1703,69.0906,0.6661009,Cc1cc(C)cc(-c2ccc(-c3oc4cccc(O)c4c(=O)c3O)cc2C(F)(F)F)c1,1,[*]c1c([*])cc(-c2c(O)c(=O)c3c(O)cccc3o2)cc1,c1(C)cc(*)cc(C)c1|*C(F)(F)F,O=c1cc(-c2ccc(-c3ccccc3)cc2)oc2ccccc12,0.6819463,8.53,0.9930701,11.45,0.9833618,2.5827,0.1682093,-1.3883,11,Cc1cc(C)cc(-c2ccc(-c3oc4cccc(O)c4c(=O)c3O)cc2C(F)(F)F)c1
14.5086,23.0436,60.4882,0.6525919,Cc1cc(F)cc(-c2ccc(-c3oc4cccc(O)c4c(=O)c3O)cc2-c2ccccc2)c1,1,[*]c1c([*])cc(-c2c(O)c(=O)c3c(O)cccc3o2)cc1,c1c(F)cc(C)cc1*|c1ccccc1*,O=c1cc(-c2ccc(-c3ccccc3)c(-c3ccccc3)c2)oc2ccccc12,0.8403373,9.154,0.929961,9.797,0.9880266,2.4668,0.1045603,-1.8653,11,Cc1cc(F)cc(-c2ccc(-c3oc4cccc(O)c4c(=O)c3O)cc2-c2ccccc2)c1
17.9846,25.9015,19.6314,0.3557262,CC(C)c1ccccc1-c1ccc(-c2oc3cccc(O)c3c(=O)c2O)cc1-c1ccc(F)cc1,1,[*]c1c([*])cc(-c2c(O)c(=O)c3c(O)cccc3o2)cc1,c1c(C(C)C)c(*)ccc1|c1(*)ccc(F)cc1,O=c1cc(-c2ccc(-c3ccccc3)c(-c3ccccc3)c2)oc2ccccc12,0.5208549,8.058,0.384817,7.674,0.986769,2.5019,0.0438488,-2.6771,11,CC(C)c1ccccc1-c1ccc(-c2oc3cccc(O)c3c(=O)c2O)cc1-c1ccc(F)cc1
9.3162,19.0923,85.8104,0.8195521,O=c1c(O)c(-c2ccc(C#Cc3ccccc3)c(C(F)(F)F)c2)oc2cccc(O)c12,1,[*]c1c([*])cc(-c2c(O)c(=O)c3c(O)cccc3o2)cc1,c1c(C#C*)cccc1|*C(F)(F)F,O=c1cc(-c2ccc(C#Cc3ccccc3)cc2)oc2ccccc12,0.8881842,9.44,0.9992719,13.02,0.9794851,2.6569,0.357885,-0.5077,11,O=c1c(O)c(-c2ccc(C#Cc3ccccc3)c(C(F)(F)F)c2)oc2cccc(O)c12
11.8504,21.5829,51.9253,0.5742828,CC(C)(C)c1cc(-c2oc3cccc(O)c3c(=O)c2O)ccc1Cc1ccccc1,1,c1([*])cc(-c2oc3cccc(O)c3c(=O)c2O)ccc1[*],C(C)(*)(C)C|c1cccc(C*)c1,O=c1cc(-c2ccc(Cc3ccccc3)cc2)oc2ccccc12,0.4587197,7.885,0.8200709,9.054,0.9885623,2.4507,0.2454168,-0.9756,12,CC(C)(C)c1cc(-c2oc3cccc(O)c3c(=O)c2O)ccc1Cc1ccccc1
20.9814,30.2913,-30.0658,0.0017618,O=C(C(=Cc1ccccc1)c1cc(-c2oc3cccc(O)c3c(=O)c2O)ccc1C(F)(F)F)c1ccccc1,1,c1([*])cc(-c2oc3cccc(O)c3c(=O)c2O)ccc1[*],C(=O)(C(=Cc1ccccc1)*)c1ccccc1|FC(F)(F)*,O=C(C(=Cc1ccccc1)c1cccc(-c2cc(=O)c3ccccc3o2)c1)c1ccccc1,0.8533946,9.224,1.8e-06,-1.174,0.9708754,2.7817,1.56e-05,-9.6162,12,O=C(C(=Cc1ccccc1)c1cc(-c2oc3cccc(O)c3c(=O)c2O)ccc1C(F)(F)F)c1ccccc1
8.6556,16.1342,-3.6713,0.0973663,O=c1c(O)c(-c2ccc(-c3ccccc3)c(-c3ccc(O)cc3)c2)oc2cccc(O)c12,1,c1([*])cc(-c2oc3cccc(O)c3c(=O)c2O)ccc1[*],c1c(*)ccc(O)c1|c1ccccc1*,O=c1cc(-c2ccc(-c3ccccc3)c(-c3ccccc3)c2)oc2ccccc12,0.6648579,8.476,0.7733921,8.853,0.9916086,2.342,9e-07,-12.1325,12,O=c1c(O)c(-c2ccc(-c3ccccc3)c(-c3ccc(O)cc3)c2)oc2cccc(O)c12
11.634,19.1471,55.5278,0.5833978,Cc1cc(C)cc(-c2cc(-c3oc4cccc(O)c4c(=O)c3O)ccc2-c2ccccc2)c1,1,c1([*])cc(-c2oc3cccc(O)c3c(=O)c2O)ccc1[*],Cc1cc(*)cc(C)c1|c1ccccc1*,O=c1cc(-c2ccc(-c3ccccc3)c(-c3ccccc3)c2)oc2ccccc12,0.7394977,8.725,0.82656,9.085,0.9896456,2.4157,0.0877256,-2.034,12,Cc1cc(C)cc(-c2cc(-c3oc4cccc(O)c4c(=O)c3O)ccc2-c2ccccc2)c1
10.8996,19.0608,59.0499,0.6102401,Cc1ccc(-c2cc(-c3oc4cccc(O)c4c(=O)c3O)ccc2C(C)(C)C)cc1,1,c1([*])cc(-c2oc3cccc(O)c3c(=O)c2O)ccc1[*],*c1ccc(C)cc1|C(*)(C)(C)C,O=c1cc(-c2cccc(-c3ccccc3)c2)oc2ccccc12,0.6884649,8.551,0.7549868,8.782,0.9884678,2.4536,0.173032,-1.3587,12,Cc1ccc(-c2cc(-c3oc4cccc(O)c4c(=O)c3O)ccc2C(C)(C)C)cc1
7.8933,14.6882,61.6942,0.5967374,Cc1ccc(-c2cc(-c3oc4cccc(O)c4c(=O)c3O)ccc2C(F)(F)F)cc1,1,c1([*])cc(-c2oc3cccc(O)c3c(=O)c2O)ccc1[*],c1(C)ccc(*)cc1|FC(F)(F)*,O=c1cc(-c2cccc(-c3ccccc3)c2)oc2ccccc12,0.6056007,8.298,0.7213677,8.661,0.9883373,2.4575,0.2236231,-1.0811,12,Cc1ccc(-c2cc(-c3oc4cccc(O)c4c(=O)c3O)ccc2C(F)(F)F)cc1
9.7878,17.8085,57.712,0.5900036,O=c1c(O)c(-c2ccc(-c3ccccc3)c(-c3ccc(F)cc3)c2)oc2cccc(O)c12,1,c1([*])cc(-c2oc3cccc(O)c3c(=O)c2O)ccc1[*],*c1ccc(F)cc1|c1cccc(*)c1,O=c1cc(-c2ccc(-c3ccccc3)c(-c3ccccc3)c2)oc2ccccc12,0.5903797,8.254,0.8670552,9.303,0.9927201,2.2922,0.1426007,-1.5581,12,O=c1c(O)c(-c2ccc(-c3ccccc3)c(-c3ccc(F)cc3)c2)oc2cccc(O)c12
23.9309,24.7711,-10.2978,0.1130729,O=c1c(O)c(-c2ccc(-c3ccccc3)c(-c3cc4ccc(Cl)cc4o3)c2)oc2cccc(O)c12,1,c1([*])cc(-c2oc3cccc(O)c3c(=O)c2O)ccc1[*],Clc1ccc2c(c1)oc(*)c2|c1(*)ccccc1,O=c1cc(-c2ccc(-c3ccccc3)c(-c3cc4ccccc4o3)c2)oc2ccccc12,0.8414924,9.16,0.0577643,6.06,0.9829645,2.5911,0.0005766,-6.4778,12,O=c1c(O)c(-c2ccc(-c3ccccc3)c(-c3cc4ccc(Cl)cc4o3)c2)oc2cccc(O)c12
28.3151,30.8561,-23.5983,0.0567018,CC(C)(C#N)c1ccc(-c2oc3cccc(O)c3c(=O)c2O)cc1-c1cc(C(F)(F)F)cc(=O)[nH]1,1,c1([*])cc(-c2oc3cccc(O)c3c(=O)c2O)ccc1[*],FC(c1cc(*)[nH]c(=O)c1)(F)F|C(C(C)(C)*)#N,O=c1cccc(-c2cccc(-c3cc(=O)c4ccccc4o3)c2)[nH]1,0.8153517,9.032,0.9381089,9.889,0.9167514,3.1665,0.0,-48.2605,12,CC(C)(C#N)c1ccc(-c2oc3cccc(O)c3c(=O)c2O)cc1-c1cc(C(F)(F)F)cc(=O)[nH]1
11.6837,17.8038,72.2373,0.7034457,O=c1c(O)c(-c2ccc(-c3cccc(F)c3)c(C(F)(F)F)c2)oc2cccc(O)c12,1,c1([*])cc(-c2oc3cccc(O)c3c(=O)c2O)ccc1[*],FC(*)(F)F|c1c(*)cc(F)cc1,O=c1cc(-c2ccc(-c3ccccc3)cc2)oc2ccccc12,0.6574429,8.453,0.998863,12.71,0.986669,2.5046,0.259129,-0.9125,12,O=c1c(O)c(-c2ccc(-c3cccc(F)c3)c(C(F)(F)F)c2)oc2cccc(O)c12
14.0428,20.6659,50.8189,0.5584751,O=c1c(O)c(-c2ccc(Cc3ccc(F)cc3)c(-c3cccc(C(F)(F)F)c3)c2)oc2cccc(O)c12,1,c1([*])c([*])cc(-c2c(O)c(=O)c3c(cccc3O)o2)cc1,c1cc(F)ccc1C*|FC(F)(c1cc(*)ccc1)F,O=c1cc(-c2ccc(Cc3ccccc3)c(-c3ccccc3)c2)oc2ccccc12,0.8930897,9.475,0.7496237,8.762,0.9824958,2.6006,0.053412,-2.497,13,O=c1c(O)c(-c2ccc(Cc3ccc(F)cc3)c(-c3cccc(C(F)(F)F)c3)c2)oc2cccc(O)c12
11.3409,17.9948,-12.2016,0.0452593,Cc1cc(C)c(-c2cc(-c3oc4cccc(O)c4c(=O)c3O)ccc2C(F)(F)F)c(C)c1,1,c1([*])c([*])cc(-c2c(O)c(=O)c3c(cccc3O)o2)cc1,FC(*)(F)F|c1(C)cc(C)cc(C)c1*,O=c1cc(-c2cccc(-c3ccccc3)c2)oc2ccccc12,0.6561454,8.449,0.0005422,2.775,0.9790875,2.6637,0.124328,-1.6955,13,Cc1cc(C)c(-c2cc(-c3oc4cccc(O)c4c(=O)c3O)ccc2C(F)(F)F)c(C)c1
10.1117,20.0909,41.8099,0.4836005,O=c1c(O)c(-c2ccc(C(c3ccccc3)c3ccccc3)c(C(F)(F)F)c2)oc2cccc(O)c12,1,c1([*])c([*])cc(-c2c(O)c(=O)c3c(cccc3O)o2)cc1,c1cccc(C(*)c2ccccc2)c1|C(F)(F)(F)*,O=c1cc(-c2ccc(C(c3ccccc3)c3ccccc3)cc2)oc2ccccc12,0.5851495,8.239,0.6863002,8.544,0.98179,2.6146,0.0674638,-2.2812,13,O=c1c(O)c(-c2ccc(C(c3ccccc3)c3ccccc3)c(C(F)(F)F)c2)oc2cccc(O)c12
19.9432,26.8337,-12.3146,0.1134308,COc1ccc(-c2ccc(-c3oc4cccc(O)c4c(=O)c3O)cc2C(C)(C)C)cc1OC,1,c1([*])c([*])cc(-c2c(O)c(=O)c3c(cccc3O)o2)cc1,c1c(*)ccc(OC)c1OC|CC(C)(C)*,O=c1cc(-c2ccc(-c3ccccc3)cc2)oc2ccccc12,0.6007784,8.284,0.5654615,8.183,0.9862818,2.5146,6.3e-06,-10.4035,13,COc1ccc(-c2ccc(-c3oc4cccc(O)c4c(=O)c3O)cc2C(C)(C)C)cc1OC
19.9146,30.3146,-26.7969,0.0274814,CC(Cc1ccc(O)cc1)c1ccc(-c2oc3cccc(O)c3c(=O)c2O)cc1-c1ccc(C(F)(F)F)cc1,1,c1([*])c([*])cc(-c2c(O)c(=O)c3c(cccc3O)o2)cc1,C(Cc1ccc(O)cc1)(*)C|c1cc(C(F)(F)F)ccc1*,O=c1cc(-c2ccc(CCc3ccccc3)c(-c3ccccc3)c2)oc2ccccc12,0.7746508,8.858,0.0237245,5.417,0.914366,3.1772,5e-07,-12.6351,13,CC(Cc1ccc(O)cc1)c1ccc(-c2oc3cccc(O)c3c(=O)c2O)cc1-c1ccc(C(F)(F)F)cc1
12.4485,17.1003,57.0044,0.5789428,O=c1c(O)c(-c2ccc(Cc3ccc(F)cc3)c(-c3ccccc3)c2)oc2cccc(O)c12,1,c1([*])c([*])cc(-c2c(O)c(=O)c3c(cccc3O)o2)cc1,c1c(C*)ccc(F)c1|c1cccc(*)c1,O=c1cc(-c2ccc(Cc3ccccc3)c(-c3ccccc3)c2)oc2ccccc12,0.6168851,8.331,0.7621031,8.809,0.9906992,2.3781,0.1536222,-1.4822,13,O=c1c(O)c(-c2ccc(Cc3ccc(F)cc3)c(-c3ccccc3)c2)oc2cccc(O)c12
13.709,27.1964,59.523,0.6774952,O=c1c(O)c(-c2ccc(C#Cc3cc(C(F)(F)F)ccc3F)c(C(F)(F)F)c2)oc2cccc(O)c12,1,c1([*])c([*])cc(-c2c(O)c(=O)c3c(cccc3O)o2)cc1,c1c(C(F)(F)F)ccc(F)c1C#C*|FC(F)(*)F,O=c1cc(-c2ccc(C#Cc3ccccc3)cc2)oc2ccccc12,0.9589742,10.19,0.8420674,9.163,0.9544329,2.9431,0.1287076,-1.6611,13,O=c1c(O)c(-c2ccc(C#Cc3cc(C(F)(F)F)ccc3F)c(C(F)(F)F)c2)oc2cccc(O)c12
22.0343,27.437,28.9687,0.4406693,O=c1c(O)c(-c2ccc(-c3cc(F)ccc3F)c(C(F)(F)c3ccccc3)c2)oc2cccc(O)c12,1,c1([*])c([*])cc(-c2c(O)c(=O)c3c(cccc3O)o2)cc1,c1cc(F)cc(*)c1F|c1ccc(C(F)(*)F)cc1,O=c1cc(-c2ccc(-c3ccccc3)c(Cc3ccccc3)c2)oc2ccccc12,0.7820979,8.888,0.3753231,7.646,0.9725079,2.7611,0.0761443,-2.1679,13,O=c1c(O)c(-c2ccc(-c3cc(F)ccc3F)c(C(F)(F)c3ccccc3)c2)oc2cccc(O)c12
17.4467,33.5737,31.7839,0.5106062,CC(c1cc(-c2oc3cccc(O)c3c(=O)c2O)ccc1C(F)(F)F)c1cc(C(F)(F)F)ccc1C(F)(F)F,1,c1([*])c([*])cc(-c2c(O)c(=O)c3c(cccc3O)o2)cc1,FC(F)(*)F|c1c(C(F)(F)F)ccc(C(F)(F)F)c1C(*)C,O=c1cc(-c2cccc(Cc3ccccc3)c2)oc2ccccc12,0.887898,9.438,0.9230064,9.726,0.8101643,3.4958,0.0222336,-3.2865,13,CC(c1cc(-c2oc3cccc(O)c3c(=O)c2O)ccc1C(F)(F)F)c1cc(C(F)(F)F)ccc1C(F)(F)F
13.2947,20.946,45.3132,0.5176498,Cc1ccc(-c2ccc(-c3oc4cccc(O)c4c(=O)c3O)cc2-c2cc(C)ccc2C)cc1,1,c1([*])c([*])cc(-c2c(O)c(=O)c3c(cccc3O)o2)cc1,c1(*)ccc(C)cc1|c1c(C)ccc(C)c1*,O=c1cc(-c2ccc(-c3ccccc3)c(-c3ccccc3)c2)oc2ccccc12,0.5369894,8.103,0.9308926,9.807,0.9890135,2.4365,0.063244,-2.3412,13,Cc1ccc(-c2ccc(-c3oc4cccc(O)c4c(=O)c3O)cc2-c2cc(C)ccc2C)cc1
8.7272,15.6466,65.5262,0.6341625,O=c1c(O)c(-c2ccc(-c3cccc(C(F)(F)F)c3)c(C(F)(F)F)c2)oc2cccc(O)c12,1,c1([*])c([*])cc(-c2c(O)c(=O)c3c(cccc3O)o2)cc1,c1ccc(C(F)(F)F)cc1*|FC(F)(*)F,O=c1cc(-c2ccc(-c3ccccc3)cc2)oc2ccccc12,0.6994669,8.587,0.9980087,12.32,0.9818789,2.6129,0.1131121,-1.7887,13,O=c1c(O)c(-c2ccc(-c3cccc(C(F)(F)F)c3)c(C(F)(F)F)c2)oc2cccc(O)c12
20.4189,37.0189,-30.9659,0.0472888,CC(C)c1cc(-c2oc3cccc(O)c3c(=O)c2O)ccc1-c1ccc(C(F)(F)F)cc1Cc1ccc(C(F)(F)F)cc1,1,c1([*])c([*])cc(-c2c(O)c(=O)c3c(cccc3O)o2)cc1,c1cc(C(F)(F)F)ccc1Cc1cc(C(F)(F)F)ccc1*|CC(*)C,O=c1cc(-c2ccc(-c3ccccc3Cc3ccccc3)cc2)oc2ccccc12,0.7751528,8.86,0.001977,3.675,0.9573425,2.9191,0.0056413,-4.4923,13,CC(C)c1cc(-c2oc3cccc(O)c3c(=O)c2O)ccc1-c1ccc(C(F)(F)F)cc1Cc1ccc(C(F)(F)F)cc1
15.5126,20.2578,60.9946,0.6347844,Cc1ccc(-c2cc(-c3oc4cccc(O)c4c(=O)c3O)ccc2C(C)(C)C)cc1C,1,c1([*])c([*])cc(-c2c(O)c(=O)c3c(cccc3O)o2)cc1,*C(C)(C)C|c1c(*)ccc(C)c1C,O=c1cc(-c2cccc(-c3ccccc3)c2)oc2ccccc12,0.7788929,8.875,0.8508559,9.21,0.9852806,2.5395,0.1280864,-1.6659,13,Cc1ccc(-c2cc(-c3oc4cccc(O)c4c(=O)c3O)ccc2C(C)(C)C)cc1C
18.0406,26.6355,23.3425,0.3904531,Cc1ccc(OCc2ccccc2-c2ccc(-c3oc4cccc(O)c4c(=O)c3O)cc2C)cc1,1,c1([*])c([*])cc(-c2c(O)c(=O)c3c(cccc3O)o2)cc1,O(c1ccc(C)cc1)Cc1ccccc1*|*C,O=c1cc(-c2ccc(-c3ccccc3COc3ccccc3)cc2)oc2ccccc12,0.5813014,8.228,0.6626096,8.469,0.9893031,2.4271,0.0177252,-3.4873,13,Cc1ccc(OCc2ccccc2-c2ccc(-c3oc4cccc(O)c4c(=O)c3O)cc2C)cc1
12.9318,23.4366,7.8506,0.2444315,Cc1ccc(Cc2cc(-c3oc4cccc(O)c4c(=O)c3O)ccc2-c2cccc(C(F)(F)F)c2)cc1,1,c1([*])c([*])cc(-c2c(O)c(=O)c3c(cccc3O)o2)cc1,c1ccc(C(F)(F)F)cc1*|*Cc1ccc(C)cc1,O=c1cc(-c2ccc(-c3ccccc3)c(Cc3ccccc3)c2)oc2ccccc12,0.6080042,8.305,0.1123888,6.564,0.9836099,2.5774,0.0444041,-2.6657,13,Cc1ccc(Cc2cc(-c3oc4cccc(O)c4c(=O)c3O)ccc2-c2cccc(C(F)(F)F)c2)cc1
17.6705,29.3155,-26.6596,0.0207491,Cc1ccc(C(C)(C)c2ccc(-c3oc4cccc(O)c4c(=O)c3O)cc2-c2ccccc2)cc1C,1,c1([*])c([*])cc(-c2c(O)c(=O)c3c(cccc3O)o2)cc1,c1cc(C)c(C)cc1C(*)(C)C|c1(*)ccccc1,O=c1cc(-c2ccc(Cc3ccccc3)c(-c3ccccc3)c2)oc2ccccc12,0.8376155,9.14,7.19e-05,1.371,0.9800884,2.6463,0.0432166,-2.6903,13,Cc1ccc(C(C)(C)c2ccc(-c3oc4cccc(O)c4c(=O)c3O)cc2-c2ccccc2)cc1C
22.2035,29.8799,-6.3718,0.1836569,Cc1cccc2cc(-c3cc(-c4oc5cccc(O)c5c(=O)c4O)ccc3-c3cccc(C(F)(F)F)c3)ccc12,1,c1([*])c([*])cc(-c2c(O)c(=O)c3c(cccc3O)o2)cc1,c1cc(C(F)(F)F)cc(*)c1|c1(C)cccc2cc(*)ccc12,O=c1cc(-c2ccc(-c3ccccc3)c(-c3ccc4ccccc4c3)c2)oc2ccccc12,0.8870357,9.432,0.0615577,6.107,0.9770413,2.6968,0.0112188,-3.8903,13,Cc1cccc2cc(-c3cc(-c4oc5cccc(O)c5c(=O)c4O)ccc3-c3cccc(C(F)(F)F)c3)ccc12
12.6759,25.9106,54.4144,0.6275389,Cc1ccc(-c2ccc(-c3oc4cccc(O)c4c(=O)c3O)cc2Cc2ccccc2C)cc1,1,o1c2cccc(O)c2c(=O)c(O)c1-c1cc([*])c([*])cc1,c1cccc(C)c1C*|c1(*)ccc(C)cc1,O=c1cc(-c2ccc(-c3ccccc3)c(Cc3ccccc3)c2)oc2ccccc12,0.8217635,9.062,0.8858769,9.424,0.9886554,2.4478,0.0949757,-1.9581,14,Cc1ccc(-c2ccc(-c3oc4cccc(O)c4c(=O)c3O)cc2Cc2ccccc2C)cc1
22.8688,35.087,-24.1072,0.0857792,Cc1ccc(O)c(C(C)c2cc(-c3oc4cccc(O)c4c(=O)c3O)ccc2C=Cc2ccc(F)cc2)c1,1,o1c2cccc(O)c2c(=O)c(O)c1-c1cc([*])c([*])cc1,c1(O)c(C(C)*)cc(C)cc1|Fc1ccc(C=C*)cc1,O=c1cc(-c2ccc(C=Cc3ccccc3)c(Cc3ccccc3)c2)oc2ccccc12,0.9733457,10.5,0.4744779,7.929,0.8790044,3.311,5e-07,-12.5438,14,Cc1ccc(O)c(C(C)c2cc(-c3oc4cccc(O)c4c(=O)c3O)ccc2C=Cc2ccc(F)cc2)c1
11.8854,19.0195,60.206,0.6189491,Cc1cccc(-c2cc(-c3oc4cccc(O)c4c(=O)c3O)ccc2C(C)C)c1,1,o1c2cccc(O)c2c(=O)c(O)c1-c1cc([*])c([*])cc1,*c1cccc(C)c1|C(C)(*)C,O=c1cc(-c2cccc(-c3ccccc3)c2)oc2ccccc12,0.5222916,8.062,0.9666743,10.34,0.9886488,2.448,0.2034886,-1.1853,14,Cc1cccc(-c2cc(-c3oc4cccc(O)c4c(=O)c3O)ccc2C(C)C)c1
12.5571,28.8557,-28.7219,0.0010454,O=c1c(O)c(-c2ccc(-c3ccccc3)c(C=Cc3cc(C(F)(F)F)cc(C(F)(F)F)c3)c2)oc2cccc(O)c12,1,o1c2cccc(O)c2c(=O)c(O)c1-c1cc([*])c([*])cc1,FC(F)(F)c1cc(C(F)(F)F)cc(C=C*)c1|c1(*)ccccc1,O=c1cc(-c2ccc(-c3ccccc3)c(C=Cc3ccccc3)c2)oc2ccccc12,0.9744432,10.53,0.0,-4.239,0.9622098,2.8753,0.0104738,-3.9506,14,O=c1c(O)c(-c2ccc(-c3ccccc3)c(C=Cc3cc(C(F)(F)F)cc(C(F)(F)F)c3)c2)oc2cccc(O)c12
17.3538,31.0049,-24.911,0.0476084,Cc1ccc(C=Cc2cc(-c3oc4cccc(O)c4c(=O)c3O)ccc2C=Cc2c(C)cc(C)cc2C)cc1,1,o1c2cccc(O)c2c(=O)c(O)c1-c1cc([*])c([*])cc1,c1(C)ccc(C=C*)cc1|c1(C)cc(C)cc(C)c1C=C*,O=c1cc(-c2ccc(C=Cc3ccccc3)c(C=Cc3ccccc3)c2)oc2ccccc12,0.7738962,8.855,0.0013356,3.402,0.9619641,2.8776,0.01472,-3.6513,14,Cc1ccc(C=Cc2cc(-c3oc4cccc(O)c4c(=O)c3O)ccc2C=Cc2c(C)cc(C)cc2C)cc1
10.9021,23.9836,38.8873,0.4911787,CC(c1ccccc1)c1cc(-c2oc3cccc(O)c3c(=O)c2O)ccc1-c1ccccc1,1,o1c2cccc(O)c2c(=O)c(O)c1-c1cc([*])c([*])cc1,c1ccc(C(C)*)cc1|c1cccc(*)c1,O=c1cc(-c2ccc(-c3ccccc3)c(Cc3ccccc3)c2)oc2ccccc12,0.6728266,8.501,0.5301846,8.084,0.962621,2.8713,0.1006246,-1.9025,14,CC(c1ccccc1)c1cc(-c2oc3cccc(O)c3c(=O)c2O)ccc1-c1ccccc1
12.8897,23.1313,44.663,0.5296433,O=c1c(O)c(-c2ccc(C(F)(F)F)c(Cc3ccc(C(F)(F)F)cc3)c2)oc2cccc(O)c12,1,o1c2cccc(O)c2c(=O)c(O)c1-c1cc([*])c([*])cc1,FC(F)(c1ccc(C*)cc1)F|FC(F)(F)*,O=c1cc(-c2cccc(Cc3ccccc3)c2)oc2ccccc12,0.690314,8.557,0.5854986,8.24,0.9792413,2.661,0.1221792,-1.7128,14,O=c1c(O)c(-c2ccc(C(F)(F)F)c(Cc3ccc(C(F)(F)F)cc3)c2)oc2cccc(O)c12
27.9332,41.8878,-41.7864,0.0007919,COc1ccc(Cl)cc1-c1cc(-c2oc3cccc(O)c3c(=O)c2O)ccc1-c1ccccc1Cc1cc(C)cc(C)c1,1,o1c2cccc(O)c2c(=O)c(O)c1-c1cc([*])c([*])cc1,Clc1ccc(OC)c(*)c1|C(c1ccccc1*)c1cc(C)cc(C)c1,O=c1cc(-c2ccc(-c3ccccc3Cc3ccccc3)c(-c3ccccc3)c2)oc2ccccc12,0.8290218,9.097,0.0,-4.089,0.9717138,2.7712,0.0014349,-5.6851,14,COc1ccc(Cl)cc1-c1cc(-c2oc3cccc(O)c3c(=O)c2O)ccc1-c1ccccc1Cc1cc(C)cc(C)c1
20.889,29.6193,-10.3259,0.1507298,Cc1ccc(-c2oc3cccc(O)c3c(=O)c2O)cc1-c1cccc(C(C)c2ccccc2)c1,1,o1c2cccc(O)c2c(=O)c(O)c1-c1cc([*])c([*])cc1,C(c1ccccc1)(C)c1cc(*)ccc1|*C,O=c1cc(-c2cccc(-c3cccc(Cc4ccccc4)c3)c2)oc2ccccc12,0.89661,9.501,0.0156681,5.123,0.9577092,2.916,0.0728306,-2.2097,14,Cc1ccc(-c2oc3cccc(O)c3c(=O)c2O)cc1-c1cccc(C(C)c2ccccc2)c1
13.5824,31.858,10.5115,0.3310117,O=c1c(O)c(-c2ccc(-c3ccccc3)c(-c3cc(C(F)(F)F)cc(C(F)(F)C(F)(F)F)c3)c2)oc2cccc(O)c12,1,o1c2cccc(O)c2c(=O)c(O)c1-c1cc([*])c([*])cc1,FC(F)(F)c1cc(*)cc(C(F)(C(F)(F)F)F)c1|c1cc(*)ccc1,O=c1cc(-c2ccc(-c3ccccc3)c(-c3ccccc3)c2)oc2ccccc12,0.9238206,9.734,0.3526738,7.578,0.9557208,2.9327,0.0090167,-4.082,14,O=c1c(O)c(-c2ccc(-c3ccccc3)c(-c3cc(C(F)(F)F)cc(C(F)(F)C(F)(F)F)c3)c2)oc2cccc(O)c12
11.3735,19.787,65.5698,0.6668495,CC(C)c1ccc(-c2oc3cccc(O)c3c(=O)c2O)cc1-c1cc(F)cc(F)c1,1,o1c2cccc(O)c2c(=O)c(O)c1-c1cc([*])c([*])cc1,Fc1cc(*)cc(F)c1|C(*)(C)C,O=c1cc(-c2cccc(-c3ccccc3)c2)oc2ccccc12,0.6280449,8.364,0.9856704,10.94,0.9825334,2.5999,0.2091635,-1.1552,14,CC(C)c1ccc(-c2oc3cccc(O)c3c(=O)c2O)cc1-c1cc(F)cc(F)c1
12.6092,27.8205,-0.8669,0.2105752,Cc1ccccc1-c1cc(-c2oc3cccc(O)c3c(=O)c2O)ccc1-c1c(C)cccc1C,1,o1c2cccc(O)c2c(=O)c(O)c1-c1cc([*])c([*])cc1,c1cccc(C)c1*|c1(C)c(*)c(C)ccc1,O=c1cc(-c2ccc(-c3ccccc3)c(-c3ccccc3)c2)oc2ccccc12,0.8774725,9.368,0.0436507,5.855,0.9866675,2.5046,0.063244,-2.3412,14,Cc1ccccc1-c1cc(-c2oc3cccc(O)c3c(=O)c2O)ccc1-c1c(C)cccc1C
9.4013,19.1256,19.607,0.3025982,CC(C)c1ccc(-c2oc3cccc(O)c3c(=O)c2O)cc1C=Cc1ccccc1,1,o1c2cccc(O)c2c(=O)c(O)c1-c1cc([*])c([*])cc1,c1ccccc1C=C*|C(*)(C)C,O=c1cc(-c2cccc(C=Cc3ccccc3)c2)oc2ccccc12,0.852492,9.219,0.0830291,6.331,0.9842792,2.5627,0.1696324,-1.3795,14,CC(C)c1ccc(-c2oc3cccc(O)c3c(=O)c2O)cc1C=Cc1ccccc1
10.5196,18.2037,78.2139,0.7532622,Cc1cccc(-c2ccc(-c3oc4cccc(O)c4c(=O)c3O)cc2C(F)(F)F)c1,1,o1c2cccc(O)c2c(=O)c(O)c1-c1cc([*])c([*])cc1,C(*)(F)(F)F|c1ccc(C)cc1*,O=c1cc(-c2ccc(-c3ccccc3)cc2)oc2ccccc12,0.852492,9.219,0.9973841,12.13,0.9874191,2.4842,0.2236231,-1.0811,14,Cc1cccc(-c2ccc(-c3oc4cccc(O)c4c(=O)c3O)cc2C(F)(F)F)c1
11.0839,18.2256,69.372,0.684356,O=c1c(O)c(-c2ccc(C(F)(F)F)c(-c3cc(F)cc(F)c3)c2)oc2cccc(O)c12,1,o1c2cccc(O)c2c(=O)c(O)c1-c1cc([*])c([*])cc1,Fc1cc(*)cc(F)c1|C(*)(F)(F)F,O=c1cc(-c2cccc(-c3ccccc3)c2)oc2ccccc12,0.6423824,8.407,0.9980927,12.35,0.9798073,2.6512,0.2296975,-1.051,14,O=c1c(O)c(-c2ccc(C(F)(F)F)c(-c3cc(F)cc(F)c3)c2)oc2cccc(O)c12
11.5095,20.3652,64.7374,0.6648643,Cc1ccc(-c2ccc(-c3oc4cccc(O)c4c(=O)c3O)cc2-c2ccc(F)cc2)cc1,1,o1c2cccc(O)c2c(=O)c(O)c1-c1cc([*])c([*])cc1,Fc1ccc(*)cc1|*c1ccc(C)cc1,O=c1cc(-c2ccc(-c3ccccc3)c(-c3ccccc3)c2)oc2ccccc12,0.8685411,9.312,0.9474806,10.01,0.9916202,2.3415,0.1045603,-1.8653,14,Cc1ccc(-c2ccc(-c3oc4cccc(O)c4c(=O)c3O)cc2-c2ccc(F)cc2)cc1
24.9791,36.8091,-24.5971,0.095406,CC(C)c1ccc(-c2oc3cccc(O)c3c(=O)c2O)cc1C(C)CCCc1ccc(O)c(F)c1,1,o1c2cccc(O)c2c(=O)c(O)c1-c1cc([*])c([*])cc1,C(c1ccc(O)c(F)c1)CCC(C)*|C(*)(C)C,O=c1cc(-c2cccc(CCCCc3ccccc3)c2)oc2ccccc12,0.693076,8.566,0.8428314,9.167,0.8951416,3.255,6e-07,-12.4199,14,CC(C)c1ccc(-c2oc3cccc(O)c3c(=O)c2O)cc1C(C)CCCc1ccc(O)c(F)c1
12.3015,25.8328,53.1073,0.6167189,Cc1ccc(-c2ccc(-c3oc4cccc(O)c4c(=O)c3O)cc2-c2ccc(C)c(F)c2)cc1,1,o1c2cccc(O)c2c(=O)c(O)c1-c1cc([*])c([*])cc1,Fc1c(C)ccc(*)c1|c1(C)ccc(*)cc1,O=c1cc(-c2ccc(-c3ccccc3)c(-c3ccccc3)c2)oc2ccccc12,0.8839719,9.411,0.8631931,9.28,0.9888685,2.4411,0.0757708,-2.1726,14,Cc1ccc(-c2ccc(-c3oc4cccc(O)c4c(=O)c3O)cc2-c2ccc(C)c(F)c2)cc1
11.2349,19.3334,55.8985,0.5877495,O=c1c(O)c(-c2ccc(C3CCCCC3)c(-c3ccccc3)c2)oc2cccc(O)c12,1,o1c2cccc(O)c2c(=O)c(O)c1-c1cc([*])c([*])cc1,c1cc(*)ccc1|C1CCCC(*)C1,O=c1cc(-c2ccc(C3CCCCC3)c(-c3ccccc3)c2)oc2ccccc12,0.6035362,8.292,0.9320865,9.82,0.9890038,2.4368,0.1119553,-1.7988,14,O=c1c(O)c(-c2ccc(C3CCCCC3)c(-c3ccccc3)c2)oc2cccc(O)c12
13.3147,28.6407,36.5361,0.5091939,CC(Cc1ccccc1)c1cc(-c2oc3cccc(O)c3c(=O)c2O)ccc1-c1ccc(F)cc1,1,o1c2cccc(O)c2c(=O)c(O)c1-c1cc([*])c([*])cc1,c1ccccc1CC(*)C|Fc1ccc(*)cc1,O=c1cc(-c2ccc(-c3ccccc3)c(CCc3ccccc3)c2)oc2ccccc12,0.8288176,9.096,0.556246,8.157,0.9545678,2.942,0.0709121,-2.2347,14,CC(Cc1ccccc1)c1cc(-c2oc3cccc(O)c3c(=O)c2O)ccc1-c1ccc(F)cc1
21.6264,35.7475,4.628,0.315434,Cc1ccccc1Cc1cc(-c2oc3cccc(O)c3c(=O)c2O)ccc1C=Cc1ccc(C(F)(F)F)cc1,1,o1c2cccc(O)c2c(=O)c(O)c1-c1cc([*])c([*])cc1,c1(C)c(C*)cccc1|c1c(C(F)(F)F)ccc(C=C*)c1,O=c1cc(-c2ccc(C=Cc3ccccc3)c(Cc3ccccc3)c2)oc2ccccc12,0.9572416,10.16,0.1888003,6.987,0.9721958,2.7651,0.0254241,-3.1671,14,Cc1ccccc1Cc1cc(-c2oc3cccc(O)c3c(=O)c2O)ccc1C=Cc1ccc(C(F)(F)F)cc1
12.0033,25.3259,54.1381,0.6208126,Cc1ccc(C)c(Cc2cc(-c3oc4cccc(O)c4c(=O)c3O)ccc2C(C)C)c1,1,o1c2cccc(O)c2c(=O)c(O)c1-c1cc([*])c([*])cc1,c1c(C)ccc(C)c1C*|C(C)(C)*,O=c1cc(-c2cccc(Cc3ccccc3)c2)oc2ccccc12,0.6324046,8.377,0.8861675,9.426,0.9828609,2.5932,0.1637015,-1.4166,14,Cc1ccc(C)c(Cc2cc(-c3oc4cccc(O)c4c(=O)c3O)ccc2C(C)C)c1
12.1239,25.0765,56.043,0.6337454,O=c1c(O)c(-c2ccc(C=Cc3ccccc3)c(CCc3ccccc3)c2)oc2cccc(O)c12,1,o1c2cccc(O)c2c(=O)c(O)c1-c1cc([*])c([*])cc1,c1ccccc1CC*|c1ccccc1C=C*,O=c1cc(-c2ccc(C=Cc3ccccc3)c(CCc3ccccc3)c2)oc2ccccc12,0.9662075,10.33,0.8042721,8.982,0.9863509,2.5129,0.0872897,-2.0387,14,O=c1c(O)c(-c2ccc(C=Cc3ccccc3)c(CCc3ccccc3)c2)oc2cccc(O)c12
11.8572,30.6423,-12.7921,0.139455,Cc1cc(C)cc(-c2ccc(-c3oc4cccc(O)c4c(=O)c3O)cc2C(C)c2ccccc2)c1,1,o1c2cccc(O)c2c(=O)c(O)c1-c1cc([*])c([*])cc1,c1ccccc1C(C)*|c1(C)cc(C)cc(*)c1,O=c1cc(-c2ccc(-c3ccccc3)c(Cc3ccccc3)c2)oc2ccccc12,0.8658895,9.296,0.0151014,5.097,0.9394562,3.0474,0.0522676,-2.5169,14,Cc1cc(C)cc(-c2ccc(-c3oc4cccc(O)c4c(=O)c3O)cc2C(C)c2ccccc2)c1
10.9604,26.303,56.7966,0.6492153,Cc1ccc(-c2ccc(-c3oc4cccc(O)c4c(=O)c3O)cc2-c2cc(C)ccc2F)cc1,1,o1c2cccc(O)c2c(=O)c(O)c1-c1cc([*])c([*])cc1,c1(F)ccc(C)cc1*|c1cc(C)ccc1*,O=c1cc(-c2ccc(-c3ccccc3)c(-c3ccccc3)c2)oc2ccccc12,0.8910109,9.46,0.9918911,11.34,0.9884326,2.4546,0.0757708,-2.1726,14,Cc1ccc(-c2ccc(-c3oc4cccc(O)c4c(=O)c3O)cc2-c2cc(C)ccc2F)cc1
14.3451,21.5151,-7.682,0.1080716,Cc1cc(C)cc(C=Cc2cc(-c3oc4cccc(O)c4c(=O)c3O)ccc2C(C)C)c1,1,o1c2cccc(O)c2c(=O)c(O)c1-c1cc([*])c([*])cc1,*C=Cc1cc(C)cc(C)c1|*C(C)C,O=c1cc(-c2cccc(C=Cc3ccccc3)c2)oc2ccccc12,0.9706038,10.43,0.0050371,4.327,0.9739427,2.7419,0.0914859,-1.994,14,Cc1cc(C)cc(C=Cc2cc(-c3oc4cccc(O)c4c(=O)c3O)ccc2C(C)C)c1
10.1443,19.7559,57.3084,0.602065,Cc1cc(C)cc(-c2cc(-c3oc4cccc(O)c4c(=O)c3O)ccc2C(F)(F)F)c1,1,o1c2cccc(O)c2c(=O)c(O)c1-c1cc([*])c([*])cc1,c1(C)cc(C)cc(*)c1|FC(F)(F)*,O=c1cc(-c2cccc(-c3ccccc3)c2)oc2ccccc12,0.5086339,8.024,0.9978605,12.27,0.982496,2.6006,0.1682093,-1.3883,14,Cc1cc(C)cc(-c2cc(-c3oc4cccc(O)c4c(=O)c3O)ccc2C(F)(F)F)c1
13.85,27.5288,58.7866,0.674339,O=c1c(O)c(-c2ccc(C(F)(F)F)c(CCCc3ccccc3)c2)oc2cccc(O)c12,1,o1c2cccc(O)c2c(=O)c(O)c1-c1cc([*])c([*])cc1,c1ccccc1CCC*|C(F)(*)(F)F,O=c1cc(-c2cccc(CCCc3ccccc3)c2)oc2ccccc12,0.6756713,8.51,0.992231,11.37,0.9863812,2.5121,0.1863508,-1.2802,14,O=c1c(O)c(-c2ccc(C(F)(F)F)c(CCCc3ccccc3)c2)oc2cccc(O)c12
21.2783,29.473,-21.316,0.0637264,Cc1ccc(-c2cc(-c3oc4cccc(O)c4c(=O)c3O)ccc2Nc2ccccc2C)c(C)c1,1,o1c2cccc(O)c2c(=O)c(O)c1-c1cc([*])c([*])cc1,c1c(C)cc(C)c(*)c1|c1c(C)c(N*)ccc1,O=c1cc(-c2ccc(Nc3ccccc3)c(-c3ccccc3)c2)oc2ccccc12,0.6702871,8.493,0.0082963,4.676,0.9856402,2.5307,0.0019788,-5.4055,14,Cc1ccc(-c2cc(-c3oc4cccc(O)c4c(=O)c3O)ccc2Nc2ccccc2C)c(C)c1
9.8404,21.2331,65.2111,0.6753454,Cc1ccc(F)c(-c2cc(-c3oc4cccc(O)c4c(=O)c3O)ccc2C(F)(F)F)c1,1,c1cc(-c2oc3c(c(O)ccc3)c(=O)c2O)cc([*])c1[*],c1(F)ccc(C)cc1*|FC(*)(F)F,O=c1cc(-c2cccc(-c3ccccc3)c2)oc2ccccc12,0.6603538,8.462,0.996709,11.97,0.9830343,2.5896,0.1971511,-1.2197,15,Cc1ccc(F)c(-c2cc(-c3oc4cccc(O)c4c(=O)c3O)ccc2C(F)(F)F)c1
18.5915,36.3873,-22.672,0.1071515,CC(Cc1ccc(F)cc1)c1cc(-c2oc3cccc(O)c3c(=O)c2O)ccc1-c1ccc(C(F)(F)F)cc1,1,c1cc(-c2oc3c(c(O)ccc3)c(=O)c2O)cc([*])c1[*],c1c(F)ccc(CC(C)*)c1|c1(C(F)(F)F)ccc(*)cc1,O=c1cc(-c2ccc(-c3ccccc3)c(CCc3ccccc3)c2)oc2ccccc12,0.8893225,9.448,0.0098869,4.799,0.9232275,3.1359,0.0231776,-3.2495,15,CC(Cc1ccc(F)cc1)c1cc(-c2oc3cccc(O)c3c(=O)c2O)ccc1-c1ccc(C(F)(F)F)cc1
21.9465,30.5876,0.541,0.2431922,Cc1cccc(Nc2cc(-c3oc4cccc(O)c4c(=O)c3O)ccc2Cc2ccc(Cl)cc2)c1,1,c1cc(-c2oc3c(c(O)ccc3)c(=O)c2O)cc([*])c1[*],c1c(C)cccc1N*|c1cc(C*)ccc1Cl,O=c1cc(-c2ccc(Cc3ccccc3)c(Nc3ccccc3)c2)oc2ccccc12,0.7364364,8.714,0.3415855,7.544,0.9864186,2.5111,0.0020454,-5.3766,15,Cc1cccc(Nc2cc(-c3oc4cccc(O)c4c(=O)c3O)ccc2Cc2ccc(Cl)cc2)c1
14.2627,19.2936,45.1084,0.5031409,O=c1c(O)c(-c2ccc(-c3ccccc3)c(-c3ccccc3Cl)c2)oc2cccc(O)c12,1,c1cc(-c2oc3c(c(O)ccc3)c(=O)c2O)cc([*])c1[*],c1ccc(*)c(Cl)c1|c1(*)ccccc1,O=c1cc(-c2ccc(-c3ccccc3)c(-c3ccccc3)c2)oc2ccccc12,0.5844507,8.237,0.6958242,8.575,0.9920545,2.3229,0.0844276,-2.0704,15,O=c1c(O)c(-c2ccc(-c3ccccc3)c(-c3ccccc3Cl)c2)oc2cccc(O)c12
8.7296,11.7168,91.377,0.8054204,Cc1ccc(-c2oc3cccc(O)c3c(=O)c2O)cc1-c1ccc(F)cc1,1,c1cc(-c2oc3c(c(O)ccc3)c(=O)c2O)cc([*])c1[*],Fc1ccc(*)cc1|*C,O=c1cc(-c2cccc(-c3ccccc3)c2)oc2ccccc12,0.7716218,8.846,0.9945658,11.62,0.9930767,2.2747,0.4413125,-0.2048,15,Cc1ccc(-c2oc3cccc(O)c3c(=O)c2O)cc1-c1ccc(F)cc1
9.5371,21.4921,55.6737,0.6028581,Cc1ccc(-c2ccc(-c3oc4cccc(O)c4c(=O)c3O)cc2-c2cc(C)cc(C)c2)cc1,1,c1cc(-c2oc3c(c(O)ccc3)c(=O)c2O)cc([*])c1[*],c1(C)cc(C)cc(*)c1|c1c(*)ccc(C)c1,O=c1cc(-c2ccc(-c3ccccc3)c(-c3ccccc3)c2)oc2ccccc12,0.7943469,8.939,0.9729698,10.49,0.988157,2.4629,0.063244,-2.3412,15,Cc1ccc(-c2ccc(-c3oc4cccc(O)c4c(=O)c3O)cc2-c2cc(C)cc(C)c2)cc1
14.6167,28.9561,-9.522,0.1518285,Cc1cc(C)cc(Cc2ccc(-c3oc4cccc(O)c4c(=O)c3O)cc2-c2cc(C)cc(C)c2)c1,1,c1cc(-c2oc3c(c(O)ccc3)c(=O)c2O)cc([*])c1[*],c1(C)cc(*)cc(C)c1|c1c(C)cc(C)cc1C*,O=c1cc(-c2ccc(Cc3ccccc3)c(-c3ccccc3)c2)oc2ccccc12,0.7864804,8.906,0.0213791,5.343,0.9786094,2.6717,0.0491849,-2.5725,15,Cc1cc(C)cc(Cc2ccc(-c3oc4cccc(O)c4c(=O)c3O)cc2-c2cc(C)cc(C)c2)c1
19.5428,26.455,61.6472,0.6882984,Cc1ccccc1-c1ccc(-c2oc3cccc(O)c3c(=O)c2O)cc1C(F)(F)C(F)(F)F,1,c1cc(-c2oc3c(c(O)ccc3)c(=O)c2O)cc([*])c1[*],C(C(F)(F)F)(*)(F)F|c1(C)c(*)cccc1,O=c1cc(-c2ccc(-c3ccccc3)cc2)oc2ccccc12,0.8762293,9.36,0.978103,10.64,0.9734908,2.7481,0.1220415,-1.7139,15,Cc1ccccc1-c1ccc(-c2oc3cccc(O)c3c(=O)c2O)cc1C(F)(F)C(F)(F)F
9.778,15.8329,80.5871,0.7532812,Cc1ccccc1-c1ccc(-c2oc3cccc(O)c3c(=O)c2O)cc1C(F)(F)F,1,c1cc(-c2oc3c(c(O)ccc3)c(=O)c2O)cc([*])c1[*],FC(*)(F)F|c1(C)ccccc1*,O=c1cc(-c2ccc(-c3ccccc3)cc2)oc2ccccc12,0.8541133,9.228,0.9954238,11.74,0.9877411,2.475,0.2236231,-1.0811,15,Cc1ccccc1-c1ccc(-c2oc3cccc(O)c3c(=O)c2O)cc1C(F)(F)F
15.8748,27.8934,45.9809,0.577143,CC(C)c1cccc(-c2cc(-c3oc4cccc(O)c4c(=O)c3O)ccc2-c2ccccc2)c1,1,c1cc(-c2oc3c(c(O)ccc3)c(=O)c2O)cc([*])c1[*],*c1cc(C(C)C)ccc1|c1cc(*)ccc1,O=c1cc(-c2ccc(-c3ccccc3)c(-c3ccccc3)c2)oc2ccccc12,0.8160009,9.035,0.9160901,9.661,0.9896185,2.4166,0.0510452,-2.5386,15,CC(C)c1cccc(-c2cc(-c3oc4cccc(O)c4c(=O)c3O)ccc2-c2ccccc2)c1
8.0874,18.0235,73.7215,0.7167578,Cc1ccc(-c2ccc(-c3oc4cccc(O)c4c(=O)c3O)cc2C(C)C)cc1,1,c1cc(-c2oc3c(c(O)ccc3)c(=O)c2O)cc([*])c1[*],CC(*)C|c1c(C)ccc(*)c1,O=c1cc(-c2ccc(-c3ccccc3)cc2)oc2ccccc12,0.7688202,8.835,0.9980651,12.34,0.9900286,2.4025,0.2034886,-1.1853,15,Cc1ccc(-c2ccc(-c3oc4cccc(O)c4c(=O)c3O)cc2C(C)C)cc1
11.6363,16.024,79.3482,0.7450951,Cc1ccc(-c2cc(-c3oc4cccc(O)c4c(=O)c3O)ccc2C)cc1F,1,c1cc(-c2oc3c(c(O)ccc3)c(=O)c2O)cc([*])c1[*],c1c(C)c(F)cc(*)c1|*C,O=c1cc(-c2cccc(-c3ccccc3)c2)oc2ccccc12,0.6822585,8.531,0.9875672,11.04,0.9904978,2.3856,0.356742,-0.5121,15,Cc1ccc(-c2cc(-c3oc4cccc(O)c4c(=O)c3O)ccc2C)cc1F
9.176,21.2287,67.9569,0.696762,Cc1ccc(-c2ccc(-c3oc4cccc(O)c4c(=O)c3O)cc2C(C)(C)C)cc1,1,c1cc(-c2oc3c(c(O)ccc3)c(=O)c2O)cc([*])c1[*],C(*)(C)(C)C|c1cc(C)ccc1*,O=c1cc(-c2ccc(-c3ccccc3)cc2)oc2ccccc12,0.761058,8.805,0.9972296,12.09,0.9891746,2.4313,0.173032,-1.3587,15,Cc1ccc(-c2ccc(-c3oc4cccc(O)c4c(=O)c3O)cc2C(C)(C)C)cc1
14.7033,28.989,-20.3132,0.0677794,CC(C)c1ccc(-c2cc(-c3oc4cccc(O)c4c(=O)c3O)ccc2Cc2ccc(F)cc2)cc1,1,c1cc(-c2oc3c(c(O)ccc3)c(=O)c2O)cc([*])c1[*],c1cc(C(C)C)ccc1*|C(c1ccc(F)cc1)*,O=c1cc(-c2ccc(Cc3ccccc3)c(-c3ccccc3)c2)oc2ccccc12,0.9044691,9.562,0.0018747,3.638,0.9863814,2.5121,0.0476621,-2.6012,15,CC(C)c1ccc(-c2cc(-c3oc4cccc(O)c4c(=O)c3O)ccc2Cc2ccc(F)cc2)cc1
7.81,18.3698,67.7261,0.6726237,O=c1c(O)c(-c2ccc(-c3ccc(F)cc3)c(-c3ccc(F)cc3)c2)oc2cccc(O)c12,1,c1cc(-c2oc3c(c(O)ccc3)c(=O)c2O)cc([*])c1[*],Fc1ccc(*)cc1|Fc1ccc(*)cc1,O=c1cc(-c2ccc(-c3ccccc3)c(-c3ccccc3)c2)oc2ccccc12,0.8107584,9.011,0.9747992,10.54,0.9912738,2.3557,0.1241858,-1.6967,15,O=c1c(O)c(-c2ccc(-c3ccc(F)cc3)c(-c3ccc(F)cc3)c2)oc2cccc(O)c12
12.6899,21.0381,77.5784,0.7704416,Cc1cccc(Cc2ccc(-c3oc4cccc(O)c4c(=O)c3O)cc2C(F)(F)F)c1,1,c1cc(-c2oc3c(c(O)ccc3)c(=O)c2O)cc([*])c1[*],*C(F)(F)F|c1c(C)cc(C*)cc1,O=c1cc(-c2ccc(Cc3ccccc3)cc2)oc2ccccc12,0.9050891,9.567,0.9744432,10.53,0.9852154,2.541,0.23916,-1.0052,15,Cc1cccc(Cc2ccc(-c3oc4cccc(O)c4c(=O)c3O)cc2C(F)(F)F)c1
9.1227,17.575,69.8882,0.6833063,O=c1c(O)c(-c2ccc(C(F)(F)F)c(Cc3ccc(F)cc3)c2)oc2cccc(O)c12,1,c1cc(-c2oc3c(c(O)ccc3)c(=O)c2O)cc([*])c1[*],c1c(F)ccc(C*)c1|FC(*)(F)F,O=c1cc(-c2cccc(Cc3ccccc3)c2)oc2ccccc12,0.6731432,8.502,0.8740276,9.346,0.9854845,2.5345,0.2762551,-0.8366,15,O=c1c(O)c(-c2ccc(C(F)(F)F)c(Cc3ccc(F)cc3)c2)oc2cccc(O)c12
12.9277,19.7111,49.2338,0.5386319,Cc1ccc(-c2oc3cccc(O)c3c(=O)c2O)cc1Cc1cc(C(F)(F)F)cc(C(F)(F)F)c1,1,c1cc(-c2oc3c(c(O)ccc3)c(=O)c2O)cc([*])c1[*],FC(c1cc(C*)cc(C(F)(F)F)c1)(F)F|*C,O=c1cc(-c2cccc(Cc3ccccc3)c2)oc2ccccc12,0.8845609,9.415,0.5501994,8.14,0.974713,2.7312,0.0890209,-2.02,15,Cc1ccc(-c2oc3cccc(O)c3c(=O)c2O)cc1Cc1cc(C(F)(F)F)cc(C(F)(F)F)c1
12.455,22.2758,9.9844,0.2520326,CC(C)c1ccc(-c2cc(-c3oc4cccc(O)c4c(=O)c3O)ccc2C(F)(F)F)cc1,1,c1cc(-c2oc3c(c(O)ccc3)c(=O)c2O)cc([*])c1[*],c1cc(C(C)C)ccc1*|*C(F)(F)F,O=c1cc(-c2cccc(-c3ccccc3)c2)oc2ccccc12,0.7054825,8.607,0.0740796,6.245,0.9853968,2.5367,0.1016253,-1.8929,15,CC(C)c1ccc(-c2cc(-c3oc4cccc(O)c4c(=O)c3O)ccc2C(F)(F)F)cc1
11.8414,23.1999,-3.6234,0.1529415,Cc1cc(F)cc(C)c1-c1cc(-c2oc3cccc(O)c3c(=O)c2O)ccc1C(F)(F)F,1,c1cc(-c2oc3c(c(O)ccc3)c(=O)c2O)cc([*])c1[*],c1(C)cc(F)cc(C)c1*|C(F)(F)(F)*,O=c1cc(-c2cccc(-c3ccccc3)c2)oc2ccccc12,0.6400649,8.4,0.0167936,5.172,0.9761038,2.7111,0.1470546,-1.5269,15,Cc1cc(F)cc(C)c1-c1cc(-c2oc3cccc(O)c3c(=O)c2O)ccc1C(F)(F)F
10.3581,22.7135,53.4226,0.5948136,Cc1ccc(-c2cc(-c3oc4cccc(O)c4c(=O)c3O)ccc2C(C)C)cc1C,1,c1cc(-c2oc3c(c(O)ccc3)c(=O)c2O)cc([*])c1[*],c1c(C)c(C)cc(*)c1|CC(*)C,O=c1cc(-c2cccc(-c3ccccc3)c2)oc2ccccc12,0.6380733,8.394,0.8006218,8.966,0.9872317,2.4894,0.1520867,-1.4925,15,Cc1ccc(-c2cc(-c3oc4cccc(O)c4c(=O)c3O)ccc2C(C)C)cc1C
12.6637,19.9027,69.6588,0.6996988,Cc1ccc(Cc2ccc(-c3oc4cccc(O)c4c(=O)c3O)cc2C(F)(F)F)cc1,1,c1cc(-c2oc3c(c(O)ccc3)c(=O)c2O)cc([*])c1[*],C(*)(F)(F)F|C(c1ccc(C)cc1)*,O=c1cc(-c2ccc(Cc3ccccc3)cc2)oc2ccccc12,0.7507025,8.766,0.8915687,9.464,0.9868849,2.4988,0.23916,-1.0052,15,Cc1ccc(Cc2ccc(-c3oc4cccc(O)c4c(=O)c3O)cc2C(F)(F)F)cc1
8.5062,20.2733,50.4357,0.5524148,Cc1ccc(-c2cc(-c3oc4cccc(O)c4c(=O)c3O)ccc2-c2ccc(F)cc2)cc1,1,c1cc(-c2oc3c(c(O)ccc3)c(=O)c2O)cc([*])c1[*],c1c(C)ccc(*)c1|Fc1ccc(*)cc1,O=c1cc(-c2ccc(-c3ccccc3)c(-c3ccccc3)c2)oc2ccccc12,0.853934,9.227,0.5675821,8.189,0.9916202,2.3415,0.1045603,-1.8653,15,Cc1ccc(-c2cc(-c3oc4cccc(O)c4c(=O)c3O)ccc2-c2ccc(F)cc2)cc1
18.6373,21.9779,-14.8706,0.0555263,Cc1ccc(-c2ccc(-c3oc4cccc(O)c4c(=O)c3O)cc2-c2ccc(O)cc2)o1,1,c1cc(-c2oc3c(c(O)ccc3)c(=O)c2O)cc([*])c1[*],c1c(O)ccc(*)c1|c1(*)ccc(C)o1,O=c1cc(-c2ccc(-c3ccco3)c(-c3ccccc3)c2)oc2ccccc12,0.7948167,8.941,0.8796222,9.382,0.9832808,2.5844,0.0,-25.0887,15,Cc1ccc(-c2ccc(-c3oc4cccc(O)c4c(=O)c3O)cc2-c2ccc(O)cc2)o1
18.9994,24.1336,48.1953,0.5650693,C=CCC(C)(C)c1cc(-c2oc3cccc(O)c3c(=O)c2O)ccc1C,1,c1cc(-c2oc3c(c(O)ccc3)c(=O)c2O)cc([*])c1[*],C(C=C)C(C)(*)C|*C,O=c1cc(-c2ccccc2)oc2ccccc12,0.2954154,7.396,0.9662075,10.33,0.9693803,2.7996,0.4278999,-0.2523,15,C=CCC(C)(C)c1cc(-c2oc3cccc(O)c3c(=O)c2O)ccc1C
7.2567,14.9394,75.7561,0.7085584,O=c1c(O)c(-c2ccc(Cc3ccc(F)cc3)c(C(F)(F)F)c2)oc2cccc(O)c12,1,c1([*])c([*])ccc(-c2oc3c(c(O)ccc3)c(=O)c2O)c1,FC(F)(F)*|Fc1ccc(C*)cc1,O=c1cc(-c2ccc(Cc3ccccc3)cc2)oc2ccccc12,0.690314,8.557,0.9450665,9.977,0.9862942,2.5143,0.2762551,-0.8366,16,O=c1c(O)c(-c2ccc(Cc3ccc(F)cc3)c(C(F)(F)F)c2)oc2cccc(O)c12
10.3767,22.3986,60.5646,0.6481495,O=c1c(O)c(-c2ccc(C(F)(F)F)c(-c3cc(C(F)(F)F)ccc3F)c2)oc2cccc(O)c12,1,c1([*])c([*])ccc(-c2oc3c(c(O)ccc3)c(=O)c2O)c1,c1(F)ccc(C(F)(F)F)cc1*|FC(*)(F)F,O=c1cc(-c2cccc(-c3ccccc3)c2)oc2ccccc12,0.7959877,8.946,0.9951539,11.7,0.9752319,2.7238,0.0980697,-1.9273,16,O=c1c(O)c(-c2ccc(C(F)(F)F)c(-c3cc(C(F)(F)F)ccc3F)c2)oc2cccc(O)c12
10.8948,21.7591,66.2895,0.6878803,O=c1c(O)c(-c2ccc(C#Cc3ccc(F)cc3)c(-c3ccc(F)cc3)c2)oc2cccc(O)c12,1,c1([*])c([*])ccc(-c2oc3c(c(O)ccc3)c(=O)c2O)c1,c1(F)ccc(*)cc1|c1cc(C#C*)ccc1F,O=c1cc(-c2ccc(C#Cc3ccccc3)c(-c3ccccc3)c2)oc2ccccc12,0.9005442,9.531,0.8397571,9.151,0.9809607,2.6304,0.1615215,-1.4305,16,O=c1c(O)c(-c2ccc(C#Cc3ccc(F)cc3)c(-c3ccc(F)cc3)c2)oc2cccc(O)c12
11.549,25.4917,-8.1107,0.1357888,O=c1c(O)c(-c2ccc(C#Cc3ccccc3)c(-c3ccc(C(F)(F)F)cc3)c2)oc2cccc(O)c12,1,c1([*])c([*])ccc(-c2oc3c(c(O)ccc3)c(=O)c2O)c1,c1cc(C(F)(F)F)ccc1*|c1c(C#C*)cccc1,O=c1cc(-c2ccc(C#Cc3ccccc3)c(-c3ccccc3)c2)oc2ccccc12,0.8799267,9.384,0.0115302,4.907,0.9763291,2.7077,0.0761201,-2.1682,16,O=c1c(O)c(-c2ccc(C#Cc3ccccc3)c(-c3ccc(C(F)(F)F)cc3)c2)oc2cccc(O)c12
10.1339,20.8231,29.5168,0.3932799,Cc1ccc(-c2ccc(-c3oc4cccc(O)c4c(=O)c3O)cc2Cc2ccc(F)cc2)cc1,1,c1([*])c([*])ccc(-c2oc3c(c(O)ccc3)c(=O)c2O)c1,Fc1ccc(C*)cc1|c1(C)ccc(*)cc1,O=c1cc(-c2ccc(-c3ccccc3)c(Cc3ccccc3)c2)oc2ccccc12,0.851403,9.213,0.2087261,7.074,0.9896753,2.4147,0.1130293,-1.7894,16,Cc1ccc(-c2ccc(-c3oc4cccc(O)c4c(=O)c3O)cc2Cc2ccc(F)cc2)cc1
16.4082,20.4521,-14.5335,0.0462386,O=c1c(O)c(-c2ccc(-c3ccc(O)cc3)c(NCc3ccccc3)c2)oc2cccc(O)c12,1,c1([*])c([*])ccc(-c2oc3c(c(O)ccc3)c(=O)c2O)c1,c1ccccc1CN*|c1cc(O)ccc1*,O=c1cc(-c2ccc(-c3ccccc3)c(NCc3ccccc3)c2)oc2ccccc12,0.4823782,7.951,0.8569592,9.244,0.98906,2.435,0.0,-23.9905,16,O=c1c(O)c(-c2ccc(-c3ccc(O)cc3)c(NCc3ccccc3)c2)oc2cccc(O)c12
11.6146,27.7187,38.8477,0.5200506,Cc1ccc(C)c(-c2cc(-c3oc4cccc(O)c4c(=O)c3O)ccc2Cc2ccc(F)cc2)c1,1,c1([*])c([*])ccc(-c2oc3c(c(O)ccc3)c(=O)c2O)c1,c1(C)ccc(C)cc1*|c1cc(F)ccc1C*,O=c1cc(-c2ccc(Cc3ccccc3)c(-c3ccccc3)c2)oc2ccccc12,0.7344764,8.707,0.617565,8.333,0.9854568,2.5352,0.0821218,-2.0967,16,Cc1ccc(C)c(-c2cc(-c3oc4cccc(O)c4c(=O)c3O)ccc2Cc2ccc(F)cc2)c1
30.8684,59.4401,-59.4257,0.0001126,O=c1c(O)c(-c2ccc(C(c3ccc(F)cc3)C(O)c3ccc(F)cc3)c(C=Cc3c(C(F)(F)F)cccc3C(F)(F)F)c2)oc2cccc(O)c12,1,c1([*])c([*])ccc(-c2oc3c(c(O)ccc3)c(=O)c2O)c1,FC(F)(F)c1cccc(C(F)(F)F)c1C=C*|c1c(F)ccc(C(C(*)c2ccc(F)cc2)O)c1,O=c1cc(-c2ccc(C(Cc3ccccc3)c3ccccc3)c(C=Cc3ccccc3)c2)oc2ccccc12,0.6709229,8.495,0.0,-5.633,0.4370096,4.088,1e-07,-13.7851,16,O=c1c(O)c(-c2ccc(C(c3ccc(F)cc3)C(O)c3ccc(F)cc3)c(C=Cc3c(C(F)(F)F)cccc3C(F)(F)F)c2)oc2cccc(O)c12
8.9834,23.1399,63.4921,0.6768125,O=c1c(O)c(-c2ccc(C(F)(F)F)c(Cc3cccc(C(F)(F)F)c3)c2)oc2cccc(O)c12,1,c1([*])c([*])ccc(-c2oc3c(c(O)ccc3)c(=O)c2O)c1,c1ccc(C(F)(F)F)cc1C*|FC(F)(F)*,O=c1cc(-c2cccc(Cc3ccccc3)c2)oc2ccccc12,0.8279994,9.092,0.9841757,10.87,0.9777297,2.686,0.1221792,-1.7128,16,O=c1c(O)c(-c2ccc(C(F)(F)F)c(Cc3cccc(C(F)(F)F)c3)c2)oc2cccc(O)c12
14.6582,20.8809,-6.9575,0.1087761,CC(C)(C)c1cc(-c2oc3cccc(O)c3c(=O)c2O)ccc1-c1ccc(O)cc1,1,c1([*])c([*])ccc(-c2oc3c(c(O)ccc3)c(=O)c2O)c1,CC(C)(*)C|*c1ccc(O)cc1,O=c1cc(-c2ccc(-c3ccccc3)cc2)oc2ccccc12,0.6831938,8.534,0.9948682,11.66,0.9867441,2.5026,9e-07,-12.0521,16,CC(C)(C)c1cc(-c2oc3cccc(O)c3c(=O)c2O)ccc1-c1ccc(O)cc1
10.2421,24.8759,-10.4009,0.113086,O=c1c(O)c(-c2ccc(C(F)(F)F)c(C#Cc3ccc(C(F)(F)F)cc3)c2)oc2cccc(O)c12,1,c1([*])c([*])ccc(-c2oc3c(c(O)ccc3)c(=O)c2O)c1,c1(C(F)(F)F)ccc(C#C*)cc1|C(F)(F)(*)F,O=c1cc(-c2cccc(C#Cc3ccccc3)c2)oc2ccccc12,0.9449917,9.976,0.0048184,4.296,0.9637529,2.8602,0.1476799,-1.5226,16,O=c1c(O)c(-c2ccc(C(F)(F)F)c(C#Cc3ccc(C(F)(F)F)cc3)c2)oc2cccc(O)c12
24.6302,53.1241,-9.7571,0.3388045,CC(=CCCC(C)(C)c1cc(-c2oc3cccc(O)c3c(=O)c2O)ccc1C(F)(F)F)c1ccc(C)cc1,1,c1([*])c([*])ccc(-c2oc3c(c(O)ccc3)c(=O)c2O)c1,c1cc(C)ccc1C(=CCCC(C)(C)*)C|C(F)(F)(*)F,O=c1cc(-c2cccc(CCCC=Cc3ccccc3)c2)oc2ccccc12,0.480941,7.947,0.5661688,8.185,0.943006,3.0251,0.0162203,-3.5657,16,CC(=CCCC(C)(C)c1cc(-c2oc3cccc(O)c3c(=O)c2O)ccc1C(F)(F)F)c1ccc(C)cc1
16.1149,21.1418,27.6443,0.3811419,Cc1ccc(CNc2ccc(-c3oc4cccc(O)c4c(=O)c3O)cc2-c2cccc(C)c2)cc1,1,c1([*])c([*])ccc(-c2oc3c(c(O)ccc3)c(=O)c2O)c1,c1cc(C)cc(*)c1|c1c(CN*)ccc(C)c1,O=c1cc(-c2ccc(NCc3ccccc3)c(-c3ccccc3)c2)oc2ccccc12,0.8003921,8.965,0.9864612,10.98,0.9881923,2.4619,0.0028304,-5.0939,16,Cc1ccc(CNc2ccc(-c3oc4cccc(O)c4c(=O)c3O)cc2-c2cccc(C)c2)cc1
12.2936,16.7791,55.0042,0.5608068,O=c1c(O)c(-c2ccc(N3CCCCC3)c(-c3ccc(F)cc3)c2)oc2cccc(O)c12,1,c1([*])c([*])ccc(-c2oc3c(c(O)ccc3)c(=O)c2O)c1,Fc1ccc(*)cc1|C1CN(*)CCC1,O=c1cc(-c2ccc(N3CCCCC3)c(-c3ccccc3)c2)oc2ccccc12,0.5398508,8.111,0.7155457,8.641,0.9883673,2.4566,0.1969599,-1.2207,16,O=c1c(O)c(-c2ccc(N3CCCCC3)c(-c3ccc(F)cc3)c2)oc2cccc(O)c12
16.0905,25.1242,36.9333,0.4848241,CN(C)CC#Cc1cc(F)cc(-c2cc(-c3oc4cccc(O)c4c(=O)c3O)ccc2C(F)(F)F)c1,1,c1([*])c([*])ccc(-c2oc3c(c(O)ccc3)c(=O)c2O)c1,Fc1cc(*)cc(C#CCN(C)C)c1|FC(F)(F)*,O=c1cc(-c2cccc(-c3ccccc3)c2)oc2ccccc12,0.931446,9.813,0.2728842,7.319,0.9427435,3.0267,0.2077386,-1.1627,16,CN(C)CC#Cc1cc(F)cc(-c2cc(-c3oc4cccc(O)c4c(=O)c3O)ccc2C(F)(F)F)c1
13.8676,35.3247,-18.9924,0.1275954,O=c1c(O)c(-c2ccc(-c3cc(C(F)(F)F)ccc3F)c(Cc3ccc(C(F)(F)F)cc3)c2)oc2cccc(O)c12,1,c1([*])c([*])ccc(-c2oc3c(c(O)ccc3)c(=O)c2O)c1,c1c(C(F)(F)F)ccc(C*)c1|c1(F)ccc(C(F)(F)F)cc1*,O=c1cc(-c2ccc(-c3ccccc3)c(Cc3ccccc3)c2)oc2ccccc12,0.7408812,8.73,0.0217434,5.355,0.9679966,2.8155,0.0172391,-3.5119,16,O=c1c(O)c(-c2ccc(-c3cc(C(F)(F)F)ccc3F)c(Cc3ccc(C(F)(F)F)cc3)c2)oc2cccc(O)c12
10.5715,14.9661,83.6456,0.7704043,O=c1c(O)c(-c2ccc(-c3ccccc3F)c(C(F)(F)F)c2)oc2cccc(O)c12,1,c1([*])c([*])ccc(-c2oc3c(c(O)ccc3)c(=O)c2O)c1,FC(F)(*)F|c1(F)ccccc1*,O=c1cc(-c2ccc(-c3ccccc3)cc2)oc2ccccc12,0.8619991,9.273,0.9877427,11.05,0.9868629,2.4994,0.259129,-0.9125,16,O=c1c(O)c(-c2ccc(-c3ccccc3F)c(C(F)(F)F)c2)oc2cccc(O)c12
25.4235,40.9487,-40.3838,0.0044135,O=C(c1ccc(F)cc1)c1ccc(-c2cc(-c3oc4cccc(O)c4c(=O)c3O)ccc2-c2ccc(CC(F)(F)F)cc2)cc1,1,c1([*])c([*])ccc(-c2oc3c(c(O)ccc3)c(=O)c2O)c1,O=C(c1ccc(F)cc1)c1ccc(*)cc1|c1c(CC(F)(F)F)ccc(*)c1,O=C(c1ccccc1)c1ccc(-c2cc(-c3cc(=O)c4ccccc4o3)ccc2-c2ccccc2)cc1,0.9245265,9.741,3.26e-05,0.8216,0.9716212,2.7724,7.2e-06,-10.2817,16,O=C(c1ccc(F)cc1)c1ccc(-c2cc(-c3oc4cccc(O)c4c(=O)c3O)ccc2-c2ccc(CC(F)(F)F)cc2)cc1
26.32,35.8711,-23.2268,0.0987834,Cc1ccc(CCNc2ccc(C)c(F)c2-c2cc(-c3oc4cccc(O)c4c(=O)c3O)ccc2C)cc1,1,c1([*])c([*])ccc(-c2oc3c(c(O)ccc3)c(=O)c2O)c1,c1c(CCNc2ccc(C)c(F)c2*)ccc(C)c1|C*,O=c1cc(-c2cccc(-c3ccccc3NCCc3ccccc3)c2)oc2ccccc12,0.6446933,8.414,0.030868,5.605,0.9751586,2.7249,0.0018973,-5.4421,16,Cc1ccc(CCNc2ccc(C)c(F)c2-c2cc(-c3oc4cccc(O)c4c(=O)c3O)ccc2C)cc1
11.2934,24.8649,49.4181,0.5803365,Cc1ccc(C(F)(F)c2ccc(-c3oc4cccc(O)c4c(=O)c3O)cc2C(F)(F)F)cc1,1,c1([*])c([*])ccc(-c2oc3c(c(O)ccc3)c(=O)c2O)c1,FC(F)(*)F|c1cc(C)ccc1C(F)(F)*,O=c1cc(-c2ccc(Cc3ccccc3)cc2)oc2ccccc12,0.8140483,9.026,0.604569,8.295,0.9691396,2.8024,0.143413,-1.5524,16,Cc1ccc(C(F)(F)c2ccc(-c3oc4cccc(O)c4c(=O)c3O)cc2C(F)(F)F)cc1
17.5809,20.5224,1.4228,0.1714465,CC(=O)c1ccccc1-c1ccc(-c2oc3cccc(O)c3c(=O)c2O)cc1C(F)(F)F,1,c1([*])c([*])ccc(-c2oc3c(c(O)ccc3)c(=O)c2O)c1,FC(F)(F)*|O=C(C)c1c(*)cccc1,O=c1cc(-c2ccc(-c3ccccc3)cc2)oc2ccccc12,0.6114285,8.315,0.9251268,9.747,0.9839798,2.5693,3.01e-05,-9.0428,16,CC(=O)c1ccccc1-c1ccc(-c2oc3cccc(O)c3c(=O)c2O)cc1C(F)(F)F
24.1555,40.0103,-33.1366,0.053701,CC(C)(NCC(c1ccc(F)cc1)c1ccc(F)cc1)c1ccc(-c2oc3cccc(O)c3c(=O)c2O)cc1C(F)(F)F,1,c1([*])c([*])ccc(-c2oc3c(c(O)ccc3)c(=O)c2O)c1,C(F)(F)(*)F|c1cc(F)ccc1C(CNC(C)(*)C)c1ccc(F)cc1,O=c1cc(-c2ccc(CNCC(c3ccccc3)c3ccccc3)cc2)oc2ccccc12,0.8504903,9.208,0.0051391,4.341,0.9431278,3.0243,0.0011588,-5.871,16,CC(C)(NCC(c1ccc(F)cc1)c1ccc(F)cc1)c1ccc(-c2oc3cccc(O)c3c(=O)c2O)cc1C(F)(F)F
9.4085,19.5593,-5.8199,0.1073385,O=c1c(O)c(-c2ccc(C(F)(F)F)c(C#Cc3ccc(F)cc3)c2)oc2cccc(O)c12,1,c1([*])c([*])ccc(-c2oc3c(c(O)ccc3)c(=O)c2O)c1,Fc1ccc(C#C*)cc1|FC(F)(*)F,O=c1cc(-c2cccc(C#Cc3ccccc3)c2)oc2ccccc12,0.9340634,9.842,0.0029936,3.964,0.9735421,2.7474,0.3221136,-0.6463,16,O=c1c(O)c(-c2ccc(C(F)(F)F)c(C#Cc3ccc(F)cc3)c2)oc2cccc(O)c12
11.4534,21.0089,-21.0089,0.0,Cc1ccc(-c2oc3cccc(O)c3c(=O)c2O)cc1-c1cc(C(F)(F)F)ccc1F,1,c1([*])c([*])ccc(-c2oc3c(c(O)ccc3)c(=O)c2O)c1,c1(F)ccc(C(F)(F)F)cc1*|*C,O=c1cc(-c2cccc(-c3ccccc3)c2)oc2ccccc12,0.7743996,8.857,0.995084,11.69,0.9849268,2.5478,0.1971511,-1.2197,16,Cc1ccc(-c2oc3cccc(O)c3c(=O)c2O)cc1-c1cc(C(F)(F)F)ccc1F
13.2172,19.7797,24.5679,0.3464656,Cc1ccc(Cc2cc(-c3oc4cccc(O)c4c(=O)c3O)ccc2-c2ccc(C)cc2)cc1,1,c1([*])c([*])ccc(-c2oc3c(c(O)ccc3)c(=O)c2O)c1,c1c(C*)ccc(C)c1|c1(*)ccc(C)cc1,O=c1cc(-c2ccc(-c3ccccc3)c(Cc3ccccc3)c2)oc2ccccc12,0.6961288,8.576,0.1914595,6.999,0.9900721,2.401,0.0949757,-1.9581,16,Cc1ccc(Cc2cc(-c3oc4cccc(O)c4c(=O)c3O)ccc2-c2ccc(C)cc2)cc1
12.1467,23.6468,77.9993,0.7941105,Cc1cc(F)cc(Cc2cc(-c3oc4cccc(O)c4c(=O)c3O)ccc2C)c1,1,c1c2oc(-c3cc([*])c([*])cc3)c(O)c(=O)c2c(O)cc1,Fc1cc(C)cc(C*)c1|C*,O=c1cc(-c2cccc(Cc3ccccc3)c2)oc2ccccc12,0.8437822,9.172,0.9373526,9.88,0.9859277,2.5236,0.3770363,-0.4362,17,Cc1cc(F)cc(Cc2cc(-c3oc4cccc(O)c4c(=O)c3O)ccc2C)c1
12.2352,32.4507,4.7563,0.2906792,Cc1ccc(Cc2ccc(-c3oc4cccc(O)c4c(=O)c3O)cc2C#Cc2cccc(F)c2)cc1,1,c1c2oc(-c3cc([*])c([*])cc3)c(O)c(=O)c2c(O)cc1,Fc1cccc(C#C*)c1|*Cc1ccc(C)cc1,O=c1cc(-c2ccc(Cc3ccccc3)c(C#Cc3ccccc3)c2)oc2ccccc12,0.9854658,10.93,0.0681873,6.183,0.9770989,2.6959,0.147576,-1.5233,17,Cc1ccc(Cc2ccc(-c3oc4cccc(O)c4c(=O)c3O)cc2C#Cc2cccc(F)c2)cc1
10.6466,20.4571,63.2275,0.6537863,Cc1cc(C(F)(F)F)ccc1-c1ccc(-c2oc3cccc(O)c3c(=O)c2O)cc1C(F)(F)F,1,c1c2oc(-c3cc([*])c([*])cc3)c(O)c(=O)c2c(O)cc1,FC(F)(F)*|c1(C(F)(F)F)cc(C)c(*)cc1,O=c1cc(-c2ccc(-c3ccccc3)cc2)oc2ccccc12,0.8783978,9.374,0.9961468,11.86,0.977426,2.6908,0.0821841,-2.0959,17,Cc1cc(C(F)(F)F)ccc1-c1ccc(-c2oc3cccc(O)c3c(=O)c2O)cc1C(F)(F)F
17.3341,32.2362,-29.2037,0.0236916,N#CC(c1ccccc1Cl)c1cc(-c2oc3cccc(O)c3c(=O)c2O)ccc1C(F)(F)F,1,c1c2oc(-c3cc([*])c([*])cc3)c(O)c(=O)c2c(O)cc1,c1cccc(Cl)c1C(*)C#N|FC(*)(F)F,O=c1cc(-c2cccc(Cc3ccccc3)c2)oc2ccccc12,0.5700529,8.196,0.0956553,6.439,0.886462,3.286,0.0,-15.6716,17,N#CC(c1ccccc1Cl)c1cc(-c2oc3cccc(O)c3c(=O)c2O)ccc1C(F)(F)F
19.7803,36.7539,10.778,0.3713432,O=c1c(O)c(-c2ccc(Cc3ccc(F)c(F)c3)c(C#Cc3ccc(F)cc3)c2)oc2cccc(O)c12,1,c1c2oc(-c3cc([*])c([*])cc3)c(O)c(=O)c2c(O)cc1,c1cc(C#C*)ccc1F|c1(C*)cc(F)c(F)cc1,O=c1cc(-c2ccc(Cc3ccccc3)c(C#Cc3ccccc3)c2)oc2ccccc12,0.9858723,10.95,0.1357904,6.714,0.9721817,2.7653,0.1519892,-1.4932,17,O=c1c(O)c(-c2ccc(Cc3ccc(F)c(F)c3)c(C#Cc3ccc(F)cc3)c2)oc2cccc(O)c12
14.119,17.6113,-17.6113,0.0,CC(F)(F)c1cc(-c2oc3cccc(O)c3c(=O)c2O)ccc1C(F)(F)F,1,c1c2oc(-c3cc([*])c([*])cc3)c(O)c(=O)c2c(O)cc1,FC(C)(*)F|FC(F)(F)*,O=c1cc(-c2ccccc2)oc2ccccc12,0.4398498,7.832,0.9912913,11.29,0.9719428,2.7683,0.4367991,-0.2208,17,CC(F)(F)c1cc(-c2oc3cccc(O)c3c(=O)c2O)ccc1C(F)(F)F
11.9141,28.8587,65.3401,0.7359285,Cc1ccc(C(F)(F)F)c(Cc2cc(-c3oc4cccc(O)c4c(=O)c3O)ccc2C)c1,1,c1c2oc(-c3cc([*])c([*])cc3)c(O)c(=O)c2c(O)cc1,c1c(C)ccc(C(F)(F)F)c1C*|*C,O=c1cc(-c2cccc(Cc3ccccc3)c2)oc2ccccc12,0.8788582,9.377,0.9945658,11.62,0.9804708,2.6394,0.1807927,-1.3124,17,Cc1ccc(C(F)(F)F)c(Cc2cc(-c3oc4cccc(O)c4c(=O)c3O)ccc2C)c1
16.7926,26.4318,7.9023,0.2682351,Cc1cc(C(F)(F)F)ccc1CNc1ccc(-c2oc3cccc(O)c3c(=O)c2O)cc1C(F)(F)F,1,c1c2oc(-c3cc([*])c([*])cc3)c(O)c(=O)c2c(O)cc1,FC(*)(F)F|C(F)(c1cc(C)c(CN*)cc1)(F)F,O=c1cc(-c2ccc(NCc3ccccc3)cc2)oc2ccccc12,0.7703513,8.841,0.3861807,7.678,0.9731999,2.7519,0.0026943,-5.1368,17,Cc1cc(C(F)(F)F)ccc1CNc1ccc(-c2oc3cccc(O)c3c(=O)c2O)cc1C(F)(F)F
17.8699,36.2676,-20.951,0.1196609,Cc1ccc(Cc2ccc(-c3oc4cccc(O)c4c(=O)c3O)cc2-c2cc(C)cc(Cl)c2)cc1,1,c1c2oc(-c3cc([*])c([*])cc3)c(O)c(=O)c2c(O)cc1,Clc1cc(C)cc(*)c1|C(c1ccc(C)cc1)*,O=c1cc(-c2ccc(Cc3ccccc3)c(-c3ccccc3)c2)oc2ccccc12,0.7573749,8.791,0.011416,4.9,0.9830831,2.5886,0.0472608,-2.6089,17,Cc1ccc(Cc2ccc(-c3oc4cccc(O)c4c(=O)c3O)cc2-c2cc(C)cc(Cl)c2)cc1
13.6376,38.9612,-32.9898,0.0466518,Cc1cc(C)c(C)c(-c2ccc(-c3oc4cccc(O)c4c(=O)c3O)cc2Cc2cc(F)ccc2C)c1,1,c1c2oc(-c3cc([*])c([*])cc3)c(O)c(=O)c2c(O)cc1,Fc1ccc(C)c(C*)c1|c1c(C)cc(C)c(C)c1*,O=c1cc(-c2ccc(-c3ccccc3)c(Cc3ccccc3)c2)oc2ccccc12,0.653869,8.442,0.0009445,3.161,0.9737114,2.7451,0.0422391,-2.7111,17,Cc1cc(C)c(C)c(-c2ccc(-c3oc4cccc(O)c4c(=O)c3O)cc2Cc2cc(F)ccc2C)c1
7.6677,21.669,43.5826,0.5097777,O=c1c(O)c(-c2ccc(C(F)(F)F)c(C#Cc3ccccc3)c2)oc2cccc(O)c12,1,c1c2oc(-c3cc([*])c([*])cc3)c(O)c(=O)c2c(O)cc1,c1c(C#C*)cccc1|*C(F)(F)F,O=c1cc(-c2cccc(C#Cc3ccccc3)c2)oc2ccccc12,0.9130545,9.634,0.2506465,7.239,0.9768451,2.6999,0.357885,-0.5077,17,O=c1c(O)c(-c2ccc(C(F)(F)F)c(C#Cc3ccccc3)c2)oc2cccc(O)c12
14.4816,27.7736,-22.6486,0.0400392,O=c1c(O)c(-c2ccc(C(F)(F)F)c(C#Cc3ccc(OC(F)(F)F)cc3)c2)oc2cccc(O)c12,1,c1c2oc(-c3cc([*])c([*])cc3)c(O)c(=O)c2c(O)cc1,c1cc(C#C*)ccc1OC(F)(F)F|FC(F)(F)*,O=c1cc(-c2cccc(C#Cc3ccccc3)c2)oc2ccccc12,0.8625119,9.276,0.0005298,2.759,0.9590474,2.9044,0.0312562,-2.9825,17,O=c1c(O)c(-c2ccc(C(F)(F)F)c(C#Cc3ccc(OC(F)(F)F)cc3)c2)oc2cccc(O)c12
26.5785,42.6958,5.5267,0.3767387,O=c1c(O)c(-c2ccc(C(F)(F)F)c(CCC(c3ccccc3)c3ccc(Cl)c(F)c3)c2)oc2cccc(O)c12,1,c1c2oc(-c3cc([*])c([*])cc3)c(O)c(=O)c2c(O)cc1,c1cc(Cl)c(F)cc1C(c1ccccc1)CC*|C(*)(F)(F)F,O=c1cc(-c2cccc(CCC(c3ccccc3)c3ccccc3)c2)oc2ccccc12,0.8625119,9.276,0.4565765,7.879,0.892871,3.2633,0.0146948,-3.6528,17,O=c1c(O)c(-c2ccc(C(F)(F)F)c(CCC(c3ccccc3)c3ccc(Cl)c(F)c3)c2)oc2cccc(O)c12
12.778,22.0101,-22.0101,0.0,Cc1cccc(-c2cc(-c3oc4cccc(O)c4c(=O)c3O)ccc2C(F)(F)F)c1C,1,c1c2oc(-c3cc([*])c([*])cc3)c(O)c(=O)c2c(O)cc1,c1(C)c(*)cccc1C|FC(*)(F)F,O=c1cc(-c2cccc(-c3ccccc3)c2)oc2ccccc12,0.7009774,8.592,0.9862677,10.97,0.9829525,2.5913,0.1682093,-1.3883,17,Cc1cccc(-c2cc(-c3oc4cccc(O)c4c(=O)c3O)ccc2C(F)(F)F)c1C
21.1948,39.9974,-35.4782,0.0353063,Cc1ccc(-c2oc3cccc(O)c3c(=O)c2O)cc1C(F)(F)c1ccc(Cc2ccccc2C(F)(F)F)cc1,1,c1c2oc(-c3cc([*])c([*])cc3)c(O)c(=O)c2c(O)cc1,c1(C(F)(F)F)ccccc1Cc1ccc(C(F)(F)*)cc1|*C,O=c1cc(-c2cccc(Cc3ccc(Cc4ccccc4)cc3)c2)oc2ccccc12,0.8087632,9.002,0.0004246,2.605,0.9600399,2.8955,0.0262995,-3.137,17,Cc1ccc(-c2oc3cccc(O)c3c(=O)c2O)cc1C(F)(F)c1ccc(Cc2ccccc2C(F)(F)F)cc1
9.4606,27.812,37.6873,0.5117132,Cc1ccc(Cc2ccc(-c3oc4cccc(O)c4c(=O)c3O)cc2C(F)(F)F)cc1C,1,c1c2oc(-c3cc([*])c([*])cc3)c(O)c(=O)c2c(O)cc1,FC(F)(F)*|c1c(C)c(C)ccc1C*,O=c1cc(-c2ccc(Cc3ccccc3)cc2)oc2ccccc12,0.7202089,8.657,0.4292419,7.802,0.9831547,2.5871,0.1807927,-1.3124,17,Cc1ccc(Cc2ccc(-c3oc4cccc(O)c4c(=O)c3O)cc2C(F)(F)F)cc1C
16.6761,33.8892,-33.4102,0.0037419,O=c1c(O)c(-c2ccc(Cc3ccccc3)c(C(c3ccccc3)c3cccc(F)c3)c2)oc2cccc(O)c12,1,c1c2oc(-c3cc([*])c([*])cc3)c(O)c(=O)c2c(O)cc1,Fc1cccc(C(c2ccccc2)*)c1|C(c1ccccc1)*,O=c1cc(-c2ccc(Cc3ccccc3)c(C(c3ccccc3)c3ccccc3)c2)oc2ccccc12,0.8013101,8.969,7e-07,-1.885,0.9314784,3.0933,0.0310142,-2.9895,17,O=c1c(O)c(-c2ccc(Cc3ccccc3)c(C(c3ccccc3)c3cccc(F)c3)c2)oc2cccc(O)c12
12.2383,19.3241,64.3803,0.6539404,O=c1c(O)c(-c2ccc(Cc3ccc(Cl)cc3)c(C(F)(F)F)c2)oc2cccc(O)c12,1,c1c2oc(-c3cc([*])c([*])cc3)c(O)c(=O)c2c(O)cc1,FC(*)(F)F|Clc1ccc(C*)cc1,O=c1cc(-c2ccc(Cc3ccccc3)cc2)oc2ccccc12,0.7155457,8.641,0.8823382,9.4,0.986455,2.5102,0.1746659,-1.3488,17,O=c1c(O)c(-c2ccc(Cc3ccc(Cl)cc3)c(C(F)(F)F)c2)oc2cccc(O)c12
17.076,33.9841,-11.8517,0.1729096,O=c1c(O)c(-c2ccc(C(F)(F)F)c(C#CC#Cc3ccccc3)c2)oc2cccc(O)c12,1,c1c2oc(-c3cc([*])c([*])cc3)c(O)c(=O)c2c(O)cc1,c1cccc(C#CC#C*)c1|FC(F)(F)*,O=c1cc(-c2cccc(C#CC#Cc3ccccc3)c2)oc2ccccc12,0.9437824,9.96,0.0111749,4.885,0.9525059,2.9582,0.3569894,-0.5111,17,O=c1c(O)c(-c2ccc(C(F)(F)F)c(C#CC#Cc3ccccc3)c2)oc2cccc(O)c12
14.9893,31.4575,-29.3319,0.0166062,N#Cc1cc(C(F)(F)F)ccc1Cc1ccc(-c2oc3cccc(O)c3c(=O)c2O)cc1C(F)(F)F,1,c1c2oc(-c3cc([*])c([*])cc3)c(O)c(=O)c2c(O)cc1,*C(F)(F)F|c1cc(C(F)(F)F)cc(C#N)c1C*,O=c1cc(-c2ccc(Cc3ccccc3)cc2)oc2ccccc12,0.8738692,9.345,0.0222386,5.371,0.9590899,2.904,0.0,-15.7067,17,N#Cc1cc(C(F)(F)F)ccc1Cc1ccc(-c2oc3cccc(O)c3c(=O)c2O)cc1C(F)(F)F
20.8829,35.0342,11.8091,0.3659628,Cc1cccc(C)c1-c1ccc(-c2oc3cccc(O)c3c(=O)c2O)cc1C(C)(C)F,1,c1c2oc(-c3cc([*])c([*])cc3)c(O)c(=O)c2c(O)cc1,*C(F)(C)C|c1cc(C)c(*)c(C)c1,O=c1cc(-c2ccc(-c3ccccc3)cc2)oc2ccccc12,0.5523353,8.146,0.240253,7.2,0.9742031,2.7383,0.1404633,-1.5734,17,Cc1cccc(C)c1-c1ccc(-c2oc3cccc(O)c3c(=O)c2O)cc1C(C)(C)F
19.9492,34.6829,8.7374,0.3392209,Cc1ccc(CNc2cccc(-c3cc(-c4oc5cccc(O)c5c(=O)c4O)ccc3C(F)(F)F)c2)cc1,1,c1c2oc(-c3cc([*])c([*])cc3)c(O)c(=O)c2c(O)cc1,c1(C)ccc(CNc2cc(*)ccc2)cc1|FC(*)(F)F,O=c1cc(-c2cccc(-c3cccc(NCc4ccccc4)c3)c2)oc2ccccc12,0.7463685,8.75,0.9784091,10.65,0.981562,2.619,0.0015723,-5.6056,17,Cc1ccc(CNc2cccc(-c3cc(-c4oc5cccc(O)c5c(=O)c4O)ccc3C(F)(F)F)c2)cc1
19.6941,32.0776,32.823,0.507036,C=CC(C)(C)c1cc(-c2oc3cccc(O)c3c(=O)c2O)ccc1Cc1ccc(F)cc1,1,c1c2oc(-c3cc([*])c([*])cc3)c(O)c(=O)c2c(O)cc1,CC(C)(*)C=C|*Cc1ccc(F)cc1,O=c1cc(-c2ccc(Cc3ccccc3)cc2)oc2ccccc12,0.5728724,8.204,0.5212142,8.059,0.9723993,2.7625,0.1864551,-1.2796,17,C=CC(C)(C)c1cc(-c2oc3cccc(O)c3c(=O)c2O)ccc1Cc1ccc(F)cc1
9.7167,22.9469,63.7824,0.6775721,Cc1ccc(Cc2cc(-c3oc4cccc(O)c4c(=O)c3O)ccc2C(F)(F)F)cc1,1,c1c2oc(-c3cc([*])c([*])cc3)c(O)c(=O)c2c(O)cc1,C(c1ccc(C)cc1)*|FC(*)(F)F,O=c1cc(-c2cccc(Cc3ccccc3)c2)oc2ccccc12,0.6619658,8.467,0.922699,9.723,0.9861097,2.519,0.23916,-1.0052,17,Cc1ccc(Cc2cc(-c3oc4cccc(O)c4c(=O)c3O)ccc2C(F)(F)F)cc1
11.9121,27.1462,61.8511,0.6952916,Cc1ccc(CCc2cc(-c3oc4cccc(O)c4c(=O)c3O)ccc2C(F)(F)F)cc1,1,c1c2oc(-c3cc([*])c([*])cc3)c(O)c(=O)c2c(O)cc1,c1cc(C)ccc1CC*|C(F)(*)(F)F,O=c1cc(-c2cccc(CCc3ccccc3)c2)oc2ccccc12,0.7313779,8.696,0.9689161,10.39,0.9854736,2.5348,0.2009724,-1.1989,17,Cc1ccc(CCc2cc(-c3oc4cccc(O)c4c(=O)c3O)ccc2C(F)(F)F)cc1
19.2969,38.6655,-0.0343,0.301806,Cc1ccc(C)c(C=Cc2ccc(-c3oc4cccc(O)c4c(=O)c3O)cc2Cc2ccccc2F)c1C,1,c1(-c2c(O)c(=O)c3c(cccc3O)o2)ccc([*])c([*])c1,c1(C)ccc(C)c(C)c1C=C*|c1c(F)c(C*)ccc1,O=c1cc(-c2ccc(C=Cc3ccccc3)c(Cc3ccccc3)c2)oc2ccccc12,0.7803763,8.881,0.18078,6.95,0.9634511,2.8632,0.034064,-2.9053,18,Cc1ccc(C)c(C=Cc2ccc(-c3oc4cccc(O)c4c(=O)c3O)cc2Cc2ccccc2F)c1C
12.4232,27.3483,17.9017,0.3535157,Cc1cccc(-c2ccc(-c3oc4cccc(O)c4c(=O)c3O)cc2Cc2cc(C)ccc2C)c1,1,c1(-c2c(O)c(=O)c3c(cccc3O)o2)ccc([*])c([*])c1,c1cc(C)cc(*)c1|c1c(C)ccc(C)c1C*,O=c1cc(-c2ccc(-c3ccccc3)c(Cc3ccccc3)c2)oc2ccccc12,0.7557846,8.785,0.2152162,7.101,0.9846581,2.5541,0.068623,-2.2653,18,Cc1cccc(-c2ccc(-c3oc4cccc(O)c4c(=O)c3O)cc2Cc2cc(C)ccc2C)c1
13.4549,21.1082,-1.4134,0.1538655,Cc1ccc(C=Cc2cc(-c3oc4cccc(O)c4c(=O)c3O)ccc2C(C)C)cc1,1,c1(-c2c(O)c(=O)c3c(cccc3O)o2)ccc([*])c([*])c1,C(*)(C)C|c1cc(C)ccc1C=C*,O=c1cc(-c2cccc(C=Cc3ccccc3)c2)oc2ccccc12,0.8416843,9.161,0.0138695,5.037,0.9825761,2.599,0.1254359,-1.6867,18,Cc1ccc(C=Cc2cc(-c3oc4cccc(O)c4c(=O)c3O)ccc2C(C)C)cc1
12.0851,29.767,5.927,0.2788594,Cc1cc(C)c(Cc2ccc(-c3oc4cccc(O)c4c(=O)c3O)cc2C(C)C)cc1C,1,c1(-c2c(O)c(=O)c3c(cccc3O)o2)ccc([*])c([*])c1,c1c(C)c(C)cc(C)c1C*|C(*)(C)C,O=c1cc(-c2ccc(Cc3ccccc3)cc2)oc2ccccc12,0.7084636,8.617,0.0917451,6.407,0.9779336,2.6827,0.1208254,-1.7238,18,Cc1cc(C)c(Cc2ccc(-c3oc4cccc(O)c4c(=O)c3O)cc2C(C)C)cc1C
17.6174,32.1582,38.729,0.5538059,O=c1c(O)c(-c2ccc(CCc3ccc(F)cc3)c(C#Cc3ccc(F)cc3)c2)oc2cccc(O)c12,1,c1(-c2c(O)c(=O)c3c(cccc3O)o2)ccc([*])c([*])c1,c1cc(F)ccc1CC*|c1c(F)ccc(C#C*)c1,O=c1cc(-c2ccc(CCc3ccccc3)c(C#Cc3ccccc3)c2)oc2ccccc12,0.9862677,10.97,0.4341848,7.816,0.9775597,2.6887,0.1439944,-1.5483,18,O=c1c(O)c(-c2ccc(CCc3ccc(F)cc3)c(C#Cc3ccc(F)cc3)c2)oc2cccc(O)c12
14.9535,26.1383,53.5741,0.6227535,CCc1ccc(-c2ccc(-c3oc4cccc(O)c4c(=O)c3O)cc2-c2cc(F)cc(F)c2)cc1,1,c1(-c2c(O)c(=O)c3c(cccc3O)o2)ccc([*])c([*])c1,c1c(CC)ccc(*)c1|c1(F)cc(*)cc(F)c1,O=c1cc(-c2ccc(-c3ccccc3)c(-c3ccccc3)c2)oc2ccccc12,0.8204951,9.056,0.9954889,11.75,0.9850382,2.5452,0.0692456,-2.2569,18,CCc1ccc(-c2ccc(-c3oc4cccc(O)c4c(=O)c3O)cc2-c2cc(F)cc(F)c2)cc1
9.4383,19.8278,65.8027,0.6689883,Cc1ccc(C)c(-c2ccc(-c3oc4cccc(O)c4c(=O)c3O)cc2C(C)C)c1,1,c1(-c2c(O)c(=O)c3c(cccc3O)o2)ccc([*])c([*])c1,c1cc(C)cc(*)c1C|CC(*)C,O=c1cc(-c2ccc(-c3ccccc3)cc2)oc2ccccc12,0.7594841,8.799,0.9415267,9.931,0.9860045,2.5217,0.1520867,-1.4925,18,Cc1ccc(C)c(-c2ccc(-c3oc4cccc(O)c4c(=O)c3O)cc2C(C)C)c1
16.3868,32.0609,12.3926,0.3472927,Cc1cc(C(C)c2ccc(-c3oc4cccc(O)c4c(=O)c3O)cc2C(F)(F)F)c(F)cc1F,1,c1(-c2c(O)c(=O)c3c(cccc3O)o2)ccc([*])c([*])c1,c1c(C)c(F)cc(F)c1C(C)*|*C(F)(F)F,O=c1cc(-c2ccc(Cc3ccccc3)cc2)oc2ccccc12,0.7926964,8.932,0.1693525,6.895,0.876368,3.3196,0.1071983,-1.8411,18,Cc1cc(C(C)c2ccc(-c3oc4cccc(O)c4c(=O)c3O)cc2C(F)(F)F)c(F)cc1F
9.9591,26.8719,63.6563,0.7072514,Cc1ccc(C#Cc2ccc(-c3oc4cccc(O)c4c(=O)c3O)cc2Cc2ccccc2)cc1,1,c1(-c2c(O)c(=O)c3c(cccc3O)o2)ccc([*])c([*])c1,c1cc(C)ccc1C#C*|c1cccc(C*)c1,O=c1cc(-c2ccc(C#Cc3ccccc3)c(Cc3ccccc3)c2)oc2ccccc12,0.9689161,10.39,0.8284089,9.094,0.9830398,2.5895,0.1687909,-1.3847,18,Cc1ccc(C#Cc2ccc(-c3oc4cccc(O)c4c(=O)c3O)cc2Cc2ccccc2)cc1
9.3059,29.8652,0.0228,0.2334993,Cc1ccc(C)c(Cc2ccc(-c3oc4cccc(O)c4c(=O)c3O)cc2-c2ccc(F)cc2)c1,1,c1(-c2c(O)c(=O)c3c(cccc3O)o2)ccc([*])c([*])c1,c1(C)ccc(C)cc1C*|Fc1ccc(*)cc1,O=c1cc(-c2ccc(Cc3ccccc3)c(-c3ccccc3)c2)oc2ccccc12,0.9207261,9.704,0.0500004,5.954,0.9852268,2.5408,0.0821218,-2.0967,18,Cc1ccc(C)c(Cc2ccc(-c3oc4cccc(O)c4c(=O)c3O)cc2-c2ccc(F)cc2)c1
10.4439,19.6013,63.1993,0.6468796,Cc1cc(C)c(-c2ccc(-c3oc4cccc(O)c4c(=O)c3O)cc2C(C)C)c(C)c1,1,c1(-c2c(O)c(=O)c3c(cccc3O)o2)ccc([*])c([*])c1,Cc1cc(C)cc(C)c1*|CC(*)C,O=c1cc(-c2ccc(-c3ccccc3)cc2)oc2ccccc12,0.7994709,8.961,0.9287327,9.784,0.9815637,2.619,0.1118459,-1.7997,18,Cc1cc(C)c(-c2ccc(-c3oc4cccc(O)c4c(=O)c3O)cc2C(C)C)c(C)c1
13.0133,21.4095,69.4285,0.7096717,CC(C)(C)c1cc(-c2oc3cccc(O)c3c(=O)c2O)ccc1-c1ccc(F)cc1,1,c1(-c2c(O)c(=O)c3c(cccc3O)o2)ccc([*])c([*])c1,Fc1ccc(*)cc1|C(C)(*)(C)C,O=c1cc(-c2ccc(-c3ccccc3)cc2)oc2ccccc12,0.7501634,8.764,0.996709,11.97,0.9886677,2.4474,0.2026016,-1.1901,18,CC(C)(C)c1cc(-c2oc3cccc(O)c3c(=O)c2O)ccc1-c1ccc(F)cc1
14.8753,32.4963,-16.6731,0.1236184,CC(C)(C)c1ccc(-c2oc3cccc(O)c3c(=O)c2O)cc1C#Cc1ccc(F)cc1F,1,c1(-c2c(O)c(=O)c3c(cccc3O)o2)ccc([*])c([*])c1,C(*)(C)(C)C|Fc1cc(F)c(C#C*)cc1,O=c1cc(-c2cccc(C#Cc3ccccc3)c2)oc2ccccc12,0.8670552,9.303,0.0056321,4.405,0.9626563,2.871,0.2273723,-1.0625,18,CC(C)(C)c1ccc(-c2oc3cccc(O)c3c(=O)c2O)cc1C#Cc1ccc(F)cc1F
11.8073,31.3287,32.5904,0.4993681,Cc1ccc(-c2cc(-c3oc4cccc(O)c4c(=O)c3O)ccc2C#Cc2ccc(C)c(F)c2)cc1,1,c1(-c2c(O)c(=O)c3c(cccc3O)o2)ccc([*])c([*])c1,Fc1c(C)ccc(C#C*)c1|c1cc(C)ccc1*,O=c1cc(-c2ccc(C#Cc3ccccc3)c(-c3ccccc3)c2)oc2ccccc12,0.9293966,9.791,0.4006031,7.72,0.9766308,2.7031,0.1002164,-1.9064,18,Cc1ccc(-c2cc(-c3oc4cccc(O)c4c(=O)c3O)ccc2C#Cc2ccc(C)c(F)c2)cc1
10.1722,29.2951,56.6808,0.6716865,Cc1cc(F)cc(Cc2ccc(-c3oc4cccc(O)c4c(=O)c3O)cc2C(C)C)c1,1,c1(-c2c(O)c(=O)c3c(cccc3O)o2)ccc([*])c([*])c1,c1c(F)cc(C)cc1C*|*C(C)C,O=c1cc(-c2ccc(Cc3ccccc3)cc2)oc2ccccc12,0.6982555,8.583,0.940246,9.915,0.9789795,2.6655,0.1920468,-1.248,18,Cc1cc(F)cc(Cc2ccc(-c3oc4cccc(O)c4c(=O)c3O)cc2C(C)C)c1
8.6495,23.2446,-23.2446,0.0,Cc1ccc(F)c(-c2ccc(-c3oc4cccc(O)c4c(=O)c3O)cc2C(C)C)c1,1,c1(-c2c(O)c(=O)c3c(cccc3O)o2)ccc([*])c([*])c1,Fc1ccc(C)cc1*|C(*)(C)C,O=c1cc(-c2ccc(-c3ccccc3)cc2)oc2ccccc12,0.5983598,8.277,0.9790089,10.67,0.9851479,2.5426,0.178851,-1.3239,18,Cc1ccc(F)c(-c2ccc(-c3oc4cccc(O)c4c(=O)c3O)cc2C(C)C)c1
15.1989,30.5548,8.5361,0.3053978,Cc1cc(C)cc(C#Cc2ccc(-c3oc4cccc(O)c4c(=O)c3O)cc2-c2cccc(C)c2)c1,1,c1(-c2c(O)c(=O)c3c(cccc3O)o2)ccc([*])c([*])c1,*C#Cc1cc(C)cc(C)c1|c1c(C)cc(*)cc1,O=c1cc(-c2ccc(C#Cc3ccccc3)c(-c3ccccc3)c2)oc2ccccc12,0.9642767,10.29,0.1024599,6.492,0.9704733,2.7866,0.0840155,-2.0751,18,Cc1cc(C)cc(C#Cc2ccc(-c3oc4cccc(O)c4c(=O)c3O)cc2-c2cccc(C)c2)c1
10.9155,21.9633,1.644,0.1844325,Cc1cc(C)c(-c2ccc(-c3oc4cccc(O)c4c(=O)c3O)cc2-c2ccccc2C)c(C)c1,1,c1(-c2c(O)c(=O)c3c(cccc3O)o2)ccc([*])c([*])c1,c1(C)cc(C)cc(C)c1*|c1(C)c(*)cccc1,O=c1cc(-c2ccc(-c3ccccc3)c(-c3ccccc3)c2)oc2ccccc12,0.8954031,9.492,0.0338395,5.671,0.9844899,2.5579,0.0452555,-2.6484,18,Cc1cc(C)c(-c2ccc(-c3oc4cccc(O)c4c(=O)c3O)cc2-c2ccccc2C)c(C)c1
13.4581,19.9963,55.6394,0.5909036,Cc1cccc(-c2cc(-c3oc4cccc(O)c4c(=O)c3O)ccc2-c2ccccc2C)c1,1,c1(-c2c(O)c(=O)c3c(cccc3O)o2)ccc([*])c([*])c1,c1cc(*)c(C)cc1|c1c(C)cc(*)cc1,O=c1cc(-c2ccc(-c3ccccc3)c(-c3ccccc3)c2)oc2ccccc12,0.6994669,8.587,0.9061959,9.576,0.9900943,2.4002,0.0877256,-2.034,18,Cc1cccc(-c2cc(-c3oc4cccc(O)c4c(=O)c3O)ccc2-c2ccccc2C)c1
18.9961,33.7135,6.6384,0.3152498,CC(C)Cc1ccc(-c2oc3cccc(O)c3c(=O)c2O)cc1-c1cc(C(F)(F)F)ccc1C(F)(F)F,1,c1(-c2c(O)c(=O)c3c(cccc3O)o2)ccc([*])c([*])c1,C(C)(C)C*|FC(F)(c1ccc(C(F)(F)F)cc1*)F,O=c1cc(-c2cccc(-c3ccccc3)c2)oc2ccccc12,0.315251,7.461,0.5258808,8.072,0.9634432,2.8633,0.0312563,-2.9825,18,CC(C)Cc1ccc(-c2oc3cccc(O)c3c(=O)c2O)cc1-c1cc(C(F)(F)F)ccc1C(F)(F)F
20.5866,41.6534,-41.013,0.0050026,Cc1ccc(C(c2ccc(F)cc2C)c2ccc(-c3oc4cccc(O)c4c(=O)c3O)cc2-c2cccc(C)c2C)cc1,1,c1(-c2c(O)c(=O)c3c(cccc3O)o2)ccc([*])c([*])c1,c1c(C)ccc(C(c2c(C)cc(F)cc2)*)c1|c1ccc(C)c(C)c1*,O=c1cc(-c2ccc(C(c3ccccc3)c3ccccc3)c(-c3ccccc3)c2)oc2ccccc12,0.5028783,8.008,4.7e-06,-0.5279,0.8803113,3.3067,0.0070758,-4.2943,18,Cc1ccc(C(c2ccc(F)cc2C)c2ccc(-c3oc4cccc(O)c4c(=O)c3O)cc2-c2cccc(C)c2C)cc1
16.3491,38.38,16.9298,0.4321079,Cc1cccc(Cc2cc(-c3oc4cccc(O)c4c(=O)c3O)ccc2C(C)Cc2cccc(C)c2)c1,1,c1(-c2c(O)c(=O)c3c(cccc3O)o2)ccc([*])c([*])c1,c1ccc(C)cc1CC(C)*|C(c1cc(C)ccc1)*,O=c1cc(-c2ccc(CCc3ccccc3)c(Cc3ccccc3)c2)oc2ccccc12,0.6803836,8.525,0.5165436,8.046,0.9290141,3.1065,0.0459463,-2.6346,18,Cc1cccc(Cc2cc(-c3oc4cccc(O)c4c(=O)c3O)ccc2C(C)Cc2cccc(C)c2)c1
14.9665,39.4734,-37.0354,0.0190476,Cc1ccc(C#Cc2ccccc2-c2ccc(-c3oc4cccc(O)c4c(=O)c3O)cc2C(F)(F)F)cc1C,1,c1(-c2c(O)c(=O)c3c(cccc3O)o2)ccc([*])c([*])c1,c1cccc(C#Cc2ccc(C)c(C)c2)c1*|*C(F)(F)F,O=c1cc(-c2ccc(-c3ccccc3C#Cc3ccccc3)cc2)oc2ccccc12,0.7361571,8.713,6.74e-05,1.326,0.9644547,2.8532,0.0390282,-2.7827,18,Cc1ccc(C#Cc2ccccc2-c2ccc(-c3oc4cccc(O)c4c(=O)c3O)cc2C(F)(F)F)cc1C
12.0098,32.9772,48.1906,0.6341234,Cc1ccc(F)c(Cc2ccc(-c3oc4cccc(O)c4c(=O)c3O)cc2Cc2ccc(F)cc2)c1,1,c1(-c2c(O)c(=O)c3c(cccc3O)o2)ccc([*])c([*])c1,c1(F)ccc(C)cc1C*|Fc1ccc(C*)cc1,O=c1cc(-c2ccc(Cc3ccccc3)c(Cc3ccccc3)c2)oc2ccccc12,0.8839719,9.411,0.8120798,9.017,0.9812477,2.625,0.1059969,-1.8521,18,Cc1ccc(F)c(Cc2ccc(-c3oc4cccc(O)c4c(=O)c3O)cc2Cc2ccc(F)cc2)c1
14.2617,23.1341,8.2099,0.2448753,Cc1c(C)c(C)c(-c2ccc(-c3oc4cccc(O)c4c(=O)c3O)cc2C(F)(F)F)c(C)c1C,1,c1(-c2c(O)c(=O)c3c(cccc3O)o2)ccc([*])c([*])c1,c1(C)c(C)c(C)c(C)c(C)c1*|*C(F)(F)F,O=c1cc(-c2ccc(-c3ccccc3)cc2)oc2ccccc12,0.6151831,8.326,0.0952825,6.436,0.9667037,2.8297,0.0654084,-2.31,18,Cc1c(C)c(C)c(-c2ccc(-c3oc4cccc(O)c4c(=O)c3O)cc2C(F)(F)F)c(C)c1C
19.5799,34.5844,-17.3504,0.1346408,CCC(C)c1ccc(-c2oc3cccc(O)c3c(=O)c2O)cc1C(C)c1c(C)cc(C)cc1C,1,c1(-c2c(O)c(=O)c3c(cccc3O)o2)ccc([*])c([*])c1,C(C(C)*)C|c1(C)cc(C)cc(C)c1C(*)C,O=c1cc(-c2cccc(Cc3ccccc3)c2)oc2ccccc12,0.723388,8.668,0.0189642,5.258,0.7870683,3.5458,0.0441353,-2.6712,18,CCC(C)c1ccc(-c2oc3cccc(O)c3c(=O)c2O)cc1C(C)c1c(C)cc(C)cc1C
13.8036,29.6099,-2.1888,0.2142272,Cc1cccc(F)c1-c1ccc(-c2oc3cccc(O)c3c(=O)c2O)cc1-c1ccc(C(F)(F)F)cc1,1,c1(-c2c(O)c(=O)c3c(cccc3O)o2)ccc([*])c([*])c1,Fc1cccc(C)c1*|C(F)(c1ccc(*)cc1)(F)F,O=c1cc(-c2ccc(-c3ccccc3)c(-c3ccccc3)c2)oc2ccccc12,0.89661,9.501,0.0579997,6.063,0.9787283,2.6697,0.0350294,-2.8802,18,Cc1cccc(F)c1-c1ccc(-c2oc3cccc(O)c3c(=O)c2O)cc1-c1ccc(C(F)(F)F)cc1
15.7782,38.1466,-36.5807,0.0122334,Cc1ccc(C)c(-c2cc(-c3oc4cccc(O)c4c(=O)c3O)ccc2C(C)c2cccc(C(F)(F)F)c2)c1,1,c1(-c2c(O)c(=O)c3c(cccc3O)o2)ccc([*])c([*])c1,C(F)(c1cccc(C(C)*)c1)(F)F|c1c(C)ccc(C)c1*,O=c1cc(-c2ccc(Cc3ccccc3)c(-c3ccccc3)c2)oc2ccccc12,0.6512586,8.434,3.18e-05,0.8033,0.8981758,3.2436,0.0168559,-3.5317,18,Cc1ccc(C)c(-c2cc(-c3oc4cccc(O)c4c(=O)c3O)ccc2C(C)c2cccc(C(F)(F)F)c2)c1
12.5781,18.7912,-18.7912,0.0,CC(C)c1ccc(-c2oc3cccc(O)c3c(=O)c2O)cc1-c1cccc(F)c1,1,c1(-c2c(O)c(=O)c3c(cccc3O)o2)ccc([*])c([*])c1,CC(*)C|c1c(*)cc(F)cc1,O=c1cc(-c2cccc(-c3ccccc3)c2)oc2ccccc12,0.471608,7.921,0.9584043,10.18,0.9879539,2.4689,0.2367727,-1.0166,18,CC(C)c1ccc(-c2oc3cccc(O)c3c(=O)c2O)cc1-c1cccc(F)c1
8.2023,19.371,-19.371,0.0,Cc1ccc(-c2ccc(-c3oc4cccc(O)c4c(=O)c3O)cc2C(F)(F)F)cc1C,1,c1(-c2c(O)c(=O)c3c(cccc3O)o2)ccc([*])c([*])c1,c1(C)c(C)cc(*)cc1|*C(F)(F)F,O=c1cc(-c2ccc(-c3ccccc3)cc2)oc2ccccc12,0.8765412,9.362,0.9988793,12.72,0.9858565,2.5254,0.1682093,-1.3883,18,Cc1ccc(-c2ccc(-c3oc4cccc(O)c4c(=O)c3O)cc2C(F)(F)F)cc1C
17.7145,41.4304,-27.1932,0.1112285,Cc1ccc(C)c(-c2ccc(-c3oc4cccc(O)c4c(=O)c3O)cc2Cc2ccc(F)c(F)c2C)c1,1,Oc1cccc2oc(-c3cc([*])c([*])cc3)c(O)c(=O)c21,Fc1c(C)c(C*)ccc1F|Cc1ccc(C)cc1*,O=c1cc(-c2ccc(-c3ccccc3)c(Cc3ccccc3)c2)oc2ccccc12,0.8845609,9.415,0.0077357,4.627,0.9692594,2.801,0.0508312,-2.5424,19,Cc1ccc(C)c(-c2ccc(-c3oc4cccc(O)c4c(=O)c3O)cc2Cc2ccc(F)c(F)c2C)c1
13.2707,22.0692,-22.0692,0.0,Cc1ccc(-c2ccc(-c3oc4cccc(O)c4c(=O)c3O)cc2C(F)(F)F)cc1F,1,Oc1cccc2oc(-c3cc([*])c([*])cc3)c(O)c(=O)c21,FC(F)(F)*|c1(C)ccc(*)cc1F,O=c1cc(-c2ccc(-c3ccccc3)cc2)oc2ccccc12,0.8826368,9.402,0.9995963,13.43,0.9844811,2.5581,0.1971511,-1.2197,19,Cc1ccc(-c2ccc(-c3oc4cccc(O)c4c(=O)c3O)cc2C(F)(F)F)cc1F
8.6134,22.7323,55.2945,0.6095847,CC(c1ccc(F)cc1)c1cc(-c2oc3cccc(O)c3c(=O)c2O)ccc1C(F)(F)F,1,Oc1cccc2oc(-c3cc([*])c([*])cc3)c(O)c(=O)c21,Fc1ccc(C(C)*)cc1|FC(F)(F)*,O=c1cc(-c2cccc(Cc3ccccc3)c2)oc2ccccc12,0.7149596,8.639,0.755519,8.784,0.9291264,3.1059,0.1670795,-1.3954,19,CC(c1ccc(F)cc1)c1cc(-c2oc3cccc(O)c3c(=O)c2O)ccc1C(F)(F)F
10.8501,20.1422,-20.1422,0.0,Cc1cc(F)ccc1-c1cc(-c2oc3cccc(O)c3c(=O)c2O)ccc1C(F)(F)F,1,Oc1cccc2oc(-c3cc([*])c([*])cc3)c(O)c(=O)c21,Fc1ccc(*)c(C)c1|*C(F)(F)F,O=c1cc(-c2cccc(-c3ccccc3)c2)oc2ccccc12,0.6869195,8.546,0.8748178,9.351,0.9831736,2.5867,0.1971511,-1.2197,19,Cc1cc(F)ccc1-c1cc(-c2oc3cccc(O)c3c(=O)c2O)ccc1C(F)(F)F
16.1756,29.7798,47.0428,0.600177,O=c1c(O)c(-c2ccc(Cc3ccccc3)c(Cc3cccc(C(F)(F)F)c3)c2)oc2cccc(O)c12,1,Oc1cccc2oc(-c3cc([*])c([*])cc3)c(O)c(=O)c21,FC(c1cccc(C*)c1)(F)F|c1c(C*)cccc1,O=c1cc(-c2ccc(Cc3ccccc3)c(Cc3ccccc3)c2)oc2ccccc12,0.8116401,9.015,0.917299,9.672,0.9826558,2.5974,0.0673629,-2.2826,19,O=c1c(O)c(-c2ccc(Cc3ccccc3)c(Cc3cccc(C(F)(F)F)c3)c2)oc2cccc(O)c12
10.3016,22.0281,64.0325,0.6723486,CC(C)c1cc(-c2oc3cccc(O)c3c(=O)c2O)ccc1Cc1ccc(F)cc1,1,Oc1cccc2oc(-c3cc([*])c([*])cc3)c(O)c(=O)c21,C(*)(C)C|Fc1ccc(C*)cc1,O=c1cc(-c2ccc(Cc3ccccc3)cc2)oc2ccccc12,0.7615809,8.807,0.7654783,8.822,0.9873158,2.487,0.2529256,-0.9407,19,CC(C)c1cc(-c2oc3cccc(O)c3c(=O)c2O)ccc1Cc1ccc(F)cc1
7.5024,20.9561,79.7442,0.786721,Cc1cc(F)ccc1Cc1cc(-c2oc3cccc(O)c3c(=O)c2O)ccc1C,1,Oc1cccc2oc(-c3cc([*])c([*])cc3)c(O)c(=O)c21,Fc1cc(C)c(C*)cc1|*C,O=c1cc(-c2cccc(Cc3ccccc3)c2)oc2ccccc12,0.8006218,8.966,0.96118,10.23,0.9875215,2.4813,0.3770363,-0.4362,19,Cc1cc(F)ccc1Cc1cc(-c2oc3cccc(O)c3c(=O)c2O)ccc1C
13.5417,37.5933,36.7611,0.5808939,O=c1c(O)c(-c2ccc(C(F)(F)F)c(Cc3cc(CC(F)(F)F)ccc3C(F)(F)F)c2)oc2cccc(O)c12,1,Oc1cccc2oc(-c3cc([*])c([*])cc3)c(O)c(=O)c21,c1c(CC(F)(F)F)ccc(C(F)(F)F)c1C*|FC(F)(F)*,O=c1cc(-c2cccc(Cc3ccccc3)c2)oc2ccccc12,0.8930897,9.475,0.9934552,11.49,0.9373432,3.0601,0.0377265,-2.8133,19,O=c1c(O)c(-c2ccc(C(F)(F)F)c(Cc3cc(CC(F)(F)F)ccc3C(F)(F)F)c2)oc2cccc(O)c12
15.4937,25.6655,54.8847,0.6292985,O=c1c(O)c(-c2ccc(Cc3ccc(CF)cc3)c(C(F)(F)F)c2)oc2cccc(O)c12,1,Oc1cccc2oc(-c3cc([*])c([*])cc3)c(O)c(=O)c21,*C(F)(F)F|c1(C*)ccc(CF)cc1,O=c1cc(-c2ccc(Cc3ccccc3)cc2)oc2ccccc12,0.7184658,8.651,0.7344764,8.707,0.9782967,2.6768,0.2071786,-1.1657,19,O=c1c(O)c(-c2ccc(Cc3ccc(CF)cc3)c(C(F)(F)F)c2)oc2cccc(O)c12
10.4341,19.7307,24.5207,0.3457146,Cc1cccc(C)c1-c1cc(-c2oc3cccc(O)c3c(=O)c2O)ccc1C(F)(F)F,1,Oc1cccc2oc(-c3cc([*])c([*])cc3)c(O)c(=O)c21,c1(C)cccc(C)c1*|FC(*)(F)F,O=c1cc(-c2cccc(-c3ccccc3)c2)oc2ccccc12,0.5921186,8.259,0.1757212,6.926,0.9818785,2.6129,0.1682093,-1.3883,19,Cc1cccc(C)c1-c1cc(-c2oc3cccc(O)c3c(=O)c2O)ccc1C(F)(F)F
10.1028,18.5338,-18.5338,0.0,Cc1ccc(C)c(-c2cc(-c3oc4cccc(O)c4c(=O)c3O)ccc2C(F)(F)F)c1,1,Oc1cccc2oc(-c3cc([*])c([*])cc3)c(O)c(=O)c21,c1cc(C)cc(*)c1C|*C(F)(F)F,O=c1cc(-c2cccc(-c3ccccc3)c2)oc2ccccc12,0.7069755,8.612,0.9822791,10.79,0.9839885,2.5692,0.1682093,-1.3883,19,Cc1ccc(C)c(-c2cc(-c3oc4cccc(O)c4c(=O)c3O)ccc2C(F)(F)F)c1
16.662,25.3162,2.0758,0.2139996,O=c1c(O)c(-c2ccc(C(F)(F)F)c(Cc3ccc4ccccc4c3)c2)oc2cccc(O)c12,1,Oc1cccc2oc(-c3cc([*])c([*])cc3)c(O)c(=O)c21,c1(C*)cc2c(cccc2)cc1|FC(*)(F)F,O=c1cc(-c2cccc(Cc3ccc4ccccc4c3)c2)oc2ccccc12,0.8330628,9.117,0.0385523,5.765,0.9832906,2.5842,0.1065874,-1.8467,19,O=c1c(O)c(-c2ccc(C(F)(F)F)c(Cc3ccc4ccccc4c3)c2)oc2cccc(O)c12
9.2392,23.579,-23.579,0.0,Cc1ccc(C(F)(F)F)cc1-c1ccc(-c2oc3cccc(O)c3c(=O)c2O)cc1C(F)(F)F,1,Oc1cccc2oc(-c3cc([*])c([*])cc3)c(O)c(=O)c21,FC(F)(F)*|c1(C)ccc(C(F)(F)F)cc1*,O=c1cc(-c2ccc(-c3ccccc3)cc2)oc2ccccc12,0.7126074,8.631,0.9896667,11.17,0.9774266,2.6908,0.0821841,-2.0959,19,Cc1ccc(C(F)(F)F)cc1-c1ccc(-c2oc3cccc(O)c3c(=O)c2O)cc1C(F)(F)F
15.0365,33.0458,-12.0705,0.1638695,Cc1cccc(-c2ccc(-c3oc4cccc(O)c4c(=O)c3O)cc2Cc2ccc(F)c(F)c2)c1C,1,Oc1cccc2oc(-c3cc([*])c([*])cc3)c(O)c(=O)c21,Fc1cc(C*)ccc1F|c1ccc(C)c(C)c1*,O=c1cc(-c2ccc(-c3ccccc3)c(Cc3ccccc3)c2)oc2ccccc12,0.7262583,8.678,0.0246068,5.443,0.9798897,2.6498,0.0708714,-2.2352,19,Cc1cccc(-c2ccc(-c3oc4cccc(O)c4c(=O)c3O)cc2Cc2ccc(F)c(F)c2)c1C
8.8474,22.7786,-22.7786,0.0,Cc1cc(F)cc(-c2cc(-c3oc4cccc(O)c4c(=O)c3O)ccc2C(F)(F)F)c1,1,Oc1cccc2oc(-c3cc([*])c([*])cc3)c(O)c(=O)c21,Fc1cc(C)cc(*)c1|FC(F)(*)F,O=c1cc(-c2cccc(-c3ccccc3)c2)oc2ccccc12,0.6499501,8.43,0.9985483,12.54,0.9794714,2.6571,0.1971511,-1.2197,19,Cc1cc(F)cc(-c2cc(-c3oc4cccc(O)c4c(=O)c3O)ccc2C(F)(F)F)c1
8.9434,21.2255,72.2661,0.7304031,O=c1c(O)c(-c2ccc(C(F)(F)F)c(Cc3cccc(F)c3)c2)oc2cccc(O)c12,1,Oc1cccc2oc(-c3cc([*])c([*])cc3)c(O)c(=O)c21,Fc1cccc(C*)c1|FC(*)(F)F,O=c1cc(-c2cccc(Cc3ccccc3)c2)oc2ccccc12,0.7698417,8.839,0.9253259,9.749,0.9835939,2.5778,0.2762551,-0.8366,19,O=c1c(O)c(-c2ccc(C(F)(F)F)c(Cc3cccc(F)c3)c2)oc2cccc(O)c12
14.5253,26.7348,-6.1398,0.1608988,O=c1c(O)c(-c2ccc(Cc3cc(C(F)(F)F)cc(C(F)(F)F)c3)c(C(F)(F)F)c2)oc2cccc(O)c12,1,Oc1cccc2oc(-c3cc([*])c([*])cc3)c(O)c(=O)c21,C(F)(F)(F)*|C(F)(F)(F)c1cc(C(F)(F)F)cc(C*)c1,O=c1cc(-c2ccc(Cc3ccccc3)cc2)oc2ccccc12,0.7069755,8.612,0.0304403,5.595,0.9606735,2.8897,0.0414747,-2.7276,19,O=c1c(O)c(-c2ccc(Cc3cc(C(F)(F)F)cc(C(F)(F)F)c3)c(C(F)(F)F)c2)oc2cccc(O)c12
13.7931,30.9822,16.4563,0.3706138,CC(c1ccc(C(F)(F)F)cc1)c1cc(-c2oc3cccc(O)c3c(=O)c2O)ccc1C(F)(F)F,1,Oc1cccc2oc(-c3cc([*])c([*])cc3)c(O)c(=O)c21,FC(F)(F)c1ccc(C(*)C)cc1|FC(F)(F)*,O=c1cc(-c2cccc(Cc3ccccc3)c2)oc2ccccc12,0.7143726,8.637,0.2711744,7.313,0.9033954,3.2233,0.0681597,-2.2716,19,CC(c1ccc(C(F)(F)F)cc1)c1cc(-c2oc3cccc(O)c3c(=O)c2O)ccc1C(F)(F)F
13.4667,22.33,-22.33,0.0,CCc1ccc(-c2oc3cccc(O)c3c(=O)c2O)cc1-c1ccc(F)cc1C,1,Oc1cccc2oc(-c3cc([*])c([*])cc3)c(O)c(=O)c21,Fc1cc(C)c(*)cc1|C(*)C,O=c1cc(-c2cccc(-c3ccccc3)c2)oc2ccccc12,0.5763898,8.214,0.8743442,9.348,0.9873053,2.4873,0.2930126,-0.7651,19,CCc1ccc(-c2oc3cccc(O)c3c(=O)c2O)cc1-c1ccc(F)cc1C
14.3222,20.674,78.2936,0.7731841,O=c1c(O)c(-c2ccc(Cc3ccccc3F)c(C(F)(F)F)c2)oc2cccc(O)c12,1,Oc1cccc2oc(-c3cc([*])c([*])cc3)c(O)c(=O)c21,C(*)(F)(F)F|c1cc(C*)c(F)cc1,O=c1cc(-c2ccc(Cc3ccccc3)cc2)oc2ccccc12,0.8995083,9.523,0.9315379,9.814,0.9842285,2.5638,0.2762551,-0.8366,19,O=c1c(O)c(-c2ccc(Cc3ccccc3F)c(C(F)(F)F)c2)oc2cccc(O)c12
14.1869,21.3524,-21.3524,0.0,Cc1ccc(-c2ccc(-c3oc4cccc(O)c4c(=O)c3O)cc2-c2cccc(C)c2)cc1,1,Oc1cccc2oc(-c3cc([*])c([*])cc3)c(O)c(=O)c21,c1ccc(C)cc1*|*c1ccc(C)cc1,O=c1cc(-c2ccc(-c3ccccc3)c(-c3ccccc3)c2)oc2ccccc12,0.7662525,8.825,0.9956163,11.77,0.9909865,2.3671,0.0877256,-2.034,19,Cc1ccc(-c2ccc(-c3oc4cccc(O)c4c(=O)c3O)cc2-c2cccc(C)c2)cc1
9.7738,13.0182,87.9367,0.7887098,Cc1cc(-c2oc3cccc(O)c3c(=O)c2O)ccc1Cc1ccc(F)cc1,1,[*]c1ccc(-c2oc3cccc(O)c3c(=O)c2O)cc1[*],c1cc(F)ccc1C*|*C,O=c1cc(-c2ccc(Cc3ccccc3)cc2)oc2ccccc12,0.7282565,8.685,0.9729698,10.49,0.9916245,2.3413,0.4629552,-0.1289,20,Cc1cc(-c2oc3cccc(O)c3c(=O)c2O)ccc1Cc1ccc(F)cc1
12.3189,24.3198,42.4736,0.5218233,Cc1cccc(-c2ccc(-c3oc4cccc(O)c4c(=O)c3O)cc2Cc2ccc(F)cc2)c1,1,[*]c1ccc(-c2oc3cccc(O)c3c(=O)c2O)cc1[*],c1ccc(*)cc1C|Fc1ccc(C*)cc1,O=c1cc(-c2ccc(-c3ccccc3)c(Cc3ccccc3)c2)oc2ccccc12,0.6800708,8.524,0.5865461,8.243,0.9884788,2.4532,0.1130293,-1.7894,20,Cc1cccc(-c2ccc(-c3oc4cccc(O)c4c(=O)c3O)cc2Cc2ccc(F)cc2)c1
15.0569,29.4592,34.5664,0.5002007,CC(c1ccc(F)cc1)c1ccc(-c2oc3cccc(O)c3c(=O)c2O)cc1-c1cccc(F)c1,1,[*]c1ccc(-c2oc3cccc(O)c3c(=O)c2O)cc1[*],Fc1ccc(C(C)*)cc1|c1c(F)cccc1*,O=c1cc(-c2ccc(Cc3ccccc3)c(-c3ccccc3)c2)oc2ccccc12,0.740605,8.729,0.5809513,8.227,0.9390375,3.0499,0.0752058,-2.1796,20,CC(c1ccc(F)cc1)c1ccc(-c2oc3cccc(O)c3c(=O)c2O)cc1-c1cccc(F)c1
9.2452,26.6757,-11.528,0.1183409,Cc1ccc(-c2cc(-c3oc4cccc(O)c4c(=O)c3O)ccc2Cc2cc(C)ccc2C)cc1,1,[*]c1ccc(-c2oc3cccc(O)c3c(=O)c2O)cc1[*],c1(C)ccc(C)cc1C*|c1(C)ccc(*)cc1,O=c1cc(-c2ccc(Cc3ccccc3)c(-c3ccccc3)c2)oc2ccccc12,0.9404076,9.917,0.0075826,4.613,0.9857809,2.5273,0.068623,-2.2653,20,Cc1ccc(-c2cc(-c3oc4cccc(O)c4c(=O)c3O)ccc2Cc2cc(C)ccc2C)cc1
12.5225,18.4638,59.6999,0.6106539,O=c1c(O)c(-c2ccc(C(F)(F)F)c(Cc3ccc(Cl)cc3)c2)oc2cccc(O)c12,1,[*]c1ccc(-c2oc3cccc(O)c3c(=O)c2O)cc1[*],FC(*)(F)F|c1cc(C*)ccc1Cl,O=c1cc(-c2cccc(Cc3ccccc3)c2)oc2ccccc12,0.6750403,8.508,0.7693314,8.837,0.9856547,2.5304,0.1746659,-1.3488,20,O=c1c(O)c(-c2ccc(C(F)(F)F)c(Cc3ccc(Cl)cc3)c2)oc2cccc(O)c12
6.6149,23.8142,15.7965,0.3094581,Cc1ccc(-c2cc(-c3oc4cccc(O)c4c(=O)c3O)ccc2-c2cc(C)ccc2C)cc1,1,[*]c1ccc(-c2oc3cccc(O)c3c(=O)c2O)cc1[*],c1(C)ccc(C)cc1*|c1cc(C)ccc1*,O=c1cc(-c2ccc(-c3ccccc3)c(-c3ccccc3)c2)oc2ccccc12,0.796688,8.949,0.1442802,6.763,0.9889439,2.4387,0.063244,-2.3412,20,Cc1ccc(-c2cc(-c3oc4cccc(O)c4c(=O)c3O)ccc2-c2cc(C)ccc2C)cc1
8.4508,21.2974,-14.3587,0.0542085,Cc1ccc(-c2cc(-c3oc4cccc(O)c4c(=O)c3O)ccc2-c2c(C)cc(C)cc2C)cc1,1,[*]c1ccc(-c2oc3cccc(O)c3c(=O)c2O)cc1[*],c1(C)cc(C)cc(C)c1*|c1(*)ccc(C)cc1,O=c1cc(-c2ccc(-c3ccccc3)c(-c3ccccc3)c2)oc2ccccc12,0.9181682,9.68,0.0009976,3.199,0.9857377,2.5283,0.0452555,-2.6484,20,Cc1ccc(-c2cc(-c3oc4cccc(O)c4c(=O)c3O)ccc2-c2c(C)cc(C)cc2C)cc1
11.9604,21.6749,-21.6749,0.0,Cc1cccc(-c2cc(-c3oc4cccc(O)c4c(=O)c3O)ccc2C(C)(C)C)c1,1,[*]c1ccc(-c2oc3cccc(O)c3c(=O)c2O)cc1[*],C(C)(C)(*)C|c1c(C)cc(*)cc1,O=c1cc(-c2cccc(-c3ccccc3)c2)oc2ccccc12,0.6869195,8.546,0.9899569,11.19,0.9868934,2.4986,0.173032,-1.3587,20,Cc1cccc(-c2cc(-c3oc4cccc(O)c4c(=O)c3O)ccc2C(C)(C)C)c1
16.8001,24.937,56.4595,0.6359103,CC(C)c1ccc(-c2oc3cccc(O)c3c(=O)c2O)cc1Cc1cccc(C(F)(F)F)c1,1,[*]c1ccc(-c2oc3cccc(O)c3c(=O)c2O)cc1[*],C(*)(C)C|C(F)(c1cccc(C*)c1)(F)F,O=c1cc(-c2cccc(Cc3ccccc3)c2)oc2ccccc12,0.7268302,8.68,0.9807118,10.73,0.9804468,2.6398,0.1098858,-1.817,20,CC(C)c1ccc(-c2oc3cccc(O)c3c(=O)c2O)cc1Cc1cccc(C(F)(F)F)c1
15.8227,22.6707,24.4452,0.3680929,Cc1cc(C)cc(-c2ccc(-c3oc4cccc(O)c4c(=O)c3O)cc2-c2ccc(F)c(C)c2)c1,1,[*]c1ccc(-c2oc3cccc(O)c3c(=O)c2O)cc1[*],c1(C)cc(*)cc(C)c1|c1(*)cc(C)c(F)cc1,O=c1cc(-c2ccc(-c3ccccc3)c(-c3ccccc3)c2)oc2ccccc12,0.8613129,9.269,0.2342634,7.177,0.9830019,2.5903,0.0544264,-2.4798,20,Cc1cc(C)cc(-c2ccc(-c3oc4cccc(O)c4c(=O)c3O)cc2-c2ccc(F)c(C)c2)c1
20.5236,30.4371,48.2367,0.6146395,O=c1c(O)c(-c2ccc(Cc3ccc(F)c(F)c3F)c(Cc3ccccc3)c2)oc2cccc(O)c12,1,[*]c1ccc(-c2oc3cccc(O)c3c(=O)c2O)cc1[*],c1(F)c(F)ccc(C*)c1F|c1cc(C*)ccc1,O=c1cc(-c2ccc(Cc3ccccc3)c(Cc3ccccc3)c2)oc2ccccc12,0.7738962,8.855,0.7893661,8.918,0.9780458,2.6809,0.1258542,-1.6834,20,O=c1c(O)c(-c2ccc(Cc3ccc(F)c(F)c3F)c(Cc3ccccc3)c2)oc2cccc(O)c12
12.1486,26.2189,12.9193,0.3057676,Cc1ccc(-c2cc(-c3oc4cccc(O)c4c(=O)c3O)ccc2Cc2ccc(F)c(F)c2)cc1,1,[*]c1ccc(-c2oc3cccc(O)c3c(=O)c2O)cc1[*],c1(F)ccc(C*)cc1F|c1cc(C)ccc1*,O=c1cc(-c2ccc(Cc3ccccc3)c(-c3ccccc3)c2)oc2ccccc12,0.7282565,8.685,0.1266075,6.658,0.9855144,2.5338,0.0979966,-1.928,20,Cc1ccc(-c2cc(-c3oc4cccc(O)c4c(=O)c3O)ccc2Cc2ccc(F)c(F)c2)cc1
14.4908,23.6179,16.7924,0.3157055,Cc1cc(C)cc(-c2ccc(-c3oc4cccc(O)c4c(=O)c3O)cc2-c2ccccc2C)c1,1,[*]c1ccc(-c2oc3cccc(O)c3c(=O)c2O)cc1[*],c1(*)cc(C)cc(C)c1|c1cccc(C)c1*,O=c1cc(-c2ccc(-c3ccccc3)c(-c3ccccc3)c2)oc2ccccc12,0.8642097,9.286,0.140937,6.744,0.9870955,2.4931,0.063244,-2.3412,20,Cc1cc(C)cc(-c2ccc(-c3oc4cccc(O)c4c(=O)c3O)cc2-c2ccccc2C)c1
8.8115,20.1649,78.4205,0.7701985,O=c1c(O)c(-c2ccc(CCc3ccc(F)cc3)c(C(F)(F)F)c2)oc2cccc(O)c12,1,[*]c1ccc(-c2oc3cccc(O)c3c(=O)c2O)cc1[*],Fc1ccc(CC*)cc1|*C(F)(F)F,O=c1cc(-c2ccc(CCc3ccccc3)cc2)oc2ccccc12,0.8941839,9.483,0.9945658,11.62,0.985655,2.5304,0.2339658,-1.0302,20,O=c1c(O)c(-c2ccc(CCc3ccc(F)cc3)c(C(F)(F)F)c2)oc2cccc(O)c12
13.8481,24.6818,54.5742,0.6191875,CCCCc1cc(-c2oc3cccc(O)c3c(=O)c2O)ccc1CCc1ccc(F)cc1,1,[*]c1ccc(-c2oc3cccc(O)c3c(=O)c2O)cc1[*],c1(F)ccc(CC*)cc1|C(C)CC*,O=c1cc(-c2ccc(CCc3ccccc3)cc2)oc2ccccc12,0.5505554,8.141,0.9822791,10.79,0.9873237,2.4868,0.1740221,-1.3527,20,CCCCc1cc(-c2oc3cccc(O)c3c(=O)c2O)ccc1CCc1ccc(F)cc1
22.7348,43.7227,-36.5829,0.0557799,Cc1ccc(-c2cc(-c3oc4cccc(O)c4c(=O)c3O)ccc2CC=Cc2cc(C)ccc2C)c(F)c1,1,[*]c1ccc(-c2oc3cccc(O)c3c(=O)c2O)cc1[*],c1(C)ccc(C)cc1C=CC*|c1c(C)ccc(*)c1F,O=c1cc(-c2ccc(CC=Cc3ccccc3)c(-c3ccccc3)c2)oc2ccccc12,0.9706038,10.43,0.0012628,3.363,0.9609881,2.8868,0.0284625,-3.0664,20,Cc1ccc(-c2cc(-c3oc4cccc(O)c4c(=O)c3O)ccc2CC=Cc2cc(C)ccc2C)c(F)c1
8.5839,25.8161,63.9881,0.7015955,Cc1ccc(C#Cc2ccc(-c3oc4cccc(O)c4c(=O)c3O)cc2-c2ccc(F)cc2)cc1,1,[*]c1ccc(-c2oc3cccc(O)c3c(=O)c2O)cc1[*],c1(C)ccc(C#C*)cc1|Fc1ccc(*)cc1,O=c1cc(-c2ccc(C#Cc3ccccc3)c(-c3ccccc3)c2)oc2ccccc12,0.9125965,9.63,0.9408095,9.922,0.981665,2.6171,0.1369181,-1.5992,20,Cc1ccc(C#Cc2ccc(-c3oc4cccc(O)c4c(=O)c3O)cc2-c2ccc(F)cc2)cc1
11.1797,28.042,-11.3556,0.1303626,Cc1ccc(-c2cc(-c3oc4cccc(O)c4c(=O)c3O)ccc2Cc2ccc(F)cc2C)cc1,1,[*]c1ccc(-c2oc3cccc(O)c3c(=O)c2O)cc1[*],c1c(F)cc(C)c(C*)c1|c1cc(C)ccc1*,O=c1cc(-c2ccc(Cc3ccccc3)c(-c3ccccc3)c2)oc2ccccc12,0.6121124,8.317,0.0142282,5.055,0.9846199,2.555,0.0821218,-2.0967,20,Cc1ccc(-c2cc(-c3oc4cccc(O)c4c(=O)c3O)ccc2Cc2ccc(F)cc2C)cc1
14.7197,31.6006,6.0483,0.2941317,O=c1c(O)c(-c2ccc(-c3ccc(C(F)F)cc3)c(Cc3ccc(F)cc3)c2)oc2cccc(O)c12,1,[*]c1ccc(-c2oc3cccc(O)c3c(=O)c2O)cc1[*],FC(c1ccc(*)cc1)F|c1c(F)ccc(C*)c1,O=c1cc(-c2ccc(-c3ccccc3)c(Cc3ccccc3)c2)oc2ccccc12,0.702784,8.598,0.1469658,6.778,0.9810701,2.6284,0.0583207,-2.4162,20,O=c1c(O)c(-c2ccc(-c3ccc(C(F)F)cc3)c(Cc3ccc(F)cc3)c2)oc2cccc(O)c12
14.3306,22.4093,-22.4093,0.0,Cc1cccc(-c2ccc(-c3oc4cccc(O)c4c(=O)c3O)cc2C(C)(C)C)c1,1,[*]c1ccc(-c2oc3cccc(O)c3c(=O)c2O)cc1[*],c1(C)cccc(*)c1|C(C)(*)(C)C,O=c1cc(-c2ccc(-c3ccccc3)cc2)oc2ccccc12,0.806752,8.993,0.9784091,10.65,0.9876956,2.4764,0.173032,-1.3587,20,Cc1cccc(-c2ccc(-c3oc4cccc(O)c4c(=O)c3O)cc2C(C)(C)C)c1
11.7842,24.733,-24.733,0.0,Cc1ccc(-c2ccc(-c3oc4cccc(O)c4c(=O)c3O)cc2-c2ccc(F)c(F)c2)cc1,1,[*]c1ccc(-c2oc3cccc(O)c3c(=O)c2O)cc1[*],c1c(*)ccc(C)c1|Fc1ccc(*)cc1F,O=c1cc(-c2ccc(-c3ccccc3)c(-c3ccccc3)c2)oc2ccccc12,0.8832318,9.406,0.9804377,10.72,0.9885926,2.4497,0.090539,-2.0039,20,Cc1ccc(-c2ccc(-c3oc4cccc(O)c4c(=O)c3O)cc2-c2ccc(F)c(F)c2)cc1
12.1844,25.838,-25.838,0.0,O=c1c(O)c(-c2ccc(-c3cc(F)cc(C(F)(F)F)c3)c(-c3ccc(F)cc3)c2)oc2cccc(O)c12,1,[*]c1ccc(-c2oc3cccc(O)c3c(=O)c2O)cc1[*],Fc1cc(*)cc(C(F)(F)F)c1|Fc1ccc(*)cc1,O=c1cc(-c2ccc(-c3ccccc3)c(-c3ccccc3)c2)oc2ccccc12,0.8096519,9.006,0.9675891,10.36,0.9798582,2.6503,0.0422196,-2.7115,20,O=c1c(O)c(-c2ccc(-c3cc(F)cc(C(F)(F)F)c3)c(-c3ccc(F)cc3)c2)oc2cccc(O)c12
15.2942,31.1659,-6.5305,0.1924645,CCCCC#Cc1ccc(Cc2ccc(-c3oc4cccc(O)c4c(=O)c3O)cc2C(F)(F)F)cc1,1,[*]c1ccc(-c2oc3cccc(O)c3c(=O)c2O)cc1[*],c1cc(C*)ccc1C#CCCCC|*C(F)(F)F,O=c1cc(-c2ccc(Cc3ccccc3)cc2)oc2ccccc12,0.678817,8.52,0.0418835,5.825,0.967453,2.8215,0.0709877,-2.2337,20,CCCCC#Cc1ccc(Cc2ccc(-c3oc4cccc(O)c4c(=O)c3O)cc2C(F)(F)F)cc1
9.577,20.4096,76.185,0.7546451,O=c1c(O)c(-c2ccc(Cc3ccc(F)c(F)c3)c(C(F)(F)F)c2)oc2cccc(O)c12,1,[*]c1ccc(-c2oc3cccc(O)c3c(=O)c2O)cc1[*],Fc1ccc(C*)cc1F|FC(F)(*)F,O=c1cc(-c2ccc(Cc3ccccc3)cc2)oc2ccccc12,0.853934,9.227,0.9642767,10.29,0.9811427,2.627,0.245523,-0.9751,20,O=c1c(O)c(-c2ccc(Cc3ccc(F)c(F)c3)c(C(F)(F)F)c2)oc2cccc(O)c12
8.7809,25.1924,-20.7641,0.0345967,Cc1ccc(-c2cc(-c3oc4cccc(O)c4c(=O)c3O)ccc2Cc2c(C)cc(C)cc2C)cc1,1,[*]c1ccc(-c2oc3cccc(O)c3c(=O)c2O)cc1[*],c1(C)cc(C)cc(C)c1C*|c1c(C)ccc(*)c1,O=c1cc(-c2ccc(Cc3ccccc3)c(-c3ccccc3)c2)oc2ccccc12,0.7874454,8.91,0.0003116,2.39,0.9820084,2.6104,0.0491849,-2.5725,20,Cc1ccc(-c2cc(-c3oc4cccc(O)c4c(=O)c3O)ccc2Cc2c(C)cc(C)cc2C)cc1
