smiles,MW,WLogP,TPSA,HBD,HBA,RotB,Fsp3,Rings,AromRings,Lipinski_violations,Lipinski_pass,GIA_pass,BBB_pass,n_structural_alerts,structural_alerts,alert_free,NLL,Scaffold,R-groups,Score,TTBK1_dock (raw),MAOB_dock (raw),SA_score (raw)
O=c1c(O)c(-c2ccc(-c3cc(C(F)(F)F)ccc3F)c(C(F)(F)F)c2)oc2cc(O)cc(O)c12,500.32,6.421,90.9,3,5,2,0.087,4,4,2,False,False,False,0,,True,,,FC(F)(*)F|FC(F)(c1cc(*)c(F)cc1)F,0.9480477,9.464,12.187,2.8139
O=c1c(O)c(-c2ccc(-c3ccc(F)cc3)c(-c3cccc(F)c3)c2)oc2cc(O)cc(O)c12,458.42,6.189,90.9,3,5,3,0.0,5,5,1,True,False,False,0,,True,,,c1cc(F)ccc1*|Fc1cccc(*)c1,0.9336122,9.214,11.783,2.5075
O=c1c(O)c(-c2ccc(-c3cc(F)cc(F)c3)c(-c3cc(F)co3)c2)oc2cc(O)cc(O)c12,466.37,5.921,104.04,3,6,3,0.0,5,5,1,True,False,False,0,,True,,,*c1occ(F)c1|Fc1cc(F)cc(*)c1,0.9225274,9.341,10.371,3.0737
O=c1c(O)c(-c2ccc(-c3cc(F)cc(F)c3F)c(C(F)(F)F)c2)oc2cc(O)cc(O)c12,468.31,5.68,90.9,3,5,2,0.045,4,4,1,True,True,False,1,halogenated_ring_1,False,,,Fc1c(F)cc(F)cc1*|FC(*)(F)F,0.9206601,9.201,10.539,2.8443
O=c1c(O)c(-c2ccc(-c3ccc(F)cc3)c(-c3ccc(F)cc3)c2)oc2cc(O)cc(O)c12,458.42,6.189,90.9,3,5,3,0.0,5,5,1,True,False,False,0,,True,,,c1c(*)ccc(F)c1|c1cc(*)ccc1F,0.9180306,9.15,10.36,2.4649
O=c1c(O)c(-c2ccc(-c3cc(F)cc(F)c3)c(C(F)F)c2)oc2cc(O)cc(O)c12,432.33,5.46,90.9,3,5,3,0.045,4,4,1,True,True,False,0,,True,,,C(F)(F)*|Fc1cc(*)cc(F)c1,0.9119057,9.012,11.821,2.8301
O=c1c(O)c(-c2ccc(Nc3ccc(F)c(F)c3F)c(C(F)(F)F)c2)oc2cc(O)cc(O)c12,483.32,5.757,102.93,4,6,3,0.045,4,4,1,True,False,False,1,halogenated_ring_2,False,,,Fc1c(F)c(F)ccc1N*|FC(*)(F)F,0.8993129,8.969,10.511,2.8354
O=c1c(O)c(-c2ccc(-c3c(F)ccc(F)c3F)c(C(F)(F)F)c2)oc2cc(O)cc(O)c12,468.31,5.68,90.9,3,5,2,0.045,4,4,1,True,True,False,1,halogenated_ring_1,False,,,c1(F)c(F)ccc(F)c1*|FC(F)(*)F,0.8990619,8.904,11.417,2.8496
O=c1c(O)c(-c2ccc(-c3cc(F)ccc3F)c(C(F)(F)F)c2)oc2cc(O)cc(O)c12,450.32,5.541,90.9,3,5,2,0.045,4,4,1,True,True,False,0,,True,,,Fc1ccc(F)cc1*|FC(F)(*)F,0.8951548,8.868,11.015,2.7028
O=c1c(O)c(-c2ccc(-c3ccc(F)cc3)c(-c3ccccc3)c2)oc2cc(O)cc(O)c12,440.43,6.05,90.9,3,5,3,0.0,5,5,1,True,True,False,0,,True,,,c1ccc(*)cc1|c1c(F)ccc(*)c1,0.8943346,8.923,10.238,2.4035
O=c1c(O)c(-c2ccc(-c3cc(F)c(F)c(F)c3F)c(C(F)(F)F)c2)oc2cc(O)cc(O)c12,486.3,5.819,90.9,3,5,2,0.045,4,4,1,True,True,False,2,halogenated_ring_1;halogenated_ring_2,False,,,Fc1c(F)c(F)c(*)cc1F|FC(*)(F)F,0.8896857,8.835,11.438,2.9264
O=c1c(O)c(-c2ccc(C(F)(F)F)c(-c3cc(F)c(F)cc3F)c2)oc2cc(O)cc(O)c12,468.31,5.68,90.9,3,5,2,0.045,4,4,1,True,True,False,1,halogenated_ring_1,False,,,c1c(F)c(F)cc(F)c1*|FC(F)(*)F,0.8845403,8.782,11.239,2.8152
O=c1c(O)c(-c2ccc(Nc3ccccc3F)c(Nc3ccc(F)c(F)c3)c2)oc2cc(O)cc(O)c12,506.44,6.481,114.96,5,7,5,0.0,5,5,2,False,False,False,0,,True,,,c1c(F)c(F)ccc1N*|c1(F)ccccc1N*,0.8803669,8.863,10.026,2.7102
Nc1ccc(-c2oc3cc(O)cc(O)c3c(=O)c2O)cc1-c1cc(F)cc(F)c1F,415.32,4.243,116.92,4,6,2,0.0,4,4,0,True,True,False,2,aniline;halogenated_ring_1,False,,,N*|Fc1c(F)cc(F)cc1*,0.8787982,8.714,12.247,2.7835
Cc1ccc(CNc2ccc(-c3oc4cc(O)cc(O)c4c(=O)c3O)cc2-c2cccc(C)c2)cc1,479.53,6.473,102.93,4,6,5,0.1,5,5,1,True,False,False,0,,True,,,N(*)Cc1ccc(C)cc1|c1cc(C)cc(*)c1,0.8750528,8.789,10.107,2.566
Nc1ccc(-c2oc3cc(O)cc(O)c3c(=O)c2O)cc1Nc1c(F)cc(F)c(F)c1F,448.33,4.459,128.95,5,7,3,0.0,4,4,0,True,False,False,3,aniline;halogenated_ring_1;halogenated_ring_2,False,,,N(*)c1c(F)cc(F)c(F)c1F|*N,0.8738443,8.897,9.79,2.9033
Nc1ccc(-c2oc3cc(O)cc(O)c3c(=O)c2O)cc1-c1c(F)c(F)c(F)c(F)c1F,451.3,4.522,116.92,4,6,2,0.0,4,4,0,True,True,False,3,aniline;halogenated_ring_1;halogenated_ring_2,False,,,Fc1c(F)c(F)c(F)c(F)c1*|N*,0.8694887,8.67,12.591,2.9716
Nc1cc(-c2oc3cc(O)cc(O)c3c(=O)c2O)ccc1NCc1ccc(F)c(F)c1F,444.37,4.188,128.95,5,7,4,0.045,4,4,0,True,False,False,2,aniline;halogenated_ring_2,False,,,*NCc1ccc(F)c(F)c1F|N*,0.8684008,8.709,10.429,2.7879
O=c1c(O)c(-c2ccc(-c3c(F)cccc3F)c(C(F)(F)F)c2)oc2cc(O)cc(O)c12,450.32,5.541,90.9,3,5,2,0.045,4,4,1,True,True,False,0,,True,,,c1ccc(F)c(*)c1F|FC(F)(*)F,0.8681497,8.668,10.853,2.7452
Nc1cc(-c2oc3cc(O)cc(O)c3c(=O)c2O)ccc1NCc1cccc(F)c1F,426.38,4.049,128.95,5,7,4,0.045,4,4,0,True,False,False,1,aniline,False,,,*NCc1c(F)c(F)ccc1|N*,0.8670534,8.683,10.494,2.6935
NC(=O)Nc1ccoc1Nc1ccc(-c2oc3cc(O)cc(O)c3c(=O)c2O)cc1N,424.37,2.986,197.21,7,9,4,0.0,4,4,1,True,False,False,1,aniline,False,,,c1oc(N*)c(NC(N)=O)c1|*N,0.8670151,8.76,10.463,3.1307
O=c1c(O)c(-c2ccc(C(F)(F)F)c(Nc3ccc(F)cc3F)c2)oc2cc(O)cc(O)c12,465.33,5.617,102.93,4,6,3,0.045,4,4,1,True,False,False,0,,True,,,FC(F)(*)F|c1(N*)c(F)cc(F)cc1,0.8658167,8.65,10.862,2.7373
O=c1c(O)c(-c2ccc(-c3ccc(O)cc3)c(-c3ccc(O)cc3)c2)oc2cc(O)cc(O)c12,454.43,5.322,131.36,5,7,3,0.0,5,5,1,True,False,False,0,,True,,O=c1cc(-c2ccc(-c3ccccc3)c(-c3ccccc3)c2)oc2ccccc12,Oc1ccc(*)cc1|*c1ccc(O)cc1,0.8644367,8.98,9.328,2.5602
Nc1ccc(-c2oc3cc(O)cc(O)c3c(=O)c2O)cc1Nc1ccc(F)c(F)c1F,430.34,4.32,128.95,5,7,3,0.0,4,4,0,True,False,False,2,aniline;halogenated_ring_2,False,,,*Nc1c(F)c(F)c(F)cc1|N*,0.8637815,8.74,9.987,2.7668
Cc1ccc(Nc2cc(-c3oc4cc(O)cc(O)c4c(=O)c3O)ccc2C(F)(F)F)c(F)c1,461.37,5.787,102.93,4,6,3,0.087,4,4,1,True,False,False,0,,True,,,*Nc1c(F)cc(C)cc1|FC(F)(F)*,0.8634167,8.682,10.297,2.7324
CC(=CNc1cc(-c2oc3cc(O)cc(O)c3c(=O)c2O)ccc1N)c1ccc(F)cc1,434.42,4.771,128.95,5,7,4,0.042,4,4,0,True,False,False,1,aniline,False,,,*NC=C(c1ccc(F)cc1)C|N*,0.862294,9.1,9.194,2.8638
CC(=O)Nc1ccc(C)c(-c2cc(-c3oc4cc(O)cc(O)c4c(=O)c3O)ccc2N)c1,432.43,4.093,146.02,5,7,3,0.083,4,4,0,True,False,False,1,aniline,False,,O=c1cc(-c2cccc(-c3ccccc3)c2)oc2ccccc12,C(Nc1ccc(C)c(*)c1)(C)=O|N*,0.8622553,8.592,11.65,2.6447
O=c1c(O)c(-c2ccc(-c3ccccc3)c(Nc3cccc(O)c3)c2)oc2cc(O)cc(O)c12,453.45,5.693,123.16,5,7,4,0.0,5,5,1,True,False,False,0,,True,,,c1ccccc1*|N(c1cc(O)ccc1)*,0.8613147,9.053,9.187,2.5702
O=c1c(O)c(-c2ccc(-c3cc(F)c(F)cc3F)c(C(F)(F)F)c2)oc2cc(O)cc(O)c12,468.31,5.68,90.9,3,5,2,0.045,4,4,1,True,True,False,1,halogenated_ring_1,False,,,Fc1c(F)cc(F)c(*)c1|C(F)(F)(F)*,0.8609378,8.603,11.338,2.8006
Nc1cc(-c2oc3cc(O)cc(O)c3c(=O)c2O)ccc1Nc1c(F)cc(F)c(N)c1F,445.35,3.902,154.97,6,8,3,0.0,4,4,1,True,False,False,1,aniline,False,,,c1(F)c(N*)c(F)c(N)c(F)c1|N*,0.8604704,8.672,10.491,2.9833
O=c1c(O)c(-c2ccc(-c3ccc(F)c(F)c3)c(-c3ccoc3)c2)oc2cc(O)cc(O)c12,448.38,5.782,104.04,3,6,3,0.0,5,5,1,True,False,False,0,,True,,,Fc1ccc(*)cc1F|o1ccc(*)c1,0.8601013,8.598,11.266,2.787
O=c1c(O)c(-c2ccc(Nc3ccccc3F)c(C(F)(F)F)c2)oc2cc(O)cc(O)c12,447.34,5.478,102.93,4,6,3,0.045,4,4,1,True,True,False,0,,True,,,*Nc1ccccc1F|FC(F)(*)F,0.8587518,8.583,11.085,2.6368
O=c1c(O)c(-c2ccc(C(F)(F)F)c(-c3cccc(C(F)F)c3)c2)oc2cc(O)cc(O)c12,464.34,6.2,90.9,3,5,3,0.087,4,4,1,True,False,False,0,,True,,,FC(c1cc(*)ccc1)F|FC(F)(*)F,0.8582699,8.584,11.484,2.8255
Cc1ccc(O)c(Nc2ccc(-c3oc4cc(O)cc(O)c4c(=O)c3O)cc2N)c1,406.39,3.917,149.18,6,8,3,0.045,4,4,1,True,False,False,2,aniline;catechol,False,,,c1(O)ccc(C)cc1N*|N*,0.8576881,8.613,10.514,2.6766
O=c1c(O)c(-c2ccc(-c3ccc(F)c(F)c3)c(C(F)(F)F)c2)oc2cc(O)cc(O)c12,450.32,5.541,90.9,3,5,2,0.045,4,4,1,True,True,False,0,,True,,,c1c(F)c(F)ccc1*|FC(F)(F)*,0.8572578,8.552,12.683,2.6783
Cc1ccc(O)c(-c2ccc(-c3oc4cc(O)cc(O)c4c(=O)c3O)cc2C)c1,390.39,4.566,111.13,4,6,2,0.087,4,4,0,True,True,False,0,,True,,O=c1cc(-c2ccc(-c3ccccc3)cc2)oc2ccccc12,*C|c1(O)ccc(C)cc1*,0.8549253,8.534,12.073,2.5675
O=c1c(O)c(-c2ccc(-c3ccc(F)cc3F)c(C(F)(F)F)c2)oc2cc(O)cc(O)c12,450.32,5.541,90.9,3,5,2,0.045,4,4,1,True,True,False,0,,True,,,FC(F)(F)*|Fc1cc(F)ccc1*,0.8545796,8.538,12.246,2.6931
O=c1c(O)c(-c2ccc(-c3cccc(F)c3)c(-c3ccccc3F)c2)oc2cc(O)cc(O)c12,458.42,6.189,90.9,3,5,3,0.0,5,5,1,True,False,False,0,,True,,,Fc1ccccc1*|c1c(F)cccc1*,0.8539036,8.899,9.291,2.5449
O=c1c(O)c(-c2ccc(Cc3ccc(O)cc3)c(C(F)(F)F)c2)oc2cc(O)cc(O)c12,444.36,4.892,111.13,4,6,3,0.087,4,4,0,True,True,False,0,,True,,O=c1cc(-c2ccc(Cc3ccccc3)cc2)oc2ccccc12,C(F)(F)(F)*|c1(C*)ccc(O)cc1,0.853447,8.634,10.099,2.6771
O=c1c(O)c(-c2ccc(Nc3cc(F)cc(F)c3F)c(C(F)(F)F)c2)oc2cc(O)cc(O)c12,483.32,5.757,102.93,4,6,3,0.045,4,4,1,True,False,False,1,halogenated_ring_1,False,,,c1(F)c(F)c(N*)cc(F)c1|FC(F)(*)F,0.8523005,8.593,10.528,2.8653
N#CNc1ccc(-c2oc3cc(O)cc(O)c3c(=O)c2O)cc1-c1cc(F)c(F)cc1F,440.33,4.554,126.72,4,7,3,0.0,4,4,0,True,False,False,3,cyanate_/aminonitrile_/thiocyanate;enamine;halogenated_ring_1,False,,,C(#N)N*|c1(F)c(F)cc(*)c(F)c1,0.8517537,8.57,11.283,3.0013
O=c1c(O)c(-c2ccc(Nc3cc(F)c(F)cc3F)c(C(F)(F)F)c2)oc2cc(O)cc(O)c12,483.32,5.757,102.93,4,6,3,0.045,4,4,1,True,False,False,1,halogenated_ring_1,False,,,c1(F)cc(F)c(F)cc1N*|FC(F)(*)F,0.8515635,8.61,10.275,2.8299
O=c1c(O)c(-c2ccc(C(F)(F)F)c(Nc3ccc(F)cc3)c2)oc2cc(O)cc(O)c12,447.34,5.478,102.93,4,6,3,0.045,4,4,1,True,True,False,0,,True,,,FC(F)(F)*|Fc1ccc(N*)cc1,0.8509421,8.549,10.718,2.6273
O=c1c(O)c(-c2ccc(C(F)(F)F)c(Nc3cccc(F)c3F)c2)oc2cc(O)cc(O)c12,465.33,5.617,102.93,4,6,3,0.045,4,4,1,True,False,False,0,,True,,,FC(F)(F)*|c1(F)c(F)cccc1N*,0.8504988,8.668,9.865,2.786
O=c1c(O)c(-c2ccc(C(F)(F)F)c(NCc3ccc(F)cc3)c2)oc2cc(O)cc(O)c12,461.37,5.347,102.93,4,6,4,0.087,4,4,1,True,True,False,0,,True,,,Fc1ccc(CN*)cc1|FC(F)(F)*,0.8498583,8.536,10.846,2.6492
Nc1ccc(-c2oc3cc(O)cc(O)c3c(=O)c2O)cc1-c1cc(F)cc(F)c1,397.33,4.104,116.92,4,6,2,0.0,4,4,0,True,True,False,1,aniline,False,,,*N|Fc1cc(F)cc(*)c1,0.8494672,8.506,12.023,2.6743
Nc1cc(-c2oc3cc(O)cc(O)c3c(=O)c2O)ccc1Nc1c(F)c(N)c(F)c(F)c1F,463.34,4.041,154.97,6,8,3,0.0,4,4,1,True,False,False,3,aniline;halogenated_ring_1;halogenated_ring_2,False,,,Fc1c(F)c(F)c(N)c(F)c1N*|N*,0.8482388,8.761,9.633,3.0545
O=c1c(O)c(-c2ccc(Nc3cc(F)c(F)c(F)c3F)c(C(F)(F)F)c2)oc2cc(O)cc(O)c12,501.31,5.896,102.93,4,6,3,0.045,4,4,2,False,False,False,2,halogenated_ring_1;halogenated_ring_2,False,,,FC(F)(*)F|c1(F)c(F)c(F)c(F)cc1N*,0.8482169,8.576,10.539,2.9499
O=c1c(O)c(-c2ccc(Nc3oc(F)cc3F)c(-c3c(F)cccc3F)c2)oc2cc(O)cc(O)c12,499.37,6.137,116.07,4,7,4,0.0,5,5,1,True,False,False,0,,True,,,*Nc1oc(F)cc1F|c1(F)c(*)c(F)ccc1,0.8467068,9.02,9.24,3.242
O=c1c(O)c(-c2ccc(C(F)(F)F)c(-c3ccc(F)cc3F)c2)oc2cc(O)cc(O)c12,450.32,5.541,90.9,3,5,2,0.045,4,4,1,True,True,False,0,,True,,,c1c(F)c(*)ccc1F|FC(F)(*)F,0.8467017,8.504,11.257,2.708
O=c1c(O)c(-c2ccc(C(F)F)c(-c3cc(F)c(F)cc3F)c2)oc2cc(O)cc(O)c12,450.32,5.599,90.9,3,5,3,0.045,4,4,1,True,True,False,1,halogenated_ring_1,False,,,FC(F)*|c1(F)cc(F)c(*)cc1F,0.8462111,8.572,10.341,2.8823
Nc1cc(-c2oc3cc(O)cc(O)c3c(=O)c2O)ccc1-c1cc(F)c(F)c(F)c1F,433.31,4.382,116.92,4,6,2,0.0,4,4,0,True,True,False,3,aniline;halogenated_ring_1;halogenated_ring_2,False,,,Fc1c(F)c(F)c(*)cc1F|N*,0.8445612,8.49,12.48,2.8758
O=c1c(O)c(-c2ccc(-c3ccccc3)c(Nc3ccc(F)cc3)c2)oc2cc(O)cc(O)c12,455.44,6.127,102.93,4,6,4,0.0,5,5,1,True,False,False,0,,True,,,c1cc(F)ccc1N*|c1c(*)cccc1,0.8443786,8.82,9.272,2.48
O=c1c(O)c(-c2ccc(Nc3cc(F)c(F)c(F)c3)c(C(F)(F)F)c2)oc2cc(O)cc(O)c12,483.32,5.757,102.93,4,6,3,0.045,4,4,1,True,False,False,1,halogenated_ring_2,False,,,*Nc1cc(F)c(F)c(F)c1|FC(*)(F)F,0.8439009,8.531,10.559,2.8334
O=c1c(O)c(-c2ccc(N3CCCCC3)c(-c3cccc(F)c3)c2)oc2cc(O)cc(O)c12,447.46,5.373,94.14,3,6,3,0.192,5,4,1,True,True,False,0,,True,,,C1CCCCN1*|c1(F)cccc(*)c1,0.8428419,8.561,10.07,2.6079
Nc1cc(-c2oc3cc(O)cc(O)c3c(=O)c2O)ccc1-c1cc(F)oc1N,384.32,3.14,156.08,5,8,2,0.0,4,4,0,True,False,False,1,aniline,False,,,o1c(N)c(*)cc1F|*N,0.8424371,8.557,11.032,3.1822
Nc1cc(-c2oc3cc(O)cc(O)c3c(=O)c2O)ccc1Nc1c(F)ccc(F)c1F,430.34,4.32,128.95,5,7,3,0.0,4,4,0,True,False,False,2,aniline;halogenated_ring_1,False,,,Fc1c(N*)c(F)ccc1F|N*,0.8422014,8.508,10.677,2.7951
O=c1c(O)c(-c2ccc(C(F)(F)F)c(-c3cc(F)ccc3F)c2)oc2cc(O)cc(O)c12,450.32,5.541,90.9,3,5,2,0.045,4,4,1,True,True,False,0,,True,,,FC(F)(*)F|c1(F)c(*)cc(F)cc1,0.842136,8.486,10.97,2.7177
Nc1ccc(-c2oc3cc(O)cc(O)c3c(=O)c2O)cc1-c1cc(F)c(F)c(F)c1F,433.31,4.382,116.92,4,6,2,0.0,4,4,0,True,True,False,3,aniline;halogenated_ring_1;halogenated_ring_2,False,,,c1c(F)c(F)c(F)c(F)c1*|N*,0.8418891,8.473,12.41,2.8683
Nc1cc(-c2oc3cc(O)cc(O)c3c(=O)c2O)ccc1NCCc1ccc(O)cc1,420.42,3.519,149.18,6,8,5,0.087,4,4,1,True,False,False,1,aniline,False,,,N*|N(*)CCc1ccc(O)cc1,0.8413861,8.546,10.107,2.6128
N=C(N)c1cc(F)c(F)c(-c2ccc(-c3oc4cc(O)cc(O)c4c(=O)c3O)cc2N)c1F,457.36,3.527,166.79,6,7,3,0.0,4,4,1,True,False,False,4,aniline;halogenated_ring_1;imine_1;imine_2,False,,,NC(=N)c1cc(F)c(F)c(*)c1F|N*,0.8399631,8.502,12.253,3.1179
O=c1c(O)c(-c2ccc(C(F)(F)F)c(-c3cc(F)co3)c2)oc2cc(O)cc(O)c12,422.29,4.995,104.04,3,6,2,0.05,4,4,0,True,True,False,0,,True,,,o1c(*)cc(F)c1|FC(*)(F)F,0.8399427,8.545,10.645,3.1187
Nc1c(-c2ccc(-c3oc4cc(O)cc(O)c4c(=O)c3O)cc2C(F)(F)F)ccc(F)c1F,465.33,5.123,116.92,4,6,2,0.045,4,4,1,True,False,False,1,aniline,False,,,Nc1c(F)c(F)ccc1*|FC(*)(F)F,0.8397192,8.466,12.403,2.9212
Cc1ccc(-c2oc3cc(O)cc(O)c3c(=O)c2O)cc1Nc1c(C)cccc1C,403.43,5.246,102.93,4,6,3,0.125,4,4,1,True,True,False,0,,True,,O=c1cc(-c2cccc(Nc3ccccc3)c2)oc2ccccc12,*C|c1c(C)c(N*)c(C)cc1,0.8395917,8.506,10.298,2.5298
O=c1c(O)c(-c2ccc(-c3ccccc3)c(-c3ccco3)c2)oc2cc(O)cc(O)c12,412.4,5.504,104.04,3,6,3,0.0,5,5,1,True,True,False,0,,True,,,o1cccc1*|c1cc(*)ccc1,0.8393203,8.458,10.993,2.5476
O=c1c(O)c(-c2ccc(-c3cccc(F)c3)c(-c3cccc(F)c3F)c2)oc2cc(O)cc(O)c12,476.41,6.328,90.9,3,5,3,0.0,5,5,1,True,False,False,0,,True,,,Fc1c(F)cccc1*|c1c(F)cccc1*,0.8385432,9.2,8.825,2.6549
O=c1c(O)c(-c2ccc(C(F)F)c(-c3ccc(O)cc3)c2)oc2cc(O)cc(O)c12,412.34,4.887,111.13,4,6,3,0.045,4,4,0,True,True,False,0,,True,,,FC(*)F|c1c(*)ccc(O)c1,0.8384722,8.465,10.913,2.706
Nc1ccc(-c2oc3cc(O)cc(O)c3c(=O)c2O)cc1NCc1ccc(F)cc1,408.39,3.91,128.95,5,7,4,0.045,4,4,0,True,False,False,1,aniline,False,,,N*|C(N*)c1ccc(F)cc1,0.837834,8.523,10.077,2.5296
O=c1c(O)c(-c2ccc(C(F)(F)F)c(-c3ccccc3)c2)oc2cc(O)cc(O)c12,414.34,5.263,90.9,3,5,2,0.045,4,4,1,True,True,False,0,,True,,,FC(F)(F)*|*c1ccccc1,0.837746,8.482,10.423,2.5277
Cc1cc(-c2oc3cc(O)cc(O)c3c(=O)c2O)ccc1-c1ccc(O)cc1,376.36,4.258,111.13,4,6,2,0.045,4,4,0,True,True,False,0,,True,,O=c1cc(-c2ccc(-c3ccccc3)cc2)oc2ccccc12,C*|c1(*)ccc(O)cc1,0.8371417,8.438,11.088,2.4583
O=c1c(O)c(-c2ccc(Nc3cc(F)ccc3F)c(C(F)(F)F)c2)oc2cc(O)cc(O)c12,465.33,5.617,102.93,4,6,3,0.045,4,4,1,True,False,False,0,,True,,,c1(F)ccc(F)cc1N*|FC(F)(F)*,0.8361463,8.455,10.857,2.7288
Nc1cc(-c2oc3cc(O)cc(O)c3c(=O)c2O)ccc1Nc1c(F)ccc(Cl)c1F,446.79,4.834,128.95,5,7,3,0.0,4,4,0,True,False,False,2,aniline;halogenated_ring_1,False,,,Fc1c(N*)c(F)c(Cl)cc1|N*,0.8354735,8.461,10.821,2.8273
O=c1c(O)c(-c2ccc(C(F)(F)F)c(Nc3ccc(F)c(F)c3)c2)oc2cc(O)cc(O)c12,465.33,5.617,102.93,4,6,3,0.045,4,4,1,True,False,False,0,,True,,,*Nc1cc(F)c(F)cc1|FC(*)(F)F,0.8353872,8.621,9.61,2.7271
Nc1cc(-c2oc3cc(O)cc(O)c3c(=O)c2O)ccc1Nc1c(N)ccc(F)c1F,427.36,3.763,154.97,6,8,3,0.0,4,4,1,True,False,False,1,aniline,False,,,*Nc1c(F)c(F)ccc1N|N*,0.8347259,8.814,9.199,2.8468
Nc1ccc(-c2oc3cc(O)cc(O)c3c(=O)c2O)cc1Nc1c(F)cc(F)cc1F,430.34,4.32,128.95,5,7,3,0.0,4,4,0,True,False,False,1,aniline,False,,,Fc1c(N*)c(F)cc(F)c1|N*,0.8342225,8.652,9.508,2.7824
O=c1c(O)c(-c2ccc(Nc3ccccc3)c(C(F)(F)F)c2)oc2cc(O)cc(O)c12,429.35,5.339,102.93,4,6,3,0.045,4,4,1,True,True,False,0,,True,,,c1(N*)ccccc1|FC(F)(F)*,0.834148,8.474,10.286,2.5495
Nc1cc(-c2oc3cc(O)cc(O)c3c(=O)c2O)ccc1Nc1ccc(F)c(N)c1F,427.36,3.763,154.97,6,8,3,0.0,4,4,1,True,False,False,1,aniline,False,,,Nc1c(F)ccc(N*)c1F|N*,0.8340307,8.464,10.688,2.871
Nc1ccc(-c2oc3cc(O)cc(O)c3c(=O)c2O)cc1-c1c(F)cc(F)c(F)c1F,433.31,4.382,116.92,4,6,2,0.0,4,4,0,True,True,False,3,aniline;halogenated_ring_1;halogenated_ring_2,False,,,Fc1c(*)c(F)c(F)c(F)c1|N*,0.833682,8.427,12.146,2.8855
O=c1c(O)c(-c2ccc(NCc3ccc(F)c(F)c3F)c(C(F)(F)F)c2)oc2cc(O)cc(O)c12,497.35,5.625,102.93,4,6,4,0.087,4,4,1,True,False,False,1,halogenated_ring_2,False,,,C(N*)c1c(F)c(F)c(F)cc1|FC(F)(*)F,0.8324659,8.457,10.632,2.8626
Nc1cc(-c2oc3cc(O)cc(O)c3c(=O)c2O)ccc1-c1cc(F)cc(F)c1F,415.32,4.243,116.92,4,6,2,0.0,4,4,0,True,True,False,2,aniline;halogenated_ring_1,False,,,*N|c1(F)c(F)cc(F)cc1*,0.8319382,8.407,12.238,2.7911
Nc1cc(-c2oc3cc(O)cc(O)c3c(=O)c2O)ccc1-c1c(F)c(F)c(F)c(F)c1F,451.3,4.522,116.92,4,6,2,0.0,4,4,0,True,True,False,3,aniline;halogenated_ring_1;halogenated_ring_2,False,,,Fc1c(F)c(F)c(F)c(*)c1F|*N,0.8314618,8.428,11.839,2.976
O=c1c(O)c(-c2ccc(C(F)(F)F)c(Nc3cc(F)c(F)o3)c2)oc2cc(O)cc(O)c12,455.29,5.21,116.07,4,7,3,0.05,4,4,1,True,False,False,0,,True,,,FC(F)(F)*|o1c(N*)cc(F)c1F,0.8309684,8.499,11.365,3.2709
Nc1cc(-c2oc3cc(O)cc(O)c3c(=O)c2O)ccc1NCc1ccccc1F,408.39,3.91,128.95,5,7,4,0.045,4,4,0,True,False,False,1,aniline,False,,,N*|C(N*)c1c(F)cccc1,0.8301272,8.402,11.061,2.5726
Nc1ccc(-c2oc3cc(O)cc(O)c3c(=O)c2O)cc1Nc1cc(F)c(F)cc1F,430.34,4.32,128.95,5,7,3,0.0,4,4,0,True,False,False,2,aniline;halogenated_ring_1,False,,,N*|c1(F)c(F)cc(F)c(N*)c1,0.8290673,8.7,9.299,2.7609
Nc1cc(-c2oc3cc(O)cc(O)c3c(=O)c2O)ccc1Cc1cccc(O)c1O,407.38,3.161,157.38,6,8,3,0.045,4,4,1,True,False,False,3,aniline;catechol;catechol_A(92),False,,O=c1cc(-c2ccc(Cc3ccccc3)cc2)oc2ccccc12,*N|c1(O)c(O)cccc1C*,0.828141,8.509,9.889,2.7875
Nc1cc(-c2oc3cc(O)cc(O)c3c(=O)c2O)ccc1Nc1c(F)c(F)cc(F)c1F,448.33,4.459,128.95,5,7,3,0.0,4,4,0,True,False,False,2,aniline;halogenated_ring_1,False,,,*Nc1c(F)c(F)cc(F)c1F|*N,0.8273028,8.405,11.213,2.899
O=c1c(O)c(-c2ccc(Nc3c(F)cccc3F)c(C(F)(F)F)c2)oc2cc(O)cc(O)c12,465.33,5.617,102.93,4,6,3,0.045,4,4,1,True,False,False,0,,True,,,Fc1c(N*)c(F)ccc1|FC(*)(F)F,0.8265547,8.392,11.058,2.7546
Nc1cc(-c2oc3cc(O)cc(O)c3c(=O)c2O)ccc1-c1c(F)c(F)cc(F)c1F,433.31,4.382,116.92,4,6,2,0.0,4,4,0,True,True,False,2,aniline;halogenated_ring_1,False,,,Fc1c(*)c(F)c(F)cc1F|N*,0.8262504,8.389,11.959,2.9205
Nc1cc(-c2oc3cc(O)cc(O)c3c(=O)c2O)ccc1-c1ccc(O)c(O)c1,393.35,3.237,157.38,6,8,2,0.0,4,4,1,True,False,False,3,aniline;catechol;catechol_A(92),False,,O=c1cc(-c2ccc(-c3ccccc3)cc2)oc2ccccc12,*N|c1c(O)c(O)ccc1*,0.8258585,8.38,11.172,2.6882
Nc1cc(-c2oc3cc(O)cc(O)c3c(=O)c2O)ccc1Nc1c(F)c(F)c(F)c(F)c1F,466.32,4.598,128.95,5,7,3,0.0,4,4,0,True,False,False,3,aniline;halogenated_ring_1;halogenated_ring_2,False,,,c1(F)c(F)c(F)c(F)c(F)c1N*|*N,0.8251891,8.482,10.063,2.9676
Nc1cc(-c2oc3cc(O)cc(O)c3c(=O)c2O)ccc1-c1c(F)cc(F)c(F)c1F,433.31,4.382,116.92,4,6,2,0.0,4,4,0,True,True,False,3,aniline;halogenated_ring_1;halogenated_ring_2,False,,,*c1c(F)c(F)c(F)cc1F|N*,0.8246498,8.385,11.361,2.8901
O=c1c(O)c(-c2ccc(-c3ccc(F)cc3)c(-c3ccccc3O)c2)oc2cc(O)cc(O)c12,456.43,5.756,111.13,4,6,3,0.0,5,5,1,True,False,False,0,,True,,O=c1cc(-c2ccc(-c3ccccc3)c(-c3ccccc3)c2)oc2ccccc12,c1(F)ccc(*)cc1|c1(O)ccccc1*,0.8245637,8.993,8.844,2.5479
Nc1cc(-c2oc3cc(O)cc(O)c3c(=O)c2O)ccc1NCc1ccc(O)cc1,406.39,3.477,149.18,6,8,4,0.045,4,4,1,True,False,False,1,aniline,False,,,C(N*)c1ccc(O)cc1|N*,0.8243628,8.401,10.454,2.5813
Nc1ccc(-c2oc3cc(O)cc(O)c3c(=O)c2O)cc1Nc1ccc(F)c(F)c1,412.35,4.181,128.95,5,7,3,0.0,4,4,0,True,False,False,1,aniline,False,,,c1(F)ccc(N*)cc1F|N*,0.8242831,8.368,11.156,2.6263
Nc1cc(-c2oc3cc(O)cc(O)c3c(=O)c2O)ccc1NCc1cc(F)cc(F)c1,426.38,4.049,128.95,5,7,4,0.045,4,4,0,True,False,False,1,aniline,False,,,*NCc1cc(F)cc(F)c1|*N,0.8238755,8.468,9.924,2.6916
O=c1c(O)c(-c2ccc(NCc3c(F)ccc(F)c3F)c(C(F)(F)F)c2)oc2cc(O)cc(O)c12,497.35,5.625,102.93,4,6,4,0.087,4,4,1,True,False,False,1,halogenated_ring_1,False,,,*NCc1c(F)c(F)ccc1F|FC(F)(F)*,0.8232632,8.379,11.235,2.8808
Cc1cc(=O)c(F)c(Nc2ccc(-c3oc4cc(O)cc(O)c4c(=O)c3O)cc2C(F)(F)F)o1,479.34,4.74,133.14,4,8,3,0.091,4,4,0,True,False,False,0,,True,,,*Nc1oc(C)cc(=O)c1F|FC(*)(F)F,0.8228118,8.601,9.628,3.1745
Nc1cc(-c2oc3cc(O)cc(O)c3c(=O)c2O)ccc1-c1ccc(F)c(F)c1F,415.32,4.243,116.92,4,6,2,0.0,4,4,0,True,True,False,2,aniline;halogenated_ring_2,False,,,N*|c1cc(F)c(F)c(F)c1*,0.8226342,8.355,11.752,2.7529
Nc1cc(-c2oc3cc(O)cc(O)c3c(=O)c2O)ccc1-c1cc(F)ccc1O,395.34,3.671,137.15,5,7,2,0.0,4,4,0,True,False,False,1,aniline,False,,,c1cc(O)c(*)cc1F|*N,0.8225135,8.377,10.752,2.6895
CC(C)=C(c1cccc(O)c1)c1ccc(-c2oc3cc(O)cc(O)c3c(=O)c2O)cc1N,431.44,4.706,137.15,5,7,3,0.08,4,4,0,True,False,False,1,aniline,False,,,*C(=C(C)C)c1cccc(O)c1|*N,0.8218445,8.408,10.545,2.9399
Nc1cc(-c2oc3cc(O)cc(O)c3c(=O)c2O)ccc1-c1cnoc1N,367.32,2.396,168.97,5,9,2,0.0,4,4,0,True,False,False,1,aniline,False,,,n1oc(N)c(*)c1|N*,0.821756,8.43,10.505,3.0682
O=c1c(O)c(-c2ccc(C(F)(F)F)c(-c3cccc(F)c3)c2)oc2cc(O)cc(O)c12,432.33,5.402,90.9,3,5,2,0.045,4,4,1,True,True,False,0,,True,,,c1(F)cccc(*)c1|FC(*)(F)F,0.8209137,8.359,10.878,2.6353
O=c1c(O)c(-c2ccc(C(F)(F)F)c(Nc3occc3F)c2)oc2cc(O)cc(O)c12,437.3,5.071,116.07,4,7,3,0.05,4,4,1,True,False,False,0,,True,,,o1c(N*)c(F)cc1|FC(*)(F)F,0.820898,8.445,10.406,3.1288
Nc1ccc(-c2oc3cc(O)cc(O)c3c(=O)c2O)cc1Nc1ccc(F)cc1F,412.35,4.181,128.95,5,7,3,0.0,4,4,0,True,False,False,1,aniline,False,,,c1(F)cc(F)ccc1N*|N*,0.82036,8.358,10.831,2.6373
Nc1cc(-c2oc3cc(O)cc(O)c3c(=O)c2O)ccc1Nc1ccccc1F,394.36,4.042,128.95,5,7,3,0.0,4,4,0,True,False,False,1,aniline,False,,,N*|c1(F)ccccc1N*,0.8201801,8.376,10.448,2.5544
CNc1ccc(-c2oc3cc(O)cc(O)c3c(=O)c2O)cc1-c1cccc(F)c1,393.37,4.425,102.93,4,6,3,0.045,4,4,0,True,True,False,0,,True,,,*NC|c1c(F)cc(*)cc1,0.8196507,8.337,11.28,2.5892
Nc1cc(-c2oc3cc(O)cc(O)c3c(=O)c2O)ccc1Nc1c(F)cc(F)c(F)c1F,448.33,4.459,128.95,5,7,3,0.0,4,4,0,True,False,False,3,aniline;halogenated_ring_1;halogenated_ring_2,False,,,Fc1c(F)c(N*)c(F)cc1F|N*,0.8193057,8.394,10.466,2.8989
Cc1ccc(-c2oc3cc(O)cc(O)c3c(=O)c2O)cc1-c1ccc(O)cc1,376.36,4.258,111.13,4,6,2,0.045,4,4,0,True,True,False,0,,True,,,c1c(*)ccc(O)c1|C*,0.8189132,8.338,10.943,2.4564
Nc1cc(-c2oc3cc(O)cc(O)c3c(=O)c2O)ccc1Cc1cc(F)ccc1F,411.36,4.028,116.92,4,6,3,0.045,4,4,0,True,True,False,1,aniline,False,,,c1(F)ccc(F)cc1C*|N*,0.8186639,8.448,9.86,2.7028
Nc1cc(-c2oc3cc(O)cc(O)c3c(=O)c2O)ccc1Nc1ccccc1O,392.37,3.608,149.18,6,8,3,0.0,4,4,1,True,False,False,2,aniline;catechol,False,,,Oc1c(N*)cccc1|N*,0.8184792,8.355,10.662,2.6199
Nc1ccc(-c2oc3cc(O)cc(O)c3c(=O)c2O)cc1Nc1c(F)c(F)c(F)c(F)c1F,466.32,4.598,128.95,5,7,3,0.0,4,4,0,True,False,False,3,aniline;halogenated_ring_1;halogenated_ring_2,False,,,N(c1c(F)c(F)c(F)c(F)c1F)*|N*,0.8181481,8.558,9.52,2.9718
O=c1c(O)c(-c2ccc(-c3ccccc3F)c(C(F)(F)F)c2)oc2cc(O)cc(O)c12,432.33,5.402,90.9,3,5,2,0.045,4,4,1,True,True,False,0,,True,,,c1ccc(*)c(F)c1|FC(F)(F)*,0.8176004,8.323,11.463,2.6124
O=c1c(O)c(-c2ccc(Nc3ccc(F)c(F)c3)c(C(F)(F)F)c2)oc2cc(O)cc(O)c12,465.33,5.617,102.93,4,6,3,0.045,4,4,1,True,False,False,0,,True,,,c1(F)c(F)ccc(N*)c1|FC(F)(*)F,0.8175043,8.334,11.16,2.7021
Nc1ccc(-c2oc3cc(O)cc(O)c3c(=O)c2O)cc1-c1cccc(F)c1,379.34,3.965,116.92,4,6,2,0.0,4,4,0,True,True,False,1,aniline,False,,,N*|c1(F)cc(*)ccc1,0.8168836,8.312,11.748,2.5423
O=c1c(O)c(-c2ccc(C(F)(F)F)c(Nc3cc(F)c(F)cc3F)c2)oc2cc(O)cc(O)c12,483.32,5.757,102.93,4,6,3,0.045,4,4,1,True,False,False,1,halogenated_ring_1,False,,,FC(F)(*)F|c1c(F)c(N*)cc(F)c1F,0.8166535,8.994,8.803,2.8544
O=c1c(O)c(-c2ccc(C(F)(F)F)c(-c3cc(F)c(F)s3)c2)oc2cc(O)cc(O)c12,456.34,5.602,119.14,3,6,2,0.05,4,4,1,True,False,False,0,,True,,,FC(F)(F)*|s1c(F)c(F)cc1*,0.8163328,8.422,10.391,3.1445
O=c1c(O)c(-c2ccc(C(F)F)c(Nc3cccc(F)c3)c2)oc2cc(O)cc(O)c12,429.35,5.397,102.93,4,6,4,0.045,4,4,1,True,True,False,0,,True,,,FC(F)*|*Nc1cccc(F)c1,0.8159747,8.35,10.701,2.7973
Cc1cc(N)ccc1Cc1cc(-c2oc3cc(O)cc(O)c3c(=O)c2O)ccc1N,404.42,3.64,142.94,5,7,3,0.087,4,4,0,True,False,False,1,aniline,False,,O=c1cc(-c2cccc(Cc3ccccc3)c2)oc2ccccc12,Nc1cc(C)c(C*)cc1|N*,0.8158998,8.399,10.088,2.7524
O=c1c(O)c(-c2ccc(-c3ccccc3)c(Nc3ccccc3)c2)oc2cc(O)cc(O)c12,437.45,5.987,102.93,4,6,4,0.0,5,5,1,True,False,False,0,,True,,,c1(N*)ccccc1|c1cccc(*)c1,0.815806,8.674,9.119,2.4255
Nc1cc(-c2oc3cc(O)cc(O)c3c(=O)c2O)ccc1Nc1cc(F)ccc1F,412.35,4.181,128.95,5,7,3,0.0,4,4,0,True,False,False,1,aniline,False,,,*N|N(*)c1cc(F)ccc1F,0.8157583,8.332,10.851,2.6506
O=c1c(O)c(-c2ccc(Nc3ccc(F)cc3F)c(C(F)F)c2)oc2cc(O)cc(O)c12,447.34,5.536,102.93,4,6,4,0.045,4,4,1,True,True,False,0,,True,,,c1c(F)ccc(N*)c1F|FC(F)*,0.8148007,8.323,11.254,2.7944
C=Cc1cc(-c2oc3cc(O)cc(O)c3c(=O)c2O)ccc1Nc1cc(F)cc(F)c1,423.37,5.242,102.93,4,6,4,0.0,4,4,1,True,True,False,0,,True,,,*C=C|*Nc1cc(F)cc(F)c1,0.8142554,8.328,11.132,2.8514
Nc1cc(-c2oc3cc(O)cc(O)c3c(=O)c2O)ccc1-c1c(F)ccc(F)c1F,415.32,4.243,116.92,4,6,2,0.0,4,4,0,True,True,False,2,aniline;halogenated_ring_1,False,,,c1(F)c(F)ccc(F)c1*|N*,0.8141412,8.334,10.812,2.794
Nc1cc(-c2oc3cc(O)cc(O)c3c(=O)c2O)ccc1Nc1cc(F)cc(F)c1F,430.34,4.32,128.95,5,7,3,0.0,4,4,0,True,False,False,2,aniline;halogenated_ring_1,False,,,N(c1c(F)c(F)cc(F)c1)*|N*,0.8139415,8.33,10.881,2.7948
Nc1ccc(-c2oc3cc(O)cc(O)c3c(=O)c2O)cc1-c1cccc(F)c1F,397.33,4.104,116.92,4,6,2,0.0,4,4,0,True,True,False,1,aniline,False,,,N*|Fc1cccc(*)c1F,0.8139215,8.299,11.976,2.6612
Nc1ccc(-c2oc3cc(O)cc(O)c3c(=O)c2O)cc1Nc1cc(F)cc(F)c1F,430.34,4.32,128.95,5,7,3,0.0,4,4,0,True,False,False,2,aniline;halogenated_ring_1,False,,,c1(F)c(N*)cc(F)cc1F|N*,0.8137531,8.376,10.206,2.7993
O=c1c(O)c(-c2ccc(Nc3c(F)ccc(F)c3F)c(C(F)F)c2)oc2cc(O)cc(O)c12,465.33,5.675,102.93,4,6,4,0.045,4,4,1,True,False,False,1,halogenated_ring_1,False,,,c1(F)c(N*)c(F)c(F)cc1|FC(*)F,0.8132674,8.351,10.678,2.9477
O=c1c(O)c(-c2ccc(Nc3cccc(F)c3F)c(C(F)(F)F)c2)oc2cc(O)cc(O)c12,465.33,5.617,102.93,4,6,3,0.045,4,4,1,True,False,False,0,,True,,,N(*)c1cccc(F)c1F|FC(F)(F)*,0.8121321,8.322,10.776,2.761
O=c1c(O)c(-c2ccc(Nc3c(F)cc(F)cc3F)c(C(F)(F)F)c2)oc2cc(O)cc(O)c12,483.32,5.757,102.93,4,6,3,0.045,4,4,1,True,False,False,0,,True,,,c1c(F)cc(F)c(N*)c1F|FC(F)(*)F,0.8120666,8.366,10.251,2.8498
O=c1c(O)c(-c2ccc(-c3ccc(F)cc3F)c(-c3ccc(F)cc3)c2)oc2cc(O)cc(O)c12,476.41,6.328,90.9,3,5,3,0.0,5,5,1,True,False,False,0,,True,,,Fc1ccc(*)cc1|c1cc(F)cc(F)c1*,0.8119353,8.94,8.778,2.5844
O=c1c(O)c(-c2ccc(-c3ccc(F)cc3)c(C(F)(F)F)c2)oc2cc(O)cc(O)c12,432.33,5.402,90.9,3,5,2,0.045,4,4,1,True,True,False,0,,True,,,FC(F)(F)*|c1cc(F)ccc1*,0.8119321,8.281,12.509,2.5692
O=c1c(O)c(-c2ccc(C(F)(F)F)c(-c3ccccc3F)c2)oc2cc(O)cc(O)c12,432.33,5.402,90.9,3,5,2,0.045,4,4,1,True,True,False,0,,True,,,*c1ccccc1F|FC(F)(F)*,0.8112457,8.292,11.312,2.6276
Nc1cc(-c2oc3cc(O)cc(O)c3c(=O)c2O)ccc1Nc1ccc(O)c(O)c1,408.37,3.314,169.41,7,9,3,0.0,4,4,1,True,False,False,4,aniline;catechol;catechol_A(92);hydroquinone,False,,,N*|c1c(O)c(O)ccc1N*,0.8106776,8.324,10.527,2.7015
O=c1c(O)c(-c2ccc(C(F)(F)F)c(-c3cc(F)c(F)c(F)c3)c2)oc2cc(O)cc(O)c12,468.31,5.68,90.9,3,5,2,0.045,4,4,1,True,True,False,1,halogenated_ring_2,False,,,Fc1c(F)cc(*)cc1F|FC(F)(*)F,0.8106367,8.297,11.567,2.8281
Nc1cc(-c2oc3cc(O)cc(O)c3c(=O)c2O)ccc1-c1c(N)c(F)c(O)c(F)c1F,446.34,3.531,163.17,6,8,2,0.0,4,4,1,True,False,False,2,aniline;halogenated_ring_1,False,,,Fc1c(O)c(F)c(F)c(*)c1N|N*,0.8106311,8.352,11.162,3.1605
O=c1c(O)c(-c2ccc(NCc3c(F)cccc3F)c(C(F)(F)F)c2)oc2cc(O)cc(O)c12,479.36,5.486,102.93,4,6,4,0.087,4,4,1,True,True,False,0,,True,,,C(N*)c1c(F)cccc1F|FC(*)(F)F,0.8103825,8.289,11.754,2.7741
O=c1c(O)c(-c2ccc(C(F)(F)F)c(NCc3ccc(F)c(F)c3)c2)oc2cc(O)cc(O)c12,479.36,5.486,102.93,4,6,4,0.087,4,4,1,True,True,False,0,,True,,,*NCc1cc(F)c(F)cc1|FC(*)(F)F,0.8103495,8.712,9.027,2.7515
CN(c1ccc(-c2oc3cc(O)cc(O)c3c(=O)c2O)cc1N)c1ccc(F)c(F)c1F,444.37,4.344,120.16,4,7,3,0.045,4,4,0,True,True,False,2,aniline;halogenated_ring_2,False,,,*N(c1c(F)c(F)c(F)cc1)C|N*,0.8103217,8.386,10.099,2.9637
Nc1cc(-c2oc3cc(O)cc(O)c3c(=O)c2O)ccc1-c1c(F)oc(F)c1F,405.28,3.836,130.06,4,7,2,0.0,4,4,0,True,False,False,1,aniline,False,,,o1c(F)c(*)c(F)c1F|N*,0.8098576,8.361,11.894,3.2643
Nc1cc(-c2oc3cc(O)cc(O)c3c(=O)c2O)ccc1-c1cc(F)c(F)cc1F,415.32,4.243,116.92,4,6,2,0.0,4,4,0,True,True,False,2,aniline;halogenated_ring_1,False,,,Fc1c(F)cc(F)c(*)c1|N*,0.8093507,8.279,12.006,2.7437
Nc1cc(-c2oc3cc(O)cc(O)c3c(=O)c2O)ccc1Nc1ccc2c(c1)CNN=CN2,445.44,3.361,165.37,7,10,3,0.043,5,4,1,True,False,False,2,anil_NH_alk_B(3);aniline,False,,,N*|C1c2c(ccc(N*)c2)NC=NN1,0.8092444,8.885,8.98,3.3085
Nc1cc(-c2oc3cc(O)cc(O)c3c(=O)c2O)ccc1Nc1cc(F)c(F)c(F)c1F,448.33,4.459,128.95,5,7,3,0.0,4,4,0,True,False,False,3,aniline;halogenated_ring_1;halogenated_ring_2,False,,,Fc1c(F)c(F)c(F)cc1N*|N*,0.8090371,8.349,10.28,2.8824
O=c1c(O)c(-c2ccc(Nc3ccccc3F)c(Nc3cccc(O)c3)c2)oc2cc(O)cc(O)c12,486.46,5.909,135.19,6,8,5,0.0,5,5,2,False,False,False,0,,True,,O=c1cc(-c2ccc(Nc3ccccc3)c(Nc3ccccc3)c2)oc2ccccc12,Oc1cccc(N*)c1|N(c1ccccc1F)*,0.8085402,8.704,9.011,2.7019
O=c1c(O)c(-c2ccc(C(F)(F)F)c(-c3ccco3)c2)oc2cc(O)cc(O)c12,404.3,4.856,104.04,3,6,2,0.05,4,4,0,True,True,False,0,,True,,,FC(F)(F)*|o1cccc1*,0.8079544,8.319,10.453,2.7755
Nc1ccc(-c2oc3cc(O)cc(O)c3c(=O)c2O)cc1Nc1c(F)cc(N)c(F)c1F,445.35,3.902,154.97,6,8,3,0.0,4,4,1,True,False,False,2,aniline;halogenated_ring_1,False,,,N*|*Nc1c(F)c(F)c(N)cc1F,0.8077861,8.923,8.811,3.0037
O=c1c(O)c(-c2ccc(-c3ccncc3)c(-c3ccccc3F)c2)oc2cc(O)cc(O)c12,441.41,5.445,103.79,3,6,3,0.0,5,5,1,True,True,False,0,,True,,,c1c(F)c(*)ccc1|n1ccc(*)cc1,0.8076094,8.59,9.173,2.5838
O=c1c(O)c(-c2ccc(Nc3cccc(F)c3)c(C(F)(F)F)c2)oc2cc(O)cc(O)c12,447.34,5.478,102.93,4,6,3,0.045,4,4,1,True,True,False,0,,True,,,c1c(F)cccc1N*|FC(*)(F)F,0.8074215,8.309,10.44,2.6456
Nc1cc(-c2oc3cc(O)cc(O)c3c(=O)c2O)ccc1-c1coc(F)c1F,387.29,3.697,130.06,4,7,2,0.0,4,4,0,True,False,False,1,aniline,False,,,*N|o1c(F)c(F)c(*)c1,0.8072599,8.323,11.504,3.1484
Cc1cc(-c2cc(-c3oc4cc(O)cc(O)c4c(=O)c3O)ccc2C(F)(F)F)ccc1O,444.36,5.277,111.13,4,6,2,0.087,4,4,1,True,False,False,0,,True,,O=c1cc(-c2cccc(-c3ccccc3)c2)oc2ccccc12,C(F)(*)(F)F|Cc1cc(*)ccc1O,0.8064585,8.292,10.723,2.7402
Nc1cc(-c2oc3cc(O)cc(O)c3c(=O)c2O)ccc1Nc1c(F)cc(F)c(Cl)c1F,464.78,4.973,128.95,5,7,3,0.0,4,4,0,True,False,False,3,aniline;halogenated_ring_1;halogenated_ring_2,False,,,N(*)c1c(F)c(Cl)c(F)cc1F|N*,0.806455,8.329,10.503,2.9912
Nc1ccc(-c2oc3cc(O)cc(O)c3c(=O)c2O)cc1-c1cccc(O)c1,377.35,3.532,137.15,5,7,2,0.0,4,4,0,True,False,False,1,aniline,False,,,c1(*)cccc(O)c1|N*,0.8057622,8.259,11.435,2.598
Nc1cccc(-c2cc(-c3oc4cc(O)cc(O)c4c(=O)c3O)ccc2N)c1,376.37,3.408,142.94,5,7,2,0.0,4,4,0,True,False,False,1,aniline,False,,O=c1cc(-c2cccc(-c3ccccc3)c2)oc2ccccc12,c1c(N)cccc1*|*N,0.805424,8.262,11.225,2.6103
Nc1cc(-c2oc3cc(O)cc(O)c3c(=O)c2O)ccc1NCc1ccc(F)cc1F,426.38,4.049,128.95,5,7,4,0.045,4,4,0,True,False,False,1,aniline,False,,,*NCc1ccc(F)cc1F|N*,0.8046213,8.271,10.868,2.6588
Nc1cc(-c2oc3cc(O)cc(O)c3c(=O)c2O)ccc1Nc1cc(F)c(F)c(F)c1,430.34,4.32,128.95,5,7,3,0.0,4,4,0,True,False,False,2,aniline;halogenated_ring_2,False,,,c1c(F)c(F)c(F)cc1N*|*N,0.8041613,8.31,10.293,2.7602
Nc1cc(-c2oc3cc(O)cc(O)c3c(=O)c2O)ccc1Nc1c(F)coc1F,402.31,3.774,142.09,5,8,3,0.0,4,4,0,True,False,False,1,aniline,False,,,o1c(F)c(N*)c(F)c1|N*,0.8035792,8.363,10.327,3.191
Nc1cc(-c2oc3cc(O)cc(O)c3c(=O)c2O)ccc1Oc1ccccc1F,395.34,4.09,126.15,4,7,3,0.0,4,4,0,True,False,False,1,aniline,False,,,*N|c1cccc(F)c1O*,0.803317,8.308,10.154,2.5463
O=c1c(O)c(-c2ccc(NCc3cc(F)ccc3F)c(C(F)(F)F)c2)oc2cc(O)cc(O)c12,479.36,5.486,102.93,4,6,4,0.087,4,4,1,True,True,False,0,,True,,,C(N*)c1cc(F)ccc1F|FC(F)(*)F,0.8030082,8.255,11.299,2.7483
Nc1cc(-c2oc3cc(O)cc(O)c3c(=O)c2O)ccc1Nc1c(F)cccc1F,412.35,4.181,128.95,5,7,3,0.0,4,4,0,True,False,False,1,aniline,False,,,c1ccc(F)c(N*)c1F|N*,0.8023566,8.255,11.009,2.6786
Nc1cc(-c2oc3cc(O)cc(O)c3c(=O)c2O)ccc1-c1nc(F)c(F)cc1F,416.31,3.638,129.81,4,7,2,0.0,4,4,0,True,True,False,2,2-halo_pyridine;aniline,False,,,*N|*c1c(F)cc(F)c(F)n1,0.8021556,8.261,12.28,2.9839
Nc1cc(-c2oc3cc(O)cc(O)c3c(=O)c2O)ccc1-c1cccc(F)c1,379.34,3.965,116.92,4,6,2,0.0,4,4,0,True,True,False,1,aniline,False,,,N*|c1c(*)cccc1F,0.8020139,8.239,11.347,2.5493
Nc1ccc(-c2oc3cc(O)cc(O)c3c(=O)c2O)cc1Nc1c(F)ccc(F)c1F,430.34,4.32,128.95,5,7,3,0.0,4,4,0,True,False,False,2,aniline;halogenated_ring_1,False,,,N(*)c1c(F)c(F)ccc1F|N*,0.8013334,8.25,11.286,2.7996
Nc1cc(-c2oc3cc(O)cc(O)c3c(=O)c2O)ccc1NCc1ccccc1,390.4,3.771,128.95,5,7,4,0.045,4,4,0,True,False,False,1,aniline,False,,,N*|c1ccc(CN*)cc1,0.8011863,8.241,10.986,2.4622
Nc1ccccc1CNc1ccc(-c2oc3cc(O)cc(O)c3c(=O)c2O)cc1N,405.41,3.353,154.97,6,8,4,0.045,4,4,1,True,False,False,1,aniline,False,,,C(N*)c1c(N)cccc1|N*,0.8011432,8.255,10.79,2.6446
Nc1cc(-c2oc3cc(O)cc(O)c3c(=O)c2O)ccc1-c1c(F)cccc1F,397.33,4.104,116.92,4,6,2,0.0,4,4,0,True,True,False,1,aniline,False,,,N*|Fc1cccc(F)c1*,0.8009351,8.245,11.105,2.6848
Nc1cc(-c2oc3cc(O)cc(O)c3c(=O)c2O)ccc1Nc1ccc(F)c(F)c1,412.35,4.181,128.95,5,7,3,0.0,4,4,0,True,False,False,1,aniline,False,,,N*|c1(F)c(F)ccc(N*)c1,0.8001429,8.257,10.619,2.6217
Cc1cc(F)c(Nc2ccc(-c3oc4cc(O)cc(O)c4c(=O)c3O)cc2N)o1,398.35,3.943,142.09,5,8,3,0.05,4,4,0,True,False,False,1,aniline,False,,,*Nc1oc(C)cc1F|*N,0.799296,8.297,10.596,3.082
Nc1ccc(-c2oc3cc(O)cc(O)c3c(=O)c2O)cc1Nc1cccc(F)c1F,412.35,4.181,128.95,5,7,3,0.0,4,4,0,True,False,False,1,aniline,False,,,c1(F)c(F)cccc1N*|N*,0.7988689,8.247,10.752,2.6901
NCCNc1cc(-c2oc3cc(O)cc(O)c3c(=O)c2O)ccc1-c1cc(F)cc(F)c1,440.4,3.893,128.95,5,7,5,0.087,4,4,0,True,False,False,0,,True,,,*NCCN|Fc1cc(F)cc(*)c1,0.7986723,8.32,9.967,2.7996
Nc1cc(-c2oc3cc(O)cc(O)c3c(=O)c2O)ccc1Nc1oc(F)c(F)c1F,420.3,3.913,142.09,5,8,3,0.0,4,4,0,True,False,False,1,aniline,False,,,c1(F)c(N*)oc(F)c1F|N*,0.7985462,8.33,10.559,3.2452
O=c1c(O)c(-c2ccc(-c3c(F)c(F)c(F)c(F)c3F)c(C(F)(F)F)c2)oc2cc(O)cc(O)c12,504.29,5.958,90.9,3,5,2,0.045,4,4,2,False,True,False,2,halogenated_ring_1;halogenated_ring_2,False,,,Fc1c(F)c(F)c(F)c(*)c1F|FC(F)(*)F,0.798488,8.285,10.576,3.0256
O=c1c(O)c(-c2ccc(C(F)(F)F)c(-c3ccc(F)c(F)c3)c2)oc2cc(O)cc(O)c12,450.32,5.541,90.9,3,5,2,0.045,4,4,1,True,True,False,0,,True,,,c1(F)c(F)ccc(*)c1|FC(*)(F)F,0.7982799,8.226,11.355,2.6958
O=c1c(O)c(-c2ccc(-c3ccccc3)c(C(F)F)c2)oc2cc(O)cc(O)c12,396.35,5.181,90.9,3,5,3,0.045,4,4,1,True,True,False,0,,True,,,c1c(*)cccc1|FC(*)F,0.7980947,8.224,11.188,2.5993
Nc1ccc(-c2oc3cc(O)cc(O)c3c(=O)c2O)cc1-c1oc(F)c(F)c1F,405.28,3.836,130.06,4,7,2,0.0,4,4,0,True,False,False,1,aniline,False,,,N*|o1c(*)c(F)c(F)c1F,0.7975805,8.298,11.115,3.2365
Nc1cc(-c2oc3cc(O)cc(O)c3c(=O)c2O)ccc1-c1c(F)cc(F)cc1F,415.32,4.243,116.92,4,6,2,0.0,4,4,0,True,True,False,1,aniline,False,,,c1(F)c(*)c(F)cc(F)c1|N*,0.7966505,8.235,10.896,2.7798
Nc1cc(-c2oc3cc(O)cc(O)c3c(=O)c2O)ccc1Nc1ccc(O)cc1,392.37,3.608,149.18,6,8,3,0.0,4,4,1,True,False,False,2,aniline;hydroquinone,False,,,*N|c1c(N*)ccc(O)c1,0.7961539,8.241,10.499,2.5729
Nc1cc(-c2oc3cc(O)cc(O)c3c(=O)c2O)ccc1Nc1ccc(F)c(F)c1F,430.34,4.32,128.95,5,7,3,0.0,4,4,0,True,False,False,2,aniline;halogenated_ring_2,False,,,c1cc(F)c(F)c(F)c1N*|*N,0.7950173,8.272,10.171,2.7624
Nc1cc(-c2oc3cc(O)cc(O)c3c(=O)c2O)ccc1-c1cc(F)c(N)c(F)c1,412.35,3.686,142.94,5,7,2,0.0,4,4,0,True,False,False,1,aniline,False,,,c1(F)c(N)c(F)cc(*)c1|N*,0.7950042,8.212,11.764,2.829
Nc1cc(-c2oc3cc(O)cc(O)c3c(=O)c2O)ccc1Nc1cc(Cl)c(F)cc1F,446.79,4.834,128.95,5,7,3,0.0,4,4,0,True,False,False,2,aniline;halogenated_ring_1,False,,,c1(F)c(Cl)cc(N*)c(F)c1|N*,0.7949954,8.275,10.143,2.7643
Nc1cc(-c2oc3cc(O)cc(O)c3c(=O)c2O)ccc1Nc1c(F)sc(F)c1F,436.37,4.381,157.19,5,8,3,0.0,4,4,0,True,False,False,1,aniline,False,,,s1c(F)c(F)c(N*)c1F|*N,0.7948062,8.301,10.593,3.2221
O=c1c(O)c(-c2ccc(Nc3cc(F)c(F)c(F)c3)c(C(F)F)c2)oc2cc(O)cc(O)c12,465.33,5.675,102.93,4,6,4,0.045,4,4,1,True,False,False,1,halogenated_ring_2,False,,,FC(F)*|N(c1cc(F)c(F)c(F)c1)*,0.7947613,8.287,10.14,2.9147
Nc1cc(-c2oc3cc(O)cc(O)c3c(=O)c2O)ccc1-c1ccc(F)cc1,379.34,3.965,116.92,4,6,2,0.0,4,4,0,True,True,False,1,aniline,False,,,*N|Fc1ccc(*)cc1,0.7942739,8.196,11.423,2.4968
Nc1cc(-c2ccc(-c3oc4cc(O)cc(O)c4c(=O)c3O)cc2C(F)(F)F)oc1F,437.3,4.577,130.06,4,7,2,0.05,4,4,0,True,False,False,0,,True,,,o1c(*)cc(N)c1F|FC(*)(F)F,0.7940373,8.246,12.227,3.1589
Nc1cccc(Nc2ccc(-c3oc4cc(O)cc(O)c4c(=O)c3O)cc2N)c1,391.38,3.485,154.97,6,8,3,0.0,4,4,1,True,False,False,1,aniline,False,,,c1(N*)cc(N)ccc1|N*,0.7929875,8.246,10.252,2.636
O=c1c(O)c(-c2ccc(-c3ccccc3O)c(-c3ccccc3)c2)oc2cc(O)cc(O)c12,438.44,5.616,111.13,4,6,3,0.0,5,5,1,True,False,False,0,,True,,,c1ccc(*)cc1|c1(O)c(*)cccc1,0.7928385,8.329,9.644,2.4905
Nc1cc(-c2oc3cc(O)cc(O)c3c(=O)c2O)ccc1-c1ccc(F)c(F)c1,397.33,4.104,116.92,4,6,2,0.0,4,4,0,True,True,False,1,aniline,False,,,N*|Fc1c(F)cc(*)cc1,0.7907212,8.178,11.727,2.6114
Nc1cc(-c2oc3cc(O)cc(O)c3c(=O)c2O)ccc1-c1cc(F)ccc1F,397.33,4.104,116.92,4,6,2,0.0,4,4,0,True,True,False,1,aniline,False,,,Fc1c(*)cc(F)cc1|N*,0.790412,8.187,11.165,2.6417
Nc1cc(-c2oc3cc(O)cc(O)c3c(=O)c2O)ccc1Nc1cc(F)c(F)cc1F,430.34,4.32,128.95,5,7,3,0.0,4,4,0,True,False,False,2,aniline;halogenated_ring_1,False,,,*Nc1c(F)cc(F)c(F)c1|N*,0.7900513,8.225,10.401,2.7565
Nc1cc(-c2oc3cc(O)cc(O)c3c(=O)c2O)ccc1Nc1cc(F)c(F)c(Cl)c1F,464.78,4.973,128.95,5,7,3,0.0,4,4,0,True,False,False,3,aniline;halogenated_ring_1;halogenated_ring_2,False,,,Fc1c(Cl)c(F)c(F)cc1N*|N*,0.7899917,8.351,9.623,2.9657
Nc1ncc(-c2cc(-c3oc4cc(O)cc(O)c4c(=O)c3O)ccc2C(F)(F)F)o1,420.3,3.833,142.95,4,8,2,0.053,4,4,0,True,False,False,0,,True,,,*c1oc(N)nc1|FC(F)(*)F,0.7898409,8.225,10.94,3.0457
Nc1ccc(-c2oc3cc(O)cc(O)c3c(=O)c2O)cc1-c1ccc(F)c(F)c1F,415.32,4.243,116.92,4,6,2,0.0,4,4,0,True,True,False,2,aniline;halogenated_ring_2,False,,,c1cc(F)c(F)c(F)c1*|N*,0.7892048,8.174,12.1,2.7453
O=c1c(O)c(-c2ccc(C(F)(F)F)c(-c3cc(F)c(F)c(F)c3F)c2)oc2cc(O)cc(O)c12,486.3,5.819,90.9,3,5,2,0.045,4,4,1,True,True,False,2,halogenated_ring_1;halogenated_ring_2,False,,,Fc1c(F)c(F)c(F)cc1*|FC(F)(F)*,0.788309,8.601,8.974,2.9406
Nc1ccc(-c2oc3cc(O)cc(O)c3c(=O)c2O)cc1Nc1cc(F)c(F)c(F)c1,430.34,4.32,128.95,5,7,3,0.0,4,4,0,True,False,False,2,aniline;halogenated_ring_2,False,,,*N|Fc1c(F)cc(N*)cc1F,0.7882768,8.593,8.954,2.7647
Nc1cc(-c2oc3cc(O)cc(O)c3c(=O)c2O)ccc1Nc1ccc(F)[nH]1,383.34,3.37,144.74,6,7,3,0.0,4,4,1,True,False,False,1,aniline,False,,,[nH]1c(N*)ccc1F|N*,0.7862607,8.261,10.242,3.1307
Nc1cc(-c2oc3cc(O)cc(O)c3c(=O)c2O)ccc1Nc1cccc(F)c1F,412.35,4.181,128.95,5,7,3,0.0,4,4,0,True,False,False,1,aniline,False,,,c1(F)c(F)cccc1N*|*N,0.7854004,8.163,11.201,2.6856
Nc1cc(-c2oc3cc(O)cc(O)c3c(=O)c2O)ccc1-c1occ(F)c1F,387.29,3.697,130.06,4,7,2,0.0,4,4,0,True,False,False,1,aniline,False,,,c1oc(*)c(F)c1F|*N,0.7851703,8.219,10.792,3.1262
Nc1cc(-c2oc3cc(O)cc(O)c3c(=O)c2O)ccc1Nc1occc1F,384.32,3.635,142.09,5,8,3,0.0,4,4,0,True,False,False,1,aniline,False,,,*Nc1occc1F|N*,0.7849944,8.241,10.266,3.0657
Cc1ccc(-c2oc3cc(O)cc(O)c3c(=O)c2O)cc1-c1ccccc1F,378.36,4.691,90.9,3,5,2,0.045,4,4,0,True,True,False,0,,True,,,C*|c1cccc(F)c1*,0.7847287,8.145,11.539,2.4462
Nc1cc(-c2oc3cc(O)cc(O)c3c(=O)c2O)ccc1-c1ccccc1O,377.35,3.532,137.15,5,7,2,0.0,4,4,0,True,False,False,1,aniline,False,,,*N|c1(O)c(*)cccc1,0.7842338,8.154,11.179,2.6036
O=c1c(O)c(-c2ccc(-c3ccco3)c(Nc3ccc(F)c(F)c3)c2)oc2cc(O)cc(O)c12,463.39,5.859,116.07,4,7,4,0.0,5,5,1,True,False,False,0,,True,,,o1cccc1*|c1(F)ccc(N*)cc1F,0.784207,8.391,9.304,2.772
CNC(=N)C=CNc1cc(-c2oc3cc(O)cc(O)c3c(=O)c2O)ccc1C(F)(F)F,435.36,3.718,138.81,6,7,4,0.1,3,3,1,True,False,False,2,imine_1;imine_2,False,,,*NC=CC(NC)=N|FC(F)(*)F,0.7836064,8.241,11.125,3.3074
Nc1ccc(-c2oc3cc(O)cc(O)c3c(=O)c2O)cc1-c1c(F)c(F)cc(F)c1F,433.31,4.382,116.92,4,6,2,0.0,4,4,0,True,True,False,2,aniline;halogenated_ring_1,False,,,c1(F)c(F)cc(F)c(F)c1*|N*,0.7824636,8.152,12.345,2.916
Cc1ccc(Nc2ccc(-c3oc4cc(O)cc(O)c4c(=O)c3O)cc2-c2ccccc2)cc1,451.48,6.296,102.93,4,6,4,0.036,5,5,1,True,False,False,0,,True,,O=c1cc(-c2ccc(Nc3ccccc3)c(-c3ccccc3)c2)oc2ccccc12,*Nc1ccc(C)cc1|c1(*)ccccc1,0.7824634,8.692,8.749,2.4651
O=c1c(O)c(-c2ccc(-c3ccc(F)c(F)c3F)c(-c3ccc(F)cc3)c2)oc2cc(O)cc(O)c12,494.4,6.467,90.9,3,5,3,0.0,5,5,1,True,False,False,1,halogenated_ring_2,False,,,c1(F)c(F)c(F)ccc1*|c1cc(*)ccc1F,0.7824196,9.122,8.451,2.6957
Nc1cc(-c2oc3cc(O)cc(O)c3c(=O)c2O)ccc1-c1ccc(F)cc1F,397.33,4.104,116.92,4,6,2,0.0,4,4,0,True,True,False,1,aniline,False,,,N*|Fc1ccc(*)c(F)c1,0.7808321,8.139,11.147,2.6311
COC(=O)Nc1cc(C=Cc2ccc(-c3oc4cc(O)cc(O)c4c(=O)c3O)cc2C)ccc1C,473.48,5.542,129.23,4,7,4,0.111,4,4,1,True,False,False,1,stilbene,False,,O=c1cc(-c2ccc(C=Cc3ccccc3)cc2)oc2ccccc12,*C|N(C(OC)=O)c1cc(C=C*)ccc1C,0.7802793,8.891,8.58,2.7857
NC(=O)CNc1ccc(-c2oc3cc(O)cc(O)c3c(=O)c2O)cc1N,357.32,1.056,172.04,6,8,4,0.059,3,3,1,True,False,False,1,aniline,False,,,NC(CN*)=O|N*,0.7794634,8.234,9.802,2.7049
O=c1c(O)c(-c2ccc(-c3coc(F)c3)c(-c3cc(F)ccc3F)c2)oc2cc(O)cc(O)c12,466.37,5.921,104.04,3,6,3,0.0,5,5,1,True,False,False,0,,True,,,o1c(F)cc(*)c1|Fc1cc(*)c(F)cc1,0.7788887,8.867,8.617,3.0035
Nc1cc(-c2oc3cc(O)cc(O)c3c(=O)c2O)ccc1Nc1ccccn1,377.36,3.298,141.84,5,8,3,0.0,4,4,0,True,False,False,1,aniline,False,,,c1cnc(N*)cc1|N*,0.7786271,8.15,10.56,2.6344
Cc1cccc(-c2ccc(-c3oc4cc(O)cc(O)c4c(=O)c3O)cc2N)c1,375.38,4.134,116.92,4,6,2,0.045,4,4,0,True,True,False,1,aniline,False,,,*N|c1(C)cccc(*)c1,0.7776815,8.116,11.329,2.5276
Nc1cc(-c2oc3cc(O)cc(O)c3c(=O)c2O)ccc1-c1c(F)coc1F,387.29,3.697,130.06,4,7,2,0.0,4,4,0,True,False,False,1,aniline,False,,,o1cc(F)c(*)c1F|N*,0.7764539,8.177,11.173,3.2051
Nc1cc(-c2oc3cc(O)cc(O)c3c(=O)c2O)ccc1Nc1cc(Cl)cc(F)c1F,446.79,4.834,128.95,5,7,3,0.0,4,4,0,True,False,False,2,aniline;halogenated_ring_1,False,,,N(c1c(F)c(F)cc(Cl)c1)*|N*,0.7763659,8.159,10.381,2.8003
O=c1c(O)c(-c2ccc(C(F)(F)F)c(C(F)(F)F)c2)oc2cc(O)cc(O)c12,406.23,4.614,90.9,3,5,1,0.118,3,3,0,True,True,False,0,,True,,,FC(F)(*)F|FC(F)(*)F,0.7759475,8.122,11.131,2.7622
Cc1cc(-c2oc3cc(O)cc(O)c3c(=O)c2O)ccc1Nc1ccccc1F,393.37,4.768,102.93,4,6,3,0.045,4,4,0,True,True,False,0,,True,,,c1ccc(F)c(N*)c1|C*,0.7755042,8.098,11.745,2.4617
Nc1cc(-c2oc3cc(O)cc(O)c3c(=O)c2O)ccc1Nc1ccc(F)o1,384.32,3.635,142.09,5,8,3,0.0,4,4,0,True,False,False,1,aniline,False,,,o1c(N*)ccc1F|*N,0.7751073,8.171,10.668,3.1175
Nc1oc(F)c(-c2cc(-c3oc4cc(O)cc(O)c4c(=O)c3O)ccc2C(F)(F)F)c1F,455.29,4.716,130.06,4,7,2,0.05,4,4,0,True,False,False,0,,True,,,o1c(F)c(*)c(F)c1N|FC(*)(F)F,0.7746575,8.364,9.479,3.2889
Nc1cc(-c2oc3cc(O)cc(O)c3c(=O)c2O)ccc1-c1ccc(O)cc1O,393.35,3.237,157.38,6,8,2,0.0,4,4,1,True,False,False,1,aniline,False,,O=c1cc(-c2ccc(-c3ccccc3)cc2)oc2ccccc12,N*|Oc1ccc(*)c(O)c1,0.7745582,8.123,10.823,2.7377
O=c1c(O)c(-c2ccc(C(F)(F)F)c(Nc3ccon3)c2)oc2cc(O)cc(O)c12,420.3,4.327,128.96,4,8,3,0.053,4,4,0,True,False,False,0,,True,,,FC(*)(F)F|o1ccc(N*)n1,0.7742112,8.228,9.795,2.9604
O=c1c(O)c(-c2ccc(C(F)(F)F)c(-c3ccoc3)c2)oc2cc(O)cc(O)c12,404.3,4.856,104.04,3,6,2,0.05,4,4,0,True,True,False,0,,True,,,o1ccc(*)c1|FC(F)(*)F,0.7741067,8.133,10.725,2.8606
O=c1c(O)c(-c2ccc(-c3ccccc3)c(C(F)(F)F)c2)oc2cc(O)cc(O)c12,414.34,5.263,90.9,3,5,2,0.045,4,4,1,True,True,False,0,,True,,,c1ccccc1*|FC(*)(F)F,0.7739197,8.089,12.094,2.5094
O=c1c(O)c(-c2ccc(C(F)(F)F)c(-c3c(F)cccc3F)c2)oc2cc(O)cc(O)c12,450.32,5.541,90.9,3,5,2,0.045,4,4,1,True,True,False,0,,True,,,c1ccc(F)c(*)c1F|FC(F)(F)*,0.7737795,8.488,8.957,2.757
Cn1cc(F)c(Nc2ccc(-c3oc4cc(O)cc(O)c4c(=O)c3O)cc2N)n1,398.35,2.775,146.77,5,8,3,0.053,4,4,0,True,False,False,1,aniline,False,,,N(*)c1nn(C)cc1F|N*,0.7736439,8.182,10.148,2.9877
O=c1c(O)c(-c2ccc(-c3ccco3)c(-c3ccco3)c2)oc2cc(O)cc(O)c12,402.36,5.097,117.18,3,7,3,0.0,5,5,1,True,False,False,0,,True,,,c1ccc(*)o1|c1oc(*)cc1,0.7714873,8.104,11.021,2.7779
Nc1cc(-c2oc3cc(O)cc(O)c3c(=O)c2O)ccc1-c1ccccc1F,379.34,3.965,116.92,4,6,2,0.0,4,4,0,True,True,False,1,aniline,False,,,N*|Fc1c(*)cccc1,0.7707443,8.078,11.706,2.5474
Cc1cc(-c2oc3cc(O)cc(O)c3c(=O)c2O)ccc1NCc1ccc(O)cc1,405.41,4.203,123.16,5,7,4,0.087,4,4,0,True,True,False,0,,True,,O=c1cc(-c2ccc(NCc3ccccc3)cc2)oc2ccccc12,C*|*NCc1ccc(O)cc1,0.7707033,8.087,11.064,2.4954
Nc1cc(-c2oc3cc(O)cc(O)c3c(=O)c2O)ccc1Nc1cccc(F)c1,394.36,4.042,128.95,5,7,3,0.0,4,4,0,True,False,False,1,aniline,False,,,N*|*Nc1cccc(F)c1,0.7703301,8.105,10.585,2.564
Nc1ccc(-c2oc3cc(O)cc(O)c3c(=O)c2O)cc1-c1cc(F)c(F)cc1F,415.32,4.243,116.92,4,6,2,0.0,4,4,0,True,True,False,2,aniline;halogenated_ring_1,False,,,Fc1cc(*)c(F)cc1F|*N,0.7702435,8.081,12.018,2.7361
O=c1c(O)c(-c2ccc(-c3ccc(F)cc3)c(-c3ccccc3F)c2)oc2cc(O)cc(O)c12,458.42,6.189,90.9,3,5,3,0.0,5,5,1,True,False,False,0,,True,,,c1(*)ccccc1F|c1(F)ccc(*)cc1,0.7702261,9.145,8.355,2.5022
Nc1ccc(CNc2ccc(-c3oc4cc(O)cc(O)c4c(=O)c3O)cc2N)cc1,405.41,3.353,154.97,6,8,4,0.045,4,4,1,True,False,False,2,anil_no_alk(40);aniline,False,,O=c1cc(-c2ccc(NCc3ccccc3)cc2)oc2ccccc12,N*|c1cc(N)ccc1CN*,0.7696818,8.112,10.43,2.5998
O=c1c(O)c(-c2ccc(Nc3ccc(F)cc3)c(-c3ccccc3)c2)oc2cc(O)cc(O)c12,455.44,6.127,102.93,4,6,4,0.0,5,5,1,True,False,False,0,,True,,,c1(N*)ccc(F)cc1|c1cccc(*)c1,0.7693632,8.369,9.1,2.4789
Nc1cc(-c2oc3cc(O)cc(O)c3c(=O)c2O)ccc1Nc1ccon1,367.32,2.891,154.98,5,9,3,0.0,4,4,0,True,False,False,1,aniline,False,,,o1ccc(N*)n1|N*,0.7686737,8.138,10.239,2.8861
Cc1ccc(Nc2cc(-c3oc4cc(O)cc(O)c4c(=O)c3O)ccc2N)cc1O,406.39,3.917,149.18,6,8,3,0.045,4,4,1,True,False,False,1,aniline,False,,,N*|c1(N*)ccc(C)c(O)c1,0.7681049,8.136,10.09,2.6867
Cc1ccc(O)c(Nc2cc(-c3oc4cc(O)cc(O)c4c(=O)c3O)ccc2N)c1,406.39,3.917,149.18,6,8,3,0.045,4,4,1,True,False,False,2,aniline;catechol,False,,O=c1cc(-c2cccc(Nc3ccccc3)c2)oc2ccccc12,Oc1ccc(C)cc1N*|*N,0.7681041,8.114,10.338,2.6812
Nc1ccc(-c2oc3cc(O)cc(O)c3c(=O)c2O)cc1-c1cc(F)c(F)c(F)c1,415.32,4.243,116.92,4,6,2,0.0,4,4,0,True,True,False,2,aniline;halogenated_ring_2,False,,,N*|c1c(F)c(F)c(F)cc1*,0.7673132,8.067,12.099,2.7449
Nc1cc(-c2oc3cc(O)cc(O)c3c(=O)c2O)ccc1Nc1ccccc1,376.37,3.903,128.95,5,7,3,0.0,4,4,0,True,False,False,1,aniline,False,,,N*|c1ccc(N*)cc1,0.7669996,8.071,10.969,2.4632
O=c1c(O)c(-c2ccc(C(F)(F)F)c(-c3cccc(F)c3F)c2)oc2cc(O)cc(O)c12,450.32,5.541,90.9,3,5,2,0.045,4,4,1,True,True,False,0,,True,,,c1(F)c(F)cccc1*|FC(F)(*)F,0.7666722,8.198,9.64,2.7429
CNc1ccc(-c2ccc(-c3oc4cc(O)cc(O)c4c(=O)c3O)cc2N)c(N)c1,405.41,3.45,154.97,6,8,3,0.045,4,4,1,True,False,False,1,aniline,False,,,c1(N)cc(NC)ccc1*|N*,0.7666475,8.076,11.337,2.8138
Nc1ccc(-c2oc3cc(O)cc(O)c3c(=O)c2O)cc1NCc1c(F)cccc1F,426.38,4.049,128.95,5,7,4,0.045,4,4,0,True,False,False,1,aniline,False,,,*NCc1c(F)cccc1F|N*,0.7664167,8.102,10.404,2.6986
Nc1ccc(-c2oc3cc(O)cc(O)c3c(=O)c2O)cc1Nc1ccc(F)cc1,394.36,4.042,128.95,5,7,3,0.0,4,4,0,True,False,False,1,aniline,False,,,c1c(F)ccc(N*)c1|*N,0.7660081,8.07,10.898,2.521
O=c1c(O)c(-c2ccc(Nc3c(F)coc3F)c(C(F)(F)F)c2)oc2cc(O)cc(O)c12,455.29,5.21,116.07,4,7,3,0.05,4,4,1,True,False,False,0,,True,,,o1cc(F)c(N*)c1F|FC(*)(F)F,0.7651943,8.177,10.146,3.222
CCNN=Cc1ccc(Cc2ccc(-c3oc4cc(O)cc(O)c4c(=O)c3O)cc2C)cc1O,460.49,4.125,135.52,5,8,6,0.154,4,4,0,True,False,False,3,Oxygen-nitrogen_single_bond;hzone_phenol_A(479);imine_1,False,,O=c1cc(-c2ccc(Cc3ccccc3)cc2)oc2ccccc12,C*|c1c(O)c(C=NNCC)ccc1C*,0.7632942,8.563,8.788,3.0133
Cc1cc(N)ccc1-c1cc(-c2oc3cc(O)cc(O)c3c(=O)c2O)ccc1N,390.4,3.717,142.94,5,7,2,0.045,4,4,0,True,False,False,1,aniline,False,,O=c1cc(-c2cccc(-c3ccccc3)c2)oc2ccccc12,c1(N)cc(C)c(*)cc1|*N,0.7626787,8.052,11.203,2.6764
Nc1cc(-c2oc3cc(O)cc(O)c3c(=O)c2O)ccc1Nc1c(F)cc(N)c(F)c1F,445.35,3.902,154.97,6,8,3,0.0,4,4,1,True,False,False,2,aniline;halogenated_ring_1,False,,,Fc1c(F)c(N*)c(F)cc1N|N*,0.7619871,8.103,10.415,2.9994
Nc1cc(-c2oc3cc(O)cc(O)c3c(=O)c2O)ccc1-c1c(F)oc(N)c1N,399.33,2.722,182.1,6,9,2,0.0,4,4,1,True,False,False,1,aniline,False,,,o1c(F)c(*)c(N)c1N|N*,0.7611583,8.127,10.805,3.2773
Cc1cccc(Nc2ccc(-c3oc4cc(O)cc(O)c4c(=O)c3O)cc2N)c1,390.4,4.211,128.95,5,7,3,0.045,4,4,0,True,False,False,1,aniline,False,,,N*|*Nc1cccc(C)c1,0.7607687,8.052,10.724,2.5431
Cc1cccc(C(C)Nc2ccc(-c3oc4cc(O)cc(O)c4c(=O)c3O)cc2C(F)(F)F)c1,471.43,6.077,102.93,4,6,4,0.16,4,4,1,True,False,False,0,,True,,,*NC(C)c1cccc(C)c1|FC(F)(*)F,0.760165,8.193,9.716,3.1403
Nc1cc(-c2oc3cc(O)cc(O)c3c(=O)c2O)ccc1-c1cccc(O)c1,377.35,3.532,137.15,5,7,2,0.0,4,4,0,True,False,False,1,aniline,False,,,N*|c1c(*)cc(O)cc1,0.7600275,8.035,11.287,2.6049
Nc1cc(-c2oc3cc(O)cc(O)c3c(=O)c2O)ccc1Nc1cc(F)cc(Cl)c1F,446.79,4.834,128.95,5,7,3,0.0,4,4,0,True,False,False,2,aniline;halogenated_ring_1,False,,,*Nc1c(F)c(Cl)cc(F)c1|N*,0.759389,8.059,10.707,2.8181
Nc1cc(-c2oc3cc(O)cc(O)c3c(=O)c2O)ccc1-c1ccc(Cl)cc1,395.8,4.479,116.92,4,6,2,0.0,4,4,0,True,True,False,1,aniline,False,,,N*|c1cc(*)ccc1Cl,0.7591928,8.024,11.525,2.4922
Nc1ccc(-c2oc3cc(O)cc(O)c3c(=O)c2O)cc1-c1c(F)sc(F)c1F,421.35,4.305,145.16,4,7,2,0.0,4,4,0,True,False,False,1,aniline,False,,,s1c(F)c(F)c(*)c1F|N*,0.758112,8.093,11.063,3.23
Nc1cc(-c2oc3cc(O)cc(O)c3c(=O)c2O)ccc1Nc1cc(F)c(F)o1,402.31,3.774,142.09,5,8,3,0.0,4,4,0,True,False,False,1,aniline,False,,,*Nc1oc(F)c(F)c1|*N,0.7580121,8.111,10.517,3.2161
Nc1cc(-c2oc3cc(O)cc(O)c3c(=O)c2O)ccc1Nc1ccc(F)cc1F,412.35,4.181,128.95,5,7,3,0.0,4,4,0,True,False,False,1,aniline,False,,,*Nc1ccc(F)cc1F|N*,0.7576132,8.037,10.809,2.6328
Nc1cc(-c2oc3cc(O)cc(O)c3c(=O)c2O)ccc1NCc1ccc(F)o1,398.35,3.503,142.09,5,8,4,0.05,4,4,0,True,False,False,1,aniline,False,,,o1c(CN*)ccc1F|*N,0.7573251,8.057,10.843,2.9729
C=CC(=O)Nc1cc(-c2oc3cc(O)cc(O)c3c(=O)c2O)ccc1Nc1ccc(O)cc1C,460.44,4.459,152.26,6,8,5,0.04,4,4,1,True,False,False,2,Michael_acceptor_1;hydroquinone,False,,O=c1cc(-c2ccc(Nc3ccccc3)cc2)oc2ccccc12,C(C=C)(=O)N*|Oc1cc(C)c(N*)cc1,0.7562897,8.519,8.749,2.8426
Nc1cc(-c2oc3cc(O)cc(O)c3c(=O)c2O)ccc1Nc1ccc(C(F)F)o1,416.34,4.433,142.09,5,8,4,0.05,4,4,0,True,False,False,1,aniline,False,,,o1c(N*)ccc1C(F)F|N*,0.7561569,8.116,10.161,3.1539
O=c1c(O)c(-c2ccc(Nc3ccccc3)c(-c3ccco3)c2)oc2cc(O)cc(O)c12,427.41,5.58,116.07,4,7,4,0.0,5,5,1,True,False,False,0,,True,,,c1c(N*)cccc1|c1c(*)occ1,0.7556718,8.16,9.52,2.6225
Cc1coc(Nc2ccc(-c3oc4cc(O)cc(O)c4c(=O)c3O)cc2-c2cc(F)c(F)c(F)c2F)c1,513.4,6.445,116.07,4,7,4,0.038,5,5,2,False,False,False,2,halogenated_ring_1;halogenated_ring_2,False,,,o1c(N*)cc(C)c1|Fc1c(F)c(F)c(F)cc1*,0.755625,9.096,8.398,3.3171
O=c1c(O)c(-c2ccc(C(F)(F)F)c(-c3csc(F)c3F)c2)oc2cc(O)cc(O)c12,456.34,5.602,119.14,3,6,2,0.05,4,4,1,True,False,False,0,,True,,,FC(F)(F)*|s1cc(*)c(F)c1F,0.7552215,8.246,9.365,3.1264
Nc1cc(-c2oc3cc(O)cc(O)c3c(=O)c2O)ccc1Nc1cc(F)c(Cl)o1,418.76,4.288,142.09,5,8,3,0.0,4,4,0,True,False,False,1,aniline,False,,,o1c(N*)cc(F)c1Cl|N*,0.7546249,8.1,10.369,3.199
Nc1cc(-c2oc3cc(O)cc(O)c3c(=O)c2O)ccc1Nc1cccc(O)c1,392.37,3.608,149.18,6,8,3,0.0,4,4,1,True,False,False,1,aniline,False,,,c1ccc(O)cc1N*|N*,0.7543191,8.039,10.428,2.6244
Cc1cc(Nc2ccc(-c3oc4cc(O)cc(O)c4c(=O)c3O)cc2N)oc1F,398.35,3.943,142.09,5,8,3,0.05,4,4,0,True,False,False,1,aniline,False,,,o1c(N*)cc(C)c1F|N*,0.7540894,8.067,10.921,3.1766
Nc1cc(-c2oc3cc(O)cc(O)c3c(=O)c2O)ccc1-c1ccccc1,361.35,3.826,116.92,4,6,2,0.0,4,4,0,True,True,False,1,aniline,False,,O=c1cc(-c2ccc(-c3ccccc3)cc2)oc2ccccc12,*N|c1(*)ccccc1,0.7538989,8.004,11.165,2.4355
NC(N)=NN=CCc1ccc(-c2oc3cc(O)cc(O)c3c(=O)c2O)cc1N,383.36,0.961,193.68,6,8,4,0.056,3,3,1,True,False,False,4,Oxygen-nitrogen_single_bond;aniline;imine_1;imine_2,False,,,*CC=NN=C(N)N|N*,0.7538677,8.097,10.277,3.1669
Nc1cc(-c2oc3cc(O)cc(O)c3c(=O)c2O)ccc1-c1c(F)csc1F,403.36,4.166,145.16,4,7,2,0.0,4,4,0,True,False,False,1,aniline,False,,,s1c(F)c(*)c(F)c1|N*,0.7538613,8.071,10.67,3.1523
Cc1ccc(-c2oc3cc(O)cc(O)c3c(=O)c2O)cc1Nc1ccccc1,375.38,4.629,102.93,4,6,3,0.045,4,4,0,True,True,False,0,,True,,,c1c(N*)cccc1|C*,0.7537149,7.999,11.321,2.3741
Nc1cc(-c2oc3cc(O)cc(O)c3c(=O)c2O)ccc1N1CCCCC1,368.39,3.149,120.16,4,7,2,0.25,4,3,0,True,True,False,1,aniline,False,,,*N|C1CCCCN1*,0.7536732,8.04,10.339,2.5777
O=c1c(O)c(-c2ccc(C(F)(F)F)c(-c3ccc(F)cc3)c2)oc2cc(O)cc(O)c12,432.33,5.402,90.9,3,5,2,0.045,4,4,1,True,True,False,0,,True,,,c1cc(F)ccc1*|FC(*)(F)F,0.7530859,8.039,10.318,2.5872
Nc1cc(-c2oc3cc(O)cc(O)c3c(=O)c2O)ccc1Nc1ccc(F)c(F)c1CF,444.37,4.65,128.95,5,7,4,0.045,4,4,0,True,False,False,1,aniline,False,,,N(*)c1c(CF)c(F)c(F)cc1|*N,0.7528158,8.051,10.497,2.9761
Nc1cc(O)ccc1Nc1ccc(-c2oc3cc(O)cc(O)c3c(=O)c2O)cc1N,407.38,3.19,175.2,7,9,3,0.0,4,4,1,True,False,False,2,aniline;hydroquinone,False,,,Nc1cc(O)ccc1N*|N*,0.7519751,8.082,9.907,2.7735
O=c1c(O)c(-c2ccc(-c3cccc(F)c3)c(-c3ccc(F)cc3)c2)oc2cc(O)cc(O)c12,458.42,6.189,90.9,3,5,3,0.0,5,5,1,True,False,False,0,,True,,,c1(*)ccc(F)cc1|Fc1cc(*)ccc1,0.7518452,8.748,8.466,2.5075
NN=c1oc(Nc2ccc(-c3oc4cc(O)cc(O)c4c(=O)c3O)cc2N)cc(F)c1F,444.35,2.548,180.47,6,10,3,0.0,4,4,1,True,False,False,3,Oxygen-nitrogen_single_bond;aniline;hydrazine,False,,,o1c(N*)cc(F)c(F)c1=NN|N*,0.7511901,8.398,9.11,3.4084
NNc1ccc(Nc2ccc(-c3oc4cc(O)cc(O)c4c(=O)c3O)cc2N)c(F)c1F,442.38,3.466,167.0,7,9,4,0.0,4,4,1,True,False,False,3,Oxygen-nitrogen_single_bond;aniline;hydrazine,False,,,N(c1c(F)c(F)c(N*)cc1)N|*N,0.7511627,8.091,9.886,2.912
Nc1cc(-c2oc3cc(O)cc(O)c3c(=O)c2O)ccc1Nc1csc(F)c1F,418.38,4.242,157.19,5,8,3,0.0,4,4,0,True,False,False,1,aniline,False,,,s1cc(N*)c(F)c1F|N*,0.7509792,8.071,10.329,3.1194
Cc1cc(-c2cc(-c3oc4cc(O)cc(O)c4c(=O)c3O)ccc2C(F)(F)F)no1,419.31,4.559,116.93,3,7,2,0.1,4,4,0,True,True,False,0,,True,,,o1nc(*)cc1C|FC(F)(F)*,0.7509787,8.105,9.755,2.8616
Nc1ccc(-c2oc3cc(O)cc(O)c3c(=O)c2O)cc1-c1c(F)cc(F)cc1F,415.32,4.243,116.92,4,6,2,0.0,4,4,0,True,True,False,1,aniline,False,,,Fc1cc(F)cc(F)c1*|N*,0.7496534,7.988,11.829,2.7751
Nc1cc(-c2oc3cc(O)cc(O)c3c(=O)c2O)ccc1Nc1ccc(NF)c(F)c1F,445.35,4.477,140.98,6,8,4,0.0,4,4,1,True,False,False,2,N-halo;aniline,False,,,N(c1c(F)c(F)c(N*)cc1)F|N*,0.7487534,8.19,9.387,3.0356
Nc1cc(-c2oc3cc(O)cc(O)c3c(=O)c2O)ccc1-c1occc1F,369.3,3.558,130.06,4,7,2,0.0,4,4,0,True,True,False,1,aniline,False,,,c1oc(*)c(F)c1|N*,0.7474308,8.002,11.197,2.983
CNc1ccc(F)c(Nc2ccc(-c3oc4cc(O)cc(O)c4c(=O)c3O)cc2N)c1F,441.39,4.223,140.98,6,8,4,0.045,4,4,1,True,False,False,1,aniline,False,,,c1(F)c(N*)c(F)c(NC)cc1|N*,0.7472349,8.345,8.935,2.9162
Cc1ccc(C=Cc2ccc(-c3oc4cc(O)cc(O)c4c(=O)c3O)cc2C)cc1O,416.43,5.07,111.13,4,6,3,0.08,4,4,1,True,True,False,1,stilbene,False,,O=c1cc(-c2ccc(C=Cc3ccccc3)cc2)oc2ccccc12,*C|C(=Cc1cc(O)c(C)cc1)*,0.7470742,8.486,8.696,2.7302
CNc1ccc(-c2oc3cc(O)cc(O)c3c(=O)c2O)cc1-c1ccc(F)cc1,393.37,4.425,102.93,4,6,3,0.045,4,4,0,True,True,False,0,,True,,,N(*)C|c1(F)ccc(*)cc1,0.746178,7.982,10.77,2.5387
Nc1ccc(-c2oc3cc(O)cc(O)c3c(=O)c2O)cc1-c1c(F)ccc(F)c1F,415.32,4.243,116.92,4,6,2,0.0,4,4,0,True,True,False,2,aniline;halogenated_ring_1,False,,,N*|Fc1ccc(F)c(F)c1*,0.7458764,7.97,12.055,2.7894
O=c1c(O)c(-c2ccc(-c3ccccc3)c(-c3ccccc3)c2)oc2cc(O)cc(O)c12,422.44,5.911,90.9,3,5,3,0.0,5,5,1,True,True,False,0,,True,,,c1ccccc1*|c1ccc(*)cc1,0.7451822,8.376,8.807,2.3411
Nc1ccc(-c2oc3cc(O)cc(O)c3c(=O)c2O)cc1-c1ccc(F)c(F)c1,397.33,4.104,116.92,4,6,2,0.0,4,4,0,True,True,False,1,aniline,False,,,*N|c1(F)c(F)ccc(*)c1,0.7447346,7.959,11.708,2.6047
O=c1c(O)c(-c2ccc(C(F)(F)F)c(-c3c(F)c(F)c(F)c(F)c3F)c2)oc2cc(O)cc(O)c12,504.29,5.958,90.9,3,5,2,0.045,4,4,2,False,True,False,2,halogenated_ring_1;halogenated_ring_2,False,,,FC(F)(*)F|c1(F)c(F)c(F)c(F)c(F)c1*,0.744162,8.761,8.452,3.0366
Nc1cc(-c2oc3cc(O)cc(O)c3c(=O)c2O)ccc1Nc1ccc(N)c(F)c1F,427.36,3.763,154.97,6,8,3,0.0,4,4,1,True,False,False,1,aniline,False,,,c1(N*)c(F)c(F)c(N)cc1|N*,0.742463,8.135,9.403,2.8717
Cc1ccc(Nc2ccc(-c3oc4cc(O)cc(O)c4c(=O)c3O)cc2N)cc1,390.4,4.211,128.95,5,7,3,0.045,4,4,0,True,False,False,1,aniline,False,,,N*|*Nc1ccc(C)cc1,0.7421582,7.99,10.25,2.4999
Cc1ccc(Nc2cc(-c3oc4cc(O)cc(O)c4c(=O)c3O)ccc2N)cc1,390.4,4.211,128.95,5,7,3,0.045,4,4,0,True,False,False,1,aniline,False,,O=c1cc(-c2cccc(Nc3ccccc3)c2)oc2ccccc12,*Nc1ccc(C)cc1|*N,0.7420022,8.035,9.813,2.5046
Nc1cc(-c2oc3cc(O)cc(O)c3c(=O)c2O)ccc1-c1cccc(C=O)c1,389.36,3.639,133.99,4,7,3,0.0,4,4,0,True,False,False,2,aldehyde;aniline,False,,O=c1cc(-c2ccc(-c3ccccc3)cc2)oc2ccccc12,c1c(*)cccc1C=O|*N,0.7415643,7.958,11.043,2.6841
O=c1c(O)c(-c2ccc(-c3ccc(F)cc3)c(NCc3cccs3)c2)oc2cc(O)cc(O)c12,475.5,6.057,131.17,4,7,5,0.038,5,5,1,True,False,False,0,,True,,,*NCc1sccc1|Fc1ccc(*)cc1,0.7397287,8.273,8.949,2.6617
Nc1ccc(-c2oc3cc(O)cc(O)c3c(=O)c2O)cc1Nc1ccc(Cl)cc1,410.81,4.556,128.95,5,7,3,0.0,4,4,0,True,False,False,1,aniline,False,,,N*|Clc1ccc(N*)cc1,0.7389935,8.041,9.682,2.5166
Nc1cc(-c2oc3cc(O)cc(O)c3c(=O)c2O)ccc1Nc1ccc(F)c(F)n1,413.34,3.576,141.84,5,8,3,0.0,4,4,0,True,False,False,2,2-halo_pyridine;aniline,False,,,*Nc1nc(F)c(F)cc1|N*,0.7385426,7.969,10.642,2.887
Nc1cc(-c2oc3cc(O)cc(O)c3c(=O)c2O)ccc1-c1cccs1,367.38,3.888,145.16,4,7,2,0.0,4,4,0,True,False,False,1,aniline,False,,,N*|s1cccc1*,0.7384003,7.961,10.531,2.6686
Nc1cc(-c2oc3cc(O)cc(O)c3c(=O)c2O)ccc1NCc1ccc[nH]1,379.37,3.099,144.74,6,7,4,0.05,4,4,1,True,False,False,1,aniline,False,,,N*|[nH]1cccc1CN*,0.7383714,7.958,10.889,2.869
O=c1c(O)c(-c2ccc(C(F)(F)F)c(-c3ccsc3)c2)oc2cc(O)cc(O)c12,420.36,5.324,119.14,3,6,2,0.05,4,4,1,True,False,False,0,,True,,,s1ccc(*)c1|FC(F)(*)F,0.7379828,8.038,9.748,2.8028
Nc1ccc(-c2oc3cc(O)cc(O)c3c(=O)c2O)cc1-c1ccc(F)c(Cl)c1,413.79,4.619,116.92,4,6,2,0.0,4,4,0,True,True,False,1,aniline,False,,,Clc1c(F)ccc(*)c1|N*,0.737723,7.933,11.286,2.6132
O=C(O)Cc1ccc(-c2oc3cc(O)cc(O)c3c(=O)c2O)cc1Nc1ccc(O)c(O)c1,451.39,3.359,180.69,7,9,5,0.043,4,4,1,True,False,False,3,catechol;catechol_A(92);hydroquinone,False,,O=c1cc(-c2cccc(Nc3ccccc3)c2)oc2ccccc12,Oc1ccc(N*)cc1O|C(C(=O)O)*,0.7376342,8.094,9.443,2.7841
Nc1cc(-c2oc3cc(O)cc(O)c3c(=O)c2O)ccc1NNC(=O)Nc1c(F)ccc(F)c1F,488.38,3.725,170.08,7,8,4,0.0,4,4,1,True,False,False,3,Oxygen-nitrogen_single_bond;aniline;halogenated_ring_1,False,,,N(NC(Nc1c(F)c(F)ccc1F)=O)*|*N,0.7374573,9.593,8.077,2.98
O=c1c(O)c(-c2ccc(CC(F)F)c(-c3ccccc3)c2)oc2cc(O)cc(O)c12,410.37,5.051,90.9,3,5,4,0.087,4,4,1,True,True,False,0,,True,,,C(C(F)F)*|c1cccc(*)c1,0.7360731,7.954,10.462,2.6699
Cc1ccc(CNc2ccc(-c3oc4cc(O)cc(O)c4c(=O)c3O)cc2-c2ccco2)cc1,455.47,5.757,116.07,4,7,5,0.074,5,5,1,True,False,False,0,,True,,,c1coc(*)c1|C(N*)c1ccc(C)cc1,0.7357982,7.996,9.931,2.6686
Nc1ccc(-c2oc3cc(O)cc(O)c3c(=O)c2O)cc1-c1cc(F)ccc1F,397.33,4.104,116.92,4,6,2,0.0,4,4,0,True,True,False,1,aniline,False,,,*c1cc(F)ccc1F|N*,0.7354057,7.917,11.84,2.6338
Nc1ccc(-c2oc3cc(O)cc(O)c3c(=O)c2O)cc1Nc1ccccc1O,392.37,3.608,149.18,6,8,3,0.0,4,4,1,True,False,False,2,aniline;catechol,False,,,N*|Oc1c(N*)cccc1,0.7351744,7.979,10.046,2.6246
Nc1ccc(-c2oc3cc(O)cc(O)c3c(=O)c2O)cc1-c1ccccc1,361.35,3.826,116.92,4,6,2,0.0,4,4,0,True,True,False,1,aniline,False,,O=c1cc(-c2cccc(-c3ccccc3)c2)oc2ccccc12,c1(*)ccccc1|N*,0.7351406,7.914,11.456,2.4284
CC(=O)c1ccccc1Nc1ccc(-c2oc3cc(O)cc(O)c3c(=O)c2O)cc1N,418.41,4.105,146.02,5,8,4,0.043,4,4,0,True,False,False,1,aniline,False,,,*Nc1ccccc1C(C)=O|N*,0.7348768,7.921,11.244,2.6143
O=c1c(O)c(-c2ccc(-c3c(F)cc(F)cc3F)c(C(F)(F)F)c2)oc2cc(O)cc(O)c12,468.31,5.68,90.9,3,5,2,0.045,4,4,1,True,True,False,0,,True,,,c1(F)cc(F)cc(F)c1*|FC(F)(F)*,0.734714,7.984,10.083,2.8365
Nc1cc(-c2oc3cc(O)cc(O)c3c(=O)c2O)ccc1NC1CCCCC1,382.42,3.904,128.95,5,7,3,0.286,4,3,0,True,False,False,1,aniline,False,,,C1CCCCC1N*|N*,0.7345325,8.056,9.508,2.6278
O=c1c(O)c(-c2ccc(C(F)F)c(-c3ccco3)c2)oc2cc(O)cc(O)c12,386.31,4.774,104.04,3,6,3,0.05,4,4,0,True,True,False,0,,True,,,FC(F)*|c1oc(*)cc1,0.7340215,7.938,10.857,2.8521
Nc1cc(-c2oc3cc(O)cc(O)c3c(=O)c2O)ccc1-c1cc(F)c(N)o1,384.32,3.14,156.08,5,8,2,0.0,4,4,0,True,False,False,1,aniline,False,,,c1c(F)c(N)oc1*|N*,0.7326124,7.944,11.244,3.0805
Nc1cc(-c2oc3cc(O)cc(O)c3c(=O)c2O)ccc1-c1ccco1,351.31,3.419,130.06,4,7,2,0.0,4,4,0,True,True,False,1,aniline,False,,,N*|c1ccc(*)o1,0.7321548,7.928,10.656,2.6925
Cc1cc(-c2ccc(-c3oc4cc(O)cc(O)c4c(=O)c3O)cc2N)ccc1N,390.4,3.717,142.94,5,7,2,0.045,4,4,0,True,False,False,1,aniline,False,,O=c1cc(-c2ccc(-c3ccccc3)cc2)oc2ccccc12,N*|Nc1ccc(*)cc1C,0.7313928,7.929,10.537,2.6726
Nc1cc(-c2oc3cc(O)cc(O)c3c(=O)c2O)ccc1-c1cc(F)c(F)o1,387.29,3.697,130.06,4,7,2,0.0,4,4,0,True,False,False,1,aniline,False,,,o1c(F)c(F)cc1*|*N,0.7308849,7.945,11.107,3.1262
Cc1nc(-c2cc(-c3oc4cc(O)cc(O)c4c(=O)c3O)ccc2N)c[nH]1,365.35,2.858,145.6,5,7,2,0.053,4,4,0,True,False,False,1,aniline,False,,O=c1cc(-c2cccc(-c3c[nH]cn3)c2)oc2ccccc12,*N|c1(*)c[nH]c(C)n1,0.7307467,7.957,10.647,3.1154
Cc1cc(Nc2cc(-c3oc4cc(O)cc(O)c4c(=O)c3O)ccc2N)on1,381.34,3.199,154.98,5,9,3,0.053,4,4,0,True,False,False,1,aniline,False,,,N*|o1c(N*)cc(C)n1,0.7298709,7.939,10.477,2.911
CNc1ccc(-c2oc3cc(O)cc(O)c3c(=O)c2O)cc1-c1ccccc1F,393.37,4.425,102.93,4,6,3,0.045,4,4,0,True,True,False,0,,True,,,*NC|c1(F)ccccc1*,0.7298615,7.9,11.135,2.5931
Nc1ccc(-c2oc3cc(O)cc(O)c3c(=O)c2O)cc1-c1ccc[nH]1,350.33,3.154,132.71,5,6,2,0.0,4,4,0,True,True,False,1,aniline,False,,,[nH]1cccc1*|N*,0.7296558,7.92,10.821,2.8607
Nc1ccc(Nc2ccc(-c3oc4cc(O)cc(O)c4c(=O)c3O)cc2N)cc1,391.38,3.485,154.97,6,8,3,0.0,4,4,1,True,False,False,2,anil_no_alk(40);aniline,False,,,c1(N)ccc(N*)cc1|N*,0.7291642,7.921,10.44,2.5921
Nc1ccc(-c2oc3cc(O)cc(O)c3c(=O)c2O)cc1Nc1cc(F)c(F)o1,402.31,3.774,142.09,5,8,3,0.0,4,4,0,True,False,False,1,aniline,False,,,N*|o1c(N*)cc(F)c1F,0.7279817,7.965,10.566,3.2208
O=c1c(O)c(-c2ccc(Nc3csc(F)c3F)c(C(F)(F)F)c2)oc2cc(O)cc(O)c12,471.36,5.679,131.17,4,7,3,0.05,4,4,1,True,False,False,0,,True,,,C(F)(*)(F)F|s1c(F)c(F)c(N*)c1,0.7257155,7.992,9.93,3.1561
Nc1cc(-c2oc3cc(O)cc(O)c3c(=O)c2O)ccc1Nc1ccc(F)cc1,394.36,4.042,128.95,5,7,3,0.0,4,4,0,True,False,False,1,aniline,False,,,N*|c1(N*)ccc(F)cc1,0.7254352,7.892,10.656,2.5164
Nc1ccc(-c2oc3cc(O)cc(O)c3c(=O)c2O)cc1-c1ccc(Cl)cc1F,413.79,4.619,116.92,4,6,2,0.0,4,4,0,True,True,False,1,aniline,False,,,*N|c1c(F)c(*)ccc1Cl,0.7252725,7.892,10.729,2.6314
CC(=O)Nc1oc(Nc2ccc(-c3oc4cc(O)cc(O)c4c(=O)c3O)cc2N)cc1NF,456.39,3.75,183.22,7,10,5,0.048,4,4,1,True,False,False,2,N-halo;aniline,False,,,C(Nc1oc(N*)cc1NF)(C)=O|N*,0.7249634,8.156,9.346,3.4019
O=c1c(O)c(-c2ccc(C(F)(F)F)c(NCc3ccco3)c2)oc2cc(O)cc(O)c12,433.34,4.801,116.07,4,7,4,0.095,4,4,0,True,True,False,0,,True,,,C(N*)c1occc1|FC(F)(F)*,0.7246339,7.925,10.189,2.7798
CNc1ccc(-c2ccc(-c3oc4cc(O)cc(O)c4c(=O)c3O)cc2N)c(C)c1,404.42,4.176,128.95,5,7,3,0.087,4,4,0,True,False,False,1,aniline,False,,O=c1cc(-c2ccc(-c3ccccc3)cc2)oc2ccccc12,N*|c1(C)cc(NC)ccc1*,0.722147,7.872,11.056,2.7113
O=c1c(O)c(-c2ccc(-c3ccccc3)c(-c3cc(F)c(O)cc3Cl)c2)oc2cc(O)cc(O)c12,490.87,6.409,111.13,4,6,3,0.0,5,5,1,True,False,False,0,,True,,,Clc1c(*)cc(F)c(O)c1|c1cccc(*)c1,0.7192127,8.74,8.273,2.7057
O=c1c(O)c(-c2ccc(NCc3ccccc3)c(C(F)(F)F)c2)oc2cc(O)cc(O)c12,443.38,5.208,102.93,4,6,4,0.087,4,4,1,True,True,False,0,,True,,,FC(F)(F)*|*NCc1ccccc1,0.7192015,7.844,11.728,2.5519
O=c1c(O)c(-c2ccc(Nc3ccon3)c(C(F)(F)F)c2)oc2cc(O)cc(O)c12,420.3,4.327,128.96,4,8,3,0.053,4,4,0,True,False,False,0,,True,,,o1ccc(N*)n1|*C(F)(F)F,0.7185132,7.922,10.024,2.9333
Nc1ccc(-c2oc3cc(O)cc(O)c3c(=O)c2O)cc1-c1cccnc1F,380.33,3.36,129.81,4,7,2,0.0,4,4,0,True,True,False,2,2-halo_pyridine;aniline,False,,,n1cccc(*)c1F|N*,0.7175868,7.851,11.165,2.739
Nc1ccc(-c2oc3cc(O)cc(O)c3c(=O)c2O)cc1-c1ccc(O)cc1,377.35,3.532,137.15,5,7,2,0.0,4,4,0,True,False,False,1,aniline,False,,O=c1cc(-c2cccc(-c3ccccc3)c2)oc2ccccc12,Oc1ccc(*)cc1|N*,0.7166502,7.841,11.116,2.5485
Cc1cc(-c2oc3cc(O)cc(O)c3c(=O)c2O)ccc1C(F)(F)F,352.26,3.904,90.9,3,5,1,0.118,3,3,0,True,True,False,0,,True,,O=c1cc(-c2ccccc2)oc2ccccc12,C(F)(F)(*)F|*C,0.7153603,7.844,10.857,2.6258
Cc1ccc(-c2cc(-c3oc4cc(O)cc(O)c4c(=O)c3O)ccc2N)cc1O,391.38,3.84,137.15,5,7,2,0.045,4,4,0,True,False,False,1,aniline,False,,,N*|c1c(*)cc(O)c(C)c1,0.7144943,7.844,10.775,2.6614
Nc1cc(-c2oc3cc(O)cc(O)c3c(=O)c2O)ccc1-c1ccoc1,351.31,3.419,130.06,4,7,2,0.0,4,4,0,True,True,False,1,aniline,False,,,c1occc1*|N*,0.7137358,7.846,10.814,2.804
Nc1ccc(-c2oc3cc(O)cc(O)c3c(=O)c2O)cc1-c1ccc(F)cc1F,397.33,4.104,116.92,4,6,2,0.0,4,4,0,True,True,False,1,aniline,False,,,c1(F)c(*)ccc(F)c1|N*,0.7132418,7.82,11.771,2.6233
O=c1c(O)c(-c2ccc(-c3ccc(F)cc3)c(NCCO)c2)oc2cc(O)cc(O)c12,423.4,3.787,123.16,5,7,5,0.087,4,4,0,True,True,False,0,,True,,,OCCN*|c1(F)ccc(*)cc1,0.7126634,7.85,10.401,2.6027
Nc1ccc(-c2ccc(-c3oc4cc(O)cc(O)c4c(=O)c3O)cc2N)o1,366.33,3.001,156.08,5,8,2,0.0,4,4,0,True,False,False,1,aniline,False,,,*c1oc(N)cc1|N*,0.7122924,7.846,10.895,2.9334
O=c1c(O)c(-c2ccc(NCc3ccc(F)o3)c(C(F)(F)F)c2)oc2cc(O)cc(O)c12,451.33,4.94,116.07,4,7,4,0.095,4,4,0,True,False,False,0,,True,,,*NCc1oc(F)cc1|FC(*)(F)F,0.7119778,7.842,11.456,3.022
Nc1cc(-c2oc3cc(O)cc(O)c3c(=O)c2O)ccc1-c1ccc(O)cc1,377.35,3.532,137.15,5,7,2,0.0,4,4,0,True,False,False,1,aniline,False,,O=c1cc(-c2ccc(-c3ccccc3)cc2)oc2ccccc12,*N|c1c(*)ccc(O)c1,0.7119312,7.824,10.967,2.5555
Nc1ccc(-c2cc(-c3oc4cc(O)cc(O)c4c(=O)c3O)ccc2N)cc1,376.37,3.408,142.94,5,7,2,0.0,4,4,0,True,False,False,1,aniline,False,,,*N|c1cc(*)ccc1N,0.7114952,7.826,10.836,2.5685
Nc1cc(-c2oc3cc(O)cc(O)c3c(=O)c2O)ccc1Cc1ccco1,365.34,3.343,130.06,4,7,3,0.05,4,4,0,True,True,False,1,aniline,False,,,c1cc(C*)oc1|N*,0.7109917,7.9,9.806,2.7455
O=c1c(O)c(-c2ccc(NCCO)c(-c3ccc(F)cc3)c2)oc2cc(O)cc(O)c12,423.4,3.787,123.16,5,7,5,0.087,4,4,0,True,True,False,0,,True,,,N(*)CCO|c1c(*)ccc(F)c1,0.7099425,7.888,9.817,2.6004
Nc1ccc(-c2oc3cc(O)cc(O)c3c(=O)c2O)cc1-c1ccc(O)cc1O,393.35,3.237,157.38,6,8,2,0.0,4,4,1,True,False,False,1,aniline,False,,,c1(O)c(*)ccc(O)c1|N*,0.7072901,7.81,10.969,2.7299
CC(C)=CCc1cc(-c2oc3cc(O)cc(O)c3c(=O)c2O)ccc1C,352.39,4.394,90.9,3,5,3,0.19,3,3,0,True,True,False,1,isolated_alkene,False,,O=c1cc(-c2ccccc2)oc2ccccc12,C(=C(C)C)C*|C*,0.7063538,7.838,10.244,2.7571
CNc1cc(-c2oc3cc(O)cc(O)c3c(=O)c2O)ccc1NCC(N)=O,371.35,1.516,158.05,6,8,5,0.111,3,3,1,True,False,False,0,,True,,,NC(CN*)=O|N(*)C,0.7052501,7.873,9.823,2.7693
Nc1ccc(-c2oc3cc(O)cc(O)c3c(=O)c2O)cc1Nc1ccc(O)cc1,392.37,3.608,149.18,6,8,3,0.0,4,4,1,True,False,False,2,aniline;hydroquinone,False,,,c1c(O)ccc(N*)c1|N*,0.7051635,8.072,8.966,2.5776
O=c1c(O)c(-c2ccc(-c3ccoc3)c(C(F)(F)F)c2)oc2cc(O)cc(O)c12,404.3,4.856,104.04,3,6,2,0.05,4,4,0,True,True,False,0,,True,,,c1cocc1*|FC(F)(F)*,0.7038524,7.8,11.009,2.8416
Cc1ccc(-c2oc3cc(O)cc(O)c3c(=O)c2O)cc1NC1=CCNC=C1,378.38,3.298,114.96,5,7,3,0.095,4,3,0,True,True,False,0,,True,,O=c1cc(-c2cccc(NC3=CCNC=C3)c2)oc2ccccc12,C1C=C(N*)C=CN1|C*,0.7031955,7.876,10.024,3.1459
O=c1c(O)c(-c2ccc(C(F)(F)F)c(Nc3c(F)cc(F)cc3F)c2)oc2cc(O)cc(O)c12,483.32,5.757,102.93,4,6,3,0.045,4,4,1,True,False,False,0,,True,,,Fc1c(N*)c(F)cc(F)c1|FC(F)(F)*,0.7027467,8.769,8.172,2.8742
Nc1ccc(-c2oc3cc(O)cc(O)c3c(=O)c2O)cc1Nc1ccccc1F,394.36,4.042,128.95,5,7,3,0.0,4,4,0,True,False,False,1,aniline,False,,,Fc1c(N*)cccc1|N*,0.7011539,7.795,10.469,2.5591
O=c1c(O)c(-c2ccc(-c3c(F)cc(F)cc3F)c(-c3cccs3)c2)oc2cc(O)cc(O)c12,482.44,6.39,119.14,3,6,3,0.0,5,5,1,True,False,False,0,,True,,,Fc1c(*)c(F)cc(F)c1|*c1sccc1,0.7001554,8.351,8.49,2.8416
O=c1c(O)c(-c2ccc(C(F)F)c(C(F)(F)F)c2)oc2cc(O)cc(O)c12,388.24,4.533,90.9,3,5,2,0.118,3,3,0,True,True,False,0,,True,,,FC(*)(F)F|FC(F)*,0.6985419,7.779,10.946,2.848
O=c1c(O)c(-c2ccc(Nc3ccc(O)cc3)c(-c3ccc(F)cc3)c2)oc2cc(O)cc(O)c12,471.44,5.832,123.16,5,7,4,0.0,5,5,1,True,False,False,1,hydroquinone,False,,,Oc1ccc(N*)cc1|c1cc(F)ccc1*,0.6984162,8.549,8.275,2.5849
Nc1cc(-c2oc3cc(O)cc(O)c3c(=O)c2O)ccc1Nc1nc(N)c(F)s1,416.39,3.08,196.1,6,10,3,0.0,4,4,1,True,False,False,1,aniline,False,,,Nc1nc(N*)sc1F|*N,0.6976061,7.821,10.262,3.0582
COc1cccc(-c2cc(-c3oc4cc(O)cc(O)c4c(=O)c3O)ccc2N)c1,391.38,3.835,126.15,4,7,3,0.045,4,4,0,True,True,False,1,aniline,False,,,N*|c1cc(*)cc(OC)c1,0.6973793,7.834,9.779,2.5146
Cc1cc(F)ccc1-c1cc(-c2oc3cc(O)cc(O)c3c(=O)c2O)ccc1N,393.37,4.274,116.92,4,6,2,0.045,4,4,0,True,True,False,1,aniline,False,,,Cc1cc(F)ccc1*|*N,0.6965086,7.748,11.79,2.6109
Nc1cc(-c2oc3cc(O)cc(O)c3c(=O)c2O)ccc1NCc1ccoc1,380.36,3.364,142.09,5,8,4,0.05,4,4,0,True,False,False,1,aniline,False,,,*NCc1ccoc1|N*,0.6918907,7.776,10.265,2.8068
Nc1ccc(-c2oc3cc(O)cc(O)c3c(=O)c2O)cc1-c1sc(F)c(F)c1F,421.35,4.305,145.16,4,7,2,0.0,4,4,0,True,False,False,1,aniline,False,,,s1c(F)c(F)c(F)c1*|N*,0.6906316,7.775,11.3,3.2076
O=c1c(O)c(-c2ccc(N3CCOCC3)c(-c3cccc(F)c3F)c2)oc2cc(O)cc(O)c12,467.42,4.359,103.37,3,7,3,0.16,5,4,0,True,True,False,0,,True,,,O1CCN(*)CC1|c1(F)c(*)cccc1F,0.6906024,8.404,8.359,2.7507
Nc1nc(-c2cc(-c3oc4cc(O)cc(O)c4c(=O)c3O)ccc2N)c[nH]1,366.33,2.131,171.62,6,8,2,0.0,4,4,1,True,False,False,1,aniline,False,,,n1c(N)[nH]cc1*|*N,0.6875713,7.758,10.989,3.1423
Nc1cc(-c2oc3cc(O)cc(O)c3c(=O)c2O)ccc1-c1ccc(N)c(O)c(=O)c1,420.38,2.474,180.24,6,9,2,0.0,4,4,1,True,False,False,1,aniline,False,,O=c1ccccc(-c2ccc(-c3cc(=O)c4ccccc4o3)cc2)c1,c1c(N)c(O)c(=O)cc(*)c1|*N,0.686851,7.74,10.682,2.8992
CC(C)=CCc1ccc(-c2oc3cc(O)cc(O)c3c(=O)c2O)cc1N,353.37,3.668,116.92,4,6,3,0.15,3,3,0,True,True,False,2,aniline;isolated_alkene,False,,O=c1cc(-c2ccccc2)oc2ccccc12,C(*)C=C(C)C|*N,0.6868228,7.771,10.048,2.8228
O=c1c(O)c(-c2ccc(N3CCCCC3)c(C(F)F)c2)oc2cc(O)cc(O)c12,403.38,4.505,94.14,3,6,3,0.286,4,3,0,True,True,False,0,,True,,,C1CCCCN1*|C(F)(F)*,0.6867427,7.764,10.071,2.7269
CNc1ccc(-c2oc3cc(O)cc(O)c3c(=O)c2O)cc1-c1ccccc1,375.38,4.286,102.93,4,6,3,0.045,4,4,0,True,True,False,0,,True,,,N(C)*|c1cccc(*)c1,0.6865768,7.718,10.811,2.4786
Nc1ccc(Nc2cc(-c3oc4cc(O)cc(O)c4c(=O)c3O)ccc2N)cc1,391.38,3.485,154.97,6,8,3,0.0,4,4,1,True,False,False,2,anil_no_alk(40);aniline,False,,,N*|c1c(N*)ccc(N)c1,0.6864578,8.215,8.533,2.5967
N=C(N)Cc1ccc(-c2oc3cc(O)cc(O)c3c(=O)c2O)cc1C=Cc1ccc(O)c(O)c1,460.44,3.637,181.23,7,8,5,0.04,4,4,1,True,False,False,5,catechol;catechol_A(92);imine_1;imine_2;stilbene,False,,O=c1cc(-c2cccc(C=Cc3ccccc3)c2)oc2ccccc12,c1(O)c(O)ccc(C=C*)c1|N=C(C*)N,0.6862465,8.644,8.177,3.0772
O=CCc1ccc(-c2oc3cc(O)cc(O)c3c(=O)c2O)cc1-c1ccc(O)c(O)c1,420.37,3.396,148.43,5,8,4,0.043,4,4,0,True,False,False,3,aldehyde;catechol;catechol_A(92),False,,,*CC=O|c1(O)c(O)ccc(*)c1,0.685999,8.062,8.807,2.8941
Nc1ccc(-c2oc3cc(O)cc(O)c3c(=O)c2O)cc1-c1cccc(O)c1O,393.35,3.237,157.38,6,8,2,0.0,4,4,1,True,False,False,3,aniline;catechol;catechol_A(92),False,,O=c1cc(-c2cccc(-c3ccccc3)c2)oc2ccccc12,Oc1c(O)cccc1*|*N,0.6849778,7.73,10.507,2.7362
Nc1cc(-c2oc3cc(O)cc(O)c3c(=O)c2O)ccc1C(F)(F)F,353.25,3.178,116.92,4,6,1,0.062,3,3,0,True,True,False,1,aniline,False,,,N*|FC(F)(*)F,0.6847792,7.732,10.445,2.7357
O=c1c(O)c(-c2ccc(Nc3ccccc3F)c(-c3ccc(F)c(F)c3)c2)oc2cc(O)cc(O)c12,491.42,6.405,102.93,4,6,4,0.0,5,5,1,True,False,False,0,,True,,,Fc1c(N*)cccc1|c1cc(F)c(F)cc1*,0.6845118,8.778,8.055,2.6714
N=C(O)c1ccc(-c2ccc(-c3oc4cc(O)cc(O)c4c(=O)c3O)cc2N)c(O)c1,420.38,3.415,181.23,7,8,3,0.0,4,4,1,True,False,False,3,aniline;imine_1;imine_2,False,,O=c1cc(-c2ccc(-c3ccccc3)cc2)oc2ccccc12,*N|N=C(O)c1cc(O)c(*)cc1,0.683014,7.714,11.186,2.9379
NC(=CC=NNC=O)Nc1ccc(-c2oc3cc(O)cc(O)c3c(=O)c2O)cc1N,411.37,1.103,196.43,7,10,6,0.0,3,3,1,True,False,False,4,Oxygen-nitrogen_single_bond;aldehyde;aniline;imine_1,False,,,C(C=NNC=O)=C(N*)N|*N,0.6826102,7.885,9.607,3.3955
COc1ccc(-c2cc(-c3oc4cc(O)cc(O)c4c(=O)c3O)ccc2C(F)(F)F)cc1,444.36,5.271,100.13,3,6,3,0.087,4,4,1,True,True,False,0,,True,,,O(C)c1ccc(*)cc1|FC(F)(*)F,0.6811435,7.894,9.13,2.5697
O=c1c(O)c(-c2ccc(Nc3ccoc3)c(C(F)(F)F)c2)oc2cc(O)cc(O)c12,419.31,4.932,116.07,4,7,3,0.05,4,4,0,True,False,False,0,,True,,,c1occ(N*)c1|FC(F)(F)*,0.6809956,7.723,10.649,2.9879
O=c1c(O)c(-c2ccc(Nc3ccoc3)c(-c3ccc(O)cc3)c2)oc2cc(O)cc(O)c12,443.41,5.286,136.3,5,8,4,0.0,5,5,1,True,False,False,0,,True,,,o1ccc(N*)c1|c1(O)ccc(*)cc1,0.6807975,8.246,8.476,2.9113
CC(O)=CCc1cc(-c2oc3cc(O)cc(O)c3c(=O)c2O)ccc1C,354.36,3.89,111.13,4,6,3,0.15,3,3,0,True,True,False,1,acyclic_C=C-O,False,,O=c1cc(-c2ccccc2)oc2ccccc12,OC(C)=CC*|C*,0.679867,7.743,10.069,2.8869
O=c1c(O)c(-c2ccc(N3CCNCC3)c(-c3ccco3)c2)oc2cc(O)cc(O)c12,420.42,3.246,119.31,4,8,3,0.174,5,4,0,True,True,False,0,,True,,,c1coc(*)c1|C1N(*)CCNC1,0.6796911,7.757,9.882,2.8427
CNc1cc(-c2oc3cc(O)cc(O)c3c(=O)c2O)ccc1Nc1ccccc1,390.4,4.362,114.96,5,7,4,0.045,4,4,0,True,True,False,0,,True,,,c1c(N*)cccc1|N(*)C,0.6772904,7.686,10.632,2.5362
O=c1c(O)c(-c2ccc(C(F)(F)F)c(-c3c(F)cc(F)cc3F)c2)oc2cc(O)cc(O)c12,468.31,5.68,90.9,3,5,2,0.045,4,4,1,True,True,False,0,,True,,,Fc1cc(F)c(*)c(F)c1|FC(*)(F)F,0.6769603,8.645,8.099,2.8481
O=c1c(O)c(-c2ccc(C(F)F)c(-c3cccs3)c2)oc2cc(O)cc(O)c12,402.37,5.243,119.14,3,6,3,0.05,4,4,1,True,False,False,0,,True,,,FC(*)F|c1ccc(*)s1,0.6744822,7.76,9.659,2.8089
NCCc1ccc(-c2oc3cc(O)cc(O)c3c(=O)c2O)cc1-c1ccc(N)cc1,404.42,3.327,142.94,5,7,4,0.087,4,4,0,True,False,False,1,aniline,False,,O=c1cc(-c2cccc(-c3ccccc3)c2)oc2ccccc12,C(*)CN|c1(N)ccc(*)cc1,0.67375,7.802,9.365,2.6535
O=c1c(O)c(-c2ccc(Nc3ccccc3)c(-c3cccs3)c2)oc2cc(O)cc(O)c12,443.48,6.049,131.17,4,7,4,0.0,5,5,1,True,False,False,0,,True,,,c1ccccc1N*|c1ccc(*)s1,0.6724415,8.019,8.721,2.6167
Cc1ccc(-c2oc3cc(O)cc(O)c3c(=O)c2O)cc1N,299.28,2.467,116.92,4,6,1,0.062,3,3,0,True,True,False,1,aniline,False,,O=c1cc(-c2ccccc2)oc2ccccc12,*C|N*,0.6721856,7.74,9.656,2.5279
O=c1c(O)c(-c2ccc(NCCO)c(-c3ccc(Cl)cc3)c2)oc2cc(O)cc(O)c12,439.85,4.301,123.16,5,7,5,0.087,4,4,0,True,True,False,0,,True,,,*NCCO|c1cc(*)ccc1Cl,0.6721135,7.952,8.855,2.5963
O=c1c(O)c(-c2ccc(-c3ccc(O)cc3)c(Nc3ccc(F)cc3)c2)oc2cc(O)cc(O)c12,471.44,5.832,123.16,5,7,4,0.0,5,5,1,True,False,False,0,,True,,O=c1cc(-c2ccc(-c3ccccc3)c(Nc3ccccc3)c2)oc2ccccc12,c1c(*)ccc(O)c1|c1c(F)ccc(N*)c1,0.6717839,8.775,7.987,2.586
COC(=O)c1c(-c2ccc(-c3oc4cc(O)cc(O)c4c(=O)c3O)cc2N)oc(C)cc1=O,451.39,2.874,173.43,4,10,3,0.087,4,4,0,True,False,False,1,aniline,False,,O=c1ccoc(-c2ccc(-c3cc(=O)c4ccccc4o3)cc2)c1,N*|COC(c1c(*)oc(C)cc1=O)=O,0.6699449,7.978,8.834,3.0217
CC(C)(C)Nc1ccc(-c2oc3cc(O)cc(O)c3c(=O)c2O)cc1N,356.38,3.369,128.95,5,7,2,0.211,3,3,0,True,True,False,1,aniline,False,,,CC(N*)(C)C|*N,0.668523,7.685,10.095,2.7511
Nc1ccc(-c2oc3cc(O)cc(O)c3c(=O)c2O)cc1-c1ccc(N)c(F)c1F,412.35,3.686,142.94,5,7,2,0.0,4,4,0,True,False,False,1,aniline,False,,,N*|Nc1c(F)c(F)c(*)cc1,0.6669418,7.837,9.141,2.8585
Nc1ccc(-c2oc3cc(O)cc(O)c3c(=O)c2O)cc1-c1c(F)cccc1F,397.33,4.104,116.92,4,6,2,0.0,4,4,0,True,True,False,1,aniline,False,,,c1(F)cccc(F)c1*|N*,0.6666766,7.627,11.624,2.6801
C=CCc1ccc(-c2oc3cc(O)cc(O)c3c(=O)c2O)cc1-c1ccc(O)c(O)c1,418.4,4.384,131.36,5,7,4,0.042,4,4,0,True,False,False,3,catechol;catechol_A(92);isolated_alkene,False,,O=c1cc(-c2cccc(-c3ccccc3)c2)oc2ccccc12,Oc1c(O)ccc(*)c1|C(*)C=C,0.6664516,7.802,9.261,2.848
Nc1ccc(-c2oc3cc(O)cc(O)c3c(=O)c2O)cc1NCc1ccccc1F,408.39,3.91,128.95,5,7,4,0.045,4,4,0,True,False,False,1,aniline,False,,,N*|*NCc1ccccc1F,0.6662458,7.649,10.432,2.5754
Nc1ccc(-c2oc3cc(O)cc(O)c3c(=O)c2O)cc1Nc1ccc(O)c(O)c1,408.37,3.314,169.41,7,9,3,0.0,4,4,1,True,False,False,4,aniline;catechol;catechol_A(92);hydroquinone,False,,O=c1cc(-c2cccc(Nc3ccccc3)c2)oc2ccccc12,c1(O)c(O)cc(N*)cc1|*N,0.6657016,8.176,8.43,2.706
Cc1ccc(-c2cc(-c3oc4cc(O)cc(O)c4c(=O)c3O)ccc2N)c(N)c1,390.4,3.717,142.94,5,7,2,0.045,4,4,0,True,False,False,1,aniline,False,,,N*|c1(N)c(*)ccc(C)c1,0.6655152,7.675,10.03,2.6911
Nc1cc(-c2oc3cc(O)cc(O)c3c(=O)c2O)ccc1C(F)F,335.26,3.097,116.92,4,6,2,0.062,3,3,0,True,True,False,1,aniline,False,,,FC(F)*|N*,0.6647018,7.674,10.069,2.8182
CC1=CCCC(Cc2ccc(-c3oc4cc(O)cc(O)c4c(=O)c3O)cc2C)=C1C,404.46,5.484,90.9,3,5,3,0.24,4,3,1,True,True,False,0,,True,,O=c1cc(-c2ccc(CC3=CC=CCC3)cc2)oc2ccccc12,C1CC=C(C)C(C)=C1C*|C*,0.6643807,8.027,8.69,3.0692
CNc1cc(Nc2ccc(-c3oc4cc(O)cc(O)c4c(=O)c3O)cc2N)oc1F,413.36,3.676,154.12,6,9,4,0.05,4,4,1,True,False,False,1,aniline,False,,,o1c(N*)cc(NC)c1F|N*,0.662191,7.846,9.196,3.2582
O=c1c(O)c(-c2ccc(NCCO)c(-c3ccccc3)c2)oc2cc(O)cc(O)c12,405.41,3.648,123.16,5,7,5,0.087,4,4,0,True,True,False,0,,True,,,*NCCO|c1(*)ccccc1,0.6620641,7.632,10.405,2.542
COc1ccc(OC)c(C=Cc2cc(-c3oc4cc(O)cc(O)c4c(=O)c3O)ccc2C)c1,446.46,5.073,109.36,3,7,5,0.115,4,4,1,True,True,False,1,stilbene,False,,O=c1cc(-c2cccc(C=Cc3ccccc3)c2)oc2ccccc12,*C=Cc1cc(OC)ccc1OC|*C,0.6610727,8.45,8.132,2.6835
Nc1ccc(-c2oc3cc(O)cc(O)c3c(=O)c2O)cc1-c1ccc(F)cc1,379.34,3.965,116.92,4,6,2,0.0,4,4,0,True,True,False,1,aniline,False,,,N*|c1c(*)ccc(F)c1,0.659663,7.595,11.427,2.4899
Nc1ccc(-c2oc3cc(O)cc(O)c3c(=O)c2O)cc1-c1ccc(Cl)cc1,395.8,4.479,116.92,4,6,2,0.0,4,4,0,True,True,False,1,aniline,False,,,*N|c1cc(Cl)ccc1*,0.6596094,7.625,10.318,2.4853
C=CCNc1ccc(-c2oc3cc(O)cc(O)c3c(=O)c2O)cc1Cc1ccc(O)cc1,431.44,4.471,123.16,5,7,6,0.08,4,4,0,True,False,False,1,isolated_alkene,False,,,N(CC=C)*|c1c(C*)ccc(O)c1,0.6594683,7.623,10.548,2.7821
Nc1ccc(-c2oc3cc(O)cc(O)c3c(=O)c2O)cc1-c1ccoc1,351.31,3.419,130.06,4,7,2,0.0,4,4,0,True,True,False,1,aniline,False,,,o1ccc(*)c1|N*,0.6586875,7.614,10.734,2.7966
CNc1ccc(-c2oc3cc(O)cc(O)c3c(=O)c2O)cc1-c1cccc(Cl)c1,409.83,4.939,102.93,4,6,3,0.045,4,4,0,True,True,False,0,,True,,,*NC|c1ccc(Cl)cc1*,0.6586748,7.605,10.776,2.5807
O=c1c(O)c(-c2ccc(N3CCNCC3)c(NCc3ccco3)c2)oc2cc(O)cc(O)c12,449.46,3.192,131.34,5,9,5,0.208,5,4,0,True,True,False,0,,True,,,o1c(CN*)ccc1|N1(*)CCNCC1,0.6583624,7.826,9.04,2.8272
Cc1ccccc1-c1cc(-c2oc3cc(O)cc(O)c3c(=O)c2O)ccc1N,375.38,4.134,116.92,4,6,2,0.045,4,4,0,True,True,False,1,aniline,False,,,Cc1ccccc1*|N*,0.6575386,7.585,11.608,2.5135
NNC(=O)CNc1cc(-c2oc3cc(O)cc(O)c3c(=O)c2O)ccc1N,372.34,0.561,184.07,7,9,4,0.059,3,3,1,True,False,False,4,Oxygen-nitrogen_single_bond;acyl_hydrazine;aniline;hydrazine,False,,,N*|N(C(=O)CN*)N,0.6563653,7.635,10.092,2.7779
Nc1ccc(-c2oc3cc(O)cc(O)c3c(=O)c2O)cc1-c1ccccc1F,379.34,3.965,116.92,4,6,2,0.0,4,4,0,True,True,False,1,aniline,False,,,N*|c1c(F)c(*)ccc1,0.6556498,7.578,11.589,2.5394
Nc1cc(-c2oc3cc(O)cc(O)c3c(=O)c2O)ccc1NCCO,344.32,1.563,149.18,6,8,4,0.118,3,3,1,True,False,False,1,aniline,False,,,N*|C(N*)CO,0.6543184,7.762,9.168,2.6663
O=c1c(O)c(-c2ccc(C3CCCC3)c(-c3c(F)cccc3F)c2)oc2cc(O)cc(O)c12,450.44,6.18,90.9,3,5,3,0.192,5,4,1,True,False,False,0,,True,,,Fc1cccc(F)c1*|C1CCCC1*,0.6528661,8.439,8.096,2.7408
O=c1c(O)c(-c2ccc(Nc3ccco3)c(C(F)(F)F)c2)oc2cc(O)cc(O)c12,419.31,4.932,116.07,4,7,3,0.05,4,4,0,True,False,False,0,,True,,,c1oc(N*)cc1|FC(*)(F)F,0.6519144,7.679,9.603,2.9551
O=c1c(O)c(-c2ccc(C(F)(F)F)c(-c3cc(F)cc(F)c3F)c2)oc2cc(O)cc(O)c12,468.31,5.68,90.9,3,5,2,0.045,4,4,1,True,True,False,1,halogenated_ring_1,False,,,Fc1c(F)cc(F)cc1*|FC(*)(F)F,0.6515433,8.513,8.044,2.8589
CNc1ccc(Nc2ccc(-c3oc4cc(O)cc(O)c4c(=O)c3O)cc2N)cc1N,420.43,3.527,167.0,7,9,4,0.045,4,4,1,True,False,False,2,anil_NH_alk_B(3);aniline,False,,,c1cc(NC)c(N)cc1N*|N*,0.650632,7.85,8.866,2.7839
Nc1ccc(-c2oc3cc(O)cc(O)c3c(=O)c2O)cc1-c1ccc(C(=O)O)cc1,405.36,3.524,154.22,5,7,3,0.0,4,4,0,True,False,False,1,aniline,False,,O=c1cc(-c2cccc(-c3ccccc3)c2)oc2ccccc12,N*|C(=O)(c1ccc(*)cc1)O,0.6499946,8.018,8.515,2.5182
Nc1ccc(-c2oc3cc(O)cc(O)c3c(=O)c2O)cc1Nc1ccccc1,376.37,3.903,128.95,5,7,3,0.0,4,4,0,True,False,False,1,aniline,False,,,*N|c1ccc(N*)cc1,0.6499049,7.59,10.219,2.468
CNc1ccc(-c2cc(-c3oc4cc(O)cc(O)c4c(=O)c3O)ccc2N)cc1,390.4,3.868,128.95,5,7,3,0.045,4,4,0,True,False,False,1,aniline,False,,,N(c1ccc(*)cc1)C|N*,0.6481946,7.92,8.67,2.5885
CC(O)=NNc1cc(-c2oc3cc(O)cc(O)c3c(=O)c2O)ccc1N,357.32,2.462,161.54,6,8,3,0.059,3,3,1,True,False,False,4,Oxygen-nitrogen_single_bond;aniline;imine_1;imine_2,False,,,C(O)(C)=NN*|N*,0.6480901,7.645,9.722,2.9364
Nc1cc(-c2oc3cc(O)cc(O)c3c(=O)c2O)ccc1Nc1coc(N)c1F,399.33,3.217,168.11,6,9,3,0.0,4,4,1,True,False,False,1,aniline,False,,,o1cc(N*)c(F)c1N|N*,0.647671,7.604,10.549,3.1591
CC(C)=CCc1ccc(-c2oc3cc(O)cc(O)c3c(=O)c2O)cc1C,352.39,4.394,90.9,3,5,3,0.19,3,3,0,True,True,False,1,isolated_alkene,False,,O=c1cc(-c2ccccc2)oc2ccccc12,*CC=C(C)C|C*,0.6464173,7.556,10.915,2.7364
O=CCNc1ccc(-c2oc3cc(O)cc(O)c3c(=O)c2O)cc1-c1ccc(O)cc1,419.39,3.56,140.23,5,8,5,0.043,4,4,0,True,False,False,1,aldehyde,False,,O=c1cc(-c2cccc(-c3ccccc3)c2)oc2ccccc12,*NCC=O|c1cc(*)ccc1O,0.6447504,7.643,9.57,2.7928
Nc1ccc(-c2oc3cc(O)cc(O)c3c(=O)c2O)cc1-c1ccccc1O,377.35,3.532,137.15,5,7,2,0.0,4,4,0,True,False,False,1,aniline,False,,,*N|c1(O)c(*)cccc1,0.6444899,7.543,10.94,2.5956
CCOc1ccccc1-c1cc(-c2oc3cc(O)cc(O)c3c(=O)c2O)ccc1N,405.41,4.225,126.15,4,7,4,0.087,4,4,0,True,False,False,1,aniline,False,,,CCOc1c(*)cccc1|N*,0.6427309,7.569,10.112,2.5529
Cc1cc(Nc2cc(-c3oc4cc(O)cc(O)c4c(=O)c3O)ccc2N)ccc1N,405.41,3.793,154.97,6,8,3,0.045,4,4,1,True,False,False,1,aniline,False,,O=c1cc(-c2cccc(Nc3ccccc3)c2)oc2ccccc12,c1(C)c(N)ccc(N*)c1|N*,0.6419814,8.577,7.943,2.6842
Nc1ccc(-c2oc3cc(O)cc(O)c3c(=O)c2O)cc1-c1ccco1,351.31,3.419,130.06,4,7,2,0.0,4,4,0,True,True,False,1,aniline,False,,,*N|o1c(*)ccc1,0.6412011,7.537,10.75,2.6872
N=C(N)Nc1cc(-c2oc3cc(O)cc(O)c3c(=O)c2O)ccc1N,342.31,1.464,178.82,7,7,2,0.0,3,3,1,True,False,False,3,aniline;imine_1;imine_2,False,,,N=C(N*)N|N*,0.6387061,7.577,9.927,2.832
CCc1cc(-c2oc3cc(O)cc(O)c3c(=O)c2O)ccc1NCc1ccc(F)cc1,421.42,4.89,102.93,4,6,5,0.125,4,4,0,True,True,False,0,,True,,,*CC|C(N*)c1ccc(F)cc1,0.6377051,7.511,11.092,2.5391
CN(C)c1ccc(-c2oc3cc(O)cc(O)c3c(=O)c2O)cc1-c1ccccc1,389.41,4.31,94.14,3,6,3,0.087,4,4,0,True,True,False,0,,True,,O=c1cc(-c2cccc(-c3ccccc3)c2)oc2ccccc12,c1ccccc1*|N(C)(*)C,0.6368086,7.647,9.305,2.513
O=c1c(O)c(-c2ccc(Nc3cc(F)ccc3F)c(-c3ccc(F)s3)c2)oc2cc(O)cc(O)c12,497.45,6.466,131.17,4,7,4,0.0,5,5,1,True,False,False,0,,True,,,*Nc1c(F)ccc(F)c1|s1c(*)ccc1F,0.6366352,8.623,7.909,2.9816
O=c1c(O)c(-c2ccc(-c3ccccc3O)c(-c3ccc(O)cc3)c2)oc2cc(O)cc(O)c12,454.43,5.322,131.36,5,7,3,0.0,5,5,1,True,False,False,0,,True,,,Oc1ccccc1*|c1cc(O)ccc1*,0.6326674,9.071,7.689,2.5978
Cc1ccc(-c2oc3cc(O)cc(O)c3c(=O)c2O)cc1C(F)(F)F,352.26,3.904,90.9,3,5,1,0.118,3,3,0,True,True,False,0,,True,,,FC(F)(F)*|C*,0.6322438,7.498,10.729,2.5858
CC(Nc1ccc(-c2oc3cc(O)cc(O)c3c(=O)c2O)cc1C(F)(F)F)c1ccco1,447.37,5.362,116.07,4,7,4,0.136,4,4,1,True,False,False,0,,True,,,*NC(c1occc1)C|FC(F)(F)*,0.6317682,7.557,10.435,3.2628
Nc1ccc(-c2oc3cc(O)cc(O)c3c(=O)c2O)cc1Nc1ccoc1F,384.32,3.635,142.09,5,8,3,0.0,4,4,0,True,False,False,1,aniline,False,,,N*|o1ccc(N*)c1F,0.6301867,7.517,10.684,3.0741
CC(=O)Nc1cc(-c2oc3cc(O)cc(O)c3c(=O)c2O)ccc1N,342.31,2.117,146.02,5,7,2,0.059,3,3,0,True,False,False,1,aniline,False,,,*NC(C)=O|N*,0.6299458,7.501,10.383,2.5697
Nc1ccc(-c2oc3cc(O)cc(O)c3c(=O)c2O)cc1-c1cccs1,367.38,3.888,145.16,4,7,2,0.0,4,4,0,True,False,False,1,aniline,False,,,c1cc(*)sc1|*N,0.6294669,7.499,10.445,2.6691
O=c1c(O)c(-c2ccc(-c3cc(F)c(F)cc3F)c(C(F)c3cccc(F)c3F)c2)oc2cc(O)cc(O)c12,544.4,6.998,90.9,3,5,4,0.036,5,5,2,False,False,False,1,halogenated_ring_1,False,,,Fc1cc(F)c(*)cc1F|FC(c1cccc(F)c1F)*,0.6287519,9.327,7.731,3.5355
CNC=CNc1ccc(-c2oc3cc(O)cc(O)c3c(=O)c2O)cc1N,355.35,2.262,140.98,6,8,4,0.056,3,3,1,True,False,False,1,aniline,False,,,N*|N(C=CN*)C,0.6260217,7.653,9.211,3.0979
Cc1ccccc1-c1ccc(-c2oc3cc(O)cc(O)c3c(=O)c2O)cc1-c1ccc(O)cc1,452.46,5.925,111.13,4,6,3,0.036,5,5,1,True,False,False,0,,True,,O=c1cc(-c2ccc(-c3ccccc3)c(-c3ccccc3)c2)oc2ccccc12,Cc1c(*)cccc1|c1(*)ccc(O)cc1,0.6257575,9.154,7.634,2.5311
COC(=O)Cc1ccc(-c2oc3cc(O)cc(O)c3c(=O)c2O)cc1N,357.32,1.875,143.22,4,8,3,0.111,3,3,0,True,False,False,1,aniline,False,,,O=C(OC)C*|*N,0.6251074,7.632,9.163,2.6472
Nc1ccc(-c2oc3cc(O)cc(O)c3c(=O)c2O)cc1Nc1ccco1,366.33,3.496,142.09,5,8,3,0.0,4,4,0,True,False,False,1,aniline,False,,,*N|o1c(N*)ccc1,0.6179994,7.458,10.575,2.9149
Nc1cc(-c2cc(-c3oc4cc(O)cc(O)c4c(=O)c3O)ccc2C(F)(F)F)c(F)c(F)c1F,483.32,5.262,116.92,4,6,2,0.045,4,4,1,True,False,False,2,aniline;halogenated_ring_2,False,,,c1(*)c(F)c(F)c(F)c(N)c1|FC(F)(F)*,0.6176965,9.109,7.636,3.0428
Nc1ccc(-c2oc3cc(O)cc(O)c3c(=O)c2O)cc1N,300.27,1.741,142.94,5,7,1,0.0,3,3,0,True,False,False,1,aniline,False,,O=c1cc(-c2ccccc2)oc2ccccc12,*N|*N,0.6166303,7.546,9.391,2.635
Nc1ccc(-c2oc3cc(O)cc(O)c3c(=O)c2O)cc1-c1ccc(O)c(=O)o1,395.32,2.485,167.36,5,9,2,0.0,4,4,0,True,False,False,1,aniline,False,,,c1(O)ccc(*)oc1=O|N*,0.615938,7.889,8.461,2.8859
CC(C)=CCCC(C)=CCc1ccc(-c2oc3cc(O)cc(O)c3c(=O)c2O)cc1C,420.51,6.12,90.9,3,5,6,0.269,3,3,1,True,False,False,1,isolated_alkene,False,,O=c1cc(-c2ccccc2)oc2ccccc12,C(C)(C)=CCCC(=CC*)C|C*,0.6119249,7.48,9.838,2.9463
Cc1ccc(-c2oc3cc(O)cc(O)c3c(=O)c2O)cc1C,298.29,3.194,90.9,3,5,1,0.118,3,3,0,True,True,False,0,,True,,O=c1cc(-c2ccccc2)oc2ccccc12,*C|C*,0.6090601,7.42,10.228,2.3822
C=CCc1ccc(-c2oc3cc(O)cc(O)c3c(=O)c2O)cc1N,325.32,2.888,116.92,4,6,3,0.056,3,3,0,True,True,False,2,aniline;isolated_alkene,False,,O=c1cc(-c2ccccc2)oc2ccccc12,*N|C=CC*,0.6060181,7.43,10.026,2.7679
O=c1c(O)c(-c2ccc(C(F)(F)F)c(-c3c(F)ccc(F)c3F)c2)oc2cc(O)cc(O)c12,468.31,5.68,90.9,3,5,2,0.045,4,4,1,True,True,False,1,halogenated_ring_1,False,,,FC(F)(F)*|Fc1c(F)ccc(F)c1*,0.6036055,8.711,7.695,2.8612
CC(C)=CCc1cc(-c2oc3cc(O)cc(O)c3c(=O)c2O)ccc1N,353.37,3.668,116.92,4,6,3,0.15,3,3,0,True,True,False,2,aniline;isolated_alkene,False,,O=c1cc(-c2ccccc2)oc2ccccc12,CC(=CC*)C|N*,0.6027854,7.398,10.41,2.8402
Nc1ccc(-c2oc3cc(O)cc(O)c3c(=O)c2O)cc1-c1c(F)c(N)c(F)c(F)c1F,448.33,3.965,142.94,5,7,2,0.0,4,4,0,True,False,False,3,aniline;halogenated_ring_1;halogenated_ring_2,False,,,c1(F)c(F)c(F)c(*)c(F)c1N|N*,0.6014731,8.169,8.048,3.0651
O=c1c(O)c(-c2ccc(-c3cc(F)c(F)cc3F)c(Nc3ccc(F)cc3F)c2)oc2cc(O)cc(O)c12,527.4,6.683,102.93,4,6,4,0.0,5,5,2,False,False,False,1,halogenated_ring_1,False,,,c1c(F)c(F)cc(F)c1*|c1(F)ccc(N*)c(F)c1,0.6000375,9.059,7.558,2.8685
CNc1ccc(-c2oc3cc(O)cc(O)c3c(=O)c2O)cc1N,314.3,2.201,128.95,5,7,2,0.062,3,3,0,True,True,False,1,aniline,False,,,*NC|N*,0.5998469,7.489,9.313,2.6436
COc1ccccc1-c1cc(-c2oc3cc(O)cc(O)c3c(=O)c2O)ccc1N,391.38,3.835,126.15,4,7,3,0.045,4,4,0,True,True,False,1,aniline,False,,,N*|COc1ccccc1*,0.5979649,7.396,9.943,2.516
COc1ccc(Nc2ccc(-c3oc4cc(O)cc(O)c4c(=O)c3O)cc2N)cc1,406.39,3.911,138.18,5,8,4,0.045,4,4,0,True,False,False,1,aniline,False,,,*N|c1(N*)ccc(OC)cc1,0.5959521,8.077,8.064,2.4965
Nc1ccc(-c2oc3cc(O)cc(O)c3c(=O)c2O)cc1C(F)(F)F,353.25,3.178,116.92,4,6,1,0.062,3,3,0,True,True,False,1,aniline,False,,O=c1cc(-c2ccccc2)oc2ccccc12,*C(F)(F)F|N*,0.5952746,7.353,10.625,2.6728
Nc1cc(-c2oc3cc(O)cc(O)c3c(=O)c2O)ccc1CC=NO,342.31,2.162,149.51,5,8,3,0.059,3,3,0,True,False,False,4,Oxygen-nitrogen_single_bond;aniline;imine_1;oxime_1,False,,O=c1cc(-c2ccccc2)oc2ccccc12,C(=NO)C*|*N,0.5951515,7.492,9.306,3.0472
CCNc1ccc(-c2oc3cc(O)cc(O)c3c(=O)c2O)cc1N,328.32,2.591,128.95,5,7,3,0.118,3,3,0,True,True,False,1,aniline,False,,,N*|*NCC,0.5914711,7.412,9.563,2.6219
COc1cc(F)ccc1Nc1cc(-c2oc3cc(O)cc(O)c3c(=O)c2O)ccc1N,424.38,4.05,138.18,5,8,4,0.045,4,4,0,True,False,False,1,aniline,False,,,c1(N*)ccc(F)cc1OC|N*,0.5832516,7.488,9.01,2.6387
C=CCc1ccc(-c2oc3cc(O)cc(O)c3c(=O)c2O)cc1-c1ccc(O)cc1,402.4,4.678,111.13,4,6,4,0.042,4,4,0,True,True,False,1,isolated_alkene,False,,,*CC=C|c1(O)ccc(*)cc1,0.5798257,7.608,8.639,2.7244
CNCCNc1ccc(-c2oc3cc(O)cc(O)c3c(=O)c2O)cc1C(F)(F)F,410.35,3.227,114.96,5,7,5,0.211,3,3,0,True,True,False,1,Aliphatic_long_chain,False,,,FC(*)(F)F|C(CN*)NC,0.5791948,7.304,10.291,2.7754
CNc1c(F)c(F)c(F)c(Nc2cc(-c3oc4cc(O)cc(O)c4c(=O)c3O)ccc2N)c1F,477.37,4.501,140.98,6,8,4,0.045,4,4,1,True,False,False,3,aniline;halogenated_ring_1;halogenated_ring_2,False,,,N(*)c1c(F)c(F)c(F)c(NC)c1F|N*,0.5789708,8.373,7.779,3.1467
O=c1c(O)c(-c2ccc(Nc3ccccc3)c(Nc3ccccc3)c2)oc2cc(O)cc(O)c12,452.47,6.064,114.96,5,7,5,0.0,5,5,1,True,False,False,0,,True,,,c1(N*)ccccc1|N(c1ccccc1)*,0.5776747,8.225,7.832,2.4793
C=CCNc1ccc(-c2oc3cc(O)cc(O)c3c(=O)c2O)cc1C(F)(F)F,393.32,4.194,102.93,4,6,4,0.105,3,3,0,True,True,False,1,isolated_alkene,False,,,C(N*)C=C|C(F)(F)(*)F,0.576991,7.282,10.691,2.8212
O=c1c(O)c(-c2ccc(-c3cccs3)c(NC3=CC=NC3)c2)oc2cc(O)cc(O)c12,432.46,4.686,143.53,4,8,4,0.043,5,4,0,True,False,False,0,,True,,,*NC1=CC=NC1|c1ccc(*)s1,0.5763271,7.541,8.887,3.2498
C=CCc1ccc(-c2oc3cc(O)cc(O)c3c(=O)c2O)cc1CC=C(C)C,378.42,4.814,90.9,3,5,5,0.174,3,3,0,True,True,False,1,isolated_alkene,False,,O=c1cc(-c2ccccc2)oc2ccccc12,C(=C(C)C)C*|C=CC*,0.5761158,7.299,10.308,2.9449
Nc1ccc(-c2oc3cc(O)cc(O)c3c(=O)c2O)cc1Nc1cccs1,382.4,3.964,157.19,5,8,3,0.0,4,4,0,True,False,False,1,aniline,False,,,s1c(N*)ccc1|N*,0.5725097,7.289,10.111,2.8355
CNN=CCNc1cc(-c2oc3cc(O)cc(O)c3c(=O)c2O)ccc1C(F)F,405.36,3.132,127.32,5,8,6,0.158,3,3,0,True,True,False,2,Oxygen-nitrogen_single_bond;imine_1,False,,,*NCC=NNC|FC(F)*,0.5723147,7.36,9.856,3.3526
O=c1c(O)c(-c2ccc(N3CCOCC3)c(-c3ccc(F)cc3)c2)oc2cc(O)cc(O)c12,449.43,4.22,103.37,3,7,3,0.16,5,4,0,True,True,False,0,,True,,,C1CN(*)CCO1|c1c(F)ccc(*)c1,0.5702984,8.338,7.719,2.6119
Nc1ccc(-c2oc3cc(O)cc(O)c3c(=O)c2O)cc1-c1nccs1,368.37,3.283,158.05,4,8,2,0.0,4,4,0,True,False,False,1,aniline,False,,,n1c(*)scc1|*N,0.5701965,7.275,10.156,2.795
CNc1ccc(-c2oc3cc(O)cc(O)c3c(=O)c2O)cc1-c1c(F)cccc1F,411.36,4.564,102.93,4,6,3,0.045,4,4,0,True,True,False,0,,True,,,c1ccc(F)c(*)c1F|N(*)C,0.5630131,7.529,8.64,2.7252
CNc1cc(-c2oc3cc(O)cc(O)c3c(=O)c2O)ccc1N,314.3,2.201,128.95,5,7,2,0.062,3,3,0,True,True,False,1,aniline,False,,,*N|CN*,0.5550877,7.269,9.495,2.6446
Cc1cc(O)c2c(-c3cc(-c4oc5cc(O)cc(O)c5c(=O)c4O)ccc3N)cc(=O)oc2c1,459.41,3.946,167.36,5,9,2,0.04,5,5,0,True,False,False,2,aniline;cumarine,False,,O=c1cc(-c2cccc(-c3cc(=O)c4ccccc4o3)c2)c2ccccc2o1,c1(=O)oc2c(c(O)cc(C)c2)c(*)c1|N*,0.5550004,8.683,7.486,2.9562
NC(=O)Nc1ccc(-c2cc(-c3oc4cc(O)cc(O)c4c(=O)c3O)ccc2N)cc1,419.39,3.317,172.04,6,7,3,0.0,4,4,1,True,False,False,1,aniline,False,,,O=C(Nc1ccc(*)cc1)N|*N,0.5542157,8.329,7.643,2.5939
Cc1cc(-c2oc3cc(O)cc(O)c3c(=O)c2O)ccc1N,299.28,2.467,116.92,4,6,1,0.062,3,3,0,True,True,False,1,aniline,False,,O=c1cc(-c2ccccc2)oc2ccccc12,*N|*C,0.5495346,7.212,9.758,2.5239
NCCNc1cc(-c2oc3cc(O)cc(O)c3c(=O)c2O)ccc1CC(=O)O,386.36,1.574,166.25,6,8,6,0.158,3,3,1,True,False,False,0,,True,,,C(=O)(O)C*|N(*)CCN,0.5486535,7.268,9.348,2.7585
Cc1ccc(-c2cc(-c3oc4cc(O)cc(O)c4c(=O)c3O)ccc2Nc2ccc(F)c(F)c2F)o1,495.41,6.306,116.07,4,7,4,0.038,5,5,1,True,False,False,1,halogenated_ring_2,False,,,*Nc1c(F)c(F)c(F)cc1|*c1oc(C)cc1,0.5467952,8.829,7.393,2.9206
CNc1ccc(-c2oc3cc(O)cc(O)c3c(=O)c2O)cc1C(F)F,349.29,3.556,102.93,4,6,3,0.118,3,3,0,True,True,False,0,,True,,,N(C)*|FC(F)*,0.5461678,7.17,10.286,2.8196
Nc1ccc(-c2oc3cc(O)cc(O)c3c(=O)c2O)cc1CC=NC(=O)O,370.32,2.45,166.58,5,7,3,0.056,3,3,0,True,False,False,2,aniline;imine_1,False,,O=c1cc(-c2ccccc2)oc2ccccc12,C(C=NC(=O)O)*|N*,0.5437768,7.179,10.413,3.1658
C=CC(C)=CCNc1ccc(-c2oc3cc(O)cc(O)c3c(=O)c2O)cc1C,379.41,4.429,102.93,4,6,5,0.136,3,3,0,True,True,False,1,polyene,False,,O=c1cc(-c2ccccc2)oc2ccccc12,N(CC=C(C=C)C)*|C*,0.5429667,7.161,10.364,2.9682
Nc1ccc(C=CNc2cc(-c3oc4cc(O)cc(O)c4c(=O)c3O)ccc2N)cc1,417.42,3.824,154.97,6,8,4,0.0,4,4,1,True,False,False,1,aniline,False,,,*NC=Cc1ccc(N)cc1|N*,0.5411151,8.999,7.315,2.8766
Nc1ccc(-c2oc3cc(O)cc(O)c3c(=O)c2O)cc1NCc1cccs1,396.42,3.833,157.19,5,8,4,0.05,4,4,0,True,False,False,1,aniline,False,,,N*|s1cccc1CN*,0.5382672,7.177,9.675,2.6849
O=CCNc1cc(-c2oc3cc(O)cc(O)c3c(=O)c2O)ccc1-c1ccco1,393.35,3.448,133.14,4,8,5,0.048,4,4,0,True,False,False,1,aldehyde,False,,,N(*)CC=O|c1ccc(*)o1,0.5357905,7.138,10.172,2.9304
C=C(C)C(C)c1cc(-c2oc3cc(O)cc(O)c3c(=O)c2O)ccc1N,353.37,3.839,116.92,4,6,3,0.15,3,3,0,True,True,False,2,aniline;isolated_alkene,False,,O=c1cc(-c2ccccc2)oc2ccccc12,C=C(C)C(C)*|N*,0.5294405,7.178,10.028,3.4232
O=C(O)c1ccccc1-c1cc(-c2oc3cc(O)cc(O)c3c(=O)c2O)ccc1Nc1ccccc1,481.46,5.686,140.23,5,7,5,0.0,5,5,1,True,False,False,0,,True,,,OC(=O)c1ccccc1*|N(*)c1ccccc1,0.5276386,7.787,7.947,2.5763
CC(C)c1cc(-c2oc3cc(O)cc(O)c3c(=O)c2O)ccc1N,327.34,3.282,116.92,4,6,2,0.167,3,3,0,True,True,False,1,aniline,False,,O=c1cc(-c2ccccc2)oc2ccccc12,*N|C(C)(*)C,0.52734,7.083,10.353,2.6443
Nc1ccc(-c2oc3cc(O)cc(O)c3c(=O)c2O)cc1CBr,378.18,3.054,116.92,4,6,2,0.062,3,3,0,True,True,False,2,alkyl_halide;aniline,False,,,C(*)Br|N*,0.5155929,7.088,9.626,2.7447
COc1cc(Cc2cc(-c3oc4cc(O)cc(O)c4c(=O)c3O)ccc2N)ccc1N,420.42,3.341,152.17,5,8,4,0.087,4,4,0,True,False,False,1,aniline,False,,O=c1cc(-c2cccc(Cc3ccccc3)c2)oc2ccccc12,N*|O(C)c1cc(C*)ccc1N,0.5008994,7.939,7.648,2.7142
Nc1nc2ccc(Nc3ccc(-c4oc5cc(O)cc(O)c5c(=O)c4O)cc3C(F)(F)F)cc2o1,485.37,5.063,154.98,5,9,3,0.043,5,5,1,True,False,False,0,,True,,,*Nc1ccc2c(c1)oc(N)n2|FC(F)(*)F,0.5004171,8.529,7.296,2.9627
Cc1cc(Nc2cc(-c3oc4cc(O)cc(O)c4c(=O)c3O)ccc2N)cc(C)c1O,420.42,4.225,149.18,6,8,3,0.087,4,4,1,True,False,False,2,aniline;hydroquinone,False,,O=c1cc(-c2cccc(Nc3ccccc3)c2)oc2ccccc12,c1(N*)cc(C)c(O)c(C)c1|N*,0.4947759,8.646,7.212,2.7495
CCCc1cc(-c2oc3cc(O)cc(O)c3c(=O)c2O)ccc1N,327.34,3.112,116.92,4,6,3,0.167,3,3,0,True,True,False,1,aniline,False,,,*N|C(*)CC,0.4895288,6.943,9.957,2.6051
Nc1ccc(-c2oc3cc(O)cc(O)c3c(=O)c2O)cc1C=Cc1cc(O)cc(O)c1,419.39,3.741,157.38,6,8,3,0.0,4,4,1,True,False,False,2,aniline;stilbene,False,,O=c1cc(-c2cccc(C=Cc3ccccc3)c2)oc2ccccc12,N*|c1c(C=C*)cc(O)cc1O,0.4894058,8.227,7.394,2.9211
CCNc1cc(-c2oc3cc(O)cc(O)c3c(=O)c2O)ccc1N,328.32,2.591,128.95,5,7,3,0.118,3,3,0,True,True,False,1,aniline,False,,O=c1cc(-c2ccccc2)oc2ccccc12,N*|*NCC,0.4824441,6.973,9.376,2.6256
C=CCc1cc(-c2oc3cc(O)cc(O)c3c(=O)c2O)ccc1N,325.32,2.888,116.92,4,6,3,0.056,3,3,0,True,True,False,2,aniline;isolated_alkene,False,,O=c1cc(-c2ccccc2)oc2ccccc12,C=CC*|*N,0.4821782,6.912,10.021,2.7866
Nc1ccc(-c2oc3cc(O)cc(O)c3c(=O)c2O)cc1NCCO,344.32,1.563,149.18,6,8,4,0.118,3,3,1,True,False,False,1,aniline,False,,,C(N*)CO|N*,0.4820677,6.996,9.232,2.6697
C=CCc1ccc(-c2oc3cc(O)cc(O)c3c(=O)c2O)cc1C,324.33,3.614,90.9,3,5,3,0.105,3,3,0,True,True,False,1,isolated_alkene,False,,O=c1cc(-c2ccccc2)oc2ccccc12,*C|C(=C)C*,0.4811971,6.887,10.371,2.675
CCNc1ccc(-c2oc3cc(O)cc(O)c3c(=O)c2O)cc1C,327.34,3.317,102.93,4,6,3,0.167,3,3,0,True,True,False,0,,True,,O=c1cc(-c2ccccc2)oc2ccccc12,C*|CCN*,0.4795237,6.904,9.871,2.5126
C=CCCc1ccc(-c2oc3cc(O)cc(O)c3c(=O)c2O)cc1NCC=C(C)C,407.47,5.074,102.93,4,6,7,0.208,3,3,1,True,True,False,1,isolated_alkene,False,,O=c1cc(-c2ccccc2)oc2ccccc12,*NCC=C(C)C|C(CC=C)*,0.4790744,6.889,10.525,3.0415
CC(C)Nc1cc(-c2oc3cc(O)cc(O)c3c(=O)c2O)ccc1N,342.35,2.979,128.95,5,7,3,0.167,3,3,0,True,True,False,1,aniline,False,,,*NC(C)C|N*,0.4729826,6.868,10.025,2.6701
CCNc1ccc(-c2cc(-c3oc4cc(O)cc(O)c4c(=O)c3O)ccc2N)cc1,404.42,4.258,128.95,5,7,4,0.087,4,4,0,True,False,False,1,aniline,False,,,N*|c1c(NCC)ccc(*)c1,0.4725722,7.824,7.583,2.59
CCNc1ccc(-c2oc3cc(O)cc(O)c3c(=O)c2O)cc1C(F)F,363.32,3.946,102.93,4,6,4,0.167,3,3,0,True,True,False,0,,True,,,N(*)CC|FC(F)*,0.4708355,6.852,10.211,2.7871
Cc1cccc(-c2ccc(-c3oc4cc(O)cc(O)c4c(=O)c3O)cc2-c2ccc(O)cc2)c1,452.46,5.925,111.13,4,6,3,0.036,5,5,1,True,False,False,0,,True,,,c1(O)ccc(*)cc1|c1(*)cccc(C)c1,0.4707499,9.196,6.949,2.5376
CCc1cc(-c2oc3cc(O)cc(O)c3c(=O)c2O)ccc1N,313.31,2.721,116.92,4,6,2,0.118,3,3,0,True,True,False,1,aniline,False,,,N*|C(*)C,0.4661979,6.838,9.997,2.5893
COC(=O)c1ccc(-c2cc(-c3oc4cc(O)cc(O)c4c(=O)c3O)ccc2N)cc1,419.39,3.613,143.22,4,8,3,0.043,4,4,0,True,False,False,1,aniline,False,,,N*|O(C)C(=O)c1ccc(*)cc1,0.4638106,7.735,7.611,2.5227
CCNc1cc(-c2oc3cc(O)cc(O)c3c(=O)c2O)ccc1C,327.34,3.317,102.93,4,6,3,0.167,3,3,0,True,True,False,0,,True,,O=c1cc(-c2ccccc2)oc2ccccc12,*C|CCN*,0.4597898,6.865,9.409,2.5211
O=c1c(O)c(-c2ccc(-c3ccccc3)c(-c3ccccc3F)c2)oc2cc(O)cc(O)c12,440.43,6.05,90.9,3,5,3,0.0,5,5,1,True,True,False,0,,True,,,Fc1ccccc1*|c1ccccc1*,0.4553982,8.636,7.024,2.4417
Cc1ccc(Nc2ccc(-c3oc4cc(O)cc(O)c4c(=O)c3O)cc2-c2ccccc2O)cc1,467.48,6.001,123.16,5,7,4,0.036,5,5,1,True,False,False,0,,True,,,c1c(C)ccc(N*)c1|Oc1ccccc1*,0.4511318,8.578,7.028,2.614
NCCNc1cc(-c2oc3cc(O)cc(O)c3c(=O)c2O)ccc1N,343.34,1.53,154.97,6,8,4,0.118,3,3,1,True,False,False,1,aniline,False,,,*NCCN|N*,0.4499213,6.845,9.271,2.7056
O=c1c(O)c(-c2ccc(-c3ccc(O)cc3)c(-c3ccc(O)c(F)c3)c2)oc2cc(O)cc(O)c12,472.42,5.461,131.36,5,7,3,0.0,5,5,1,True,False,False,0,,True,,,Fc1cc(*)ccc1O|c1cc(*)ccc1O,0.4472498,9.141,6.855,2.6718
CCNc1ccc(-c2oc3cc(O)cc(O)c3c(=O)c2O)cc1NCCN,371.39,2.379,140.98,6,8,6,0.211,3,3,1,True,False,False,0,,True,,,N(CC)*|C(N*)CN,0.4174834,6.717,9.14,2.7541
C=CCNc1cc(-c2oc3cc(O)cc(O)c3c(=O)c2O)ccc1N,340.34,2.757,128.95,5,7,4,0.056,3,3,0,True,True,False,2,aniline;isolated_alkene,False,,O=c1cc(-c2ccccc2)oc2ccccc12,C(C=C)N*|*N,0.409564,6.657,9.27,2.7783
O=c1c(O)c(-c2ccc(Nc3c(F)cccc3F)c(-c3ccc(F)cc3)c2)oc2cc(O)cc(O)c12,491.42,6.405,102.93,4,6,4,0.0,5,5,1,True,False,False,0,,True,,,c1ccc(F)c(N*)c1F|Fc1ccc(*)cc1,0.4088019,8.794,6.753,2.682
Cc1ccc(-c2cc(-c3oc4cc(O)cc(O)c4c(=O)c3O)ccc2Cc2ccc(O)c(C)c2)cc1C,494.54,6.465,111.13,4,6,4,0.129,5,5,1,True,False,False,0,,True,,O=c1cc(-c2ccc(Cc3ccccc3)c(-c3ccccc3)c2)oc2ccccc12,*c1ccc(C)c(C)c1|c1cc(O)c(C)cc1C*,0.4036194,9.013,6.675,2.7533
O=c1c(O)c(-c2ccc(Nc3ccccc3F)c(-c3ccc(F)cc3)c2)oc2cc(O)cc(O)c12,473.43,6.266,102.93,4,6,4,0.0,5,5,1,True,False,False,0,,True,,,*Nc1ccccc1F|c1(F)ccc(*)cc1,0.4029033,8.726,6.741,2.5698
CNC(=NO)c1ccc(-c2cc(-c3oc4cc(O)cc(O)c4c(=O)c3O)ccc2N)cc1,433.42,3.181,161.54,6,8,3,0.043,4,4,1,True,False,False,5,Oxygen-nitrogen_single_bond;aniline;imine_1;imine_2;oxime_1,False,,,N*|N(C(=NO)c1ccc(*)cc1)C,0.3948895,7.692,7.26,2.9319
O=c1c(O)c(-c2ccc(Nc3c(F)cc(F)cc3F)c(-c3ccc(F)c(F)c3F)c2)oc2cc(O)cc(O)c12,545.39,6.822,102.93,4,6,4,0.0,5,5,2,False,False,False,1,halogenated_ring_2,False,,,Fc1c(N*)c(F)cc(F)c1|c1(F)c(F)c(*)ccc1F,0.3933679,9.263,6.588,2.9931
O=c1c(O)c(-c2ccc(NC=Nc3ccccc3)c(C(F)(F)F)c2)oc2cc(O)cc(O)c12,456.38,5.368,115.29,4,6,4,0.043,4,4,1,True,False,False,2,imine_1;imine_2,False,,,N(*)C=Nc1ccccc1|FC(*)(F)F,0.3909059,8.327,6.841,2.9256
CNc1ccc(-c2oc3cc(O)cc(O)c3c(=O)c2O)cc1-c1ccccc1OC,405.41,4.294,112.16,4,7,4,0.087,4,4,0,True,True,False,0,,True,,,COc1ccccc1*|N(C)*,0.3855565,7.295,7.569,2.5711
Cc1ccc(-c2oc3cc(O)cc(O)c3c(=O)c2O)cc1C=Cc1ccc(O)c(O)c1,418.4,4.467,131.36,5,7,3,0.042,4,4,0,True,False,False,3,catechol;catechol_A(92);stilbene,False,,O=c1cc(-c2cccc(C=Cc3ccccc3)c2)oc2ccccc12,c1(O)c(O)ccc(C=C*)c1|C*,0.3717639,8.848,6.552,2.7626
Cc1ccccc1Nc1ccc(-c2oc3cc(O)cc(O)c3c(=O)c2O)cc1-c1ccccc1,451.48,6.296,102.93,4,6,4,0.036,5,5,1,True,False,False,0,,True,,,c1c(*)cccc1|c1(C)c(N*)cccc1,0.3715552,8.58,6.625,2.4882
O=c1c(O)c(-c2ccc(-c3c(Cl)cccc3Cl)c(CC=NO)c2)oc2cc(O)cc(O)c12,472.28,5.553,123.49,4,7,4,0.043,4,4,1,True,False,False,3,Oxygen-nitrogen_single_bond;imine_1;oxime_1,False,,O=c1cc(-c2ccc(-c3ccccc3)cc2)oc2ccccc12,C(*)C=NO|*c1c(Cl)cccc1Cl,0.3642181,7.876,6.953,3.053
O=c1c(O)c(-c2ccc(-c3c(F)cccc3F)c(-c3ccccc3F)c2)oc2cc(O)cc(O)c12,476.41,6.328,90.9,3,5,3,0.0,5,5,1,True,False,False,0,,True,,,c1ccc(F)c(*)c1|Fc1c(*)c(F)ccc1,0.316496,8.978,6.212,2.6614
COc1ccc(C=Nc2cc(-c3oc4cc(O)cc(O)c4c(=O)c3O)ccc2N)cc1,418.41,3.918,138.51,4,8,4,0.043,4,4,0,True,False,False,2,aniline;imine_1,False,,O=c1cc(-c2cccc(N=Cc3ccccc3)c2)oc2ccccc12,c1cc(OC)ccc1C=N*|N*,0.3093161,7.913,6.583,2.7679
O=c1c(O)c(-c2ccc(Nc3ccccc3)c(-c3ccc(F)cc3F)c2)oc2cc(O)cc(O)c12,473.43,6.266,102.93,4,6,4,0.0,5,5,1,True,False,False,0,,True,,,c1ccccc1N*|c1c(F)cc(F)c(*)c1,0.2526663,8.676,5.871,2.6093
O=c1c(O)c(-c2ccc(-c3ccco3)c(-c3c(F)c(F)cc(F)c3F)c2)oc2cc(O)cc(O)c12,484.36,6.06,104.04,3,6,3,0.0,5,5,1,True,False,False,1,halogenated_ring_1,False,,,c1(F)c(F)cc(F)c(F)c1*|c1coc(*)c1,0.2488691,8.928,5.793,2.9891
CNc1ccc(-c2cc(-c3oc4cc(O)cc(O)c4c(=O)c3O)ccc2N2CCNCC2)cc1,459.5,3.695,118.2,5,8,4,0.192,5,4,0,True,True,False,0,,True,,,C1N(*)CCNC1|c1(NC)ccc(*)cc1,0.2232544,8.488,5.71,2.7683
Cc1cc(C=Cc2ccc(-c3oc4cc(O)cc(O)c4c(=O)c3O)cc2N)cc(CO)c1O,447.44,3.836,157.38,6,8,4,0.08,4,4,1,True,False,False,2,aniline;stilbene,False,,O=c1cc(-c2ccc(C=Cc3ccccc3)cc2)oc2ccccc12,c1c(C)c(O)c(CO)cc1C=C*|*N,0.1605413,8.138,5.271,3.0004
Nc1cc(-c2oc3cc(O)cc(O)c3c(=O)c2O)ccc1Nc1ccc(N=Cc2ccccc2O)cc1,495.49,5.359,161.54,6,9,5,0.0,5,5,2,False,False,False,2,aniline;imine_1,False,,O=c1cc(-c2ccc(Nc3ccc(N=Cc4ccccc4)cc3)cc2)oc2ccccc12,*N|Oc1ccccc1C=Nc1ccc(N*)cc1,0.1575396,8.357,5.14,2.8749
C=CC(=O)Cc1cc(-c2oc3cc(O)cc(O)c3c(=O)c2O)ccc1C(C)=CC=CC(C)=NOC(C)=O,503.51,4.773,146.63,3,9,8,0.143,3,3,1,True,False,False,5,Michael_acceptor_1;Oxygen-nitrogen_single_bond;imine_1;oxime_2;polyene,False,,O=c1cc(-c2ccccc2)oc2ccccc12,C(C=C)(=O)C*|C(=O)(C)ON=C(C)C=CC=C(*)C,0.1340845,7.712,5.246,3.5446
O=c1c(O)c(-c2ccc(Nc3ccc(F)cc3)c(C(F)F)c2)oc2cc(O)cc(O)c12,429.35,5.397,102.93,4,6,4,0.045,4,4,1,True,True,False,0,,True,,,FC(*)F|c1cc(N*)ccc1F,0.009874,0.0,10.695,2.6849
Nc1ccccc1Nc1ccc(-c2oc3cc(O)cc(O)c3c(=O)c2O)cc1N,391.38,3.485,154.97,6,8,3,0.0,4,4,1,True,False,False,1,aniline,False,,,*Nc1ccccc1N|N*,0.009848,0.0,10.451,2.6195
Cc1cc(Nc2cc(-c3oc4cc(O)cc(O)c4c(=O)c3O)ccc2NCC(=O)O)ccc1F,466.42,4.264,152.26,6,8,6,0.083,4,4,1,True,False,False,0,,True,,O=c1cc(-c2cccc(Nc3ccccc3)c2)oc2ccccc12,Fc1ccc(N*)cc1C|C(N*)C(O)=O,0.0098317,0.0,10.463,2.7616
Nc1cc(-c2oc3cc(O)cc(O)c3c(=O)c2O)ccc1Nc1occ(F)c1F,402.31,3.774,142.09,5,8,3,0.0,4,4,0,True,False,False,1,aniline,False,,,c1oc(N*)c(F)c1F|*N,0.009727,0.0,10.548,3.1705
C=C(C)OC(=O)CCNc1ccc(-c2oc3cc(O)cc(O)c3c(=O)c2O)cc1C,411.41,3.764,129.23,4,8,6,0.182,3,3,0,True,False,False,1,acyclic_C=C-O,False,,O=c1cc(-c2ccccc2)oc2ccccc12,*C|N(*)CCC(=O)OC(C)=C,0.0097175,0.0,10.032,2.8764
Cc1ccc(-c2cc(-c3oc4cc(O)cc(O)c4c(=O)c3O)ccc2-c2ccc(O)c(C)c2)cc1,466.49,6.233,111.13,4,6,3,0.069,5,5,1,True,False,False,0,,True,,O=c1cc(-c2ccc(-c3ccccc3)c(-c3ccccc3)c2)oc2ccccc12,*c1ccc(C)cc1|c1c(O)c(C)cc(*)c1,0.0096811,9.8,0.0,2.5956
Nc1cc(-c2oc3cc(O)cc(O)c3c(=O)c2O)ccc1CC=NNc1ccc(O)cc1,433.42,3.505,161.54,6,9,5,0.043,4,4,1,True,False,False,4,Oxygen-nitrogen_single_bond;aniline;hydroquinone;imine_1,False,,,*N|C(*)C=NNc1ccc(O)cc1,0.0096665,0.0,9.912,2.9371
O=c1c(O)c(-c2ccc(-c3cc(F)c(F)c(F)c3F)c(-c3cc(F)c(F)c(F)c3F)c2)oc2cc(O)cc(O)c12,566.36,7.024,90.9,3,5,3,0.0,5,5,2,False,False,False,2,halogenated_ring_1;halogenated_ring_2,False,,,Fc1c(F)c(F)c(*)cc1F|Fc1c(F)c(F)cc(*)c1F,0.0096589,10.092,0.0,3.1243
O=c1c(O)c(-c2ccc(-c3cc(F)cc(F)c3)c(-c3cccc(F)c3F)c2)oc2cc(O)cc(O)c12,494.4,6.467,90.9,3,5,3,0.0,5,5,1,True,False,False,0,,True,,,c1c(F)cc(*)cc1F|c1cc(F)c(F)c(*)c1,0.0096459,9.766,0.0,2.7702
O=c1c(O)c(-c2ccc(-c3ccc(F)c(F)c3F)c(-c3cc(F)c(F)cc3F)c2)oc2cc(O)cc(O)c12,530.38,6.745,90.9,3,5,3,0.0,5,5,2,False,False,False,2,halogenated_ring_1;halogenated_ring_2,False,,,c1(F)c(F)c(F)ccc1*|Fc1c(F)cc(F)c(*)c1,0.0095339,9.577,0.0,2.9053
O=c1c(O)c(-c2ccc(-c3cc(F)c(F)cc3F)c(-c3ccc(F)c(F)c3F)c2)oc2cc(O)cc(O)c12,530.38,6.745,90.9,3,5,3,0.0,5,5,2,False,False,False,2,halogenated_ring_1;halogenated_ring_2,False,,,c1(F)c(F)c(F)c(*)cc1|Fc1c(F)cc(F)c(*)c1,0.009478,9.475,0.0,2.9053
O=c1c(O)c(-c2ccc(-c3c(F)ccc(F)c3F)c(-c3ccc(F)cc3F)c2)oc2cc(O)cc(O)c12,512.39,6.606,90.9,3,5,3,0.0,5,5,2,False,False,False,1,halogenated_ring_1,False,,,Fc1c(F)ccc(F)c1*|Fc1cc(F)c(*)cc1,0.0094711,9.44,0.0,2.8367
O=c1c(O)c(-c2ccc(-c3ccccc3F)c(-c3ccc(O)cc3)c2)oc2cc(O)cc(O)c12,456.43,5.756,111.13,4,6,3,0.0,5,5,1,True,False,False,0,,True,,O=c1cc(-c2ccc(-c3ccccc3)c(-c3ccccc3)c2)oc2ccccc12,c1(F)ccccc1*|c1cc(O)ccc1*,0.0094228,9.312,0.0,2.5521
O=c1c(O)c(-c2ccc(Nc3c(F)cc(F)c(F)c3F)c(-c3c(F)cccc3F)c2)oc2cc(O)cc(O)c12,545.39,6.822,102.93,4,6,4,0.0,5,5,2,False,False,False,2,halogenated_ring_1;halogenated_ring_2,False,,,*Nc1c(F)cc(F)c(F)c1F|c1(F)cccc(F)c1*,0.0094044,9.412,0.0,3.0371
O=c1c(O)c(-c2ccc(-c3ccccc3)c(Cc3ccc(O)cc3)c2)oc2cc(O)cc(O)c12,452.46,5.54,111.13,4,6,4,0.036,5,5,1,True,False,False,0,,True,,O=c1cc(-c2ccc(-c3ccccc3)c(Cc3ccccc3)c2)oc2ccccc12,*c1ccccc1|c1(C*)ccc(O)cc1,0.0093937,9.269,0.0,2.522
O=c1c(O)c(-c2ccc(Nc3ccc(F)c(F)c3F)c(-c3ccc(F)c(F)c3)c2)oc2cc(O)cc(O)c12,527.4,6.683,102.93,4,6,4,0.0,5,5,2,False,False,False,1,halogenated_ring_2,False,,,*Nc1ccc(F)c(F)c1F|c1(F)cc(*)ccc1F,0.0093491,9.266,0.0,2.8583
Nc1ccc(CC(=O)Nc2cc(-c3oc4cc(O)cc(O)c4c(=O)c3O)ccc2N)c(O)c1,449.42,2.628,192.27,7,9,4,0.043,4,4,1,True,False,False,1,aniline,False,,,N*|N(C(=O)Cc1c(O)cc(N)cc1)*,0.0093399,9.238,0.0,2.7894
Nc1ccc(C=Cc2ccc(-c3oc4cc(O)cc(O)c4c(=O)c3O)cc2-c2ccccc2)cc1,463.49,5.996,116.92,4,6,4,0.0,5,5,1,True,False,False,2,aniline;stilbene,False,,O=c1cc(-c2ccc(C=Cc3ccccc3)c(-c3ccccc3)c2)oc2ccccc12,c1cc(N)ccc1C=C*|c1cc(*)ccc1,0.0092735,9.136,0.0,2.6591
O=c1c(O)c(-c2ccc(-c3c(F)cccc3F)c(-c3cccc(F)c3F)c2)oc2cc(O)cc(O)c12,494.4,6.467,90.9,3,5,3,0.0,5,5,1,True,False,False,0,,True,,,Fc1c(F)cccc1*|Fc1c(*)c(F)ccc1,0.0092559,9.132,0.0,2.7685
Cc1ccc(-c2cc(-c3oc4cc(O)cc(O)c4c(=O)c3O)ccc2Nc2cc(N)ccc2C)cc1,480.52,6.186,128.95,5,7,4,0.069,5,5,1,True,False,False,1,aniline,False,,,Cc1ccc(N)cc1N*|c1c(C)ccc(*)c1,0.0092003,9.057,0.0,2.6705
O=c1c(O)c(-c2ccc(-c3cccc(F)c3)c(-c3cc(F)cc(F)c3)c2)oc2cc(O)cc(O)c12,476.41,6.328,90.9,3,5,3,0.0,5,5,1,True,False,False,0,,True,,,c1c(*)cc(F)cc1F|Fc1cc(*)ccc1,0.0091891,9.045,0.0,2.6684
Nc1ccc(-c2cc(-c3oc4cc(O)cc(O)c4c(=O)c3O)ccc2-c2ccc(F)cc2)cc1,455.44,5.632,116.92,4,6,3,0.0,5,5,1,True,False,False,1,aniline,False,,,Nc1ccc(*)cc1|c1cc(F)ccc1*,0.0091855,9.028,0.0,2.5287
O=c1c(O)c(-c2ccc(-c3ccc(O)cc3)c(Cc3ccc(O)cc3)c2)oc2cc(O)cc(O)c12,468.46,5.246,131.36,5,7,4,0.036,5,5,1,True,False,False,0,,True,,,c1(*)ccc(O)cc1|Oc1ccc(C*)cc1,0.00917,9.021,0.0,2.6271
O=c1c(O)c(-c2ccc(NCc3ccc(F)cc3)c(-c3cccc(F)c3)c2)oc2cc(O)cc(O)c12,487.46,6.134,102.93,4,6,5,0.036,5,5,1,True,False,False,0,,True,,,c1(CN*)ccc(F)cc1|Fc1cccc(*)c1,0.0091337,8.982,0.0,2.5957
CN1CCC(Nc2ccc(-c3oc4cc(O)cc(O)c4c(=O)c3O)cc2-c2cc(F)ccc2F)CC1,494.49,5.028,106.17,4,7,4,0.222,5,4,1,True,True,False,0,,True,,,c1cc(F)c(*)cc1F|*NC1CCN(C)CC1,0.0090772,8.957,0.0,2.8327
Cc1ccc(-c2cc(-c3oc4cc(O)cc(O)c4c(=O)c3O)ccc2Nc2ccc(C)cc2C)cc1,479.53,6.913,102.93,4,6,4,0.1,5,5,1,True,False,False,0,,True,,O=c1cc(-c2ccc(Nc3ccccc3)c(-c3ccccc3)c2)oc2ccccc12,c1(C)ccc(N*)c(C)c1|c1c(*)ccc(C)c1,0.0090604,8.913,0.0,2.5922
O=c1c(O)c(-c2ccc(-c3ccc(O)cc3)c(Cc3ccccc3)c2)oc2cc(O)cc(O)c12,452.46,5.54,111.13,4,6,4,0.036,5,5,1,True,False,False,0,,True,,O=c1cc(-c2ccc(-c3ccccc3)c(Cc3ccccc3)c2)oc2ccccc12,Oc1ccc(*)cc1|c1cc(C*)ccc1,0.0090132,8.866,0.0,2.5183
NCc1cc(-c2cc(-c3oc4cc(O)cc(O)c4c(=O)c3O)ccc2-c2ccc(O)cc2)ccc1O,483.48,4.781,157.38,6,8,4,0.036,5,5,1,True,False,False,1,mannich_A(296),False,,,c1(O)ccc(*)cc1|c1(O)ccc(*)cc1CN,0.0089351,8.822,0.0,2.7681
O=c1c(O)c(-c2ccc(-c3ccc(F)c(F)c3F)c(C=Cc3ccccc3)c2)oc2cc(O)cc(O)c12,502.44,6.832,90.9,3,5,4,0.0,5,5,2,False,False,False,2,halogenated_ring_2;stilbene,False,,,C(=C*)c1ccccc1|Fc1c(F)c(F)ccc1*,0.008923,8.819,0.0,2.8227
Cc1cccc(-c2cc(-c3oc4cc(O)cc(O)c4c(=O)c3O)ccc2-c2ccc(N)cc2)c1,451.48,5.801,116.92,4,6,3,0.036,5,5,1,True,False,False,1,aniline,False,,O=c1cc(-c2ccc(-c3ccccc3)c(-c3ccccc3)c2)oc2ccccc12,c1(*)cc(C)ccc1|c1c(N)ccc(*)c1,0.0089091,8.782,0.0,2.5538
Cc1ccc(F)cc1Nc1ccc(-c2oc3cc(O)cc(O)c3c(=O)c2O)cc1-c1ccccc1,469.47,6.435,102.93,4,6,4,0.036,5,5,1,True,False,False,0,,True,,,c1ccccc1*|c1(C)ccc(F)cc1N*,0.0088964,8.773,0.0,2.5701
Cc1ccc(-c2cc(-c3oc4cc(O)cc(O)c4c(=O)c3O)ccc2Nc2ccc(O)cc2)cc1,467.48,6.001,123.16,5,7,4,0.036,5,5,1,True,False,False,1,hydroquinone,False,,O=c1cc(-c2ccc(Nc3ccccc3)c(-c3ccccc3)c2)oc2ccccc12,c1cc(C)ccc1*|Oc1ccc(N*)cc1,0.0088707,8.753,0.0,2.5714
O=c1c(O)c(-c2ccc(-c3c(F)cccc3F)c(-c3ccccc3)c2)oc2cc(O)cc(O)c12,458.42,6.189,90.9,3,5,3,0.0,5,5,1,True,False,False,0,,True,,,*c1ccccc1|c1ccc(F)c(*)c1F,0.0088659,8.749,0.0,2.5666
O=C(Nc1cc(F)cc(F)c1)Nc1cc(-c2oc3cc(O)cc(O)c3c(=O)c2O)ccc1C(F)(F)F,508.36,5.518,132.03,5,6,3,0.043,4,4,2,False,False,False,0,,True,,,N(C(Nc1cc(F)cc(F)c1)=O)*|FC(*)(F)F,0.008699,8.646,0.0,2.8046
O=c1c(O)c(-c2ccc(Nc3c(F)cccc3F)c(-c3ccccc3)c2)oc2cc(O)cc(O)c12,473.43,6.266,102.93,4,6,4,0.0,5,5,1,True,False,False,0,,True,,,c1ccc(F)c(N*)c1F|*c1ccccc1,0.0086109,8.571,0.0,2.6249
NC1CCCC(Nc2ccc(-c3oc4cc(O)cc(O)c4c(=O)c3O)cc2Nc2cccc(O)c2)C1,489.53,4.708,161.21,7,9,5,0.222,5,4,1,True,False,False,0,,True,,,C1CCC(N)CC1N*|c1(N*)cc(O)ccc1,0.0085467,8.865,0.0,3.6061
Cc1cc(O)ccc1Nc1ccc(-c2oc3cc(O)cc(O)c3c(=O)c2O)cc1-c1ccccc1,467.48,6.001,123.16,5,7,4,0.036,5,5,1,True,False,False,1,hydroquinone,False,,,c1(O)ccc(N*)c(C)c1|c1(*)ccccc1,0.0085277,8.517,0.0,2.6207
Nc1ccc(-c2cc(-c3oc4cc(O)cc(O)c4c(=O)c3O)ccc2Nc2ccc(O)cc2)cc1,468.47,5.275,149.18,6,8,4,0.0,5,5,2,False,False,False,2,aniline;hydroquinone,False,,,Nc1ccc(*)cc1|c1cc(O)ccc1N*,0.0084692,8.482,0.0,2.6468
CC(Nc1cc(-c2oc3cc(O)cc(O)c3c(=O)c2O)ccc1-c1ccc(F)c(F)c1)c1ncccc1F,520.46,6.229,115.82,4,7,5,0.071,5,5,2,False,False,False,0,,True,,,*NC(c1ncccc1F)C|c1c(F)c(F)cc(*)c1,0.0084099,8.582,0.0,3.3588
O=c1c(O)c(-c2ccc(C=Cc3cccc(O)c3)c(-c3ccc(O)cc3)c2)oc2cc(O)cc(O)c12,480.47,5.825,131.36,5,7,4,0.0,5,5,1,True,False,False,1,stilbene,False,,O=c1cc(-c2ccc(C=Cc3ccccc3)c(-c3ccccc3)c2)oc2ccccc12,c1c(O)cccc1C=C*|c1cc(*)ccc1O,0.0083592,8.425,0.0,2.7788
O=c1c(O)c(-c2ccc(-c3ccc(F)cc3)c(NCc3ccccc3)c2)oc2cc(O)cc(O)c12,469.47,5.995,102.93,4,6,5,0.036,5,5,1,True,False,False,0,,True,,,*NCc1ccccc1|c1cc(*)ccc1F,0.0083263,8.39,0.0,2.4946
Nc1cc(-c2oc3cc(O)cc(O)c3c(=O)c2O)ccc1C=Cc1ccc(O)c(O)c1,419.39,3.741,157.38,6,8,3,0.0,4,4,1,True,False,False,4,aniline;catechol;catechol_A(92);stilbene,False,,O=c1cc(-c2ccc(C=Cc3ccccc3)cc2)oc2ccccc12,N*|Oc1ccc(C=C*)cc1O,0.0081415,8.307,0.0,2.8427
O=c1c(O)c(-c2ccc(NC3CCNc4ccccc43)c(NCc3ccccc3)c2)oc2cc(O)cc(O)c12,521.57,6.158,126.99,6,8,6,0.129,6,5,3,False,False,False,0,,True,,,C(N*)c1ccccc1|C1(N*)c2ccccc2NCC1,0.0080818,8.36,0.0,3.3147
O=c1c(O)c(-c2ccc(NC3C=Nc4cc(F)c(F)c(F)c43)c(-c3c(F)c(F)cc(F)c3F)c2)oc2cc(O)cc(O)c12,602.42,7.087,115.29,4,7,4,0.034,6,5,2,False,False,False,2,halogenated_ring_1;halogenated_ring_2,False,,,c1(F)c(F)c(*)c(F)c(F)c1|C1(N*)c2c(F)c(F)c(F)cc2N=C1,0.0080561,9.325,0.0,4.073
O=c1c(O)c(-c2ccc(Nc3c(F)c(F)c(F)c(F)c3F)c(C(F)(F)F)c2)oc2cc(O)cc(O)c12,519.3,6.035,102.93,4,6,3,0.045,4,4,2,False,False,False,2,halogenated_ring_1;halogenated_ring_2,False,,,*Nc1c(F)c(F)c(F)c(F)c1F|FC(*)(F)F,0.0080292,8.268,0.0,3.0323
Nc1ccc(-c2oc3cc(O)cc(O)c3c(=O)c2O)cc1C=Cc1c(O)cc(C(=O)O)cc1O,463.4,3.439,194.68,7,9,4,0.0,4,4,1,True,False,False,2,aniline;stilbene,False,,O=c1cc(-c2cccc(C=Cc3ccccc3)c2)oc2ccccc12,*N|c1(C=C*)c(O)cc(C(=O)O)cc1O,0.0080222,8.268,0.0,3.0575
Cc1cc(-c2cc(-c3oc4cc(O)cc(O)c4c(=O)c3O)ccc2C2CCCC(=O)C2C)c(O)cc1O,502.52,5.436,148.43,5,8,3,0.241,5,4,2,False,False,False,0,,True,,O=C1CCCC(c2ccc(-c3cc(=O)c4ccccc4o3)cc2-c2ccccc2)C1,*c1cc(C)c(O)cc1O|C1CC(*)C(C)C(=O)C1,0.0079768,8.623,0.0,3.7998
Cc1cc(N)c(O)cc1-c1cc(-c2oc3cc(O)cc(O)c3c(=O)c2O)ccc1N,406.39,3.422,163.17,6,8,2,0.045,4,4,1,True,False,False,2,aniline;catechol,False,,O=c1cc(-c2cccc(-c3ccccc3)c2)oc2ccccc12,Oc1c(N)cc(C)c(*)c1|N*,0.0075854,8.028,0.0,2.8451
CNc1oc(-c2ccc(-c3oc4cc(O)cc(O)c4c(=O)c3O)cc2N)cc1Nc1cccc(F)c1F,507.45,5.483,154.12,6,9,5,0.038,5,5,3,False,False,False,1,aniline,False,,,N(c1oc(*)cc1Nc1c(F)c(F)ccc1)C|N*,0.007228,0.0,7.905,3.2005
O=c1c(O)c(-c2ccc(NCc3ccc(O)cc3)c(Nc3ccc(O)cc3)c2)oc2cc(O)cc(O)c12,498.49,5.344,155.42,7,9,6,0.036,5,5,2,False,False,False,1,hydroquinone,False,,,c1(CN*)ccc(O)cc1|c1cc(N*)ccc1O,0.0066266,7.605,0.0,2.693
Cc1cc(-c2oc3cc(O)cc(O)c3c(=O)c2O)ccc1C1=C(C(=O)O)C(O)C(O)C(O)C1,456.4,1.21,188.89,7,9,3,0.217,4,3,1,True,False,False,0,,True,,O=c1cc(-c2ccc(C3=CCCCC3)cc2)oc2ccccc12,C1C(O)C(O)C(O)C(C(O)=O)=C1*|*C,0.0064558,7.921,0.0,3.9942
NCCCNc1ccc(-c2oc3cc(O)cc(O)c3c(=O)c2O)cc1-c1ccccc1F,436.44,4.144,128.95,5,7,6,0.125,4,4,0,True,False,False,1,Aliphatic_long_chain,False,,,C(N*)CCN|c1(F)ccccc1*,0.0062341,7.445,0.0,2.6826
Nc1ccc(-c2oc3cc(O)cc(O)c3c(=O)c2O)cc1Nc1ccc(Oc2ccccc2)cc1,468.47,5.695,138.18,5,8,5,0.0,5,5,1,True,False,False,1,aniline,False,,,c1c(N*)ccc(Oc2ccccc2)c1|N*,0.0002332,1.476,0.0,2.5343
O=C(Nc1ccccc1)c1ccc(-c2ccc(-c3oc4cc(O)cc(O)c4c(=O)c3O)cc2-c2cccc(F)c2)cc1,559.55,7.302,120.0,4,6,5,0.0,6,6,2,False,False,False,0,,True,,,c1cc(F)cc(*)c1|c1cccc(NC(=O)c2ccc(*)cc2)c1,9.97e-05,0.0,0.0,2.5799
O=c1c(O)c(-c2ccc(-c3ccccc3)c(-c3cccc(Nc4ccc(F)cc4)c3)c2)oc2cc(O)cc(O)c12,531.54,7.794,102.93,4,6,5,0.0,6,6,2,False,False,False,0,,True,,,N(c1cccc(*)c1)c1ccc(F)cc1|c1ccc(*)cc1,9.97e-05,0.0,0.0,2.5828
Cc1ccc(Nc2ccc(-c3oc4cc(O)cc(O)c4c(=O)c3O)cc2Nc2ccc(C)cc2)cc1,480.52,6.681,114.96,5,7,5,0.069,5,5,1,True,False,False,0,,True,,,c1(C)ccc(N*)cc1|c1(N*)ccc(C)cc1,9.97e-05,0.0,0.0,2.5597
Cc1ccc(-c2ccc(-c3oc4cc(O)cc(O)c4c(=O)c3O)cc2Nc2ccccc2C(N)=O)cc1,494.5,5.395,146.02,5,7,5,0.034,5,5,1,True,False,False,0,,True,,,C(=O)(N)c1ccccc1N*|c1c(C)ccc(*)c1,9.96e-05,0.0,0.0,2.6307
Cc1ccc(CNc2ccc(-c3oc4cc(O)cc(O)c4c(=O)c3O)cc2Nc2ccc(O)cc2)cc1,496.52,5.947,135.19,6,8,6,0.069,5,5,2,False,False,False,1,hydroquinone,False,,O=c1cc(-c2ccc(NCc3ccccc3)c(Nc3ccccc3)c2)oc2ccccc12,*NCc1ccc(C)cc1|c1cc(O)ccc1N*,9.96e-05,0.0,0.0,2.6367
O=c1c(O)c(-c2ccc(-c3ccc(O)cc3)c(CCc3ccc(F)cc3)c2)oc2cc(O)cc(O)c12,484.48,5.874,111.13,4,6,5,0.069,5,5,1,True,False,False,0,,True,,,*CCc1ccc(F)cc1|Oc1ccc(*)cc1,9.96e-05,0.0,0.0,2.6017
Nc1cc(-c2oc3cc(O)cc(O)c3c(=O)c2O)ccc1Nc1ccc(Nc2ccccc2)c(=O)cc1,495.49,5.006,158.05,6,9,5,0.0,5,5,2,False,False,False,1,aniline,False,,,c1(=O)ccc(N*)ccc1Nc1ccccc1|*N,9.95e-05,0.0,0.0,2.7514
Cc1ccc(-c2cc(-c3oc4cc(O)cc(O)c4c(=O)c3O)ccc2-c2ccc3cccc(O)c3c2)cc1C,516.55,7.386,111.13,4,6,3,0.061,6,6,2,False,False,False,0,,True,,O=c1cc(-c2ccc(-c3ccc4ccccc4c3)c(-c3ccccc3)c2)oc2ccccc12,c1(O)cccc2ccc(*)cc12|c1cc(C)c(C)cc1*,9.95e-05,0.0,0.0,2.7313
Cc1cccc(Nc2ccc(-c3oc4cc(O)cc(O)c4c(=O)c3O)cc2Nc2cc(O)ccc2C)c1,496.52,6.386,135.19,6,8,5,0.069,5,5,2,False,False,False,0,,True,,,*Nc1cccc(C)c1|c1(O)ccc(C)c(N*)c1,9.95e-05,0.0,0.0,2.7547
Cc1ccccc1-c1cc(-c2oc3cc(O)cc(O)c3c(=O)c2O)ccc1NCc1ccc(O)c(O)c1,497.5,5.576,143.39,6,8,5,0.069,5,5,2,False,False,False,2,catechol;catechol_A(92),False,,O=c1cc(-c2ccc(NCc3ccccc3)c(-c3ccccc3)c2)oc2ccccc12,c1c(*)c(C)ccc1|Oc1c(O)ccc(CN*)c1,9.95e-05,0.0,0.0,2.7342
Cc1ccc(CNc2ccc(-c3oc4cc(O)cc(O)c4c(=O)c3O)cc2-c2ccc(C)cc2O)cc1,495.53,6.178,123.16,5,7,5,0.1,5,5,1,True,False,False,0,,True,,O=c1cc(-c2ccc(NCc3ccccc3)c(-c3ccccc3)c2)oc2ccccc12,c1c(C)cc(O)c(*)c1|c1c(C)ccc(CN*)c1,9.95e-05,0.0,0.0,2.701
Nc1cc(-c2ccc(-c3oc4cc(O)cc(O)c4c(=O)c3O)cc2-c2ccc(O)cc2)cc2ccccc12,503.51,6.352,137.15,5,7,3,0.0,6,6,2,False,False,False,1,aniline,False,,O=c1cc(-c2ccc(-c3ccc4ccccc4c3)c(-c3ccccc3)c2)oc2ccccc12,c1c2c(N)cc(*)cc2ccc1|c1(*)ccc(O)cc1,9.95e-05,0.0,0.0,2.7457
Nc1ccc(-c2cc(-c3oc4cc(O)cc(O)c4c(=O)c3O)ccc2-c2ccc(O)c(O)c2)cc1,469.45,4.904,157.38,6,8,3,0.0,5,5,1,True,False,False,3,aniline;catechol;catechol_A(92),False,,,c1c(*)ccc(O)c1O|c1c(N)ccc(*)c1,9.95e-05,0.0,0.0,2.6951
NCCNc1cc(-c2oc3cc(O)cc(O)c3c(=O)c2O)ccc1Nc1cccc(NC(N)=O)c1,477.48,3.182,196.1,8,9,7,0.083,4,4,1,True,False,False,0,,True,,,N(C(=O)N)c1cc(N*)ccc1|C(N*)CN,9.94e-05,0.0,0.0,2.8092
O=C(CNc1ccc(-c2oc3cc(O)cc(O)c3c(=O)c2O)cc1-c1ccc(O)cc1)c1ccc(O)cc1,511.49,4.95,160.46,6,9,6,0.034,5,5,2,False,False,False,0,,True,,O=C(CNc1ccc(-c2cc(=O)c3ccccc3o2)cc1-c1ccccc1)c1ccccc1,c1cc(O)ccc1*|C(N*)C(=O)c1ccc(O)cc1,9.94e-05,0.0,0.0,2.7572
O=c1c(O)c(-c2ccc(-c3ccc(O)cc3)c(NCc3ccc(O)cc3O)c2)oc2cc(O)cc(O)c12,499.48,4.973,163.62,7,9,5,0.036,5,5,1,True,False,False,1,mannich_A(296),False,,,c1(CN*)ccc(O)cc1O|c1(*)ccc(O)cc1,9.94e-05,0.0,0.0,2.7997
Cc1ccc(-c2cc(-c3oc4cc(O)cc(O)c4c(=O)c3O)ccc2C=Cc2ccc(O)c(O)c2)cc1,494.5,6.134,131.36,5,7,4,0.033,5,5,1,True,False,False,3,catechol;catechol_A(92);stilbene,False,,O=c1cc(-c2ccc(C=Cc3ccccc3)c(-c3ccccc3)c2)oc2ccccc12,C(=Cc1ccc(O)c(O)c1)*|c1c(*)ccc(C)c1,9.94e-05,0.0,0.0,2.7918
O=C(Cc1ccc(-c2oc3cc(O)cc(O)c3c(=O)c2O)cc1C(F)(F)F)Nc1c(F)cccc1F,507.37,5.055,120.0,4,6,4,0.083,4,4,2,False,False,False,0,,True,,,O=C(C*)Nc1c(F)cccc1F|FC(F)(F)*,9.94e-05,0.0,0.0,2.7906
O=c1c(O)c(-c2ccc(NC3=NCCCCC3)c(-c3ccccc3)c2)oc2cc(O)cc(O)c12,456.5,5.628,115.29,4,7,3,0.185,5,4,1,True,False,False,0,,True,,,c1c(*)cccc1|C1CN=C(N*)CCC1,9.93e-05,0.0,0.0,2.8252
O=c1c(O)c(-c2ccc(C=Cc3ccccc3)c(Cc3cccc(O)c3O)c2)oc2cc(O)cc(O)c12,494.5,5.749,131.36,5,7,5,0.033,5,5,1,True,False,False,3,catechol;catechol_A(92);stilbene,False,,O=c1cc(-c2ccc(C=Cc3ccccc3)c(Cc3ccccc3)c2)oc2ccccc12,Oc1c(O)cccc1C*|c1cccc(C=C*)c1,9.93e-05,0.0,0.0,2.8549
Cc1ccc(-c2cc(-c3oc4cc(O)cc(O)c4c(=O)c3O)ccc2-c2ccc(O)c(CO)c2O)cc1,498.49,5.123,151.59,6,8,4,0.069,5,5,2,False,False,False,0,,True,,O=c1cc(-c2ccc(-c3ccccc3)c(-c3ccccc3)c2)oc2ccccc12,Oc1ccc(*)c(O)c1CO|c1c(C)ccc(*)c1,9.93e-05,0.0,0.0,2.8534
O=c1c(O)c(-c2ccc(Nc3cccc(F)c3)c(Nc3cc(F)c(F)cc3F)c2)oc2cc(O)cc(O)c12,524.43,6.62,114.96,5,7,5,0.0,5,5,2,False,False,False,1,halogenated_ring_1,False,,,c1c(N*)cccc1F|*Nc1cc(F)c(F)cc1F,9.93e-05,0.0,0.0,2.8356
Cc1ccc(C)c(-c2ccc(-c3oc4cc(O)cc(O)c4c(=O)c3O)cc2-c2ccc(O)c(O)c2)c1O,498.49,5.644,151.59,6,8,3,0.069,5,5,2,False,False,False,2,catechol;catechol_A(92),False,,O=c1cc(-c2ccc(-c3ccccc3)c(-c3ccccc3)c2)oc2ccccc12,c1(C)ccc(C)c(O)c1*|c1c(*)ccc(O)c1O,9.92e-05,0.0,0.0,2.8954
Cc1ccc(-c2cc(-c3oc4cc(O)cc(O)c4c(=O)c3O)ccc2-c2cc(C=Cc3ccc(O)cc3)ccc2O)cc1,570.6,7.801,131.36,5,7,5,0.028,6,6,2,False,False,False,1,stilbene,False,,O=c1cc(-c2ccc(-c3cccc(C=Cc4ccccc4)c3)c(-c3ccccc3)c2)oc2ccccc12,Oc1ccc(C=Cc2ccc(O)cc2)cc1*|c1cc(C)ccc1*,9.92e-05,0.0,0.0,2.8756
Nc1cc(-c2oc3cc(O)cc(O)c3c(=O)c2O)ccc1Nc1ccc(F)c(C(=O)Nc2ccc(F)c(F)c2F)c1,567.45,5.711,158.05,6,8,5,0.0,5,5,3,False,False,False,2,aniline;halogenated_ring_2,False,,,N*|O=C(Nc1ccc(F)c(F)c1F)c1c(F)ccc(N*)c1,9.92e-05,0.0,0.0,2.8939
Cc1ccc(-c2ccc(-c3oc4cc(O)cc(O)c4c(=O)c3O)cc2-c2ccc(C)cc2C=NNC(N)=S)cc1,551.62,5.695,173.4,5,7,5,0.065,5,5,2,False,False,False,3,Oxygen-nitrogen_single_bond;Thiocarbonyl_group;imine_1,False,,O=c1cc(-c2ccc(-c3ccccc3)c(-c3ccccc3)c2)oc2ccccc12,C(c1c(*)ccc(C)c1)=NNC(=S)N|c1(C)ccc(*)cc1,9.91e-05,0.0,0.0,2.932
Nc1ccc(-c2oc3cc(O)cc(O)c3c(=O)c2O)cc1NCC=Cc1ccc(O)c(O)c1,448.43,3.696,169.41,7,9,5,0.042,4,4,1,True,False,False,3,aniline;catechol;catechol_A(92),False,,O=c1cc(-c2cccc(NCC=Cc3ccccc3)c2)oc2ccccc12,*NCC=Cc1cc(O)c(O)cc1|*N,9.91e-05,0.0,0.0,2.941
Nc1cc(-c2ccc(-c3oc4cc(O)cc(O)c4c(=O)c3O)cc2-c2ccc(F)c(N)c2F)ccc1F,506.44,5.493,142.94,5,7,3,0.0,5,5,2,False,False,False,1,aniline,False,,,Nc1c(F)c(*)ccc1F|Nc1c(F)ccc(*)c1,9.9e-05,0.0,0.0,2.9657
O=c1c(O)c(-c2ccc(NC(c3ccc(F)cc3)c3ccc(F)cc3)c(-c3ccoc3)c2)oc2cc(O)cc(O)c12,553.52,7.317,116.07,4,7,6,0.031,6,6,2,False,False,False,0,,True,,,c1occ(*)c1|C(N*)(c1ccc(F)cc1)c1ccc(F)cc1,9.9e-05,0.0,0.0,2.9524
O=c1c(O)c(-c2ccc(Nc3cc(F)c(F)cc3F)c(-c3cc(F)c(F)cc3F)c2)oc2cc(O)cc(O)c12,545.39,6.822,102.93,4,6,4,0.0,5,5,2,False,False,False,1,halogenated_ring_1,False,,,c1(F)cc(F)c(N*)cc1F|Fc1cc(*)c(F)cc1F,9.9e-05,0.0,0.0,2.969
O=c1c(O)c(-c2ccc(-c3ccc(OC(F)(F)F)cc3)c(-c3c(F)cc(F)c(F)c3F)c2)oc2cc(O)cc(O)c12,578.39,7.366,100.13,3,6,4,0.036,5,5,2,False,False,False,2,halogenated_ring_1;halogenated_ring_2,False,,,Fc1c(F)c(F)cc(F)c1*|FC(F)(Oc1ccc(*)cc1)F,9.9e-05,0.0,0.0,2.9818
O=c1c(O)c(-c2ccc(Nc3ccc(F)c(F)c3F)c(-c3c(F)cc(F)cc3F)c2)oc2cc(O)cc(O)c12,545.39,6.822,102.93,4,6,4,0.0,5,5,2,False,False,False,1,halogenated_ring_2,False,,,c1(F)c(F)c(F)c(N*)cc1|Fc1cc(F)cc(F)c1*,9.89e-05,0.0,0.0,3.0003
NN=Cc1cc(O)cc(Nc2ccc(-c3oc4cc(O)cc(O)c4c(=O)c3O)cc2N)c1,434.41,2.901,187.56,7,10,4,0.0,4,4,1,True,False,False,4,Oxygen-nitrogen_single_bond;aniline;hydrazine;imine_1,False,,,c1c(N*)cc(O)cc1C=NN|N*,9.89e-05,0.0,0.0,3.0124
Cc1ccc(O)c(O)c1-c1ccc(-c2oc3cc(O)cc(O)c3c(=O)c2O)cc1Cc1cccc(O)c1O,514.49,4.965,171.82,7,9,4,0.069,5,5,2,False,False,False,2,catechol;catechol_A(92),False,,O=c1cc(-c2ccc(-c3ccccc3)c(Cc3ccccc3)c2)oc2ccccc12,Oc1c(O)ccc(C)c1*|c1(O)c(O)cccc1C*,9.88e-05,0.0,0.0,3.0419
CC(C)=CCCC(C)=CCc1cc(-c2oc3cc(O)cc(O)c3c(=O)c2O)ccc1N,421.49,5.394,116.92,4,6,6,0.24,3,3,1,True,False,False,2,aniline;isolated_alkene,False,,O=c1cc(-c2ccccc2)oc2ccccc12,C(=C(CCC=C(C)C)C)C*|*N,9.88e-05,0.0,0.0,3.033
CN(c1ccc(F)c(F)c1)c1ccc(-c2oc3cc(O)cc(O)c3c(=O)c2O)cc1Nc1ccc(F)c(F)c1F,556.44,6.784,106.17,4,7,5,0.036,5,5,2,False,False,False,1,halogenated_ring_2,False,,,*Nc1c(F)c(F)c(F)cc1|N(*)(c1cc(F)c(F)cc1)C,9.88e-05,0.0,0.0,3.0453
O=c1c(O)c(-c2ccc(NC=Nc3cc(F)ccc3F)c(-c3ccccc3F)c2)oc2cc(O)cc(O)c12,518.45,6.433,115.29,4,6,5,0.0,5,5,2,False,False,False,2,imine_1;imine_2,False,,,N(*)C=Nc1cc(F)ccc1F|c1(F)ccccc1*,9.87e-05,0.0,0.0,3.0612
CC(=O)c1ccc(C=C(C)NC(=O)CCc2cc(-c3oc4cc(O)cc(O)c4c(=O)c3O)ccc2C)cc1O,529.55,4.903,157.3,5,8,7,0.167,4,4,1,True,False,False,0,,True,,O=C(CCc1cccc(-c2cc(=O)c3ccccc3o2)c1)NC=Cc1ccccc1,C(NC(=O)CC*)(C)=Cc1cc(O)c(C(C)=O)cc1|C*,9.87e-05,0.0,0.0,3.0607
Cc1cc(C=Nc2ccc(C)c(-c3cc(-c4oc5cc(O)cc(O)c5c(=O)c4O)ccc3NCC(=O)O)c2)ccc1O,566.57,5.813,172.82,6,9,7,0.094,5,5,3,False,False,False,1,imine_1,False,,O=c1cc(-c2cccc(-c3cccc(N=Cc4ccccc4)c3)c2)oc2ccccc12,N(c1ccc(C)c(*)c1)=Cc1ccc(O)c(C)c1|C(N*)C(=O)O,9.85e-05,0.0,0.0,3.1205
NC(=O)CON=CCc1cc(-c2oc3cc(O)cc(O)c3c(=O)c2O)ccc1Cc1ccc(N)cc1,489.48,2.78,181.6,5,9,8,0.115,4,4,0,True,False,False,4,Oxygen-nitrogen_single_bond;anil_no_alk(40);aniline;imine_1,False,,,C(C*)=NOCC(N)=O|C(c1ccc(N)cc1)*,9.85e-05,0.0,0.0,3.1118
C=CNC(=O)NCCNc1cc(-c2oc3cc(O)cc(O)c3c(=O)c2O)ccc1NCCN,455.47,1.802,182.11,8,9,9,0.182,3,3,1,True,False,False,1,Aliphatic_long_chain,False,,,N(CCN)*|N(C=C)C(=O)NCCN*,9.84e-05,0.0,0.0,3.1397
C=CCc1cc(Nc2cc(-c3oc4cc(O)cc(O)c4c(=O)c3O)ccc2-c2cc(C(N)=O)c(O)cc2C)ccc1O,566.57,5.534,186.48,7,9,7,0.062,5,5,3,False,False,False,2,hydroquinone;isolated_alkene,False,,O=c1cc(-c2ccc(-c3ccccc3)c(Nc3ccccc3)c2)oc2ccccc12,Oc1ccc(N*)cc1CC=C|C(=O)(N)c1c(O)cc(C)c(*)c1,9.84e-05,0.0,0.0,3.1439
Cc1ccc(-c2oc3cc(O)cc(O)c3c(=O)c2O)cc1-c1ccc(F)c(F)c1Oc1c(F)c(F)c(F)c(F)c1F,578.39,7.318,100.13,3,6,4,0.036,5,5,2,False,False,False,2,halogenated_ring_1;halogenated_ring_2,False,,,C*|Fc1c(Oc2c(*)ccc(F)c2F)c(F)c(F)c(F)c1F,9.83e-05,0.0,0.0,3.1524
Cc1cccc(O)c1N=Nc1ccc(O)c(-c2cc(-c3oc4cc(O)cc(O)c4c(=O)c3O)ccc2N)c1,511.49,5.961,182.1,6,10,4,0.036,5,5,3,False,False,False,3,aniline;azo_A(324);diazo_group,False,,O=c1cc(-c2cccc(-c3cccc(N=Nc4ccccc4)c3)c2)oc2ccccc12,Oc1cccc(C)c1N=Nc1ccc(O)c(*)c1|*N,9.83e-05,0.0,0.0,3.1532
Nc1ccc(-c2oc3cc(O)cc(O)c3c(=O)c2O)cc1Cc1cc(C(=O)C=Cc2ccc(O)c(O)c2)c(O)cc1O,569.52,4.468,214.91,8,11,6,0.032,5,5,3,False,False,False,4,Michael_acceptor_1;aniline;catechol;catechol_A(92),False,,O=C(C=Cc1ccccc1)c1cccc(Cc2cccc(-c3cc(=O)c4ccccc4o3)c2)c1,*N|c1c(O)c(C*)cc(C(=O)C=Cc2ccc(O)c(O)c2)c1O,9.82e-05,0.0,0.0,3.1878
CC(=CC(N)=NCCCCNc1ccc(-c2oc3cc(O)cc(O)c3c(=O)c2O)cc1N)c1ccc(O)cc1,530.58,4.517,187.56,7,9,9,0.172,4,4,2,False,False,False,4,Aliphatic_long_chain;aniline;imine_1;imine_2,False,,O=c1cc(-c2ccc(NCCCCN=CC=Cc3ccccc3)cc2)oc2ccccc12,N*|C(N*)CCCN=C(N)C=C(C)c1ccc(O)cc1,9.82e-05,0.0,0.0,3.1908
O=c1c(O)c(-c2ccc(-c3c(F)c(F)c(F)c(F)c3F)c(Nc3c(F)cc(F)cc3F)c2)oc2cc(O)cc(O)c12,581.37,7.1,102.93,4,6,4,0.0,5,5,2,False,False,False,2,halogenated_ring_1;halogenated_ring_2,False,,,Fc1c(F)c(F)c(F)c(*)c1F|Fc1cc(F)c(N*)c(F)c1,9.82e-05,0.0,0.0,3.1905
Cc1ccc(-c2oc3cc(O)cc(O)c3c(=O)c2O)cc1Cc1c(NC(=O)NN)[nH]c(=O)n(C)c1=O,495.45,0.858,212.91,7,9,4,0.13,4,4,1,True,False,False,3,Oxygen-nitrogen_single_bond;acyl_hydrazine;hydrazine,False,,O=c1[nH]cc(Cc2cccc(-c3cc(=O)c4ccccc4o3)c2)c(=O)[nH]1,[nH]1c(=O)n(C)c(=O)c(C*)c1NC(NN)=O|C*,9.8e-05,0.0,0.0,3.2256
O=c1c(O)c(-c2ccc(Nc3c(F)c(F)c(F)c(F)c3F)c(-c3cc(F)c(F)c(F)c3F)c2)oc2cc(O)cc(O)c12,599.36,7.239,102.93,4,6,4,0.0,5,5,2,False,False,False,2,halogenated_ring_1;halogenated_ring_2,False,,,c1(F)c(F)c(F)c(F)cc1*|*Nc1c(F)c(F)c(F)c(F)c1F,9.78e-05,0.0,0.0,3.2625
COC(=O)N=C(C=C(C)c1ccc(O)cc1)Nc1cc(-c2oc3cc(O)cc(O)c3c(=O)c2O)ccc1N,517.49,4.545,187.84,6,9,4,0.074,4,4,2,False,False,False,3,aniline;imine_1;imine_2,False,,N=C(C=Cc1ccccc1)Nc1cccc(-c2cc(=O)c3ccccc3o2)c1,C(N*)(=NC(=O)OC)C=C(c1ccc(O)cc1)C|*N,9.78e-05,0.0,0.0,3.2519
Nc1ccc(-c2oc3cc(O)cc(O)c3c(=O)c2O)cc1Cc1ccc(C(=CCN=C(O)c2ccc(O)cc2)C(=O)O)cc1,594.58,4.928,207.04,7,9,8,0.061,5,5,2,False,False,False,4,Michael_acceptor_1;aniline;imine_1;imine_2,False,,O=c1cc(-c2cccc(Cc3ccc(C=CCN=Cc4ccccc4)cc3)c2)oc2ccccc12,C(N=C(c1ccc(O)cc1)O)C=C(c1ccc(C*)cc1)C(O)=O|*N,9.77e-05,0.0,0.0,3.2652
Nc1ccc(-c2oc3cc(O)cc(O)c3c(=O)c2O)cc1NC(c1ccc(O)cc1)c1cccc(O)c1,498.49,4.772,169.41,7,9,5,0.036,5,5,1,True,False,False,1,aniline,False,,,*NC(c1ccc(O)cc1)c1cccc(O)c1|N*,9.77e-05,0.0,0.0,3.2688
CNc1nnc(-c2ccc(-c3oc4cc(O)cc(O)c4c(=O)c3O)cc2N(C)c2cc(F)c(F)c(F)c2)o1,526.43,4.854,145.09,4,10,5,0.08,5,5,1,True,False,False,1,halogenated_ring_2,False,,,N(c1oc(*)nn1)C|*N(c1cc(F)c(F)c(F)c1)C,9.76e-05,0.0,0.0,3.2911
CN=c1cc(O)c(C(N)=O)c(-c2cc(-c3oc4cc(O)cc(O)c4c(=O)c3O)ccc2Cc2ccc(C)cc2)cc1O,566.57,4.184,186.81,6,9,5,0.094,5,5,2,False,False,False,0,,True,,N=c1cccc(-c2cc(-c3cc(=O)c4ccccc4o3)ccc2Cc2ccccc2)cc1,NC(c1c(O)cc(=NC)c(O)cc1*)=O|c1(C*)ccc(C)cc1,9.75e-05,0.0,0.0,3.3065
Cc1cc(O)cc(C)c1NC(=O)CN=C(O)CCc1ccc(-c2oc3cc(O)cc(O)c3c(=O)c2O)cc1CCN,561.59,3.928,198.84,7,9,9,0.233,4,4,2,False,False,False,3,hydroquinone;imine_1;imine_2,False,,O=C(CN=CCCc1ccc(-c2cc(=O)c3ccccc3o2)cc1)Nc1ccccc1,C(*)CN|C(*)CC(=NCC(=O)Nc1c(C)cc(O)cc1C)O,9.75e-05,0.0,0.0,3.3051
CC(C)=CCc1ccc(-c2oc3cc(O)cc(O)c3c(=O)c2O)cc1Nc1ccc(C2=NC(=O)c3cc(O)c(O)cc32)cc1,590.59,6.232,172.82,6,9,6,0.088,6,5,3,False,False,False,3,catechol;catechol_A(92);isolated_alkene,False,,O=C1N=C(c2ccc(Nc3cccc(-c4cc(=O)c5ccccc5o4)c3)cc2)c2ccccc21,C(*)C=C(C)C|N1=C(c2ccc(N*)cc2)c2c(cc(O)c(O)c2)C1=O,9.75e-05,0.0,0.0,3.3109
C=CC(=C)c1ccc(NC=C2C(=O)c3cccc(-c4ccc(-c5oc6cc(O)cc(O)c6c(=O)c5O)cc4N)c3C2=O)cc1,584.58,6.4,163.09,5,9,6,0.0,6,5,2,False,False,False,5,Michael_acceptor_1;Michael_acceptor_4;aniline;ene_five_one_A(55);polyene,False,,O=C1C(=CNc2ccccc2)C(=O)c2c1cccc2-c1ccc(-c2cc(=O)c3ccccc3o2)cc1,*N|C(=C)C(=C)c1ccc(NC=C2C(=O)c3c(c(*)ccc3)C2=O)cc1,9.73e-05,0.0,0.0,3.3308
CC1NCCCc2cc(-c3ccc(-c4oc5cc(O)cc(O)c5c(=O)c4O)cc3Cc3ccccc3)ccc21,519.6,6.431,102.93,4,6,4,0.182,6,5,2,False,False,False,0,,True,,O=c1cc(-c2ccc(-c3ccc4c(c3)CCCNC4)c(Cc3ccccc3)c2)oc2ccccc12,C1CNC(C)c2ccc(*)cc2C1|c1cc(C*)ccc1,9.72e-05,0.0,0.0,3.3435
Nc1cc(S(=O)(=O)Nc2ccc(-c3ccc(-c4oc5cc(O)cc(O)c5c(=O)c4O)cc3NCC(=NO)c3cc(O)ccc3O)cc2)ccc1O,712.69,5.034,276.78,10,14,9,0.029,6,6,4,False,False,False,6,Oxygen-nitrogen_single_bond;aniline;catechol;hydroquinone;imine_1;oxime_1,False,,,N(c1ccc(*)cc1)S(=O)(=O)c1ccc(O)c(N)c1|N(O)=C(CN*)c1c(O)ccc(O)c1,9.68e-05,0.0,0.0,3.4033
Nc1cc(-c2oc3cc(O)cc(O)c3c(=O)c2O)ccc1C(C(=O)O)C(=O)c1ccc(O)c(O)c1,479.4,2.621,211.75,7,10,5,0.042,4,4,1,True,False,False,4,aniline;beta-keto/anhydride;catechol;catechol_A(92),False,,O=C(Cc1ccc(-c2cc(=O)c3ccccc3o2)cc1)c1ccccc1,N*|C(=O)(O)C(*)C(=O)c1ccc(O)c(O)c1,9.66e-05,0.0,0.0,3.4254
C=CCc1ccc(OCC=CCc2cc(-c3oc4cc(O)cc(O)c4c(=O)c3O)ccc2N)c(C=NOC(C)(C)C)c1,570.64,6.214,147.74,4,9,10,0.212,4,4,2,False,False,False,4,Oxygen-nitrogen_single_bond;aniline;imine_1;isolated_alkene,False,,O=c1cc(-c2cccc(CC=CCOc3ccccc3)c2)oc2ccccc12,C(=CC*)COc1ccc(CC=C)cc1C=NOC(C)(C)C|N*,9.62e-05,0.0,0.0,3.4596
C=CC(C)(O)C=Cc1ccc(-c2oc3cc(O)cc(O)c3c(=O)c2O)cc1-c1cc(C)ccc1C,470.52,5.811,111.13,4,6,5,0.138,4,4,1,True,False,False,1,isolated_alkene,False,,O=c1cc(-c2cccc(-c3ccccc3)c2)oc2ccccc12,C(=C)C(O)(C)C=C*|Cc1ccc(C)cc1*,9.53e-05,0.0,0.0,3.5456
O=CNc1cc(C(O)CNc2ccc(-c3oc4cc(O)cc(O)c4c(=O)c3O)cc2-c2ccc(O)c(O)c2)ccc1O,572.53,4.074,212.95,9,11,8,0.067,5,5,3,False,False,False,3,aldehyde;catechol;catechol_A(92),False,,O=c1cc(-c2ccc(NCCc3ccccc3)c(-c3ccccc3)c2)oc2ccccc12,c1c(O)c(O)ccc1*|C(O)(CN*)c1ccc(O)c(NC=O)c1,9.48e-05,0.0,0.0,3.5877
Cc1ccc(C(=O)N=C(N=CC=C(N)c2ccc(-c3cc(-c4oc5cc(O)cc(O)c5c(=O)c4O)ccc3N)cc2O)NO)cc1,621.61,4.386,237.22,8,10,5,0.03,5,5,2,False,False,False,4,Oxygen-nitrogen_single_bond;aniline;imine_1;imine_2,False,,O=C(N=CN=CC=Cc1ccc(-c2cccc(-c3cc(=O)c4ccccc4o3)c2)cc1)c1ccccc1,C(C=NC(NO)=NC(=O)c1ccc(C)cc1)=C(c1c(O)cc(*)cc1)N|*N,9.43e-05,0.0,0.0,3.6255
C=CC(C)(C)c1cc(-c2oc3cc(O)cc(O)c3c(=O)c2O)ccc1C(CC=C(C)C)C(=O)O,464.51,5.565,128.2,4,6,7,0.259,3,3,1,True,False,False,1,isolated_alkene,False,,O=c1cc(-c2ccccc2)oc2ccccc12,C(=C)C(*)(C)C|C(=O)(C(*)CC=C(C)C)O,9.31e-05,0.0,0.0,3.7061
Cc1cc(C)c2c(c1O)CC(C)(c1ccc(-c3oc4cc(O)cc(O)c4c(=O)c3O)cc1-c1ccc(F)cc1)C=C2,550.58,7.233,111.13,4,6,3,0.147,6,5,2,False,False,False,0,,True,,O=c1cc(-c2ccc(C3C=Cc4ccccc4C3)c(-c3ccccc3)c2)oc2ccccc12,c1(*)ccc(F)cc1|C1C(C)(*)C=Cc2c(C)cc(C)c(O)c21,9.24e-05,0.0,0.0,3.7475
CC(C(=O)N=C(N)CO)c1cc(-c2oc3cc(O)cc(O)c3c(=O)c2O)ccc1NCc1ccc(O)c(O)c1,535.51,2.58,219.07,8,10,7,0.148,4,4,2,False,False,False,4,catechol;catechol_A(92);imine_1;imine_2,False,,O=c1cc(-c2ccc(NCc3ccccc3)cc2)oc2ccccc12,OCC(N)=NC(=O)C(C)*|C(N*)c1ccc(O)c(O)c1,9.17e-05,0.0,0.0,3.7893
C=CC1(C)Oc2ccc(O)cc2C1c1ccc(-c2oc3cc(O)cc(O)c3c(=O)c2O)cc1-c1cccc(O)c1,536.54,6.124,140.59,5,8,4,0.094,6,5,2,False,False,False,1,isolated_alkene,False,,O=c1cc(-c2ccc(C3COc4ccccc43)c(-c3ccccc3)c2)oc2ccccc12,CC1(C=C)C(*)c2cc(O)ccc2O1|c1(O)cccc(*)c1,8.8e-05,0.0,0.0,3.9631
C=C(C=CC=C(C)C=CC(C(=O)O)c1cc(-c2oc3cc(O)cc(O)c3c(=O)c2O)ccc1C)CO,490.51,4.661,148.43,5,7,8,0.143,3,3,0,True,False,False,1,polyene,False,,O=c1cc(-c2ccccc2)oc2ccccc12,OCC(=C)C=CC=C(C)C=CC(*)C(=O)O|C*,8.75e-05,0.0,0.0,3.9826
CC1=NC(C)C(C=Cc2cc(C)c(-c3ccc(-c4oc5cc(O)cc(O)c5c(=O)c4O)cc3C)c(O)c2)=NN1,525.56,5.346,147.88,5,9,4,0.167,5,4,2,False,False,False,0,,True,,O=c1cc(-c2ccc(-c3ccc(C=CC4=NNC=NC4)cc3)cc2)oc2ccccc12,C1(C)=NC(C)C(C=Cc2cc(C)c(*)c(O)c2)=NN1|*C,8.73e-05,0.0,0.0,3.9905
CC(C)=CCc1cc(-c2oc3cc(O)cc(O)c3c(=O)c2O)ccc1C1C(=O)C(C)=C(N)c2c1ccc(C=O)c2O,553.57,5.008,171.29,5,9,5,0.156,5,4,2,False,False,False,2,aldehyde;isolated_alkene,False,,O=C1C=Cc2ccccc2C1c1ccc(-c2cc(=O)c3ccccc3o2)cc1,*CC=C(C)C|NC1=C(C)C(=O)C(*)c2c1c(O)c(C=O)cc2,8.72e-05,0.0,0.0,3.9957
CC1=NC2=Nc3c(oc(C)cc3=O)C=CN2C(N)=C(C=NNc2ccc(-c3oc4cc(O)cc(O)c4c(=O)c3O)cc2N)C1=N,608.57,3.457,249.35,7,15,4,0.067,6,4,3,False,False,False,3,Oxygen-nitrogen_single_bond;aniline;imine_1,False,,N=C1C=NC2=Nc3c(occc3=O)C=CN2C=C1C=NNc1ccc(-c2cc(=O)c3ccccc3o2)cc1,n1c2n(c(N)c(C=NN*)c(=N)c1C)C=Cc1c(c(=O)cc(C)o1)N=2|N*,8.21e-05,0.0,0.0,4.1789
C=CC(C)(CN=CC=NC(=O)O)Cc1cc(-c2oc3cc(O)cc(O)c3c(=O)c2O)ccc1N,465.46,3.713,178.94,5,8,7,0.167,3,3,0,True,False,False,3,aniline;imine_1;isolated_alkene,False,,O=c1cc(-c2ccccc2)oc2ccccc12,C(C=NCC(C)(C=C)C*)=NC(=O)O|N*,8.12e-05,0.0,0.0,4.2104
CC(C)=CCc1cc(-c2oc3cc(O)cc(O)c3c(=O)c2O)ccc1C1C(=N)C(=O)C(O)C(O)=C1C,491.5,3.964,172.28,6,9,4,0.222,4,3,1,True,False,False,3,imine_1;imine_one_A(321);isolated_alkene,False,,N=C1C(=O)CC=CC1c1ccc(-c2cc(=O)c3ccccc3o2)cc1,C(C=C(C)C)*|C1(C)=C(O)C(O)C(=O)C(=N)C1*,8.02e-05,0.0,0.0,4.2421
Nc1ccc(-c2oc3cc(O)cc(O)c3c(=O)c2O)cc1NN=CC1=C(O)N=C=CC=C(O)C(O)=C1O,506.43,3.335,234.59,9,13,4,0.0,4,3,3,False,False,False,3,Oxygen-nitrogen_single_bond;aniline;imine_1,False,,,C(c1c(N=cccc(O)c(O)c1O)O)=NN*|N*,7.44e-05,0.0,0.0,4.423
COC1=C2C(=O)C(C=Nc3ccc(-c4oc5cc(O)cc(O)c5c(=O)c4O)cc3N)C=C(C)C2C=CC=C1,512.52,4.649,155.58,4,9,4,0.138,5,3,1,True,False,False,3,aniline;imine_1;isolated_alkene,False,,O=C1C2=CC=CC=CC2C=CC1C=Nc1ccc(-c2cc(=O)c3ccccc3o2)cc1,N*|C1=CC=CC(OC)=C2C(=O)C(C=N*)C=C(C)C12,7.05e-05,0.0,0.0,4.5411
CC1=C2CC(c3ccc(-c4oc5cc(O)cc(O)c5c(=O)c4O)cc3C)C(C3C(=O)c4cc(O)cc(O)c4C3=O)C(C)C2=CCC1,620.65,6.768,165.5,5,9,3,0.27,7,4,2,False,False,False,2,beta-keto/anhydride;keto_keto_beta_A(68),False,,O=C1c2ccccc2C(=O)C1C1CC2=CCCC=C2CC1c1ccc(-c2cc(=O)c3ccccc3o2)cc1,C1C2=C(C)CCC=C2C(C)C(C2C(=O)c3c(c(O)cc(O)c3)C2=O)C1*|C*,6.29e-05,0.0,0.0,4.7703
CC1=CCC(O)C2C(c3cc(-c4oc5cc(O)cc(O)c5c(=O)c4O)ccc3-c3ccc(Sc4cc(C)c(C)c(O)c4C)cc3)=CC(C)=NC2C(O)CNC1C,774.94,7.918,201.28,7,11,5,0.289,7,5,4,False,False,False,1,isolated_alkene,False,,,Cc1c(O)c(C)c(Sc2ccc(*)cc2)cc1C|C12C(O)CC=C(C)C(C)NCC(O)C1N=C(C)C=C2*,3.83e-05,0.0,0.0,5.6659
NCCc1cc(-c2oc3cc(O)cc(O)c3c(=O)c2O)ccc1N,328.32,1.66,142.94,5,7,3,0.118,3,3,0,True,False,False,1,aniline,False,,O=c1cc(-c2ccccc2)oc2ccccc12,C(N)C*|*N,0.0,6.928,9.231,2.6859
CC(=CCc1cc(-c2oc3cc(O)cc(O)c3c(=O)c2O)ccc1N)C(=O)O,383.36,2.732,154.22,5,7,4,0.1,3,3,0,True,False,False,2,Michael_acceptor_1;aniline,False,,O=c1cc(-c2ccccc2)oc2ccccc12,C(C)(C(O)=O)=CC*|*N,0.0,7.593,10.418,2.9439
Nc1ccc(-c2oc3cc(O)cc(O)c3c(=O)c2O)cc1NCO,330.3,1.521,149.18,6,8,3,0.062,3,3,1,True,False,False,2,aniline;het-C-het_not_in_ring,False,,O=c1cc(-c2ccccc2)oc2ccccc12,*NCO|N*,0.0,7.503,9.129,2.8013
C=CCc1ccc(-c2oc3cc(O)cc(O)c3c(=O)c2O)cc1NCCO,369.37,2.71,123.16,5,7,6,0.15,3,3,0,True,True,False,1,isolated_alkene,False,,O=c1cc(-c2ccccc2)oc2ccccc12,C(N*)CO|C(*)C=C,0.0,6.872,9.714,2.8419
COC(=O)Cc1cc(-c2oc3cc(O)cc(O)c3c(=O)c2O)ccc1N,357.32,1.875,143.22,4,8,3,0.111,3,3,0,True,False,False,1,aniline,False,,O=c1cc(-c2ccccc2)oc2ccccc12,O=C(OC)C*|N*,0.0,6.937,9.851,2.6554
C=CCc1ccc(-c2oc3cc(O)cc(O)c3c(=O)c2O)cc1CC,338.36,3.868,90.9,3,5,4,0.15,3,3,0,True,True,False,1,isolated_alkene,False,,O=c1cc(-c2ccccc2)oc2ccccc12,CC*|C(=C)C*,0.0,6.771,10.352,2.7263
CNc1ccc(-c2oc3cc(O)cc(O)c3c(=O)c2O)cc1NCCN,357.37,1.989,140.98,6,8,5,0.167,3,3,1,True,False,False,0,,True,,O=c1cc(-c2ccccc2)oc2ccccc12,C(N)CN*|*NC,0.0,6.86,9.218,2.7661
C=CCOC(=O)Cc1ccc(-c2oc3cc(O)cc(O)c3c(=O)c2O)cc1N,383.36,2.431,143.22,4,8,5,0.1,3,3,0,True,False,False,2,aniline;isolated_alkene,False,,O=c1cc(-c2ccccc2)oc2ccccc12,*N|C(C=C)OC(=O)C*,0.0,7.318,9.958,2.8061
C=CCc1ccc(-c2oc3cc(O)cc(O)c3c(=O)c2O)cc1NC(C)=CC(=O)O,409.39,3.706,140.23,5,7,6,0.091,3,3,0,True,False,False,2,Michael_acceptor_1;isolated_alkene,False,,O=c1cc(-c2ccccc2)oc2ccccc12,C(O)(C=C(N*)C)=O|C(*)C=C,0.0,7.36,9.372,3.0173
C=CCc1cc(-c2oc3cc(O)cc(O)c3c(=O)c2O)ccc1C(C=O)C(=O)NO,411.37,2.093,157.3,5,8,6,0.095,3,3,0,True,False,False,5,Oxygen-nitrogen_single_bond;aldehyde;beta-keto/anhydride;hydroxamic_acid;isolated_alkene,False,,O=c1cc(-c2ccccc2)oc2ccccc12,C(=C)C*|C(=O)(C(*)C=O)NO,0.0,8.17,10.575,3.6762
COC(=CC(C)=CC(=O)O)c1cc(-c2oc3cc(O)cc(O)c3c(=O)c2O)ccc1N,425.39,3.177,163.45,5,8,5,0.091,3,3,0,True,False,False,4,Michael_acceptor_1;acyclic_C=C-O;aniline;polyene,False,,O=c1cc(-c2ccccc2)oc2ccccc12,O=C(O)C=C(C)C=C(*)OC|*N,0.0,8.071,7.523,3.1671
C=CCc1ccc(-c2oc3cc(O)cc(O)c3c(=O)c2O)cc1CC=C(C)C=C,390.44,4.98,90.9,3,5,6,0.125,3,3,0,True,True,False,2,isolated_alkene;polyene,False,,O=c1cc(-c2ccccc2)oc2ccccc12,C(=C)C(C)=CC*|C=CC*,0.0,7.136,11.42,3.1484
C=C=CCc1cc(-c2oc3cc(O)cc(O)c3c(=O)c2O)ccc1N,337.33,3.043,116.92,4,6,3,0.053,3,3,0,True,True,False,1,aniline,False,,O=c1cc(-c2ccccc2)oc2ccccc12,*CC=C=C|*N,0.0,7.151,10.156,3.1407
CC(C)=CC(=O)Cc1ccc(-c2oc3cc(O)cc(O)c3c(=O)c2O)cc1N,381.38,3.237,133.99,4,7,4,0.143,3,3,0,True,False,False,2,Michael_acceptor_1;aniline,False,,O=c1cc(-c2ccccc2)oc2ccccc12,N*|O=C(C=C(C)C)C*,0.0,7.821,10.055,2.9115
Nc1ccc(-c2oc3cc(O)cc(O)c3c(=O)c2O)cc1C=CC(=O)O,355.3,2.257,154.22,5,7,3,0.0,3,3,0,True,False,False,2,Michael_acceptor_1;aniline,False,,O=c1cc(-c2ccccc2)oc2ccccc12,C(O)(C=C*)=O|N*,0.0,7.456,9.613,2.7612
