smiles,MW,WLogP,TPSA,HBD,HBA,RotB,Fsp3,Rings,AromRings,Lipinski_violations,Lipinski_pass,GIA_pass,BBB_pass,n_structural_alerts,structural_alerts,alert_free,NLL,Scaffold,R-groups
CC1=C2CC(c3ccc(-c4oc5cc(O)cc(O)c5c(=O)c4O)cc3C)C(C3C(=O)c4cc(O)cc(O)c4C3=O)C(C)C2=CCC1,620.65,6.768,165.5,5,9,3,0.27,7,4,2,False,False,False,2,beta-keto/anhydride;keto_keto_beta_A(68),False,,O=C1c2ccccc2C(=O)C1C1CC2=CCCC=C2CC1c1ccc(-c2cc(=O)c3ccccc3o2)cc1,C1C2=C(C)CCC=C2C(C)C(C2C(=O)c3c(c(O)cc(O)c3)C2=O)C1*|C*
C=CC(C)=CCNc1ccc(-c2oc3cc(O)cc(O)c3c(=O)c2O)cc1C,379.41,4.429,102.93,4,6,5,0.136,3,3,0,True,True,False,1,polyene,False,,O=c1cc(-c2ccccc2)oc2ccccc12,N(CC=C(C=C)C)*|C*
Cc1ccc(-c2oc3cc(O)cc(O)c3c(=O)c2O)cc1N,299.28,2.467,116.92,4,6,1,0.062,3,3,0,True,True,False,1,aniline,False,,O=c1cc(-c2ccccc2)oc2ccccc12,*C|N*
Cc1cc(-c2oc3cc(O)cc(O)c3c(=O)c2O)ccc1N,299.28,2.467,116.92,4,6,1,0.062,3,3,0,True,True,False,1,aniline,False,,O=c1cc(-c2ccccc2)oc2ccccc12,*N|*C
CCNc1cc(-c2oc3cc(O)cc(O)c3c(=O)c2O)ccc1C,327.34,3.317,102.93,4,6,3,0.167,3,3,0,True,True,False,0,,True,,O=c1cc(-c2ccccc2)oc2ccccc12,*C|CCN*
Nc1ccc(-c2oc3cc(O)cc(O)c3c(=O)c2O)cc1N,300.27,1.741,142.94,5,7,1,0.0,3,3,0,True,False,False,1,aniline,False,,O=c1cc(-c2ccccc2)oc2ccccc12,*N|*N
Cc1ccc(-c2oc3cc(O)cc(O)c3c(=O)c2O)cc1C,298.29,3.194,90.9,3,5,1,0.118,3,3,0,True,True,False,0,,True,,O=c1cc(-c2ccccc2)oc2ccccc12,*C|C*
Cc1cc(-c2oc3cc(O)cc(O)c3c(=O)c2O)ccc1C1=C(C(=O)O)C(O)C(O)C(O)C1,456.4,1.21,188.89,7,9,3,0.217,4,3,1,True,False,False,0,,True,,O=c1cc(-c2ccc(C3=CCCCC3)cc2)oc2ccccc12,C1C(O)C(O)C(O)C(C(O)=O)=C1*|*C
CC1=CCCC(Cc2ccc(-c3oc4cc(O)cc(O)c4c(=O)c3O)cc2C)=C1C,404.46,5.484,90.9,3,5,3,0.24,4,3,1,True,True,False,0,,True,,O=c1cc(-c2ccc(CC3=CC=CCC3)cc2)oc2ccccc12,C1CC=C(C)C(C)=C1C*|C*
CC(C)=CCCC(C)=CCc1ccc(-c2oc3cc(O)cc(O)c3c(=O)c2O)cc1C,420.51,6.12,90.9,3,5,6,0.269,3,3,1,True,False,False,1,isolated_alkene,False,,O=c1cc(-c2ccccc2)oc2ccccc12,C(C)(C)=CCCC(=CC*)C|C*
CC1=NC(C)C(C=Cc2cc(C)c(-c3ccc(-c4oc5cc(O)cc(O)c5c(=O)c4O)cc3C)c(O)c2)=NN1,525.56,5.346,147.88,5,9,4,0.167,5,4,2,False,False,False,0,,True,,O=c1cc(-c2ccc(-c3ccc(C=CC4=NNC=NC4)cc3)cc2)oc2ccccc12,C1(C)=NC(C)C(C=Cc2cc(C)c(*)c(O)c2)=NN1|*C
CC(C)c1cc(-c2oc3cc(O)cc(O)c3c(=O)c2O)ccc1N,327.34,3.282,116.92,4,6,2,0.167,3,3,0,True,True,False,1,aniline,False,,O=c1cc(-c2ccccc2)oc2ccccc12,*N|C(C)(*)C
CC(C)=CCc1ccc(-c2oc3cc(O)cc(O)c3c(=O)c2O)cc1Nc1ccc(C2=NC(=O)c3cc(O)c(O)cc32)cc1,590.59,6.232,172.82,6,9,6,0.088,6,5,3,False,False,False,3,catechol;catechol_A(92);isolated_alkene,False,,O=C1N=C(c2ccc(Nc3cccc(-c4cc(=O)c5ccccc5o4)c3)cc2)c2ccccc21,C(*)C=C(C)C|N1=C(c2ccc(N*)cc2)c2c(cc(O)c(O)c2)C1=O
COc1cc(Cc2cc(-c3oc4cc(O)cc(O)c4c(=O)c3O)ccc2N)ccc1N,420.42,3.341,152.17,5,8,4,0.087,4,4,0,True,False,False,1,aniline,False,,O=c1cc(-c2cccc(Cc3ccccc3)c2)oc2ccccc12,N*|O(C)c1cc(C*)ccc1N
CC1=NC2=Nc3c(oc(C)cc3=O)C=CN2C(N)=C(C=NNc2ccc(-c3oc4cc(O)cc(O)c4c(=O)c3O)cc2N)C1=N,608.57,3.457,249.35,7,15,4,0.067,6,4,3,False,False,False,3,Oxygen-nitrogen_single_bond;aniline;imine_1,False,,N=C1C=NC2=Nc3c(occc3=O)C=CN2C=C1C=NNc1ccc(-c2cc(=O)c3ccccc3o2)cc1,n1c2n(c(N)c(C=NN*)c(=N)c1C)C=Cc1c(c(=O)cc(C)o1)N=2|N*
Nc1ccc(-c2oc3cc(O)cc(O)c3c(=O)c2O)cc1Cc1cc(C(=O)C=Cc2ccc(O)c(O)c2)c(O)cc1O,569.52,4.468,214.91,8,11,6,0.032,5,5,3,False,False,False,4,Michael_acceptor_1;aniline;catechol;catechol_A(92),False,,O=C(C=Cc1ccccc1)c1cccc(Cc2cccc(-c3cc(=O)c4ccccc4o3)c2)c1,*N|c1c(O)c(C*)cc(C(=O)C=Cc2ccc(O)c(O)c2)c1O
Cc1cc(C=Cc2ccc(-c3oc4cc(O)cc(O)c4c(=O)c3O)cc2N)cc(CO)c1O,447.44,3.836,157.38,6,8,4,0.08,4,4,1,True,False,False,2,aniline;stilbene,False,,O=c1cc(-c2ccc(C=Cc3ccccc3)cc2)oc2ccccc12,c1c(C)c(O)c(CO)cc1C=C*|*N
CC(C)=CCc1ccc(-c2oc3cc(O)cc(O)c3c(=O)c2O)cc1N,353.37,3.668,116.92,4,6,3,0.15,3,3,0,True,True,False,2,aniline;isolated_alkene,False,,O=c1cc(-c2ccccc2)oc2ccccc12,C(*)C=C(C)C|*N
Nc1cc(-c2oc3cc(O)cc(O)c3c(=O)c2O)ccc1CC=NO,342.31,2.162,149.51,5,8,3,0.059,3,3,0,True,False,False,4,Oxygen-nitrogen_single_bond;aniline;imine_1;oxime_1,False,,O=c1cc(-c2ccccc2)oc2ccccc12,C(=NO)C*|*N
Cc1ccc(-c2oc3cc(O)cc(O)c3c(=O)c2O)cc1Nc1c(C)cccc1C,403.43,5.246,102.93,4,6,3,0.125,4,4,1,True,True,False,0,,True,,O=c1cc(-c2cccc(Nc3ccccc3)c2)oc2ccccc12,*C|c1c(C)c(N*)c(C)cc1
Nc1ccc(-c2oc3cc(O)cc(O)c3c(=O)c2O)cc1C=Cc1cc(O)cc(O)c1,419.39,3.741,157.38,6,8,3,0.0,4,4,1,True,False,False,2,aniline;stilbene,False,,O=c1cc(-c2cccc(C=Cc3ccccc3)c2)oc2ccccc12,N*|c1c(C=C*)cc(O)cc1O
Nc1ccc(-c2oc3cc(O)cc(O)c3c(=O)c2O)cc1C=Cc1c(O)cc(C(=O)O)cc1O,463.4,3.439,194.68,7,9,4,0.0,4,4,1,True,False,False,2,aniline;stilbene,False,,O=c1cc(-c2cccc(C=Cc3ccccc3)c2)oc2ccccc12,*N|c1(C=C*)c(O)cc(C(=O)O)cc1O
CCNc1cc(-c2oc3cc(O)cc(O)c3c(=O)c2O)ccc1N,328.32,2.591,128.95,5,7,3,0.118,3,3,0,True,True,False,1,aniline,False,,O=c1cc(-c2ccccc2)oc2ccccc12,N*|*NCC
Cc1cc(-c2oc3cc(O)cc(O)c3c(=O)c2O)ccc1C(F)(F)F,352.26,3.904,90.9,3,5,1,0.118,3,3,0,True,True,False,0,,True,,O=c1cc(-c2ccccc2)oc2ccccc12,C(F)(F)(*)F|*C
Nc1ccc(-c2oc3cc(O)cc(O)c3c(=O)c2O)cc1-c1ccc(C(=O)O)cc1,405.36,3.524,154.22,5,7,3,0.0,4,4,0,True,False,False,1,aniline,False,,O=c1cc(-c2cccc(-c3ccccc3)c2)oc2ccccc12,N*|C(=O)(c1ccc(*)cc1)O
CC(C)=CCc1ccc(-c2oc3cc(O)cc(O)c3c(=O)c2O)cc1C,352.39,4.394,90.9,3,5,3,0.19,3,3,0,True,True,False,1,isolated_alkene,False,,O=c1cc(-c2ccccc2)oc2ccccc12,*CC=C(C)C|C*
CC(C)=CCc1cc(-c2oc3cc(O)cc(O)c3c(=O)c2O)ccc1C1C(=N)C(=O)C(O)C(O)=C1C,491.5,3.964,172.28,6,9,4,0.222,4,3,1,True,False,False,3,imine_1;imine_one_A(321);isolated_alkene,False,,N=C1C(=O)CC=CC1c1ccc(-c2cc(=O)c3ccccc3o2)cc1,C(C=C(C)C)*|C1(C)=C(O)C(O)C(=O)C(=N)C1*
CC(C)=CCc1cc(-c2oc3cc(O)cc(O)c3c(=O)c2O)ccc1C,352.39,4.394,90.9,3,5,3,0.19,3,3,0,True,True,False,1,isolated_alkene,False,,O=c1cc(-c2ccccc2)oc2ccccc12,C(=C(C)C)C*|C*
CC(C)=CCCC(C)=CCc1cc(-c2oc3cc(O)cc(O)c3c(=O)c2O)ccc1N,421.49,5.394,116.92,4,6,6,0.24,3,3,1,True,False,False,2,aniline;isolated_alkene,False,,O=c1cc(-c2ccccc2)oc2ccccc12,C(=C(CCC=C(C)C)C)C*|*N
CC(=O)c1ccc(C=C(C)NC(=O)CCc2cc(-c3oc4cc(O)cc(O)c4c(=O)c3O)ccc2C)cc1O,529.55,4.903,157.3,5,8,7,0.167,4,4,1,True,False,False,0,,True,,O=C(CCc1cccc(-c2cc(=O)c3ccccc3o2)c1)NC=Cc1ccccc1,C(NC(=O)CC*)(C)=Cc1cc(O)c(C(C)=O)cc1|C*
CC(O)=CCc1cc(-c2oc3cc(O)cc(O)c3c(=O)c2O)ccc1C,354.36,3.89,111.13,4,6,3,0.15,3,3,0,True,True,False,1,acyclic_C=C-O,False,,O=c1cc(-c2ccccc2)oc2ccccc12,OC(C)=CC*|C*
C=CCc1ccc(-c2oc3cc(O)cc(O)c3c(=O)c2O)cc1N,325.32,2.888,116.92,4,6,3,0.056,3,3,0,True,True,False,2,aniline;isolated_alkene,False,,O=c1cc(-c2ccccc2)oc2ccccc12,*N|C=CC*
Nc1ccc(-c2oc3cc(O)cc(O)c3c(=O)c2O)cc1C(F)(F)F,353.25,3.178,116.92,4,6,1,0.062,3,3,0,True,True,False,1,aniline,False,,O=c1cc(-c2ccccc2)oc2ccccc12,*C(F)(F)F|N*
Cc1ccc(O)c(-c2ccc(-c3oc4cc(O)cc(O)c4c(=O)c3O)cc2C)c1,390.39,4.566,111.13,4,6,2,0.087,4,4,0,True,True,False,0,,True,,O=c1cc(-c2ccc(-c3ccccc3)cc2)oc2ccccc12,*C|c1(O)ccc(C)cc1*
C=C(C)OC(=O)CCNc1ccc(-c2oc3cc(O)cc(O)c3c(=O)c2O)cc1C,411.41,3.764,129.23,4,8,6,0.182,3,3,0,True,False,False,1,acyclic_C=C-O,False,,O=c1cc(-c2ccccc2)oc2ccccc12,*C|N(*)CCC(=O)OC(C)=C
Cc1cc(C)c2c(c1O)CC(C)(c1ccc(-c3oc4cc(O)cc(O)c4c(=O)c3O)cc1-c1ccc(F)cc1)C=C2,550.58,7.233,111.13,4,6,3,0.147,6,5,2,False,False,False,0,,True,,O=c1cc(-c2ccc(C3C=Cc4ccccc4C3)c(-c3ccccc3)c2)oc2ccccc12,c1(*)ccc(F)cc1|C1C(C)(*)C=Cc2c(C)cc(C)c(O)c21
C=CCNc1cc(-c2oc3cc(O)cc(O)c3c(=O)c2O)ccc1N,340.34,2.757,128.95,5,7,4,0.056,3,3,0,True,True,False,2,aniline;isolated_alkene,False,,O=c1cc(-c2ccccc2)oc2ccccc12,C(C=C)N*|*N
CC(C)=CCc1cc(-c2oc3cc(O)cc(O)c3c(=O)c2O)ccc1N,353.37,3.668,116.92,4,6,3,0.15,3,3,0,True,True,False,2,aniline;isolated_alkene,False,,O=c1cc(-c2ccccc2)oc2ccccc12,CC(=CC*)C|N*
C=CCc1ccc(-c2oc3cc(O)cc(O)c3c(=O)c2O)cc1C,324.33,3.614,90.9,3,5,3,0.105,3,3,0,True,True,False,1,isolated_alkene,False,,O=c1cc(-c2ccccc2)oc2ccccc12,*C|C(=C)C*
C=C(C)C(C)c1cc(-c2oc3cc(O)cc(O)c3c(=O)c2O)ccc1N,353.37,3.839,116.92,4,6,3,0.15,3,3,0,True,True,False,2,aniline;isolated_alkene,False,,O=c1cc(-c2ccccc2)oc2ccccc12,C=C(C)C(C)*|N*
Cc1cc(O)c2c(-c3cc(-c4oc5cc(O)cc(O)c5c(=O)c4O)ccc3N)cc(=O)oc2c1,459.41,3.946,167.36,5,9,2,0.04,5,5,0,True,False,False,2,aniline;cumarine,False,,O=c1cc(-c2cccc(-c3cc(=O)c4ccccc4o3)c2)c2ccccc2o1,c1(=O)oc2c(c(O)cc(C)c2)c(*)c1|N*
C=C(C=CC=C(C)C=CC(C(=O)O)c1cc(-c2oc3cc(O)cc(O)c3c(=O)c2O)ccc1C)CO,490.51,4.661,148.43,5,7,8,0.143,3,3,0,True,False,False,1,polyene,False,,O=c1cc(-c2ccccc2)oc2ccccc12,OCC(=C)C=CC=C(C)C=CC(*)C(=O)O|C*
C=CC(C)(CN=CC=NC(=O)O)Cc1cc(-c2oc3cc(O)cc(O)c3c(=O)c2O)ccc1N,465.46,3.713,178.94,5,8,7,0.167,3,3,0,True,False,False,3,aniline;imine_1;isolated_alkene,False,,O=c1cc(-c2ccccc2)oc2ccccc12,C(C=NCC(C)(C=C)C*)=NC(=O)O|N*
CCNN=Cc1ccc(Cc2ccc(-c3oc4cc(O)cc(O)c4c(=O)c3O)cc2C)cc1O,460.49,4.125,135.52,5,8,6,0.154,4,4,0,True,False,False,3,Oxygen-nitrogen_single_bond;hzone_phenol_A(479);imine_1,False,,O=c1cc(-c2ccc(Cc3ccccc3)cc2)oc2ccccc12,C*|c1c(O)c(C=NNCC)ccc1C*
C=CCCc1ccc(-c2oc3cc(O)cc(O)c3c(=O)c2O)cc1NCC=C(C)C,407.47,5.074,102.93,4,6,7,0.208,3,3,1,True,True,False,1,isolated_alkene,False,,O=c1cc(-c2ccccc2)oc2ccccc12,*NCC=C(C)C|C(CC=C)*
C=CCc1ccc(-c2oc3cc(O)cc(O)c3c(=O)c2O)cc1CC=C(C)C,378.42,4.814,90.9,3,5,5,0.174,3,3,0,True,True,False,1,isolated_alkene,False,,O=c1cc(-c2ccccc2)oc2ccccc12,C(=C(C)C)C*|C=CC*
Nc1ccc(-c2oc3cc(O)cc(O)c3c(=O)c2O)cc1CC=NC(=O)O,370.32,2.45,166.58,5,7,3,0.056,3,3,0,True,False,False,2,aniline;imine_1,False,,O=c1cc(-c2ccccc2)oc2ccccc12,C(C=NC(=O)O)*|N*
C=CC(C)(C)c1cc(-c2oc3cc(O)cc(O)c3c(=O)c2O)ccc1C(CC=C(C)C)C(=O)O,464.51,5.565,128.2,4,6,7,0.259,3,3,1,True,False,False,1,isolated_alkene,False,,O=c1cc(-c2ccccc2)oc2ccccc12,C(=C)C(*)(C)C|C(=O)(C(*)CC=C(C)C)O
Nc1ccc(-c2oc3cc(O)cc(O)c3c(=O)c2O)cc1NCC=Cc1ccc(O)c(O)c1,448.43,3.696,169.41,7,9,5,0.042,4,4,1,True,False,False,3,aniline;catechol;catechol_A(92),False,,O=c1cc(-c2cccc(NCC=Cc3ccccc3)c2)oc2ccccc12,*NCC=Cc1cc(O)c(O)cc1|*N
Cc1ccc(C=Cc2ccc(-c3oc4cc(O)cc(O)c4c(=O)c3O)cc2C)cc1O,416.43,5.07,111.13,4,6,3,0.08,4,4,1,True,True,False,1,stilbene,False,,O=c1cc(-c2ccc(C=Cc3ccccc3)cc2)oc2ccccc12,*C|C(=Cc1cc(O)c(C)cc1)*
C=CC(=C)c1ccc(NC=C2C(=O)c3cccc(-c4ccc(-c5oc6cc(O)cc(O)c6c(=O)c5O)cc4N)c3C2=O)cc1,584.58,6.4,163.09,5,9,6,0.0,6,5,2,False,False,False,5,Michael_acceptor_1;Michael_acceptor_4;aniline;ene_five_one_A(55);polyene,False,,O=C1C(=CNc2ccccc2)C(=O)c2c1cccc2-c1ccc(-c2cc(=O)c3ccccc3o2)cc1,*N|C(=C)C(=C)c1ccc(NC=C2C(=O)c3c(c(*)ccc3)C2=O)cc1
Nc1ccc(-c2oc3cc(O)cc(O)c3c(=O)c2O)cc1-c1cccc(O)c1O,393.35,3.237,157.38,6,8,2,0.0,4,4,1,True,False,False,3,aniline;catechol;catechol_A(92),False,,O=c1cc(-c2cccc(-c3ccccc3)c2)oc2ccccc12,Oc1c(O)cccc1*|*N
Nc1cc(-c2oc3cc(O)cc(O)c3c(=O)c2O)ccc1Cc1cccc(O)c1O,407.38,3.161,157.38,6,8,3,0.045,4,4,1,True,False,False,3,aniline;catechol;catechol_A(92),False,,O=c1cc(-c2ccc(Cc3ccccc3)cc2)oc2ccccc12,*N|c1(O)c(O)cccc1C*
COC1=C2C(=O)C(C=Nc3ccc(-c4oc5cc(O)cc(O)c5c(=O)c4O)cc3N)C=C(C)C2C=CC=C1,512.52,4.649,155.58,4,9,4,0.138,5,3,1,True,False,False,3,aniline;imine_1;isolated_alkene,False,,O=C1C2=CC=CC=CC2C=CC1C=Nc1ccc(-c2cc(=O)c3ccccc3o2)cc1,N*|C1=CC=CC(OC)=C2C(=O)C(C=N*)C=C(C)C12
COC(=O)N=C(C=C(C)c1ccc(O)cc1)Nc1cc(-c2oc3cc(O)cc(O)c3c(=O)c2O)ccc1N,517.49,4.545,187.84,6,9,4,0.074,4,4,2,False,False,False,3,aniline;imine_1;imine_2,False,,N=C(C=Cc1ccccc1)Nc1cccc(-c2cc(=O)c3ccccc3o2)c1,C(N*)(=NC(=O)OC)C=C(c1ccc(O)cc1)C|*N
Cc1cc(-c2oc3cc(O)cc(O)c3c(=O)c2O)ccc1NCc1ccc(O)cc1,405.41,4.203,123.16,5,7,4,0.087,4,4,0,True,True,False,0,,True,,O=c1cc(-c2ccc(NCc3ccccc3)cc2)oc2ccccc12,C*|*NCc1ccc(O)cc1
Nc1cc(-c2oc3cc(O)cc(O)c3c(=O)c2O)ccc1-c1ccc(O)cc1,377.35,3.532,137.15,5,7,2,0.0,4,4,0,True,False,False,1,aniline,False,,O=c1cc(-c2ccc(-c3ccccc3)cc2)oc2ccccc12,*N|c1c(*)ccc(O)c1
COc1ccc(OC)c(C=Cc2cc(-c3oc4cc(O)cc(O)c4c(=O)c3O)ccc2C)c1,446.46,5.073,109.36,3,7,5,0.115,4,4,1,True,True,False,1,stilbene,False,,O=c1cc(-c2cccc(C=Cc3ccccc3)c2)oc2ccccc12,*C=Cc1cc(OC)ccc1OC|*C
COC(=O)c1c(-c2ccc(-c3oc4cc(O)cc(O)c4c(=O)c3O)cc2N)oc(C)cc1=O,451.39,2.874,173.43,4,10,3,0.087,4,4,0,True,False,False,1,aniline,False,,O=c1ccoc(-c2ccc(-c3cc(=O)c4ccccc4o3)cc2)c1,N*|COC(c1c(*)oc(C)cc1=O)=O
Cc1ccc(C(=O)N=C(N=CC=C(N)c2ccc(-c3cc(-c4oc5cc(O)cc(O)c5c(=O)c4O)ccc3N)cc2O)NO)cc1,621.61,4.386,237.22,8,10,5,0.03,5,5,2,False,False,False,4,Oxygen-nitrogen_single_bond;aniline;imine_1;imine_2,False,,O=C(N=CN=CC=Cc1ccc(-c2cccc(-c3cc(=O)c4ccccc4o3)c2)cc1)c1ccccc1,C(C=NC(NO)=NC(=O)c1ccc(C)cc1)=C(c1c(O)cc(*)cc1)N|*N
C=CCc1cc(-c2oc3cc(O)cc(O)c3c(=O)c2O)ccc1N,325.32,2.888,116.92,4,6,3,0.056,3,3,0,True,True,False,2,aniline;isolated_alkene,False,,O=c1cc(-c2ccccc2)oc2ccccc12,C=CC*|*N
C=CC(=O)Nc1cc(-c2oc3cc(O)cc(O)c3c(=O)c2O)ccc1Nc1ccc(O)cc1C,460.44,4.459,152.26,6,8,5,0.04,4,4,1,True,False,False,2,Michael_acceptor_1;hydroquinone,False,,O=c1cc(-c2ccc(Nc3ccccc3)cc2)oc2ccccc12,C(C=C)(=O)N*|Oc1cc(C)c(N*)cc1
Cc1ccc(-c2oc3cc(O)cc(O)c3c(=O)c2O)cc1NC1=CCNC=C1,378.38,3.298,114.96,5,7,3,0.095,4,3,0,True,True,False,0,,True,,O=c1cc(-c2cccc(NC3=CCNC=C3)c2)oc2ccccc12,C1C=C(N*)C=CN1|C*
Cc1cc(-c2cc(-c3oc4cc(O)cc(O)c4c(=O)c3O)ccc2C2CCCC(=O)C2C)c(O)cc1O,502.52,5.436,148.43,5,8,3,0.241,5,4,2,False,False,False,0,,True,,O=C1CCCC(c2ccc(-c3cc(=O)c4ccccc4o3)cc2-c2ccccc2)C1,*c1cc(C)c(O)cc1O|C1CC(*)C(C)C(=O)C1
C=CCc1ccc(-c2oc3cc(O)cc(O)c3c(=O)c2O)cc1CC=C(C)C=C,390.44,4.98,90.9,3,5,6,0.125,3,3,0,True,True,False,2,isolated_alkene;polyene,False,,O=c1cc(-c2ccccc2)oc2ccccc12,C(=C)C(C)=CC*|C=CC*
CC(C)=CC(=O)Cc1ccc(-c2oc3cc(O)cc(O)c3c(=O)c2O)cc1N,381.38,3.237,133.99,4,7,4,0.143,3,3,0,True,False,False,2,Michael_acceptor_1;aniline,False,,O=c1cc(-c2ccccc2)oc2ccccc12,N*|O=C(C=C(C)C)C*
C=CCc1ccc(-c2oc3cc(O)cc(O)c3c(=O)c2O)cc1NC(C)=CC(=O)O,409.39,3.706,140.23,5,7,6,0.091,3,3,0,True,False,False,2,Michael_acceptor_1;isolated_alkene,False,,O=c1cc(-c2ccccc2)oc2ccccc12,C(O)(C=C(N*)C)=O|C(*)C=C
CC(=O)Nc1ccc(C)c(-c2cc(-c3oc4cc(O)cc(O)c4c(=O)c3O)ccc2N)c1,432.43,4.093,146.02,5,7,3,0.083,4,4,0,True,False,False,1,aniline,False,,O=c1cc(-c2cccc(-c3ccccc3)c2)oc2ccccc12,C(Nc1ccc(C)c(*)c1)(C)=O|N*
COC(=CC(C)=CC(=O)O)c1cc(-c2oc3cc(O)cc(O)c3c(=O)c2O)ccc1N,425.39,3.177,163.45,5,8,5,0.091,3,3,0,True,False,False,4,Michael_acceptor_1;acyclic_C=C-O;aniline;polyene,False,,O=c1cc(-c2ccccc2)oc2ccccc12,O=C(O)C=C(C)C=C(*)OC|*N
C=CCc1cc(-c2oc3cc(O)cc(O)c3c(=O)c2O)ccc1C(C=O)C(=O)NO,411.37,2.093,157.3,5,8,6,0.095,3,3,0,True,False,False,5,Oxygen-nitrogen_single_bond;aldehyde;beta-keto/anhydride;hydroxamic_acid;isolated_alkene,False,,O=c1cc(-c2ccccc2)oc2ccccc12,C(=C)C*|C(=O)(C(*)C=O)NO
Nc1ccc(-c2oc3cc(O)cc(O)c3c(=O)c2O)cc1C=CC(=O)O,355.3,2.257,154.22,5,7,3,0.0,3,3,0,True,False,False,2,Michael_acceptor_1;aniline,False,,O=c1cc(-c2ccccc2)oc2ccccc12,C(O)(C=C*)=O|N*
CC(=CC(N)=NCCCCNc1ccc(-c2oc3cc(O)cc(O)c3c(=O)c2O)cc1N)c1ccc(O)cc1,530.58,4.517,187.56,7,9,9,0.172,4,4,2,False,False,False,4,Aliphatic_long_chain;aniline;imine_1;imine_2,False,,O=c1cc(-c2ccc(NCCCCN=CC=Cc3ccccc3)cc2)oc2ccccc12,N*|C(N*)CCCN=C(N)C=C(C)c1ccc(O)cc1
Cc1ccc(-c2oc3cc(O)cc(O)c3c(=O)c2O)cc1C=Cc1ccc(O)c(O)c1,418.4,4.467,131.36,5,7,3,0.042,4,4,0,True,False,False,3,catechol;catechol_A(92);stilbene,False,,O=c1cc(-c2cccc(C=Cc3ccccc3)c2)oc2ccccc12,c1(O)c(O)ccc(C=C*)c1|C*
NCCc1cc(-c2oc3cc(O)cc(O)c3c(=O)c2O)ccc1N,328.32,1.66,142.94,5,7,3,0.118,3,3,0,True,False,False,1,aniline,False,,O=c1cc(-c2ccccc2)oc2ccccc12,C(N)C*|*N
Nc1ccc(-c2oc3cc(O)cc(O)c3c(=O)c2O)cc1-c1ccccc1,361.35,3.826,116.92,4,6,2,0.0,4,4,0,True,True,False,1,aniline,False,,O=c1cc(-c2cccc(-c3ccccc3)c2)oc2ccccc12,c1(*)ccccc1|N*
Nc1ccc(-c2oc3cc(O)cc(O)c3c(=O)c2O)cc1Cc1ccc(C(=CCN=C(O)c2ccc(O)cc2)C(=O)O)cc1,594.58,4.928,207.04,7,9,8,0.061,5,5,2,False,False,False,4,Michael_acceptor_1;aniline;imine_1;imine_2,False,,O=c1cc(-c2cccc(Cc3ccc(C=CCN=Cc4ccccc4)cc3)c2)oc2ccccc12,C(N=C(c1ccc(O)cc1)O)C=C(c1ccc(C*)cc1)C(O)=O|*N
Cc1ccc(-c2oc3cc(O)cc(O)c3c(=O)c2O)cc1Cc1c(NC(=O)NN)[nH]c(=O)n(C)c1=O,495.45,0.858,212.91,7,9,4,0.13,4,4,1,True,False,False,3,Oxygen-nitrogen_single_bond;acyl_hydrazine;hydrazine,False,,O=c1[nH]cc(Cc2cccc(-c3cc(=O)c4ccccc4o3)c2)c(=O)[nH]1,[nH]1c(=O)n(C)c(=O)c(C*)c1NC(NN)=O|C*
Nc1ccc(-c2oc3cc(O)cc(O)c3c(=O)c2O)cc1-c1ccc(O)cc1,377.35,3.532,137.15,5,7,2,0.0,4,4,0,True,False,False,1,aniline,False,,O=c1cc(-c2cccc(-c3ccccc3)c2)oc2ccccc12,Oc1ccc(*)cc1|N*
Cc1cc(N)ccc1Cc1cc(-c2oc3cc(O)cc(O)c3c(=O)c2O)ccc1N,404.42,3.64,142.94,5,7,3,0.087,4,4,0,True,False,False,1,aniline,False,,O=c1cc(-c2cccc(Cc3ccccc3)c2)oc2ccccc12,Nc1cc(C)c(C*)cc1|N*
C=CCOC(=O)Cc1ccc(-c2oc3cc(O)cc(O)c3c(=O)c2O)cc1N,383.36,2.431,143.22,4,8,5,0.1,3,3,0,True,False,False,2,aniline;isolated_alkene,False,,O=c1cc(-c2ccccc2)oc2ccccc12,*N|C(C=C)OC(=O)C*
CC(C(=O)N=C(N)CO)c1cc(-c2oc3cc(O)cc(O)c3c(=O)c2O)ccc1NCc1ccc(O)c(O)c1,535.51,2.58,219.07,8,10,7,0.148,4,4,2,False,False,False,4,catechol;catechol_A(92);imine_1;imine_2,False,,O=c1cc(-c2ccc(NCc3ccccc3)cc2)oc2ccccc12,OCC(N)=NC(=O)C(C)*|C(N*)c1ccc(O)c(O)c1
Cc1cc(Nc2cc(-c3oc4cc(O)cc(O)c4c(=O)c3O)ccc2N)cc(C)c1O,420.42,4.225,149.18,6,8,3,0.087,4,4,1,True,False,False,2,aniline;hydroquinone,False,,O=c1cc(-c2cccc(Nc3ccccc3)c2)oc2ccccc12,c1(N*)cc(C)c(O)c(C)c1|N*
C=CCc1ccc(OCC=CCc2cc(-c3oc4cc(O)cc(O)c4c(=O)c3O)ccc2N)c(C=NOC(C)(C)C)c1,570.64,6.214,147.74,4,9,10,0.212,4,4,2,False,False,False,4,Oxygen-nitrogen_single_bond;aniline;imine_1;isolated_alkene,False,,O=c1cc(-c2cccc(CC=CCOc3ccccc3)c2)oc2ccccc12,C(=CC*)COc1ccc(CC=C)cc1C=NOC(C)(C)C|N*
O=C(O)Cc1ccc(-c2oc3cc(O)cc(O)c3c(=O)c2O)cc1Nc1ccc(O)c(O)c1,451.39,3.359,180.69,7,9,5,0.043,4,4,1,True,False,False,3,catechol;catechol_A(92);hydroquinone,False,,O=c1cc(-c2cccc(Nc3ccccc3)c2)oc2ccccc12,Oc1ccc(N*)cc1O|C(C(=O)O)*
COC(=O)Nc1cc(C=Cc2ccc(-c3oc4cc(O)cc(O)c4c(=O)c3O)cc2C)ccc1C,473.48,5.542,129.23,4,7,4,0.111,4,4,1,True,False,False,1,stilbene,False,,O=c1cc(-c2ccc(C=Cc3ccccc3)cc2)oc2ccccc12,*C|N(C(OC)=O)c1cc(C=C*)ccc1C
C=CC(=O)Cc1cc(-c2oc3cc(O)cc(O)c3c(=O)c2O)ccc1C(C)=CC=CC(C)=NOC(C)=O,503.51,4.773,146.63,3,9,8,0.143,3,3,1,True,False,False,5,Michael_acceptor_1;Oxygen-nitrogen_single_bond;imine_1;oxime_2;polyene,False,,O=c1cc(-c2ccccc2)oc2ccccc12,C(C=C)(=O)C*|C(=O)(C)ON=C(C)C=CC=C(*)C
C=C=CCc1cc(-c2oc3cc(O)cc(O)c3c(=O)c2O)ccc1N,337.33,3.043,116.92,4,6,3,0.053,3,3,0,True,True,False,1,aniline,False,,O=c1cc(-c2ccccc2)oc2ccccc12,*CC=C=C|*N
Nc1cc(-c2oc3cc(O)cc(O)c3c(=O)c2O)ccc1-c1ccc(O)cc1O,393.35,3.237,157.38,6,8,2,0.0,4,4,1,True,False,False,1,aniline,False,,O=c1cc(-c2ccc(-c3ccccc3)cc2)oc2ccccc12,N*|Oc1ccc(*)c(O)c1
C=CCc1ccc(-c2oc3cc(O)cc(O)c3c(=O)c2O)cc1CC,338.36,3.868,90.9,3,5,4,0.15,3,3,0,True,True,False,1,isolated_alkene,False,,O=c1cc(-c2ccccc2)oc2ccccc12,CC*|C(=C)C*
Cc1cc(N)ccc1-c1cc(-c2oc3cc(O)cc(O)c3c(=O)c2O)ccc1N,390.4,3.717,142.94,5,7,2,0.045,4,4,0,True,False,False,1,aniline,False,,O=c1cc(-c2cccc(-c3ccccc3)c2)oc2ccccc12,c1(N)cc(C)c(*)cc1|*N
CNc1ccc(-c2oc3cc(O)cc(O)c3c(=O)c2O)cc1NCCN,357.37,1.989,140.98,6,8,5,0.167,3,3,1,True,False,False,0,,True,,O=c1cc(-c2ccccc2)oc2ccccc12,C(N)CN*|*NC
Nc1ccc(CNc2ccc(-c3oc4cc(O)cc(O)c4c(=O)c3O)cc2N)cc1,405.41,3.353,154.97,6,8,4,0.045,4,4,1,True,False,False,2,anil_no_alk(40);aniline,False,,O=c1cc(-c2ccc(NCc3ccccc3)cc2)oc2ccccc12,N*|c1cc(N)ccc1CN*
Nc1cc(-c2oc3cc(O)cc(O)c3c(=O)c2O)ccc1C(C(=O)O)C(=O)c1ccc(O)c(O)c1,479.4,2.621,211.75,7,10,5,0.042,4,4,1,True,False,False,4,aniline;beta-keto/anhydride;catechol;catechol_A(92),False,,O=C(Cc1ccc(-c2cc(=O)c3ccccc3o2)cc1)c1ccccc1,N*|C(=O)(O)C(*)C(=O)c1ccc(O)c(O)c1
CC(=CCc1cc(-c2oc3cc(O)cc(O)c3c(=O)c2O)ccc1N)C(=O)O,383.36,2.732,154.22,5,7,4,0.1,3,3,0,True,False,False,2,Michael_acceptor_1;aniline,False,,O=c1cc(-c2ccccc2)oc2ccccc12,C(C)(C(O)=O)=CC*|*N
CC(C)=CCc1cc(-c2oc3cc(O)cc(O)c3c(=O)c2O)ccc1C1C(=O)C(C)=C(N)c2c1ccc(C=O)c2O,553.57,5.008,171.29,5,9,5,0.156,5,4,2,False,False,False,2,aldehyde;isolated_alkene,False,,O=C1C=Cc2ccccc2C1c1ccc(-c2cc(=O)c3ccccc3o2)cc1,*CC=C(C)C|NC1=C(C)C(=O)C(*)c2c1c(O)c(C=O)cc2
C=CCc1cc(Nc2cc(-c3oc4cc(O)cc(O)c4c(=O)c3O)ccc2-c2cc(C(N)=O)c(O)cc2C)ccc1O,566.57,5.534,186.48,7,9,7,0.062,5,5,3,False,False,False,2,hydroquinone;isolated_alkene,False,,O=c1cc(-c2ccc(-c3ccccc3)c(Nc3ccccc3)c2)oc2ccccc12,Oc1ccc(N*)cc1CC=C|C(=O)(N)c1c(O)cc(C)c(*)c1
N=C(O)c1ccc(-c2ccc(-c3oc4cc(O)cc(O)c4c(=O)c3O)cc2N)c(O)c1,420.38,3.415,181.23,7,8,3,0.0,4,4,1,True,False,False,3,aniline;imine_1;imine_2,False,,O=c1cc(-c2ccc(-c3ccccc3)cc2)oc2ccccc12,*N|N=C(O)c1cc(O)c(*)cc1
C=CCc1ccc(-c2oc3cc(O)cc(O)c3c(=O)c2O)cc1-c1ccc(O)c(O)c1,418.4,4.384,131.36,5,7,4,0.042,4,4,0,True,False,False,3,catechol;catechol_A(92);isolated_alkene,False,,O=c1cc(-c2cccc(-c3ccccc3)c2)oc2ccccc12,Oc1c(O)ccc(*)c1|C(*)C=C
Nc1ccc(-c2oc3cc(O)cc(O)c3c(=O)c2O)cc1NCO,330.3,1.521,149.18,6,8,3,0.062,3,3,1,True,False,False,2,aniline;het-C-het_not_in_ring,False,,O=c1cc(-c2ccccc2)oc2ccccc12,*NCO|N*
CCNc1ccc(-c2oc3cc(O)cc(O)c3c(=O)c2O)cc1C,327.34,3.317,102.93,4,6,3,0.167,3,3,0,True,True,False,0,,True,,O=c1cc(-c2ccccc2)oc2ccccc12,C*|CCN*
Cc1cc(O)cc(C)c1NC(=O)CN=C(O)CCc1ccc(-c2oc3cc(O)cc(O)c3c(=O)c2O)cc1CCN,561.59,3.928,198.84,7,9,9,0.233,4,4,2,False,False,False,3,hydroquinone;imine_1;imine_2,False,,O=C(CN=CCCc1ccc(-c2cc(=O)c3ccccc3o2)cc1)Nc1ccccc1,C(*)CN|C(*)CC(=NCC(=O)Nc1c(C)cc(O)cc1C)O
O=c1c(O)c(-c2ccc(Cc3ccc(O)cc3)c(C(F)(F)F)c2)oc2cc(O)cc(O)c12,444.36,4.892,111.13,4,6,3,0.087,4,4,0,True,True,False,0,,True,,O=c1cc(-c2ccc(Cc3ccccc3)cc2)oc2ccccc12,C(F)(F)(F)*|c1(C*)ccc(O)cc1
Nc1cc(-c2oc3cc(O)cc(O)c3c(=O)c2O)ccc1-c1ccccc1,361.35,3.826,116.92,4,6,2,0.0,4,4,0,True,True,False,1,aniline,False,,O=c1cc(-c2ccc(-c3ccccc3)cc2)oc2ccccc12,*N|c1(*)ccccc1
Cc1ccc(-c2cc(-c3oc4cc(O)cc(O)c4c(=O)c3O)ccc2Cc2ccc(O)c(C)c2)cc1C,494.54,6.465,111.13,4,6,4,0.129,5,5,1,True,False,False,0,,True,,O=c1cc(-c2ccc(Cc3ccccc3)c(-c3ccccc3)c2)oc2ccccc12,*c1ccc(C)c(C)c1|c1cc(O)c(C)cc1C*
Cc1cc(-c2ccc(-c3oc4cc(O)cc(O)c4c(=O)c3O)cc2N)ccc1N,390.4,3.717,142.94,5,7,2,0.045,4,4,0,True,False,False,1,aniline,False,,O=c1cc(-c2ccc(-c3ccccc3)cc2)oc2ccccc12,N*|Nc1ccc(*)cc1C
C=CCc1ccc(-c2oc3cc(O)cc(O)c3c(=O)c2O)cc1NCCO,369.37,2.71,123.16,5,7,6,0.15,3,3,0,True,True,False,1,isolated_alkene,False,,O=c1cc(-c2ccccc2)oc2ccccc12,C(N*)CO|C(*)C=C
COC(=O)Cc1cc(-c2oc3cc(O)cc(O)c3c(=O)c2O)ccc1N,357.32,1.875,143.22,4,8,3,0.111,3,3,0,True,False,False,1,aniline,False,,O=c1cc(-c2ccccc2)oc2ccccc12,O=C(OC)C*|N*
N=C(N)Cc1ccc(-c2oc3cc(O)cc(O)c3c(=O)c2O)cc1C=Cc1ccc(O)c(O)c1,460.44,3.637,181.23,7,8,5,0.04,4,4,1,True,False,False,5,catechol;catechol_A(92);imine_1;imine_2;stilbene,False,,O=c1cc(-c2cccc(C=Cc3ccccc3)c2)oc2ccccc12,c1(O)c(O)ccc(C=C*)c1|N=C(C*)N
O=c1c(O)c(-c2ccc(C=Cc3ccccc3)c(Cc3cccc(O)c3O)c2)oc2cc(O)cc(O)c12,494.5,5.749,131.36,5,7,5,0.033,5,5,1,True,False,False,3,catechol;catechol_A(92);stilbene,False,,O=c1cc(-c2ccc(C=Cc3ccccc3)c(Cc3ccccc3)c2)oc2ccccc12,Oc1c(O)cccc1C*|c1cccc(C=C*)c1
O=CNc1cc(C(O)CNc2ccc(-c3oc4cc(O)cc(O)c4c(=O)c3O)cc2-c2ccc(O)c(O)c2)ccc1O,572.53,4.074,212.95,9,11,8,0.067,5,5,3,False,False,False,3,aldehyde;catechol;catechol_A(92),False,,O=c1cc(-c2ccc(NCCc3ccccc3)c(-c3ccccc3)c2)oc2ccccc12,c1c(O)c(O)ccc1*|C(O)(CN*)c1ccc(O)c(NC=O)c1
Cc1ccc(-c2ccc(-c3oc4cc(O)cc(O)c4c(=O)c3O)cc2-c2ccc(C)cc2C=NNC(N)=S)cc1,551.62,5.695,173.4,5,7,5,0.065,5,5,2,False,False,False,3,Oxygen-nitrogen_single_bond;Thiocarbonyl_group;imine_1,False,,O=c1cc(-c2ccc(-c3ccccc3)c(-c3ccccc3)c2)oc2ccccc12,C(c1c(*)ccc(C)c1)=NNC(=S)N|c1(C)ccc(*)cc1
Cc1ccc(Nc2cc(-c3oc4cc(O)cc(O)c4c(=O)c3O)ccc2N)cc1,390.4,4.211,128.95,5,7,3,0.045,4,4,0,True,False,False,1,aniline,False,,O=c1cc(-c2cccc(Nc3ccccc3)c2)oc2ccccc12,*Nc1ccc(C)cc1|*N
Nc1cccc(-c2cc(-c3oc4cc(O)cc(O)c4c(=O)c3O)ccc2N)c1,376.37,3.408,142.94,5,7,2,0.0,4,4,0,True,False,False,1,aniline,False,,O=c1cc(-c2cccc(-c3ccccc3)c2)oc2ccccc12,c1c(N)cccc1*|*N
Cc1ccc(-c2cc(-c3oc4cc(O)cc(O)c4c(=O)c3O)ccc2Nc2ccc(O)cc2)cc1,467.48,6.001,123.16,5,7,4,0.036,5,5,1,True,False,False,1,hydroquinone,False,,O=c1cc(-c2ccc(Nc3ccccc3)c(-c3ccccc3)c2)oc2ccccc12,c1cc(C)ccc1*|Oc1ccc(N*)cc1
O=C(CNc1ccc(-c2oc3cc(O)cc(O)c3c(=O)c2O)cc1-c1ccc(O)cc1)c1ccc(O)cc1,511.49,4.95,160.46,6,9,6,0.034,5,5,2,False,False,False,0,,True,,O=C(CNc1ccc(-c2cc(=O)c3ccccc3o2)cc1-c1ccccc1)c1ccccc1,c1cc(O)ccc1*|C(N*)C(=O)c1ccc(O)cc1
Nc1ccc(-c2oc3cc(O)cc(O)c3c(=O)c2O)cc1Nc1ccc(O)c(O)c1,408.37,3.314,169.41,7,9,3,0.0,4,4,1,True,False,False,4,aniline;catechol;catechol_A(92);hydroquinone,False,,O=c1cc(-c2cccc(Nc3ccccc3)c2)oc2ccccc12,c1(O)c(O)cc(N*)cc1|*N
Cc1ccc(-c2cc(-c3oc4cc(O)cc(O)c4c(=O)c3O)ccc2-c2ccc(O)c(C)c2)cc1,466.49,6.233,111.13,4,6,3,0.069,5,5,1,True,False,False,0,,True,,O=c1cc(-c2ccc(-c3ccccc3)c(-c3ccccc3)c2)oc2ccccc12,*c1ccc(C)cc1|c1c(O)c(C)cc(*)c1
Cc1cccc(-c2cc(-c3oc4cc(O)cc(O)c4c(=O)c3O)ccc2-c2ccc(N)cc2)c1,451.48,5.801,116.92,4,6,3,0.036,5,5,1,True,False,False,1,aniline,False,,O=c1cc(-c2ccc(-c3ccccc3)c(-c3ccccc3)c2)oc2ccccc12,c1(*)cc(C)ccc1|c1c(N)ccc(*)c1
Cc1cc(Nc2cc(-c3oc4cc(O)cc(O)c4c(=O)c3O)ccc2N)ccc1N,405.41,3.793,154.97,6,8,3,0.045,4,4,1,True,False,False,1,aniline,False,,O=c1cc(-c2cccc(Nc3ccccc3)c2)oc2ccccc12,c1(C)c(N)ccc(N*)c1|N*
CN=c1cc(O)c(C(N)=O)c(-c2cc(-c3oc4cc(O)cc(O)c4c(=O)c3O)ccc2Cc2ccc(C)cc2)cc1O,566.57,4.184,186.81,6,9,5,0.094,5,5,2,False,False,False,0,,True,,N=c1cccc(-c2cc(-c3cc(=O)c4ccccc4o3)ccc2Cc2ccccc2)cc1,NC(c1c(O)cc(=NC)c(O)cc1*)=O|c1(C*)ccc(C)cc1
Cc1ccccc1-c1cc(-c2oc3cc(O)cc(O)c3c(=O)c2O)ccc1NCc1ccc(O)c(O)c1,497.5,5.576,143.39,6,8,5,0.069,5,5,2,False,False,False,2,catechol;catechol_A(92),False,,O=c1cc(-c2ccc(NCc3ccccc3)c(-c3ccccc3)c2)oc2ccccc12,c1c(*)c(C)ccc1|Oc1c(O)ccc(CN*)c1
Cc1cc(C=Nc2ccc(C)c(-c3cc(-c4oc5cc(O)cc(O)c5c(=O)c4O)ccc3NCC(=O)O)c2)ccc1O,566.57,5.813,172.82,6,9,7,0.094,5,5,3,False,False,False,1,imine_1,False,,O=c1cc(-c2cccc(-c3cccc(N=Cc4ccccc4)c3)c2)oc2ccccc12,N(c1ccc(C)c(*)c1)=Cc1ccc(O)c(C)c1|C(N*)C(=O)O
Nc1cc(-c2oc3cc(O)cc(O)c3c(=O)c2O)ccc1-c1ccc(O)c(O)c1,393.35,3.237,157.38,6,8,2,0.0,4,4,1,True,False,False,3,aniline;catechol;catechol_A(92),False,,O=c1cc(-c2ccc(-c3ccccc3)cc2)oc2ccccc12,*N|c1c(O)c(O)ccc1*
CNc1ccc(-c2ccc(-c3oc4cc(O)cc(O)c4c(=O)c3O)cc2N)c(C)c1,404.42,4.176,128.95,5,7,3,0.087,4,4,0,True,False,False,1,aniline,False,,O=c1cc(-c2ccc(-c3ccccc3)cc2)oc2ccccc12,N*|c1(C)cc(NC)ccc1*
Cc1cccc(O)c1N=Nc1ccc(O)c(-c2cc(-c3oc4cc(O)cc(O)c4c(=O)c3O)ccc2N)c1,511.49,5.961,182.1,6,10,4,0.036,5,5,3,False,False,False,3,aniline;azo_A(324);diazo_group,False,,O=c1cc(-c2cccc(-c3cccc(N=Nc4ccccc4)c3)c2)oc2ccccc12,Oc1cccc(C)c1N=Nc1ccc(O)c(*)c1|*N
Cc1cc(N)c(O)cc1-c1cc(-c2oc3cc(O)cc(O)c3c(=O)c2O)ccc1N,406.39,3.422,163.17,6,8,2,0.045,4,4,1,True,False,False,2,aniline;catechol,False,,O=c1cc(-c2cccc(-c3ccccc3)c2)oc2ccccc12,Oc1c(N)cc(C)c(*)c1|N*
Cc1ccc(CNc2ccc(-c3oc4cc(O)cc(O)c4c(=O)c3O)cc2-c2ccc(C)cc2O)cc1,495.53,6.178,123.16,5,7,5,0.1,5,5,1,True,False,False,0,,True,,O=c1cc(-c2ccc(NCc3ccccc3)c(-c3ccccc3)c2)oc2ccccc12,c1c(C)cc(O)c(*)c1|c1c(C)ccc(CN*)c1
Cc1ccc(O)c(Nc2cc(-c3oc4cc(O)cc(O)c4c(=O)c3O)ccc2N)c1,406.39,3.917,149.18,6,8,3,0.045,4,4,1,True,False,False,2,aniline;catechol,False,,O=c1cc(-c2cccc(Nc3ccccc3)c2)oc2ccccc12,Oc1ccc(C)cc1N*|*N
Nc1cc(-c2oc3cc(O)cc(O)c3c(=O)c2O)ccc1C=Cc1ccc(O)c(O)c1,419.39,3.741,157.38,6,8,3,0.0,4,4,1,True,False,False,4,aniline;catechol;catechol_A(92);stilbene,False,,O=c1cc(-c2ccc(C=Cc3ccccc3)cc2)oc2ccccc12,N*|Oc1ccc(C=C*)cc1O
COc1ccc(C=Nc2cc(-c3oc4cc(O)cc(O)c4c(=O)c3O)ccc2N)cc1,418.41,3.918,138.51,4,8,4,0.043,4,4,0,True,False,False,2,aniline;imine_1,False,,O=c1cc(-c2cccc(N=Cc3ccccc3)c2)oc2ccccc12,c1cc(OC)ccc1C=N*|N*
Cc1cc(-c2oc3cc(O)cc(O)c3c(=O)c2O)ccc1-c1ccc(O)cc1,376.36,4.258,111.13,4,6,2,0.045,4,4,0,True,True,False,0,,True,,O=c1cc(-c2ccc(-c3ccccc3)cc2)oc2ccccc12,C*|c1(*)ccc(O)cc1
Cc1cc(Nc2cc(-c3oc4cc(O)cc(O)c4c(=O)c3O)ccc2NCC(=O)O)ccc1F,466.42,4.264,152.26,6,8,6,0.083,4,4,1,True,False,False,0,,True,,O=c1cc(-c2cccc(Nc3ccccc3)c2)oc2ccccc12,Fc1ccc(N*)cc1C|C(N*)C(O)=O
O=c1c(O)c(-c2ccc(-c3c(Cl)cccc3Cl)c(CC=NO)c2)oc2cc(O)cc(O)c12,472.28,5.553,123.49,4,7,4,0.043,4,4,1,True,False,False,3,Oxygen-nitrogen_single_bond;imine_1;oxime_1,False,,O=c1cc(-c2ccc(-c3ccccc3)cc2)oc2ccccc12,C(*)C=NO|*c1c(Cl)cccc1Cl
Nc1cc(-c2oc3cc(O)cc(O)c3c(=O)c2O)ccc1Nc1ccc(N=Cc2ccccc2O)cc1,495.49,5.359,161.54,6,9,5,0.0,5,5,2,False,False,False,2,aniline;imine_1,False,,O=c1cc(-c2ccc(Nc3ccc(N=Cc4ccccc4)cc3)cc2)oc2ccccc12,*N|Oc1ccccc1C=Nc1ccc(N*)cc1
O=c1c(O)c(-c2ccc(Nc3ccccc3F)c(Nc3cccc(O)c3)c2)oc2cc(O)cc(O)c12,486.46,5.909,135.19,6,8,5,0.0,5,5,2,False,False,False,0,,True,,O=c1cc(-c2ccc(Nc3ccccc3)c(Nc3ccccc3)c2)oc2ccccc12,Oc1cccc(N*)c1|N(c1ccccc1F)*
CN(C)c1ccc(-c2oc3cc(O)cc(O)c3c(=O)c2O)cc1-c1ccccc1,389.41,4.31,94.14,3,6,3,0.087,4,4,0,True,True,False,0,,True,,O=c1cc(-c2cccc(-c3ccccc3)c2)oc2ccccc12,c1ccccc1*|N(C)(*)C
Cc1ccc(Nc2ccc(-c3oc4cc(O)cc(O)c4c(=O)c3O)cc2-c2ccccc2)cc1,451.48,6.296,102.93,4,6,4,0.036,5,5,1,True,False,False,0,,True,,O=c1cc(-c2ccc(Nc3ccccc3)c(-c3ccccc3)c2)oc2ccccc12,*Nc1ccc(C)cc1|c1(*)ccccc1
O=c1c(O)c(-c2ccc(-c3ccc(O)cc3)c(-c3ccc(O)cc3)c2)oc2cc(O)cc(O)c12,454.43,5.322,131.36,5,7,3,0.0,5,5,1,True,False,False,0,,True,,O=c1cc(-c2ccc(-c3ccccc3)c(-c3ccccc3)c2)oc2ccccc12,Oc1ccc(*)cc1|*c1ccc(O)cc1
O=CCNc1ccc(-c2oc3cc(O)cc(O)c3c(=O)c2O)cc1-c1ccc(O)cc1,419.39,3.56,140.23,5,8,5,0.043,4,4,0,True,False,False,1,aldehyde,False,,O=c1cc(-c2cccc(-c3ccccc3)c2)oc2ccccc12,*NCC=O|c1cc(*)ccc1O
Nc1cc(-c2oc3cc(O)cc(O)c3c(=O)c2O)ccc1-c1ccc(N)c(O)c(=O)c1,420.38,2.474,180.24,6,9,2,0.0,4,4,1,True,False,False,1,aniline,False,,O=c1ccccc(-c2ccc(-c3cc(=O)c4ccccc4o3)cc2)c1,c1c(N)c(O)c(=O)cc(*)c1|*N
Cc1ccc(-c2cc(-c3oc4cc(O)cc(O)c4c(=O)c3O)ccc2C=Cc2ccc(O)c(O)c2)cc1,494.5,6.134,131.36,5,7,4,0.033,5,5,1,True,False,False,3,catechol;catechol_A(92);stilbene,False,,O=c1cc(-c2ccc(C=Cc3ccccc3)c(-c3ccccc3)c2)oc2ccccc12,C(=Cc1ccc(O)c(O)c1)*|c1c(*)ccc(C)c1
O=c1c(O)c(-c2ccc(-c3ccccc3F)c(-c3ccc(O)cc3)c2)oc2cc(O)cc(O)c12,456.43,5.756,111.13,4,6,3,0.0,5,5,1,True,False,False,0,,True,,O=c1cc(-c2ccc(-c3ccccc3)c(-c3ccccc3)c2)oc2ccccc12,c1(F)ccccc1*|c1cc(O)ccc1*
O=c1c(O)c(-c2ccc(-c3ccc(O)cc3)c(Cc3ccccc3)c2)oc2cc(O)cc(O)c12,452.46,5.54,111.13,4,6,4,0.036,5,5,1,True,False,False,0,,True,,O=c1cc(-c2ccc(-c3ccccc3)c(Cc3ccccc3)c2)oc2ccccc12,Oc1ccc(*)cc1|c1cc(C*)ccc1
Cc1nc(-c2cc(-c3oc4cc(O)cc(O)c4c(=O)c3O)ccc2N)c[nH]1,365.35,2.858,145.6,5,7,2,0.053,4,4,0,True,False,False,1,aniline,False,,O=c1cc(-c2cccc(-c3c[nH]cn3)c2)oc2ccccc12,*N|c1(*)c[nH]c(C)n1
C=CC(C)(O)C=Cc1ccc(-c2oc3cc(O)cc(O)c3c(=O)c2O)cc1-c1cc(C)ccc1C,470.52,5.811,111.13,4,6,5,0.138,4,4,1,True,False,False,1,isolated_alkene,False,,O=c1cc(-c2cccc(-c3ccccc3)c2)oc2ccccc12,C(=C)C(O)(C)C=C*|Cc1ccc(C)cc1*
Cc1ccc(C)c(-c2ccc(-c3oc4cc(O)cc(O)c4c(=O)c3O)cc2-c2ccc(O)c(O)c2)c1O,498.49,5.644,151.59,6,8,3,0.069,5,5,2,False,False,False,2,catechol;catechol_A(92),False,,O=c1cc(-c2ccc(-c3ccccc3)c(-c3ccccc3)c2)oc2ccccc12,c1(C)ccc(C)c(O)c1*|c1c(*)ccc(O)c1O
C=CC1(C)Oc2ccc(O)cc2C1c1ccc(-c2oc3cc(O)cc(O)c3c(=O)c2O)cc1-c1cccc(O)c1,536.54,6.124,140.59,5,8,4,0.094,6,5,2,False,False,False,1,isolated_alkene,False,,O=c1cc(-c2ccc(C3COc4ccccc43)c(-c3ccccc3)c2)oc2ccccc12,CC1(C=C)C(*)c2cc(O)ccc2O1|c1(O)cccc(*)c1
Cc1ccc(-c2cc(-c3oc4cc(O)cc(O)c4c(=O)c3O)ccc2Nc2ccc(C)cc2C)cc1,479.53,6.913,102.93,4,6,4,0.1,5,5,1,True,False,False,0,,True,,O=c1cc(-c2ccc(Nc3ccccc3)c(-c3ccccc3)c2)oc2ccccc12,c1(C)ccc(N*)c(C)c1|c1c(*)ccc(C)c1
Cc1ccc(-c2cc(-c3oc4cc(O)cc(O)c4c(=O)c3O)ccc2-c2ccc3cccc(O)c3c2)cc1C,516.55,7.386,111.13,4,6,3,0.061,6,6,2,False,False,False,0,,True,,O=c1cc(-c2ccc(-c3ccc4ccccc4c3)c(-c3ccccc3)c2)oc2ccccc12,c1(O)cccc2ccc(*)cc12|c1cc(C)c(C)cc1*
Nc1cc(-c2ccc(-c3oc4cc(O)cc(O)c4c(=O)c3O)cc2-c2ccc(O)cc2)cc2ccccc12,503.51,6.352,137.15,5,7,3,0.0,6,6,2,False,False,False,1,aniline,False,,O=c1cc(-c2ccc(-c3ccc4ccccc4c3)c(-c3ccccc3)c2)oc2ccccc12,c1c2c(N)cc(*)cc2ccc1|c1(*)ccc(O)cc1
Cc1ccc(-c2cc(-c3oc4cc(O)cc(O)c4c(=O)c3O)ccc2-c2ccc(O)c(CO)c2O)cc1,498.49,5.123,151.59,6,8,4,0.069,5,5,2,False,False,False,0,,True,,O=c1cc(-c2ccc(-c3ccccc3)c(-c3ccccc3)c2)oc2ccccc12,Oc1ccc(*)c(O)c1CO|c1c(C)ccc(*)c1
Cc1ccc(CNc2ccc(-c3oc4cc(O)cc(O)c4c(=O)c3O)cc2Nc2ccc(O)cc2)cc1,496.52,5.947,135.19,6,8,6,0.069,5,5,2,False,False,False,1,hydroquinone,False,,O=c1cc(-c2ccc(NCc3ccccc3)c(Nc3ccccc3)c2)oc2ccccc12,*NCc1ccc(C)cc1|c1cc(O)ccc1N*
O=c1c(O)c(-c2ccc(-c3ccccc3)c(Cc3ccc(O)cc3)c2)oc2cc(O)cc(O)c12,452.46,5.54,111.13,4,6,4,0.036,5,5,1,True,False,False,0,,True,,O=c1cc(-c2ccc(-c3ccccc3)c(Cc3ccccc3)c2)oc2ccccc12,*c1ccccc1|c1(C*)ccc(O)cc1
NCCc1ccc(-c2oc3cc(O)cc(O)c3c(=O)c2O)cc1-c1ccc(N)cc1,404.42,3.327,142.94,5,7,4,0.087,4,4,0,True,False,False,1,aniline,False,,O=c1cc(-c2cccc(-c3ccccc3)c2)oc2ccccc12,C(*)CN|c1(N)ccc(*)cc1
Nc1cc(-c2oc3cc(O)cc(O)c3c(=O)c2O)ccc1-c1cccc(C=O)c1,389.36,3.639,133.99,4,7,3,0.0,4,4,0,True,False,False,2,aldehyde;aniline,False,,O=c1cc(-c2ccc(-c3ccccc3)cc2)oc2ccccc12,c1c(*)cccc1C=O|*N
Nc1ccc(C=Cc2ccc(-c3oc4cc(O)cc(O)c4c(=O)c3O)cc2-c2ccccc2)cc1,463.49,5.996,116.92,4,6,4,0.0,5,5,1,True,False,False,2,aniline;stilbene,False,,O=c1cc(-c2ccc(C=Cc3ccccc3)c(-c3ccccc3)c2)oc2ccccc12,c1cc(N)ccc1C=C*|c1cc(*)ccc1
Cc1ccc(-c2cc(-c3oc4cc(O)cc(O)c4c(=O)c3O)ccc2-c2cc(C=Cc3ccc(O)cc3)ccc2O)cc1,570.6,7.801,131.36,5,7,5,0.028,6,6,2,False,False,False,1,stilbene,False,,O=c1cc(-c2ccc(-c3cccc(C=Cc4ccccc4)c3)c(-c3ccccc3)c2)oc2ccccc12,Oc1ccc(C=Cc2ccc(O)cc2)cc1*|c1cc(C)ccc1*
Cc1cc(-c2cc(-c3oc4cc(O)cc(O)c4c(=O)c3O)ccc2C(F)(F)F)ccc1O,444.36,5.277,111.13,4,6,2,0.087,4,4,1,True,False,False,0,,True,,O=c1cc(-c2cccc(-c3ccccc3)c2)oc2ccccc12,C(F)(*)(F)F|Cc1cc(*)ccc1O
O=c1c(O)c(-c2ccc(-c3ccc(F)cc3)c(-c3ccccc3O)c2)oc2cc(O)cc(O)c12,456.43,5.756,111.13,4,6,3,0.0,5,5,1,True,False,False,0,,True,,O=c1cc(-c2ccc(-c3ccccc3)c(-c3ccccc3)c2)oc2ccccc12,c1(F)ccc(*)cc1|c1(O)ccccc1*
CC1NCCCc2cc(-c3ccc(-c4oc5cc(O)cc(O)c5c(=O)c4O)cc3Cc3ccccc3)ccc21,519.6,6.431,102.93,4,6,4,0.182,6,5,2,False,False,False,0,,True,,O=c1cc(-c2ccc(-c3ccc4c(c3)CCCNC4)c(Cc3ccccc3)c2)oc2ccccc12,C1CNC(C)c2ccc(*)cc2C1|c1cc(C*)ccc1
O=c1c(O)c(-c2ccc(C=Cc3cccc(O)c3)c(-c3ccc(O)cc3)c2)oc2cc(O)cc(O)c12,480.47,5.825,131.36,5,7,4,0.0,5,5,1,True,False,False,1,stilbene,False,,O=c1cc(-c2ccc(C=Cc3ccccc3)c(-c3ccccc3)c2)oc2ccccc12,c1c(O)cccc1C=C*|c1cc(*)ccc1O
O=c1c(O)c(-c2ccc(-c3ccc(O)cc3)c(Nc3ccc(F)cc3)c2)oc2cc(O)cc(O)c12,471.44,5.832,123.16,5,7,4,0.0,5,5,1,True,False,False,0,,True,,O=c1cc(-c2ccc(-c3ccccc3)c(Nc3ccccc3)c2)oc2ccccc12,c1c(*)ccc(O)c1|c1c(F)ccc(N*)c1
Cc1ccc(O)c(O)c1-c1ccc(-c2oc3cc(O)cc(O)c3c(=O)c2O)cc1Cc1cccc(O)c1O,514.49,4.965,171.82,7,9,4,0.069,5,5,2,False,False,False,2,catechol;catechol_A(92),False,,O=c1cc(-c2ccc(-c3ccccc3)c(Cc3ccccc3)c2)oc2ccccc12,Oc1c(O)ccc(C)c1*|c1(O)c(O)cccc1C*
Cc1ccccc1-c1ccc(-c2oc3cc(O)cc(O)c3c(=O)c2O)cc1-c1ccc(O)cc1,452.46,5.925,111.13,4,6,3,0.036,5,5,1,True,False,False,0,,True,,O=c1cc(-c2ccc(-c3ccccc3)c(-c3ccccc3)c2)oc2ccccc12,Cc1c(*)cccc1|c1(*)ccc(O)cc1
CC(C)=C(c1cccc(O)c1)c1ccc(-c2oc3cc(O)cc(O)c3c(=O)c2O)cc1N,431.44,4.706,137.15,5,7,3,0.08,4,4,0,True,False,False,1,aniline,False,,,*C(=C(C)C)c1cccc(O)c1|*N
Nc1ccc(-c2oc3cc(O)cc(O)c3c(=O)c2O)cc1-c1ccccc1O,377.35,3.532,137.15,5,7,2,0.0,4,4,0,True,False,False,1,aniline,False,,,*N|c1(O)c(*)cccc1
O=c1c(O)c(-c2ccc(-c3ccccc3O)c(-c3ccc(O)cc3)c2)oc2cc(O)cc(O)c12,454.43,5.322,131.36,5,7,3,0.0,5,5,1,True,False,False,0,,True,,,Oc1ccccc1*|c1cc(O)ccc1*
Cc1cc(O)ccc1Nc1ccc(-c2oc3cc(O)cc(O)c3c(=O)c2O)cc1-c1ccccc1,467.48,6.001,123.16,5,7,4,0.036,5,5,1,True,False,False,1,hydroquinone,False,,,c1(O)ccc(N*)c(C)c1|c1(*)ccccc1
CC(=O)c1ccccc1Nc1ccc(-c2oc3cc(O)cc(O)c3c(=O)c2O)cc1N,418.41,4.105,146.02,5,8,4,0.043,4,4,0,True,False,False,1,aniline,False,,,*Nc1ccccc1C(C)=O|N*
C=CCc1ccc(-c2oc3cc(O)cc(O)c3c(=O)c2O)cc1-c1ccc(O)cc1,402.4,4.678,111.13,4,6,4,0.042,4,4,0,True,True,False,1,isolated_alkene,False,,,*CC=C|c1(O)ccc(*)cc1
CNc1ccc(Nc2ccc(-c3oc4cc(O)cc(O)c4c(=O)c3O)cc2N)cc1N,420.43,3.527,167.0,7,9,4,0.045,4,4,1,True,False,False,2,anil_NH_alk_B(3);aniline,False,,,c1cc(NC)c(N)cc1N*|N*
O=CCc1ccc(-c2oc3cc(O)cc(O)c3c(=O)c2O)cc1-c1ccc(O)c(O)c1,420.37,3.396,148.43,5,8,4,0.043,4,4,0,True,False,False,3,aldehyde;catechol;catechol_A(92),False,,,*CC=O|c1(O)c(O)ccc(*)c1
Cc1ccc(Nc2ccc(-c3oc4cc(O)cc(O)c4c(=O)c3O)cc2Nc2ccc(C)cc2)cc1,480.52,6.681,114.96,5,7,5,0.069,5,5,1,True,False,False,0,,True,,,c1(C)ccc(N*)cc1|c1(N*)ccc(C)cc1
Cc1ccc(O)c(Nc2ccc(-c3oc4cc(O)cc(O)c4c(=O)c3O)cc2N)c1,406.39,3.917,149.18,6,8,3,0.045,4,4,1,True,False,False,2,aniline;catechol,False,,,c1(O)ccc(C)cc1N*|N*
CCCc1cc(-c2oc3cc(O)cc(O)c3c(=O)c2O)ccc1N,327.34,3.112,116.92,4,6,3,0.167,3,3,0,True,True,False,1,aniline,False,,,*N|C(*)CC
O=c1c(O)c(-c2ccc(-c3ccc(O)cc3)c(Cc3ccc(O)cc3)c2)oc2cc(O)cc(O)c12,468.46,5.246,131.36,5,7,4,0.036,5,5,1,True,False,False,0,,True,,,c1(*)ccc(O)cc1|Oc1ccc(C*)cc1
Nc1cc(-c2oc3cc(O)cc(O)c3c(=O)c2O)ccc1-c1cc(F)ccc1O,395.34,3.671,137.15,5,7,2,0.0,4,4,0,True,False,False,1,aniline,False,,,c1cc(O)c(*)cc1F|*N
Nc1ccc(-c2cc(-c3oc4cc(O)cc(O)c4c(=O)c3O)ccc2-c2ccc(O)c(O)c2)cc1,469.45,4.904,157.38,6,8,3,0.0,5,5,1,True,False,False,3,aniline;catechol;catechol_A(92),False,,,c1c(*)ccc(O)c1O|c1c(N)ccc(*)c1
O=c1c(O)c(-c2ccc(Nc3ccoc3)c(-c3ccc(O)cc3)c2)oc2cc(O)cc(O)c12,443.41,5.286,136.3,5,8,4,0.0,5,5,1,True,False,False,0,,True,,,o1ccc(N*)c1|c1(O)ccc(*)cc1
Cc1ccc(-c2cc(-c3oc4cc(O)cc(O)c4c(=O)c3O)ccc2N)cc1O,391.38,3.84,137.15,5,7,2,0.045,4,4,0,True,False,False,1,aniline,False,,,N*|c1c(*)cc(O)c(C)c1
CC1=CCC(O)C2C(c3cc(-c4oc5cc(O)cc(O)c5c(=O)c4O)ccc3-c3ccc(Sc4cc(C)c(C)c(O)c4C)cc3)=CC(C)=NC2C(O)CNC1C,774.94,7.918,201.28,7,11,5,0.289,7,5,4,False,False,False,1,isolated_alkene,False,,,Cc1c(O)c(C)c(Sc2ccc(*)cc2)cc1C|C12C(O)CC=C(C)C(C)NCC(O)C1N=C(C)C=C2*
C=CCNc1ccc(-c2oc3cc(O)cc(O)c3c(=O)c2O)cc1Cc1ccc(O)cc1,431.44,4.471,123.16,5,7,6,0.08,4,4,0,True,False,False,1,isolated_alkene,False,,,N(CC=C)*|c1c(C*)ccc(O)c1
O=c1c(O)c(-c2ccc(-c3ccccc3)c(Nc3cccc(O)c3)c2)oc2cc(O)cc(O)c12,453.45,5.693,123.16,5,7,4,0.0,5,5,1,True,False,False,0,,True,,,c1ccccc1*|N(c1cc(O)ccc1)*
Cc1ccc(-c2cc(-c3oc4cc(O)cc(O)c4c(=O)c3O)ccc2Nc2cc(N)ccc2C)cc1,480.52,6.186,128.95,5,7,4,0.069,5,5,1,True,False,False,1,aniline,False,,,Cc1ccc(N)cc1N*|c1c(C)ccc(*)c1
Nc1ccc(-c2oc3cc(O)cc(O)c3c(=O)c2O)cc1-c1ccco1,351.31,3.419,130.06,4,7,2,0.0,4,4,0,True,True,False,1,aniline,False,,,*N|o1c(*)ccc1
Cc1ccc(Nc2ccc(-c3oc4cc(O)cc(O)c4c(=O)c3O)cc2-c2ccccc2O)cc1,467.48,6.001,123.16,5,7,4,0.036,5,5,1,True,False,False,0,,True,,,c1c(C)ccc(N*)c1|Oc1ccccc1*
Cc1ccc(CNc2ccc(-c3oc4cc(O)cc(O)c4c(=O)c3O)cc2-c2cccc(C)c2)cc1,479.53,6.473,102.93,4,6,5,0.1,5,5,1,True,False,False,0,,True,,,N(*)Cc1ccc(C)cc1|c1cc(C)cc(*)c1
O=c1c(O)c(-c2ccc(-c3ccc(O)cc3)c(-c3ccc(O)c(F)c3)c2)oc2cc(O)cc(O)c12,472.42,5.461,131.36,5,7,3,0.0,5,5,1,True,False,False,0,,True,,,Fc1cc(*)ccc1O|c1cc(*)ccc1O
Nc1cc(-c2oc3cc(O)cc(O)c3c(=O)c2O)ccc1-c1ccc(F)cc1,379.34,3.965,116.92,4,6,2,0.0,4,4,0,True,True,False,1,aniline,False,,,*N|Fc1ccc(*)cc1
Cc1cccc(-c2ccc(-c3oc4cc(O)cc(O)c4c(=O)c3O)cc2N)c1,375.38,4.134,116.92,4,6,2,0.045,4,4,0,True,True,False,1,aniline,False,,,*N|c1(C)cccc(*)c1
COc1cc(F)ccc1Nc1cc(-c2oc3cc(O)cc(O)c3c(=O)c2O)ccc1N,424.38,4.05,138.18,5,8,4,0.045,4,4,0,True,False,False,1,aniline,False,,,c1(N*)ccc(F)cc1OC|N*
Nc1cc(-c2oc3cc(O)cc(O)c3c(=O)c2O)ccc1Nc1ccc(O)cc1,392.37,3.608,149.18,6,8,3,0.0,4,4,1,True,False,False,2,aniline;hydroquinone,False,,,*N|c1c(N*)ccc(O)c1
Cc1ccc(Nc2ccc(-c3oc4cc(O)cc(O)c4c(=O)c3O)cc2N)cc1,390.4,4.211,128.95,5,7,3,0.045,4,4,0,True,False,False,1,aniline,False,,,N*|*Nc1ccc(C)cc1
Nc1cc(-c2oc3cc(O)cc(O)c3c(=O)c2O)ccc1Nc1ccccc1,376.37,3.903,128.95,5,7,3,0.0,4,4,0,True,False,False,1,aniline,False,,,N*|c1ccc(N*)cc1
Nc1ccc(-c2oc3cc(O)cc(O)c3c(=O)c2O)cc1-c1ccoc1,351.31,3.419,130.06,4,7,2,0.0,4,4,0,True,True,False,1,aniline,False,,,o1ccc(*)c1|N*
Nc1cc(-c2oc3cc(O)cc(O)c3c(=O)c2O)ccc1Nc1ccc2c(c1)CNN=CN2,445.44,3.361,165.37,7,10,3,0.043,5,4,1,True,False,False,2,anil_NH_alk_B(3);aniline,False,,,N*|C1c2c(ccc(N*)c2)NC=NN1
Nc1ccc(C=CNc2cc(-c3oc4cc(O)cc(O)c4c(=O)c3O)ccc2N)cc1,417.42,3.824,154.97,6,8,4,0.0,4,4,1,True,False,False,1,aniline,False,,,*NC=Cc1ccc(N)cc1|N*
Nc1cc(-c2oc3cc(O)cc(O)c3c(=O)c2O)ccc1NCc1ccc[nH]1,379.37,3.099,144.74,6,7,4,0.05,4,4,1,True,False,False,1,aniline,False,,,N*|[nH]1cccc1CN*
Nc1ccc(-c2oc3cc(O)cc(O)c3c(=O)c2O)cc1NN=CC1=C(O)N=C=CC=C(O)C(O)=C1O,506.43,3.335,234.59,9,13,4,0.0,4,3,3,False,False,False,3,Oxygen-nitrogen_single_bond;aniline;imine_1,False,,,C(c1c(N=cccc(O)c(O)c1O)O)=NN*|N*
Cc1cccc(-c2ccc(-c3oc4cc(O)cc(O)c4c(=O)c3O)cc2-c2ccc(O)cc2)c1,452.46,5.925,111.13,4,6,3,0.036,5,5,1,True,False,False,0,,True,,,c1(O)ccc(*)cc1|c1(*)cccc(C)c1
Nc1cc(-c2oc3cc(O)cc(O)c3c(=O)c2O)ccc1Nc1ccc(O)c(O)c1,408.37,3.314,169.41,7,9,3,0.0,4,4,1,True,False,False,4,aniline;catechol;catechol_A(92);hydroquinone,False,,,N*|c1c(O)c(O)ccc1N*
Nc1ccc(-c2oc3cc(O)cc(O)c3c(=O)c2O)cc1Nc1ccc(O)cc1,392.37,3.608,149.18,6,8,3,0.0,4,4,1,True,False,False,2,aniline;hydroquinone,False,,,c1c(O)ccc(N*)c1|N*
Cc1ccc(-c2ccc(-c3oc4cc(O)cc(O)c4c(=O)c3O)cc2Nc2ccccc2C(N)=O)cc1,494.5,5.395,146.02,5,7,5,0.034,5,5,1,True,False,False,0,,True,,,C(=O)(N)c1ccccc1N*|c1c(C)ccc(*)c1
O=c1c(O)c(-c2ccc(-c3ccc(O)cc3)c(NCc3ccc(O)cc3O)c2)oc2cc(O)cc(O)c12,499.48,4.973,163.62,7,9,5,0.036,5,5,1,True,False,False,1,mannich_A(296),False,,,c1(CN*)ccc(O)cc1O|c1(*)ccc(O)cc1
Nc1ccc(-c2oc3cc(O)cc(O)c3c(=O)c2O)cc1-c1ccc(O)c(=O)o1,395.32,2.485,167.36,5,9,2,0.0,4,4,0,True,False,False,1,aniline,False,,,c1(O)ccc(*)oc1=O|N*
CNc1ccc(-c2cc(-c3oc4cc(O)cc(O)c4c(=O)c3O)ccc2N)cc1,390.4,3.868,128.95,5,7,3,0.045,4,4,0,True,False,False,1,aniline,False,,,N(c1ccc(*)cc1)C|N*
Nc1cc(-c2oc3cc(O)cc(O)c3c(=O)c2O)ccc1-c1ccc(Cl)cc1,395.8,4.479,116.92,4,6,2,0.0,4,4,0,True,True,False,1,aniline,False,,,N*|c1cc(*)ccc1Cl
Nc1cc(-c2oc3cc(O)cc(O)c3c(=O)c2O)ccc1NCCO,344.32,1.563,149.18,6,8,4,0.118,3,3,1,True,False,False,1,aniline,False,,,N*|C(N*)CO
Nc1ccc(-c2cc(-c3oc4cc(O)cc(O)c4c(=O)c3O)ccc2Nc2ccc(O)cc2)cc1,468.47,5.275,149.18,6,8,4,0.0,5,5,2,False,False,False,2,aniline;hydroquinone,False,,,Nc1ccc(*)cc1|c1cc(O)ccc1N*
Nc1ccc(-c2oc3cc(O)cc(O)c3c(=O)c2O)cc1-c1ccc(O)cc1O,393.35,3.237,157.38,6,8,2,0.0,4,4,1,True,False,False,1,aniline,False,,,c1(O)c(*)ccc(O)c1|N*
Nc1nc(-c2cc(-c3oc4cc(O)cc(O)c4c(=O)c3O)ccc2N)c[nH]1,366.33,2.131,171.62,6,8,2,0.0,4,4,1,True,False,False,1,aniline,False,,,n1c(N)[nH]cc1*|*N
Nc1cc(-c2oc3cc(O)cc(O)c3c(=O)c2O)ccc1NCc1ccccc1,390.4,3.771,128.95,5,7,4,0.045,4,4,0,True,False,False,1,aniline,False,,,N*|c1ccc(CN*)cc1
Nc1ccc(-c2oc3cc(O)cc(O)c3c(=O)c2O)cc1NCc1cccs1,396.42,3.833,157.19,5,8,4,0.05,4,4,0,True,False,False,1,aniline,False,,,N*|s1cccc1CN*
NC(N)=NN=CCc1ccc(-c2oc3cc(O)cc(O)c3c(=O)c2O)cc1N,383.36,0.961,193.68,6,8,4,0.056,3,3,1,True,False,False,4,Oxygen-nitrogen_single_bond;aniline;imine_1;imine_2,False,,,*CC=NN=C(N)N|N*
CNc1ccc(-c2ccc(-c3oc4cc(O)cc(O)c4c(=O)c3O)cc2N)c(N)c1,405.41,3.45,154.97,6,8,3,0.045,4,4,1,True,False,False,1,aniline,False,,,c1(N)cc(NC)ccc1*|N*
Nc1cc(-c2oc3cc(O)cc(O)c3c(=O)c2O)ccc1Nc1cccc(O)c1,392.37,3.608,149.18,6,8,3,0.0,4,4,1,True,False,False,1,aniline,False,,,c1ccc(O)cc1N*|N*
NNC(=O)CNc1cc(-c2oc3cc(O)cc(O)c3c(=O)c2O)ccc1N,372.34,0.561,184.07,7,9,4,0.059,3,3,1,True,False,False,4,Oxygen-nitrogen_single_bond;acyl_hydrazine;aniline;hydrazine,False,,,N*|N(C(=O)CN*)N
Cc1cccc(Nc2ccc(-c3oc4cc(O)cc(O)c4c(=O)c3O)cc2Nc2cc(O)ccc2C)c1,496.52,6.386,135.19,6,8,5,0.069,5,5,2,False,False,False,0,,True,,,*Nc1cccc(C)c1|c1(O)ccc(C)c(N*)c1
CCNc1ccc(-c2oc3cc(O)cc(O)c3c(=O)c2O)cc1NCCN,371.39,2.379,140.98,6,8,6,0.211,3,3,1,True,False,False,0,,True,,,N(CC)*|C(N*)CN
C=CNC(=O)NCCNc1cc(-c2oc3cc(O)cc(O)c3c(=O)c2O)ccc1NCCN,455.47,1.802,182.11,8,9,9,0.182,3,3,1,True,False,False,1,Aliphatic_long_chain,False,,,N(CCN)*|N(C=C)C(=O)NCCN*
Nc1cc(-c2oc3cc(O)cc(O)c3c(=O)c2O)ccc1Nc1ccc(Nc2ccccc2)c(=O)cc1,495.49,5.006,158.05,6,9,5,0.0,5,5,2,False,False,False,1,aniline,False,,,c1(=O)ccc(N*)ccc1Nc1ccccc1|*N
Nc1cc(O)ccc1Nc1ccc(-c2oc3cc(O)cc(O)c3c(=O)c2O)cc1N,407.38,3.19,175.2,7,9,3,0.0,4,4,1,True,False,False,2,aniline;hydroquinone,False,,,Nc1cc(O)ccc1N*|N*
NCCNc1cc(-c2oc3cc(O)cc(O)c3c(=O)c2O)ccc1Nc1cccc(NC(N)=O)c1,477.48,3.182,196.1,8,9,7,0.083,4,4,1,True,False,False,0,,True,,,N(C(=O)N)c1cc(N*)ccc1|C(N*)CN
Nc1cc(S(=O)(=O)Nc2ccc(-c3ccc(-c4oc5cc(O)cc(O)c5c(=O)c4O)cc3NCC(=NO)c3cc(O)ccc3O)cc2)ccc1O,712.69,5.034,276.78,10,14,9,0.029,6,6,4,False,False,False,6,Oxygen-nitrogen_single_bond;aniline;catechol;hydroquinone;imine_1;oxime_1,False,,,N(c1ccc(*)cc1)S(=O)(=O)c1ccc(O)c(N)c1|N(O)=C(CN*)c1c(O)ccc(O)c1
Nc1ccc(-c2oc3cc(O)cc(O)c3c(=O)c2O)cc1Nc1ccccc1,376.37,3.903,128.95,5,7,3,0.0,4,4,0,True,False,False,1,aniline,False,,,*N|c1ccc(N*)cc1
CCNc1ccc(-c2cc(-c3oc4cc(O)cc(O)c4c(=O)c3O)ccc2N)cc1,404.42,4.258,128.95,5,7,4,0.087,4,4,0,True,False,False,1,aniline,False,,,N*|c1c(NCC)ccc(*)c1
NN=Cc1cc(O)cc(Nc2ccc(-c3oc4cc(O)cc(O)c4c(=O)c3O)cc2N)c1,434.41,2.901,187.56,7,10,4,0.0,4,4,1,True,False,False,4,Oxygen-nitrogen_single_bond;aniline;hydrazine;imine_1,False,,,c1c(N*)cc(O)cc1C=NN|N*
CNc1cc(-c2oc3cc(O)cc(O)c3c(=O)c2O)ccc1Nc1ccccc1,390.4,4.362,114.96,5,7,4,0.045,4,4,0,True,True,False,0,,True,,,c1c(N*)cccc1|N(*)C
Nc1ccc(-c2oc3cc(O)cc(O)c3c(=O)c2O)cc1Nc1ccccc1O,392.37,3.608,149.18,6,8,3,0.0,4,4,1,True,False,False,2,aniline;catechol,False,,,N*|Oc1c(N*)cccc1
NCCNc1cc(-c2oc3cc(O)cc(O)c3c(=O)c2O)ccc1CC(=O)O,386.36,1.574,166.25,6,8,6,0.158,3,3,1,True,False,False,0,,True,,,C(=O)(O)C*|N(*)CCN
Nc1cc(-c2oc3cc(O)cc(O)c3c(=O)c2O)ccc1NCc1ccc(O)cc1,406.39,3.477,149.18,6,8,4,0.045,4,4,1,True,False,False,1,aniline,False,,,C(N*)c1ccc(O)cc1|N*
NCc1cc(-c2cc(-c3oc4cc(O)cc(O)c4c(=O)c3O)ccc2-c2ccc(O)cc2)ccc1O,483.48,4.781,157.38,6,8,4,0.036,5,5,1,True,False,False,1,mannich_A(296),False,,,c1(O)ccc(*)cc1|c1(O)ccc(*)cc1CN
Nc1ccc(CC(=O)Nc2cc(-c3oc4cc(O)cc(O)c4c(=O)c3O)ccc2N)c(O)c1,449.42,2.628,192.27,7,9,4,0.043,4,4,1,True,False,False,1,aniline,False,,,N*|N(C(=O)Cc1c(O)cc(N)cc1)*
O=c1c(O)c(-c2ccc(Nc3ccc(O)cc3)c(-c3ccc(F)cc3)c2)oc2cc(O)cc(O)c12,471.44,5.832,123.16,5,7,4,0.0,5,5,1,True,False,False,1,hydroquinone,False,,,Oc1ccc(N*)cc1|c1cc(F)ccc1*
Cc1ccc(-c2cc(-c3oc4cc(O)cc(O)c4c(=O)c3O)ccc2N)c(N)c1,390.4,3.717,142.94,5,7,2,0.045,4,4,0,True,False,False,1,aniline,False,,,N*|c1(N)c(*)ccc(C)c1
Nc1ccc(Nc2ccc(-c3oc4cc(O)cc(O)c4c(=O)c3O)cc2N)cc1,391.38,3.485,154.97,6,8,3,0.0,4,4,1,True,False,False,2,anil_no_alk(40);aniline,False,,,c1(N)ccc(N*)cc1|N*
Nc1ccc(-c2oc3cc(O)cc(O)c3c(=O)c2O)cc1NCc1ccc(F)cc1,408.39,3.91,128.95,5,7,4,0.045,4,4,0,True,False,False,1,aniline,False,,,N*|C(N*)c1ccc(F)cc1
Nc1ccc(-c2cc(-c3oc4cc(O)cc(O)c4c(=O)c3O)ccc2N)cc1,376.37,3.408,142.94,5,7,2,0.0,4,4,0,True,False,False,1,aniline,False,,,*N|c1cc(*)ccc1N
CNC(=NO)c1ccc(-c2cc(-c3oc4cc(O)cc(O)c4c(=O)c3O)ccc2N)cc1,433.42,3.181,161.54,6,8,3,0.043,4,4,1,True,False,False,5,Oxygen-nitrogen_single_bond;aniline;imine_1;imine_2;oxime_1,False,,,N*|N(C(=NO)c1ccc(*)cc1)C
Nc1ccccc1Nc1ccc(-c2oc3cc(O)cc(O)c3c(=O)c2O)cc1N,391.38,3.485,154.97,6,8,3,0.0,4,4,1,True,False,False,1,aniline,False,,,*Nc1ccccc1N|N*
Nc1cc(-c2oc3cc(O)cc(O)c3c(=O)c2O)ccc1NC1CCCCC1,382.42,3.904,128.95,5,7,3,0.286,4,3,0,True,False,False,1,aniline,False,,,C1CCCCC1N*|N*
Nc1ccc(-c2oc3cc(O)cc(O)c3c(=O)c2O)cc1-c1ccccc1F,379.34,3.965,116.92,4,6,2,0.0,4,4,0,True,True,False,1,aniline,False,,,N*|c1c(F)c(*)ccc1
CNc1cc(-c2oc3cc(O)cc(O)c3c(=O)c2O)ccc1N,314.3,2.201,128.95,5,7,2,0.062,3,3,0,True,True,False,1,aniline,False,,,*N|CN*
Nc1cc(-c2oc3cc(O)cc(O)c3c(=O)c2O)ccc1Nc1ccccc1O,392.37,3.608,149.18,6,8,3,0.0,4,4,1,True,False,False,2,aniline;catechol,False,,,Oc1c(N*)cccc1|N*
Cc1ccc(Nc2cc(-c3oc4cc(O)cc(O)c4c(=O)c3O)ccc2N)cc1O,406.39,3.917,149.18,6,8,3,0.045,4,4,1,True,False,False,1,aniline,False,,,N*|c1(N*)ccc(C)c(O)c1
NC(=O)CNc1ccc(-c2oc3cc(O)cc(O)c3c(=O)c2O)cc1N,357.32,1.056,172.04,6,8,4,0.059,3,3,1,True,False,False,1,aniline,False,,,NC(CN*)=O|N*
Nc1ccc(-c2oc3cc(O)cc(O)c3c(=O)c2O)cc1-c1cccc(F)c1,379.34,3.965,116.92,4,6,2,0.0,4,4,0,True,True,False,1,aniline,False,,,N*|c1(F)cc(*)ccc1
CNc1ccc(-c2oc3cc(O)cc(O)c3c(=O)c2O)cc1N,314.3,2.201,128.95,5,7,2,0.062,3,3,0,True,True,False,1,aniline,False,,,*NC|N*
CC(=O)Nc1cc(-c2oc3cc(O)cc(O)c3c(=O)c2O)ccc1N,342.31,2.117,146.02,5,7,2,0.059,3,3,0,True,False,False,1,aniline,False,,,*NC(C)=O|N*
Nc1cc(-c2oc3cc(O)cc(O)c3c(=O)c2O)ccc1-c1ccc(F)c(F)c1,397.33,4.104,116.92,4,6,2,0.0,4,4,0,True,True,False,1,aniline,False,,,N*|Fc1c(F)cc(*)cc1
Nc1cc(-c2oc3cc(O)cc(O)c3c(=O)c2O)ccc1-c1cccc(F)c1,379.34,3.965,116.92,4,6,2,0.0,4,4,0,True,True,False,1,aniline,False,,,N*|c1c(*)cccc1F
Nc1cc(-c2oc3cc(O)cc(O)c3c(=O)c2O)ccc1-c1ccccc1O,377.35,3.532,137.15,5,7,2,0.0,4,4,0,True,False,False,1,aniline,False,,,*N|c1(O)c(*)cccc1
Nc1cc(-c2oc3cc(O)cc(O)c3c(=O)c2O)ccc1NCCc1ccc(O)cc1,420.42,3.519,149.18,6,8,5,0.087,4,4,1,True,False,False,1,aniline,False,,,N*|N(*)CCc1ccc(O)cc1
Nc1ccc(-c2oc3cc(O)cc(O)c3c(=O)c2O)cc1NC(c1ccc(O)cc1)c1cccc(O)c1,498.49,4.772,169.41,7,9,5,0.036,5,5,1,True,False,False,1,aniline,False,,,*NC(c1ccc(O)cc1)c1cccc(O)c1|N*
Nc1cc(-c2oc3cc(O)cc(O)c3c(=O)c2O)ccc1Nc1ccc(F)c(F)c1,412.35,4.181,128.95,5,7,3,0.0,4,4,0,True,False,False,1,aniline,False,,,N*|c1(F)c(F)ccc(N*)c1
Nc1cc(-c2oc3cc(O)cc(O)c3c(=O)c2O)ccc1-c1cccs1,367.38,3.888,145.16,4,7,2,0.0,4,4,0,True,False,False,1,aniline,False,,,N*|s1cccc1*
COc1ccc(Nc2ccc(-c3oc4cc(O)cc(O)c4c(=O)c3O)cc2N)cc1,406.39,3.911,138.18,5,8,4,0.045,4,4,0,True,False,False,1,aniline,False,,,*N|c1(N*)ccc(OC)cc1
N=C(N)Nc1cc(-c2oc3cc(O)cc(O)c3c(=O)c2O)ccc1N,342.31,1.464,178.82,7,7,2,0.0,3,3,1,True,False,False,3,aniline;imine_1;imine_2,False,,,N=C(N*)N|N*
Cc1cccc(Nc2ccc(-c3oc4cc(O)cc(O)c4c(=O)c3O)cc2N)c1,390.4,4.211,128.95,5,7,3,0.045,4,4,0,True,False,False,1,aniline,False,,,N*|*Nc1cccc(C)c1
Nc1cc(-c2oc3cc(O)cc(O)c3c(=O)c2O)ccc1Nc1cc(F)ccc1F,412.35,4.181,128.95,5,7,3,0.0,4,4,0,True,False,False,1,aniline,False,,,*N|N(*)c1cc(F)ccc1F
Cc1ccc(CNc2ccc(-c3oc4cc(O)cc(O)c4c(=O)c3O)cc2-c2ccco2)cc1,455.47,5.757,116.07,4,7,5,0.074,5,5,1,True,False,False,0,,True,,,c1coc(*)c1|C(N*)c1ccc(C)cc1
Nc1cc(-c2oc3cc(O)cc(O)c3c(=O)c2O)ccc1-c1cccc(O)c1,377.35,3.532,137.15,5,7,2,0.0,4,4,0,True,False,False,1,aniline,False,,,N*|c1c(*)cc(O)cc1
Nc1ccc(-c2oc3cc(O)cc(O)c3c(=O)c2O)cc1-c1ccc(F)c(F)c1,397.33,4.104,116.92,4,6,2,0.0,4,4,0,True,True,False,1,aniline,False,,,*N|c1(F)c(F)ccc(*)c1
CCc1cc(-c2oc3cc(O)cc(O)c3c(=O)c2O)ccc1N,313.31,2.721,116.92,4,6,2,0.118,3,3,0,True,True,False,1,aniline,False,,,N*|C(*)C
Nc1ccc(Nc2cc(-c3oc4cc(O)cc(O)c4c(=O)c3O)ccc2N)cc1,391.38,3.485,154.97,6,8,3,0.0,4,4,1,True,False,False,2,anil_no_alk(40);aniline,False,,,N*|c1c(N*)ccc(N)c1
Nc1cc(-c2oc3cc(O)cc(O)c3c(=O)c2O)ccc1-c1ccoc1,351.31,3.419,130.06,4,7,2,0.0,4,4,0,True,True,False,1,aniline,False,,,c1occc1*|N*
COC(=O)c1ccc(-c2cc(-c3oc4cc(O)cc(O)c4c(=O)c3O)ccc2N)cc1,419.39,3.613,143.22,4,8,3,0.043,4,4,0,True,False,False,1,aniline,False,,,N*|O(C)C(=O)c1ccc(*)cc1
NC(=CC=NNC=O)Nc1ccc(-c2oc3cc(O)cc(O)c3c(=O)c2O)cc1N,411.37,1.103,196.43,7,10,6,0.0,3,3,1,True,False,False,4,Oxygen-nitrogen_single_bond;aldehyde;aniline;imine_1,False,,,C(C=NNC=O)=C(N*)N|*N
O=c1c(O)c(-c2ccc(C(F)F)c(-c3ccc(O)cc3)c2)oc2cc(O)cc(O)c12,412.34,4.887,111.13,4,6,3,0.045,4,4,0,True,True,False,0,,True,,,FC(*)F|c1c(*)ccc(O)c1
CNc1ccc(-c2oc3cc(O)cc(O)c3c(=O)c2O)cc1-c1ccccc1F,393.37,4.425,102.93,4,6,3,0.045,4,4,0,True,True,False,0,,True,,,*NC|c1(F)ccccc1*
CNc1cc(-c2oc3cc(O)cc(O)c3c(=O)c2O)ccc1NCC(N)=O,371.35,1.516,158.05,6,8,5,0.111,3,3,1,True,False,False,0,,True,,,NC(CN*)=O|N(*)C
O=c1c(O)c(-c2ccc(Nc3ccc(F)cc3)c(-c3ccccc3)c2)oc2cc(O)cc(O)c12,455.44,6.127,102.93,4,6,4,0.0,5,5,1,True,False,False,0,,True,,,c1(N*)ccc(F)cc1|c1cccc(*)c1
CNc1ccc(-c2cc(-c3oc4cc(O)cc(O)c4c(=O)c3O)ccc2N2CCNCC2)cc1,459.5,3.695,118.2,5,8,4,0.192,5,4,0,True,True,False,0,,True,,,C1N(*)CCNC1|c1(NC)ccc(*)cc1
Nc1cccc(Nc2ccc(-c3oc4cc(O)cc(O)c4c(=O)c3O)cc2N)c1,391.38,3.485,154.97,6,8,3,0.0,4,4,1,True,False,False,1,aniline,False,,,c1(N*)cc(N)ccc1|N*
NC1CCCC(Nc2ccc(-c3oc4cc(O)cc(O)c4c(=O)c3O)cc2Nc2cccc(O)c2)C1,489.53,4.708,161.21,7,9,5,0.222,5,4,1,True,False,False,0,,True,,,C1CCC(N)CC1N*|c1(N*)cc(O)ccc1
O=c1c(O)c(-c2ccc(NCc3ccc(O)cc3)c(Nc3ccc(O)cc3)c2)oc2cc(O)cc(O)c12,498.49,5.344,155.42,7,9,6,0.036,5,5,2,False,False,False,1,hydroquinone,False,,,c1(CN*)ccc(O)cc1|c1cc(N*)ccc1O
COC(=O)Cc1ccc(-c2oc3cc(O)cc(O)c3c(=O)c2O)cc1N,357.32,1.875,143.22,4,8,3,0.111,3,3,0,True,False,False,1,aniline,False,,,O=C(OC)C*|*N
O=c1c(O)c(-c2ccc(Nc3ccccc3)c(Nc3ccccc3)c2)oc2cc(O)cc(O)c12,452.47,6.064,114.96,5,7,5,0.0,5,5,1,True,False,False,0,,True,,,c1(N*)ccccc1|N(c1ccccc1)*
Nc1ccc(-c2oc3cc(O)cc(O)c3c(=O)c2O)cc1NCCO,344.32,1.563,149.18,6,8,4,0.118,3,3,1,True,False,False,1,aniline,False,,,C(N*)CO|N*
Nc1cc(-c2oc3cc(O)cc(O)c3c(=O)c2O)ccc1-c1ccco1,351.31,3.419,130.06,4,7,2,0.0,4,4,0,True,True,False,1,aniline,False,,,N*|c1ccc(*)o1
Nc1cc(-c2oc3cc(O)cc(O)c3c(=O)c2O)ccc1C(F)(F)F,353.25,3.178,116.92,4,6,1,0.062,3,3,0,True,True,False,1,aniline,False,,,N*|FC(F)(*)F
Nc1ccc(-c2oc3cc(O)cc(O)c3c(=O)c2O)cc1Nc1ccc(F)cc1,394.36,4.042,128.95,5,7,3,0.0,4,4,0,True,False,False,1,aniline,False,,,c1c(F)ccc(N*)c1|*N
Cc1ccc(F)cc1Nc1ccc(-c2oc3cc(O)cc(O)c3c(=O)c2O)cc1-c1ccccc1,469.47,6.435,102.93,4,6,4,0.036,5,5,1,True,False,False,0,,True,,,c1ccccc1*|c1(C)ccc(F)cc1N*
Nc1ccc(-c2oc3cc(O)cc(O)c3c(=O)c2O)cc1Nc1ccc(Oc2ccccc2)cc1,468.47,5.695,138.18,5,8,5,0.0,5,5,1,True,False,False,1,aniline,False,,,c1c(N*)ccc(Oc2ccccc2)c1|N*
O=c1c(O)c(-c2ccc(-c3ccccc3)c(-c3cc(F)c(O)cc3Cl)c2)oc2cc(O)cc(O)c12,490.87,6.409,111.13,4,6,3,0.0,5,5,1,True,False,False,0,,True,,,Clc1c(*)cc(F)c(O)c1|c1cccc(*)c1
NC(=O)CON=CCc1cc(-c2oc3cc(O)cc(O)c3c(=O)c2O)ccc1Cc1ccc(N)cc1,489.48,2.78,181.6,5,9,8,0.115,4,4,0,True,False,False,4,Oxygen-nitrogen_single_bond;anil_no_alk(40);aniline;imine_1,False,,,C(C*)=NOCC(N)=O|C(c1ccc(N)cc1)*
Nc1cc(-c2oc3cc(O)cc(O)c3c(=O)c2O)ccc1Nc1ccc(F)cc1,394.36,4.042,128.95,5,7,3,0.0,4,4,0,True,False,False,1,aniline,False,,,N*|c1(N*)ccc(F)cc1
CC(O)=NNc1cc(-c2oc3cc(O)cc(O)c3c(=O)c2O)ccc1N,357.32,2.462,161.54,6,8,3,0.059,3,3,1,True,False,False,4,Oxygen-nitrogen_single_bond;aniline;imine_1;imine_2,False,,,C(O)(C)=NN*|N*
Nc1ccc(-c2oc3cc(O)cc(O)c3c(=O)c2O)cc1NCc1c(F)cccc1F,426.38,4.049,128.95,5,7,4,0.045,4,4,0,True,False,False,1,aniline,False,,,*NCc1c(F)cccc1F|N*
Nc1ccc(-c2oc3cc(O)cc(O)c3c(=O)c2O)cc1-c1cccs1,367.38,3.888,145.16,4,7,2,0.0,4,4,0,True,False,False,1,aniline,False,,,c1cc(*)sc1|*N
Nc1ccc(-c2oc3cc(O)cc(O)c3c(=O)c2O)cc1-c1cccc(O)c1,377.35,3.532,137.15,5,7,2,0.0,4,4,0,True,False,False,1,aniline,False,,,c1(*)cccc(O)c1|N*
CNc1ccc(-c2oc3cc(O)cc(O)c3c(=O)c2O)cc1-c1ccccc1,375.38,4.286,102.93,4,6,3,0.045,4,4,0,True,True,False,0,,True,,,N(C)*|c1cccc(*)c1
Nc1ccc(-c2oc3cc(O)cc(O)c3c(=O)c2O)cc1-c1ccc(Cl)cc1F,413.79,4.619,116.92,4,6,2,0.0,4,4,0,True,True,False,1,aniline,False,,,*N|c1c(F)c(*)ccc1Cl
COc1cccc(-c2cc(-c3oc4cc(O)cc(O)c4c(=O)c3O)ccc2N)c1,391.38,3.835,126.15,4,7,3,0.045,4,4,0,True,True,False,1,aniline,False,,,N*|c1cc(*)cc(OC)c1
Nc1ccc(-c2oc3cc(O)cc(O)c3c(=O)c2O)cc1Nc1ccc(Cl)cc1,410.81,4.556,128.95,5,7,3,0.0,4,4,0,True,False,False,1,aniline,False,,,N*|Clc1ccc(N*)cc1
O=c1c(O)c(-c2ccc(N3CCCCC3)c(C(F)F)c2)oc2cc(O)cc(O)c12,403.38,4.505,94.14,3,6,3,0.286,4,3,0,True,True,False,0,,True,,,C1CCCCN1*|C(F)(F)*
Nc1ccc(-c2oc3cc(O)cc(O)c3c(=O)c2O)cc1-c1ccc(F)cc1,379.34,3.965,116.92,4,6,2,0.0,4,4,0,True,True,False,1,aniline,False,,,N*|c1c(*)ccc(F)c1
O=c1c(O)c(-c2ccc(Nc3ccccc3)c(-c3ccco3)c2)oc2cc(O)cc(O)c12,427.41,5.58,116.07,4,7,4,0.0,5,5,1,True,False,False,0,,True,,,c1c(N*)cccc1|c1c(*)occ1
CNc1ccc(-c2oc3cc(O)cc(O)c3c(=O)c2O)cc1-c1cccc(Cl)c1,409.83,4.939,102.93,4,6,3,0.045,4,4,0,True,True,False,0,,True,,,*NC|c1ccc(Cl)cc1*
Nc1ccc(-c2oc3cc(O)cc(O)c3c(=O)c2O)cc1-c1ccc(Cl)cc1,395.8,4.479,116.92,4,6,2,0.0,4,4,0,True,True,False,1,aniline,False,,,*N|c1cc(Cl)ccc1*
O=c1c(O)c(-c2ccc(Nc3c(F)cccc3F)c(-c3ccccc3)c2)oc2cc(O)cc(O)c12,473.43,6.266,102.93,4,6,4,0.0,5,5,1,True,False,False,0,,True,,,c1ccc(F)c(N*)c1F|*c1ccccc1
O=c1c(O)c(-c2ccc(CC(F)F)c(-c3ccccc3)c2)oc2cc(O)cc(O)c12,410.37,5.051,90.9,3,5,4,0.087,4,4,1,True,True,False,0,,True,,,C(C(F)F)*|c1cccc(*)c1
O=c1c(O)c(-c2ccc(NCCO)c(-c3ccccc3)c2)oc2cc(O)cc(O)c12,405.41,3.648,123.16,5,7,5,0.087,4,4,0,True,True,False,0,,True,,,*NCCO|c1(*)ccccc1
CNc1ccc(-c2oc3cc(O)cc(O)c3c(=O)c2O)cc1-c1ccc(F)cc1,393.37,4.425,102.93,4,6,3,0.045,4,4,0,True,True,False,0,,True,,,N(*)C|c1(F)ccc(*)cc1
O=c1c(O)c(-c2ccc(NCCO)c(-c3ccc(F)cc3)c2)oc2cc(O)cc(O)c12,423.4,3.787,123.16,5,7,5,0.087,4,4,0,True,True,False,0,,True,,,N(*)CCO|c1c(*)ccc(F)c1
O=c1c(O)c(-c2ccc(-c3ccccc3)c(C(F)F)c2)oc2cc(O)cc(O)c12,396.35,5.181,90.9,3,5,3,0.045,4,4,1,True,True,False,0,,True,,,c1c(*)cccc1|FC(*)F
CNc1ccc(-c2oc3cc(O)cc(O)c3c(=O)c2O)cc1-c1cccc(F)c1,393.37,4.425,102.93,4,6,3,0.045,4,4,0,True,True,False,0,,True,,,*NC|c1c(F)cc(*)cc1
Nc1ccccc1CNc1ccc(-c2oc3cc(O)cc(O)c3c(=O)c2O)cc1N,405.41,3.353,154.97,6,8,4,0.045,4,4,1,True,False,False,1,aniline,False,,,C(N*)c1c(N)cccc1|N*
Nc1cc(-c2oc3cc(O)cc(O)c3c(=O)c2O)ccc1Cc1ccco1,365.34,3.343,130.06,4,7,3,0.05,4,4,0,True,True,False,1,aniline,False,,,c1cc(C*)oc1|N*
O=c1c(O)c(-c2ccc(NC=Nc3ccccc3)c(C(F)(F)F)c2)oc2cc(O)cc(O)c12,456.38,5.368,115.29,4,6,4,0.043,4,4,1,True,False,False,2,imine_1;imine_2,False,,,N(*)C=Nc1ccccc1|FC(*)(F)F
O=c1c(O)c(-c2ccc(Nc3ccccc3)c(-c3cccs3)c2)oc2cc(O)cc(O)c12,443.48,6.049,131.17,4,7,4,0.0,5,5,1,True,False,False,0,,True,,,c1ccccc1N*|c1ccc(*)s1
O=c1c(O)c(-c2ccc(NCCO)c(-c3ccc(Cl)cc3)c2)oc2cc(O)cc(O)c12,439.85,4.301,123.16,5,7,5,0.087,4,4,0,True,True,False,0,,True,,,*NCCO|c1cc(*)ccc1Cl
O=c1c(O)c(-c2ccc(C(F)F)c(-c3cccs3)c2)oc2cc(O)cc(O)c12,402.37,5.243,119.14,3,6,3,0.05,4,4,1,True,False,False,0,,True,,,FC(*)F|c1ccc(*)s1
O=c1c(O)c(-c2ccc(-c3ccccc3)c(-c3ccccc3)c2)oc2cc(O)cc(O)c12,422.44,5.911,90.9,3,5,3,0.0,5,5,1,True,True,False,0,,True,,,c1ccccc1*|c1ccc(*)cc1
Nc1cc(-c2oc3cc(O)cc(O)c3c(=O)c2O)ccc1N1CCCCC1,368.39,3.149,120.16,4,7,2,0.25,4,3,0,True,True,False,1,aniline,False,,,*N|C1CCCCN1*
O=c1c(O)c(-c2ccc(-c3ccc(F)cc3)c(-c3ccccc3)c2)oc2cc(O)cc(O)c12,440.43,6.05,90.9,3,5,3,0.0,5,5,1,True,True,False,0,,True,,,c1ccc(*)cc1|c1c(F)ccc(*)c1
O=c1c(O)c(-c2ccc(Nc3ccc(F)cc3)c(C(F)F)c2)oc2cc(O)cc(O)c12,429.35,5.397,102.93,4,6,4,0.045,4,4,1,True,True,False,0,,True,,,FC(*)F|c1cc(N*)ccc1F
Nc1cc(-c2oc3cc(O)cc(O)c3c(=O)c2O)ccc1CC=NNc1ccc(O)cc1,433.42,3.505,161.54,6,9,5,0.043,4,4,1,True,False,False,4,Oxygen-nitrogen_single_bond;aniline;hydroquinone;imine_1,False,,,*N|C(*)C=NNc1ccc(O)cc1
O=c1c(O)c(-c2ccc(-c3ccccc3)c(Nc3ccccc3)c2)oc2cc(O)cc(O)c12,437.45,5.987,102.93,4,6,4,0.0,5,5,1,True,False,False,0,,True,,,c1(N*)ccccc1|c1cccc(*)c1
O=c1c(O)c(-c2ccc(-c3ccccc3O)c(-c3ccccc3)c2)oc2cc(O)cc(O)c12,438.44,5.616,111.13,4,6,3,0.0,5,5,1,True,False,False,0,,True,,,c1ccc(*)cc1|c1(O)c(*)cccc1
CCc1cc(-c2oc3cc(O)cc(O)c3c(=O)c2O)ccc1NCc1ccc(F)cc1,421.42,4.89,102.93,4,6,5,0.125,4,4,0,True,True,False,0,,True,,,*CC|C(N*)c1ccc(F)cc1
O=c1c(O)c(-c2ccc(C(F)(F)F)c(-c3cccc(F)c3F)c2)oc2cc(O)cc(O)c12,450.32,5.541,90.9,3,5,2,0.045,4,4,1,True,True,False,0,,True,,,c1(F)c(F)cccc1*|FC(F)(*)F
Nc1cc(-c2oc3cc(O)cc(O)c3c(=O)c2O)ccc1-c1ccc(F)cc1F,397.33,4.104,116.92,4,6,2,0.0,4,4,0,True,True,False,1,aniline,False,,,N*|Fc1ccc(*)c(F)c1
O=c1c(O)c(-c2ccc(-c3ccccc3)c(Nc3ccc(F)cc3)c2)oc2cc(O)cc(O)c12,455.44,6.127,102.93,4,6,4,0.0,5,5,1,True,False,False,0,,True,,,c1cc(F)ccc1N*|c1c(*)cccc1
O=c1c(O)c(-c2ccc(NC3=NCCCCC3)c(-c3ccccc3)c2)oc2cc(O)cc(O)c12,456.5,5.628,115.29,4,7,3,0.185,5,4,1,True,False,False,0,,True,,,c1c(*)cccc1|C1CN=C(N*)CCC1
Nc1cc(-c2oc3cc(O)cc(O)c3c(=O)c2O)ccc1Nc1cccc(F)c1,394.36,4.042,128.95,5,7,3,0.0,4,4,0,True,False,False,1,aniline,False,,,N*|*Nc1cccc(F)c1
O=c1c(O)c(-c2ccc(-c3ccc(F)cc3)c(NCCO)c2)oc2cc(O)cc(O)c12,423.4,3.787,123.16,5,7,5,0.087,4,4,0,True,True,False,0,,True,,,OCCN*|c1(F)ccc(*)cc1
O=c1c(O)c(-c2ccc(-c3ccccc3)c(-c3ccco3)c2)oc2cc(O)cc(O)c12,412.4,5.504,104.04,3,6,3,0.0,5,5,1,True,True,False,0,,True,,,o1cccc1*|c1cc(*)ccc1
O=c1c(O)c(-c2ccc(-c3ccccc3)c(-c3cccc(Nc4ccc(F)cc4)c3)c2)oc2cc(O)cc(O)c12,531.54,7.794,102.93,4,6,5,0.0,6,6,2,False,False,False,0,,True,,,N(c1cccc(*)c1)c1ccc(F)cc1|c1ccc(*)cc1
Cc1ccc(-c2oc3cc(O)cc(O)c3c(=O)c2O)cc1-c1ccc(O)cc1,376.36,4.258,111.13,4,6,2,0.045,4,4,0,True,True,False,0,,True,,,c1c(*)ccc(O)c1|C*
O=c1c(O)c(-c2ccc(-c3cccc(F)c3)c(-c3ccc(F)cc3)c2)oc2cc(O)cc(O)c12,458.42,6.189,90.9,3,5,3,0.0,5,5,1,True,False,False,0,,True,,,c1(*)ccc(F)cc1|Fc1cc(*)ccc1
Cc1ccc(-c2oc3cc(O)cc(O)c3c(=O)c2O)cc1Nc1ccccc1,375.38,4.629,102.93,4,6,3,0.045,4,4,0,True,True,False,0,,True,,,c1c(N*)cccc1|C*
CC(=CNc1cc(-c2oc3cc(O)cc(O)c3c(=O)c2O)ccc1N)c1ccc(F)cc1,434.42,4.771,128.95,5,7,4,0.042,4,4,0,True,False,False,1,aniline,False,,,*NC=C(c1ccc(F)cc1)C|N*
O=C(Nc1ccccc1)c1ccc(-c2ccc(-c3oc4cc(O)cc(O)c4c(=O)c3O)cc2-c2cccc(F)c2)cc1,559.55,7.302,120.0,4,6,5,0.0,6,6,2,False,False,False,0,,True,,,c1cc(F)cc(*)c1|c1cccc(NC(=O)c2ccc(*)cc2)c1
O=c1c(O)c(-c2ccc(NC(c3ccc(F)cc3)c3ccc(F)cc3)c(-c3ccoc3)c2)oc2cc(O)cc(O)c12,553.52,7.317,116.07,4,7,6,0.031,6,6,2,False,False,False,0,,True,,,c1occ(*)c1|C(N*)(c1ccc(F)cc1)c1ccc(F)cc1
O=c1c(O)c(-c2ccc(-c3ccc(F)cc3)c(-c3ccc(F)cc3)c2)oc2cc(O)cc(O)c12,458.42,6.189,90.9,3,5,3,0.0,5,5,1,True,False,False,0,,True,,,c1c(*)ccc(F)c1|c1cc(*)ccc1F
O=c1c(O)c(-c2ccc(-c3ccccc3)c(-c3ccccc3F)c2)oc2cc(O)cc(O)c12,440.43,6.05,90.9,3,5,3,0.0,5,5,1,True,True,False,0,,True,,,Fc1ccccc1*|c1ccccc1*
O=c1c(O)c(-c2ccc(-c3c(F)cccc3F)c(-c3ccccc3)c2)oc2cc(O)cc(O)c12,458.42,6.189,90.9,3,5,3,0.0,5,5,1,True,False,False,0,,True,,,*c1ccccc1|c1ccc(F)c(*)c1F
CCOc1ccccc1-c1cc(-c2oc3cc(O)cc(O)c3c(=O)c2O)ccc1N,405.41,4.225,126.15,4,7,4,0.087,4,4,0,True,False,False,1,aniline,False,,,CCOc1c(*)cccc1|N*
Nc1ccc(-c2cc(-c3oc4cc(O)cc(O)c4c(=O)c3O)ccc2-c2ccc(F)cc2)cc1,455.44,5.632,116.92,4,6,3,0.0,5,5,1,True,False,False,1,aniline,False,,,Nc1ccc(*)cc1|c1cc(F)ccc1*
NC(=O)Nc1ccc(-c2cc(-c3oc4cc(O)cc(O)c4c(=O)c3O)ccc2N)cc1,419.39,3.317,172.04,6,7,3,0.0,4,4,1,True,False,False,1,aniline,False,,,O=C(Nc1ccc(*)cc1)N|*N
Cc1ccccc1Nc1ccc(-c2oc3cc(O)cc(O)c3c(=O)c2O)cc1-c1ccccc1,451.48,6.296,102.93,4,6,4,0.036,5,5,1,True,False,False,0,,True,,,c1c(*)cccc1|c1(C)c(N*)cccc1
Nc1ccc(-c2oc3cc(O)cc(O)c3c(=O)c2O)cc1CBr,378.18,3.054,116.92,4,6,2,0.062,3,3,0,True,True,False,2,alkyl_halide;aniline,False,,,C(*)Br|N*
Nc1ccc(-c2oc3cc(O)cc(O)c3c(=O)c2O)cc1-c1ccc(F)c(Cl)c1,413.79,4.619,116.92,4,6,2,0.0,4,4,0,True,True,False,1,aniline,False,,,Clc1c(F)ccc(*)c1|N*
O=c1c(O)c(-c2ccc(C(F)(F)F)c(-c3ccc(F)c(F)c3)c2)oc2cc(O)cc(O)c12,450.32,5.541,90.9,3,5,2,0.045,4,4,1,True,True,False,0,,True,,,c1(F)c(F)ccc(*)c1|FC(*)(F)F
Nc1ccc(-c2oc3cc(O)cc(O)c3c(=O)c2O)cc1Nc1cccs1,382.4,3.964,157.19,5,8,3,0.0,4,4,0,True,False,False,1,aniline,False,,,s1c(N*)ccc1|N*
Nc1ccc(-c2oc3cc(O)cc(O)c3c(=O)c2O)cc1-c1ccc[nH]1,350.33,3.154,132.71,5,6,2,0.0,4,4,0,True,True,False,1,aniline,False,,,[nH]1cccc1*|N*
O=c1c(O)c(-c2ccc(-c3ccncc3)c(-c3ccccc3F)c2)oc2cc(O)cc(O)c12,441.41,5.445,103.79,3,6,3,0.0,5,5,1,True,True,False,0,,True,,,c1c(F)c(*)ccc1|n1ccc(*)cc1
O=c1c(O)c(-c2ccc(-c3ccc(O)cc3)c(CCc3ccc(F)cc3)c2)oc2cc(O)cc(O)c12,484.48,5.874,111.13,4,6,5,0.069,5,5,1,True,False,False,0,,True,,,*CCc1ccc(F)cc1|Oc1ccc(*)cc1
O=c1c(O)c(-c2ccc(C(F)(F)F)c(NCc3ccco3)c2)oc2cc(O)cc(O)c12,433.34,4.801,116.07,4,7,4,0.095,4,4,0,True,True,False,0,,True,,,C(N*)c1occc1|FC(F)(F)*
COc1ccc(-c2cc(-c3oc4cc(O)cc(O)c4c(=O)c3O)ccc2C(F)(F)F)cc1,444.36,5.271,100.13,3,6,3,0.087,4,4,1,True,True,False,0,,True,,,O(C)c1ccc(*)cc1|FC(F)(*)F
O=c1c(O)c(-c2ccc(-c3ccc(F)cc3)c(NCc3ccccc3)c2)oc2cc(O)cc(O)c12,469.47,5.995,102.93,4,6,5,0.036,5,5,1,True,False,False,0,,True,,,*NCc1ccccc1|c1cc(*)ccc1F
Nc1ccc(-c2oc3cc(O)cc(O)c3c(=O)c2O)cc1-c1ccc(F)cc1F,397.33,4.104,116.92,4,6,2,0.0,4,4,0,True,True,False,1,aniline,False,,,c1(F)c(*)ccc(F)c1|N*
Nc1cc(-c2oc3cc(O)cc(O)c3c(=O)c2O)ccc1Nc1ccccc1F,394.36,4.042,128.95,5,7,3,0.0,4,4,0,True,False,False,1,aniline,False,,,N*|c1(F)ccccc1N*
Nc1ccc(-c2oc3cc(O)cc(O)c3c(=O)c2O)cc1Nc1ccccc1F,394.36,4.042,128.95,5,7,3,0.0,4,4,0,True,False,False,1,aniline,False,,,Fc1c(N*)cccc1|N*
Nc1cc(-c2oc3cc(O)cc(O)c3c(=O)c2O)ccc1-c1ccccc1F,379.34,3.965,116.92,4,6,2,0.0,4,4,0,True,True,False,1,aniline,False,,,N*|Fc1c(*)cccc1
O=CCNc1cc(-c2oc3cc(O)cc(O)c3c(=O)c2O)ccc1-c1ccco1,393.35,3.448,133.14,4,8,5,0.048,4,4,0,True,False,False,1,aldehyde,False,,,N(*)CC=O|c1ccc(*)o1
CNC=CNc1ccc(-c2oc3cc(O)cc(O)c3c(=O)c2O)cc1N,355.35,2.262,140.98,6,8,4,0.056,3,3,1,True,False,False,1,aniline,False,,,N*|N(C=CN*)C
O=c1c(O)c(-c2ccc(NC3CCNc4ccccc43)c(NCc3ccccc3)c2)oc2cc(O)cc(O)c12,521.57,6.158,126.99,6,8,6,0.129,6,5,3,False,False,False,0,,True,,,C(N*)c1ccccc1|C1(N*)c2ccccc2NCC1
CNC(=N)C=CNc1cc(-c2oc3cc(O)cc(O)c3c(=O)c2O)ccc1C(F)(F)F,435.36,3.718,138.81,6,7,4,0.1,3,3,1,True,False,False,2,imine_1;imine_2,False,,,*NC=CC(NC)=N|FC(F)(*)F
Nc1cc(-c2oc3cc(O)cc(O)c3c(=O)c2O)ccc1NCc1ccccc1F,408.39,3.91,128.95,5,7,4,0.045,4,4,0,True,False,False,1,aniline,False,,,N*|C(N*)c1c(F)cccc1
O=c1c(O)c(-c2ccc(C(F)(F)F)c(-c3ccc(F)cc3)c2)oc2cc(O)cc(O)c12,432.33,5.402,90.9,3,5,2,0.045,4,4,1,True,True,False,0,,True,,,c1cc(F)ccc1*|FC(*)(F)F
NCCNc1cc(-c2oc3cc(O)cc(O)c3c(=O)c2O)ccc1N,343.34,1.53,154.97,6,8,4,0.118,3,3,1,True,False,False,1,aniline,False,,,*NCCN|N*
Nc1ccc(-c2oc3cc(O)cc(O)c3c(=O)c2O)cc1-c1nccs1,368.37,3.283,158.05,4,8,2,0.0,4,4,0,True,False,False,1,aniline,False,,,n1c(*)scc1|*N
O=c1c(O)c(-c2ccc(N3CCNCC3)c(-c3ccco3)c2)oc2cc(O)cc(O)c12,420.42,3.246,119.31,4,8,3,0.174,5,4,0,True,True,False,0,,True,,,c1coc(*)c1|C1N(*)CCNC1
CC(C)Nc1cc(-c2oc3cc(O)cc(O)c3c(=O)c2O)ccc1N,342.35,2.979,128.95,5,7,3,0.167,3,3,0,True,True,False,1,aniline,False,,,*NC(C)C|N*
Nc1ccc(-c2oc3cc(O)cc(O)c3c(=O)c2O)cc1Nc1ccc(F)c(F)c1,412.35,4.181,128.95,5,7,3,0.0,4,4,0,True,False,False,1,aniline,False,,,c1(F)ccc(N*)cc1F|N*
O=C(O)c1ccccc1-c1cc(-c2oc3cc(O)cc(O)c3c(=O)c2O)ccc1Nc1ccccc1,481.46,5.686,140.23,5,7,5,0.0,5,5,1,True,False,False,0,,True,,,OC(=O)c1ccccc1*|N(*)c1ccccc1
O=c1c(O)c(-c2ccc(-c3cccs3)c(NC3=CC=NC3)c2)oc2cc(O)cc(O)c12,432.46,4.686,143.53,4,8,4,0.043,5,4,0,True,False,False,0,,True,,,*NC1=CC=NC1|c1ccc(*)s1
O=c1c(O)c(-c2ccc(C(F)(F)F)c(NCc3ccc(F)cc3)c2)oc2cc(O)cc(O)c12,461.37,5.347,102.93,4,6,4,0.087,4,4,1,True,True,False,0,,True,,,Fc1ccc(CN*)cc1|FC(F)(F)*
O=c1c(O)c(-c2ccc(-c3ccc(F)cc3F)c(-c3ccc(F)cc3)c2)oc2cc(O)cc(O)c12,476.41,6.328,90.9,3,5,3,0.0,5,5,1,True,False,False,0,,True,,,Fc1ccc(*)cc1|c1cc(F)cc(F)c1*
CN1CCC(Nc2ccc(-c3oc4cc(O)cc(O)c4c(=O)c3O)cc2-c2cc(F)ccc2F)CC1,494.49,5.028,106.17,4,7,4,0.222,5,4,1,True,True,False,0,,True,,,c1cc(F)c(*)cc1F|*NC1CCN(C)CC1
Nc1cc(-c2oc3cc(O)cc(O)c3c(=O)c2O)ccc1-c1ccc(F)c(F)c1F,415.32,4.243,116.92,4,6,2,0.0,4,4,0,True,True,False,2,aniline;halogenated_ring_2,False,,,N*|c1cc(F)c(F)c(F)c1*
CCNc1ccc(-c2oc3cc(O)cc(O)c3c(=O)c2O)cc1N,328.32,2.591,128.95,5,7,3,0.118,3,3,0,True,True,False,1,aniline,False,,,N*|*NCC
Nc1cc(-c2oc3cc(O)cc(O)c3c(=O)c2O)ccc1-c1c(F)cccc1F,397.33,4.104,116.92,4,6,2,0.0,4,4,0,True,True,False,1,aniline,False,,,N*|Fc1cccc(F)c1*
Nc1cc(-c2ccc(-c3oc4cc(O)cc(O)c4c(=O)c3O)cc2-c2ccc(F)c(N)c2F)ccc1F,506.44,5.493,142.94,5,7,3,0.0,5,5,2,False,False,False,1,aniline,False,,,Nc1c(F)c(*)ccc1F|Nc1c(F)ccc(*)c1
Nc1ccc(-c2oc3cc(O)cc(O)c3c(=O)c2O)cc1-c1c(F)cccc1F,397.33,4.104,116.92,4,6,2,0.0,4,4,0,True,True,False,1,aniline,False,,,c1(F)cccc(F)c1*|N*
CNc1ccc(-c2oc3cc(O)cc(O)c3c(=O)c2O)cc1-c1c(F)cccc1F,411.36,4.564,102.93,4,6,3,0.045,4,4,0,True,True,False,0,,True,,,c1ccc(F)c(*)c1F|N(*)C
Nc1ccc(-c2oc3cc(O)cc(O)c3c(=O)c2O)cc1-c1cc(F)c(F)cc1F,415.32,4.243,116.92,4,6,2,0.0,4,4,0,True,True,False,2,aniline;halogenated_ring_1,False,,,Fc1cc(*)c(F)cc1F|*N
CNc1ccc(-c2oc3cc(O)cc(O)c3c(=O)c2O)cc1-c1ccccc1OC,405.41,4.294,112.16,4,7,4,0.087,4,4,0,True,True,False,0,,True,,,COc1ccccc1*|N(C)*
Nc1ccc(-c2oc3cc(O)cc(O)c3c(=O)c2O)cc1Nc1ccc(F)cc1F,412.35,4.181,128.95,5,7,3,0.0,4,4,0,True,False,False,1,aniline,False,,,c1(F)cc(F)ccc1N*|N*
Nc1cc(-c2oc3cc(O)cc(O)c3c(=O)c2O)ccc1Oc1ccccc1F,395.34,4.09,126.15,4,7,3,0.0,4,4,0,True,False,False,1,aniline,False,,,*N|c1cccc(F)c1O*
Cc1ccc(Nc2cc(-c3oc4cc(O)cc(O)c4c(=O)c3O)ccc2C(F)(F)F)c(F)c1,461.37,5.787,102.93,4,6,3,0.087,4,4,1,True,False,False,0,,True,,,*Nc1c(F)cc(C)cc1|FC(F)(F)*
Nc1ccc(-c2oc3cc(O)cc(O)c3c(=O)c2O)cc1Nc1cc(F)cc(F)c1F,430.34,4.32,128.95,5,7,3,0.0,4,4,0,True,False,False,2,aniline;halogenated_ring_1,False,,,c1(F)c(N*)cc(F)cc1F|N*
O=c1c(O)c(-c2ccc(-c3c(F)cccc3F)c(-c3ccccc3F)c2)oc2cc(O)cc(O)c12,476.41,6.328,90.9,3,5,3,0.0,5,5,1,True,False,False,0,,True,,,c1ccc(F)c(*)c1|Fc1c(*)c(F)ccc1
O=c1c(O)c(-c2ccc(-c3ccc(F)cc3)c(-c3ccccc3F)c2)oc2cc(O)cc(O)c12,458.42,6.189,90.9,3,5,3,0.0,5,5,1,True,False,False,0,,True,,,c1(*)ccccc1F|c1(F)ccc(*)cc1
O=c1c(O)c(-c2ccc(-c3ccc(F)cc3)c(-c3cccc(F)c3)c2)oc2cc(O)cc(O)c12,458.42,6.189,90.9,3,5,3,0.0,5,5,1,True,False,False,0,,True,,,c1cc(F)ccc1*|Fc1cccc(*)c1
O=c1c(O)c(-c2ccc(N3CCOCC3)c(-c3ccc(F)cc3)c2)oc2cc(O)cc(O)c12,449.43,4.22,103.37,3,7,3,0.16,5,4,0,True,True,False,0,,True,,,C1CN(*)CCO1|c1c(F)ccc(*)c1
O=c1c(O)c(-c2ccc(C(F)(F)F)c(-c3ccccc3)c2)oc2cc(O)cc(O)c12,414.34,5.263,90.9,3,5,2,0.045,4,4,1,True,True,False,0,,True,,,FC(F)(F)*|*c1ccccc1
NCCCNc1ccc(-c2oc3cc(O)cc(O)c3c(=O)c2O)cc1-c1ccccc1F,436.44,4.144,128.95,5,7,6,0.125,4,4,0,True,False,False,1,Aliphatic_long_chain,False,,,C(N*)CCN|c1(F)ccccc1*
O=c1c(O)c(-c2ccc(NCc3ccc(F)cc3)c(-c3cccc(F)c3)c2)oc2cc(O)cc(O)c12,487.46,6.134,102.93,4,6,5,0.036,5,5,1,True,False,False,0,,True,,,c1(CN*)ccc(F)cc1|Fc1cccc(*)c1
COc1ccccc1-c1cc(-c2oc3cc(O)cc(O)c3c(=O)c2O)ccc1N,391.38,3.835,126.15,4,7,3,0.045,4,4,0,True,True,False,1,aniline,False,,,N*|COc1ccccc1*
O=c1c(O)c(-c2ccc(-c3ccco3)c(-c3ccco3)c2)oc2cc(O)cc(O)c12,402.36,5.097,117.18,3,7,3,0.0,5,5,1,True,False,False,0,,True,,,c1ccc(*)o1|c1oc(*)cc1
O=c1c(O)c(-c2ccc(N3CCCCC3)c(-c3cccc(F)c3)c2)oc2cc(O)cc(O)c12,447.46,5.373,94.14,3,6,3,0.192,5,4,1,True,True,False,0,,True,,,C1CCCCN1*|c1(F)cccc(*)c1
Nc1cc(-c2oc3cc(O)cc(O)c3c(=O)c2O)ccc1NCc1cc(F)cc(F)c1,426.38,4.049,128.95,5,7,4,0.045,4,4,0,True,False,False,1,aniline,False,,,*NCc1cc(F)cc(F)c1|*N
O=c1c(O)c(-c2ccc(Nc3ccc(F)cc3F)c(C(F)F)c2)oc2cc(O)cc(O)c12,447.34,5.536,102.93,4,6,4,0.045,4,4,1,True,True,False,0,,True,,,c1c(F)ccc(N*)c1F|FC(F)*
O=c1c(O)c(-c2ccc(-c3ccc(F)c(F)c3)c(C(F)(F)F)c2)oc2cc(O)cc(O)c12,450.32,5.541,90.9,3,5,2,0.045,4,4,1,True,True,False,0,,True,,,c1c(F)c(F)ccc1*|FC(F)(F)*
CCNc1ccc(-c2oc3cc(O)cc(O)c3c(=O)c2O)cc1C(F)F,363.32,3.946,102.93,4,6,4,0.167,3,3,0,True,True,False,0,,True,,,N(*)CC|FC(F)*
O=c1c(O)c(-c2ccc(-c3cc(F)cc(F)c3)c(-c3cccc(F)c3F)c2)oc2cc(O)cc(O)c12,494.4,6.467,90.9,3,5,3,0.0,5,5,1,True,False,False,0,,True,,,c1c(F)cc(*)cc1F|c1cc(F)c(F)c(*)c1
O=c1c(O)c(-c2ccc(Nc3ccoc3)c(C(F)(F)F)c2)oc2cc(O)cc(O)c12,419.31,4.932,116.07,4,7,3,0.05,4,4,0,True,False,False,0,,True,,,c1occ(N*)c1|FC(F)(F)*
O=c1c(O)c(-c2ccc(NC=Nc3cc(F)ccc3F)c(-c3ccccc3F)c2)oc2cc(O)cc(O)c12,518.45,6.433,115.29,4,6,5,0.0,5,5,2,False,False,False,2,imine_1;imine_2,False,,,N(*)C=Nc1cc(F)ccc1F|c1(F)ccccc1*
O=c1c(O)c(-c2ccc(Nc3ccccc3F)c(-c3ccc(F)cc3)c2)oc2cc(O)cc(O)c12,473.43,6.266,102.93,4,6,4,0.0,5,5,1,True,False,False,0,,True,,,*Nc1ccccc1F|c1(F)ccc(*)cc1
Cc1cc(-c2oc3cc(O)cc(O)c3c(=O)c2O)ccc1Nc1ccccc1F,393.37,4.768,102.93,4,6,3,0.045,4,4,0,True,True,False,0,,True,,,c1ccc(F)c(N*)c1|C*
O=c1c(O)c(-c2ccc(Nc3ccc(F)c(F)c3)c(C(F)(F)F)c2)oc2cc(O)cc(O)c12,465.33,5.617,102.93,4,6,3,0.045,4,4,1,True,False,False,0,,True,,,c1(F)c(F)ccc(N*)c1|FC(F)(*)F
Nc1cc(-c2oc3cc(O)cc(O)c3c(=O)c2O)ccc1Nc1ccc(F)cc1F,412.35,4.181,128.95,5,7,3,0.0,4,4,0,True,False,False,1,aniline,False,,,*Nc1ccc(F)cc1F|N*
Nc1cc(-c2oc3cc(O)cc(O)c3c(=O)c2O)ccc1Nc1c(F)cccc1F,412.35,4.181,128.95,5,7,3,0.0,4,4,0,True,False,False,1,aniline,False,,,c1ccc(F)c(N*)c1F|N*
O=c1c(O)c(-c2ccc(-c3ccccc3F)c(C(F)(F)F)c2)oc2cc(O)cc(O)c12,432.33,5.402,90.9,3,5,2,0.045,4,4,1,True,True,False,0,,True,,,c1ccc(*)c(F)c1|FC(F)(F)*
Cc1cccc(C(C)Nc2ccc(-c3oc4cc(O)cc(O)c4c(=O)c3O)cc2C(F)(F)F)c1,471.43,6.077,102.93,4,6,4,0.16,4,4,1,True,False,False,0,,True,,,*NC(C)c1cccc(C)c1|FC(F)(*)F
O=c1c(O)c(-c2ccc(-c3ccccc3)c(C(F)(F)F)c2)oc2cc(O)cc(O)c12,414.34,5.263,90.9,3,5,2,0.045,4,4,1,True,True,False,0,,True,,,c1ccccc1*|FC(*)(F)F
C=CCNc1ccc(-c2oc3cc(O)cc(O)c3c(=O)c2O)cc1C(F)(F)F,393.32,4.194,102.93,4,6,4,0.105,3,3,0,True,True,False,1,isolated_alkene,False,,,C(N*)C=C|C(F)(F)(*)F
O=c1c(O)c(-c2ccc(-c3ccc(F)c(F)c3F)c(-c3ccc(F)cc3)c2)oc2cc(O)cc(O)c12,494.4,6.467,90.9,3,5,3,0.0,5,5,1,True,False,False,1,halogenated_ring_2,False,,,c1(F)c(F)c(F)ccc1*|c1cc(*)ccc1F
Cc1cc(F)ccc1-c1cc(-c2oc3cc(O)cc(O)c3c(=O)c2O)ccc1N,393.37,4.274,116.92,4,6,2,0.045,4,4,0,True,True,False,1,aniline,False,,,Cc1cc(F)ccc1*|*N
O=c1c(O)c(-c2ccc(-c3c(F)cccc3F)c(-c3cccc(F)c3F)c2)oc2cc(O)cc(O)c12,494.4,6.467,90.9,3,5,3,0.0,5,5,1,True,False,False,0,,True,,,Fc1c(F)cccc1*|Fc1c(*)c(F)ccc1
O=c1c(O)c(-c2ccc(C(F)(F)F)c(-c3ccc(F)cc3F)c2)oc2cc(O)cc(O)c12,450.32,5.541,90.9,3,5,2,0.045,4,4,1,True,True,False,0,,True,,,c1c(F)c(*)ccc1F|FC(F)(*)F
O=c1c(O)c(-c2ccc(-c3ccc(F)c(F)c3F)c(C=Cc3ccccc3)c2)oc2cc(O)cc(O)c12,502.44,6.832,90.9,3,5,4,0.0,5,5,2,False,False,False,2,halogenated_ring_2;stilbene,False,,,C(=C*)c1ccccc1|Fc1c(F)c(F)ccc1*
O=c1c(O)c(-c2ccc(C(F)(F)F)c(-c3cc(F)c(F)c(F)c3)c2)oc2cc(O)cc(O)c12,468.31,5.68,90.9,3,5,2,0.045,4,4,1,True,True,False,1,halogenated_ring_2,False,,,Fc1c(F)cc(*)cc1F|FC(F)(*)F
O=c1c(O)c(-c2ccc(N3CCNCC3)c(NCc3ccco3)c2)oc2cc(O)cc(O)c12,449.46,3.192,131.34,5,9,5,0.208,5,4,0,True,True,False,0,,True,,,o1c(CN*)ccc1|N1(*)CCNCC1
O=c1c(O)c(-c2ccc(-c3ccc(F)cc3F)c(C(F)(F)F)c2)oc2cc(O)cc(O)c12,450.32,5.541,90.9,3,5,2,0.045,4,4,1,True,True,False,0,,True,,,FC(F)(F)*|Fc1cc(F)ccc1*
Nc1ccc(-c2oc3cc(O)cc(O)c3c(=O)c2O)cc1-c1cccnc1F,380.33,3.36,129.81,4,7,2,0.0,4,4,0,True,True,False,2,2-halo_pyridine;aniline,False,,,n1cccc(*)c1F|N*
O=c1c(O)c(-c2ccc(-c3ccc(F)cc3)c(NCc3cccs3)c2)oc2cc(O)cc(O)c12,475.5,6.057,131.17,4,7,5,0.038,5,5,1,True,False,False,0,,True,,,*NCc1sccc1|Fc1ccc(*)cc1
C=Cc1cc(-c2oc3cc(O)cc(O)c3c(=O)c2O)ccc1Nc1cc(F)cc(F)c1,423.37,5.242,102.93,4,6,4,0.0,4,4,1,True,True,False,0,,True,,,*C=C|*Nc1cc(F)cc(F)c1
O=c1c(O)c(-c2ccc(-c3ccc(F)cc3)c(C(F)(F)F)c2)oc2cc(O)cc(O)c12,432.33,5.402,90.9,3,5,2,0.045,4,4,1,True,True,False,0,,True,,,FC(F)(F)*|c1cc(F)ccc1*
O=c1c(O)c(-c2ccc(C(F)(F)F)c(C(F)(F)F)c2)oc2cc(O)cc(O)c12,406.23,4.614,90.9,3,5,1,0.118,3,3,0,True,True,False,0,,True,,,FC(F)(*)F|FC(F)(*)F
Cc1ccc(-c2oc3cc(O)cc(O)c3c(=O)c2O)cc1C(F)(F)F,352.26,3.904,90.9,3,5,1,0.118,3,3,0,True,True,False,0,,True,,,FC(F)(F)*|C*
O=c1c(O)c(-c2ccc(-c3cccc(F)c3)c(-c3cc(F)cc(F)c3)c2)oc2cc(O)cc(O)c12,476.41,6.328,90.9,3,5,3,0.0,5,5,1,True,False,False,0,,True,,,c1c(*)cc(F)cc1F|Fc1cc(*)ccc1
O=c1c(O)c(-c2ccc(C(F)(F)F)c(-c3ccccc3F)c2)oc2cc(O)cc(O)c12,432.33,5.402,90.9,3,5,2,0.045,4,4,1,True,True,False,0,,True,,,*c1ccccc1F|FC(F)(F)*
Nc1ccc(-c2oc3cc(O)cc(O)c3c(=O)c2O)cc1-c1cc(F)c(F)c(F)c1F,433.31,4.382,116.92,4,6,2,0.0,4,4,0,True,True,False,3,aniline;halogenated_ring_1;halogenated_ring_2,False,,,c1c(F)c(F)c(F)c(F)c1*|N*
O=c1c(O)c(-c2ccc(C(F)(F)F)c(-c3c(F)cccc3F)c2)oc2cc(O)cc(O)c12,450.32,5.541,90.9,3,5,2,0.045,4,4,1,True,True,False,0,,True,,,c1ccc(F)c(*)c1F|FC(F)(F)*
CC(Nc1cc(-c2oc3cc(O)cc(O)c3c(=O)c2O)ccc1-c1ccc(F)c(F)c1)c1ncccc1F,520.46,6.229,115.82,4,7,5,0.071,5,5,2,False,False,False,0,,True,,,*NC(c1ncccc1F)C|c1c(F)c(F)cc(*)c1
O=c1c(O)c(-c2ccc(-c3ccco3)c(-c3c(F)c(F)cc(F)c3F)c2)oc2cc(O)cc(O)c12,484.36,6.06,104.04,3,6,3,0.0,5,5,1,True,False,False,1,halogenated_ring_1,False,,,c1(F)c(F)cc(F)c(F)c1*|c1coc(*)c1
O=c1c(O)c(-c2ccc(C3CCCC3)c(-c3c(F)cccc3F)c2)oc2cc(O)cc(O)c12,450.44,6.18,90.9,3,5,3,0.192,5,4,1,True,False,False,0,,True,,,Fc1cccc(F)c1*|C1CCCC1*
Nc1ccc(-c2oc3cc(O)cc(O)c3c(=O)c2O)cc1-c1c(F)c(F)c(F)c(F)c1F,451.3,4.522,116.92,4,6,2,0.0,4,4,0,True,True,False,3,aniline;halogenated_ring_1;halogenated_ring_2,False,,,Fc1c(F)c(F)c(F)c(F)c1*|N*
O=c1c(O)c(-c2ccc(C(F)(F)F)c(-c3ccsc3)c2)oc2cc(O)cc(O)c12,420.36,5.324,119.14,3,6,2,0.05,4,4,1,True,False,False,0,,True,,,s1ccc(*)c1|FC(F)(*)F
O=c1c(O)c(-c2ccc(-c3cccc(F)c3)c(-c3cccc(F)c3F)c2)oc2cc(O)cc(O)c12,476.41,6.328,90.9,3,5,3,0.0,5,5,1,True,False,False,0,,True,,,Fc1c(F)cccc1*|c1c(F)cccc1*
Cc1cc(-c2cc(-c3oc4cc(O)cc(O)c4c(=O)c3O)ccc2C(F)(F)F)no1,419.31,4.559,116.93,3,7,2,0.1,4,4,0,True,True,False,0,,True,,,o1nc(*)cc1C|FC(F)(F)*
Nc1cc(-c2oc3cc(O)cc(O)c3c(=O)c2O)ccc1Nc1ccc(F)c(C(=O)Nc2ccc(F)c(F)c2F)c1,567.45,5.711,158.05,6,8,5,0.0,5,5,3,False,False,False,2,aniline;halogenated_ring_2,False,,,N*|O=C(Nc1ccc(F)c(F)c1F)c1c(F)ccc(N*)c1
O=c1c(O)c(-c2ccc(NCc3ccccc3)c(C(F)(F)F)c2)oc2cc(O)cc(O)c12,443.38,5.208,102.93,4,6,4,0.087,4,4,1,True,True,False,0,,True,,,FC(F)(F)*|*NCc1ccccc1
O=c1c(O)c(-c2ccc(C(F)(F)F)c(-c3cccc(C(F)F)c3)c2)oc2cc(O)cc(O)c12,464.34,6.2,90.9,3,5,3,0.087,4,4,1,True,False,False,0,,True,,,FC(c1cc(*)ccc1)F|FC(F)(*)F
O=c1c(O)c(-c2ccc(C(F)(F)F)c(-c3cccc(F)c3)c2)oc2cc(O)cc(O)c12,432.33,5.402,90.9,3,5,2,0.045,4,4,1,True,True,False,0,,True,,,c1(F)cccc(*)c1|FC(*)(F)F
Nc1ccc(-c2oc3cc(O)cc(O)c3c(=O)c2O)cc1Nc1cccc(F)c1F,412.35,4.181,128.95,5,7,3,0.0,4,4,0,True,False,False,1,aniline,False,,,c1(F)c(F)cccc1N*|N*
Cc1ccccc1-c1cc(-c2oc3cc(O)cc(O)c3c(=O)c2O)ccc1N,375.38,4.134,116.92,4,6,2,0.045,4,4,0,True,True,False,1,aniline,False,,,Cc1ccccc1*|N*
O=c1c(O)c(-c2ccc(Nc3ccccc3F)c(Nc3ccc(F)c(F)c3)c2)oc2cc(O)cc(O)c12,506.44,6.481,114.96,5,7,5,0.0,5,5,2,False,False,False,0,,True,,,c1c(F)c(F)ccc1N*|c1(F)ccccc1N*
O=c1c(O)c(-c2ccc(C(F)F)c(C(F)(F)F)c2)oc2cc(O)cc(O)c12,388.24,4.533,90.9,3,5,2,0.118,3,3,0,True,True,False,0,,True,,,FC(*)(F)F|FC(F)*
CNN=CCNc1cc(-c2oc3cc(O)cc(O)c3c(=O)c2O)ccc1C(F)F,405.36,3.132,127.32,5,8,6,0.158,3,3,0,True,True,False,2,Oxygen-nitrogen_single_bond;imine_1,False,,,*NCC=NNC|FC(F)*
O=c1c(O)c(-c2ccc(-c3cccc(F)c3)c(-c3ccccc3F)c2)oc2cc(O)cc(O)c12,458.42,6.189,90.9,3,5,3,0.0,5,5,1,True,False,False,0,,True,,,Fc1ccccc1*|c1c(F)cccc1*
Nc1ccc(-c2oc3cc(O)cc(O)c3c(=O)c2O)cc1-c1cc(F)ccc1F,397.33,4.104,116.92,4,6,2,0.0,4,4,0,True,True,False,1,aniline,False,,,*c1cc(F)ccc1F|N*
O=c1c(O)c(-c2ccc(NCc3c(F)cccc3F)c(C(F)(F)F)c2)oc2cc(O)cc(O)c12,479.36,5.486,102.93,4,6,4,0.087,4,4,1,True,True,False,0,,True,,,C(N*)c1c(F)cccc1F|FC(*)(F)F
O=c1c(O)c(-c2ccc(Nc3c(F)cccc3F)c(C(F)(F)F)c2)oc2cc(O)cc(O)c12,465.33,5.617,102.93,4,6,3,0.045,4,4,1,True,False,False,0,,True,,,Fc1c(N*)c(F)ccc1|FC(*)(F)F
Nc1cc(-c2oc3cc(O)cc(O)c3c(=O)c2O)ccc1Nc1cccc(F)c1F,412.35,4.181,128.95,5,7,3,0.0,4,4,0,True,False,False,1,aniline,False,,,c1(F)c(F)cccc1N*|*N
O=c1c(O)c(-c2ccc(Nc3ccccc3)c(-c3ccc(F)cc3F)c2)oc2cc(O)cc(O)c12,473.43,6.266,102.93,4,6,4,0.0,5,5,1,True,False,False,0,,True,,,c1ccccc1N*|c1c(F)cc(F)c(*)c1
O=C(Cc1ccc(-c2oc3cc(O)cc(O)c3c(=O)c2O)cc1C(F)(F)F)Nc1c(F)cccc1F,507.37,5.055,120.0,4,6,4,0.083,4,4,2,False,False,False,0,,True,,,O=C(C*)Nc1c(F)cccc1F|FC(F)(F)*
O=c1c(O)c(-c2ccc(Nc3ccccc3)c(C(F)(F)F)c2)oc2cc(O)cc(O)c12,429.35,5.339,102.93,4,6,3,0.045,4,4,1,True,True,False,0,,True,,,c1(N*)ccccc1|FC(F)(F)*
O=c1c(O)c(-c2ccc(C(F)(F)F)c(Nc3cccc(F)c3F)c2)oc2cc(O)cc(O)c12,465.33,5.617,102.93,4,6,3,0.045,4,4,1,True,False,False,0,,True,,,FC(F)(F)*|c1(F)c(F)cccc1N*
Nc1cc(-c2oc3cc(O)cc(O)c3c(=O)c2O)ccc1NCc1ccc(F)cc1F,426.38,4.049,128.95,5,7,4,0.045,4,4,0,True,False,False,1,aniline,False,,,*NCc1ccc(F)cc1F|N*
CNc1ccc(-c2oc3cc(O)cc(O)c3c(=O)c2O)cc1C(F)F,349.29,3.556,102.93,4,6,3,0.118,3,3,0,True,True,False,0,,True,,,N(C)*|FC(F)*
O=c1c(O)c(-c2ccc(Nc3ccccc3F)c(C(F)(F)F)c2)oc2cc(O)cc(O)c12,447.34,5.478,102.93,4,6,3,0.045,4,4,1,True,True,False,0,,True,,,*Nc1ccccc1F|FC(F)(*)F
O=c1c(O)c(-c2ccc(-c3c(F)cc(F)cc3F)c(C(F)(F)F)c2)oc2cc(O)cc(O)c12,468.31,5.68,90.9,3,5,2,0.045,4,4,1,True,True,False,0,,True,,,c1(F)cc(F)cc(F)c1*|FC(F)(F)*
O=c1c(O)c(-c2ccc(C(F)(F)F)c(-c3ccco3)c2)oc2cc(O)cc(O)c12,404.3,4.856,104.04,3,6,2,0.05,4,4,0,True,True,False,0,,True,,,FC(F)(F)*|o1cccc1*
CC(Nc1ccc(-c2oc3cc(O)cc(O)c3c(=O)c2O)cc1C(F)(F)F)c1ccco1,447.37,5.362,116.07,4,7,4,0.136,4,4,1,True,False,False,0,,True,,,*NC(c1occc1)C|FC(F)(F)*
O=c1c(O)c(-c2ccc(Nc3ccon3)c(C(F)(F)F)c2)oc2cc(O)cc(O)c12,420.3,4.327,128.96,4,8,3,0.053,4,4,0,True,False,False,0,,True,,,o1ccc(N*)n1|*C(F)(F)F
O=c1c(O)c(-c2ccc(Nc3ccco3)c(C(F)(F)F)c2)oc2cc(O)cc(O)c12,419.31,4.932,116.07,4,7,3,0.05,4,4,0,True,False,False,0,,True,,,c1oc(N*)cc1|FC(*)(F)F
O=c1c(O)c(-c2ccc(C(F)F)c(-c3ccco3)c2)oc2cc(O)cc(O)c12,386.31,4.774,104.04,3,6,3,0.05,4,4,0,True,True,False,0,,True,,,FC(F)*|c1oc(*)cc1
O=c1c(O)c(-c2ccc(C(F)(F)F)c(Nc3cc(F)c(F)cc3F)c2)oc2cc(O)cc(O)c12,483.32,5.757,102.93,4,6,3,0.045,4,4,1,True,False,False,1,halogenated_ring_1,False,,,FC(F)(*)F|c1c(F)c(N*)cc(F)c1F
Nc1ccc(-c2oc3cc(O)cc(O)c3c(=O)c2O)cc1-c1cccc(F)c1F,397.33,4.104,116.92,4,6,2,0.0,4,4,0,True,True,False,1,aniline,False,,,N*|Fc1cccc(*)c1F
O=c1c(O)c(-c2ccc(Nc3ccccc3F)c(-c3ccc(F)c(F)c3)c2)oc2cc(O)cc(O)c12,491.42,6.405,102.93,4,6,4,0.0,5,5,1,True,False,False,0,,True,,,Fc1c(N*)cccc1|c1cc(F)c(F)cc1*
Nc1cc(-c2oc3cc(O)cc(O)c3c(=O)c2O)ccc1NCc1ccc(F)c(F)c1F,444.37,4.188,128.95,5,7,4,0.045,4,4,0,True,False,False,2,aniline;halogenated_ring_2,False,,,*NCc1ccc(F)c(F)c1F|N*
O=c1c(O)c(-c2ccc(Nc3cccc(F)c3F)c(C(F)(F)F)c2)oc2cc(O)cc(O)c12,465.33,5.617,102.93,4,6,3,0.045,4,4,1,True,False,False,0,,True,,,N(*)c1cccc(F)c1F|FC(F)(F)*
Nc1ccc(-c2oc3cc(O)cc(O)c3c(=O)c2O)cc1NCc1ccccc1F,408.39,3.91,128.95,5,7,4,0.045,4,4,0,True,False,False,1,aniline,False,,,N*|*NCc1ccccc1F
Nc1cc(-c2oc3cc(O)cc(O)c3c(=O)c2O)ccc1Nc1c(F)c(N)c(F)c(F)c1F,463.34,4.041,154.97,6,8,3,0.0,4,4,1,True,False,False,3,aniline;halogenated_ring_1;halogenated_ring_2,False,,,Fc1c(F)c(F)c(N)c(F)c1N*|N*
Nc1ccc(-c2oc3cc(O)cc(O)c3c(=O)c2O)cc1-c1cc(F)c(F)c(F)c1,415.32,4.243,116.92,4,6,2,0.0,4,4,0,True,True,False,2,aniline;halogenated_ring_2,False,,,N*|c1c(F)c(F)c(F)cc1*
O=c1c(O)c(-c2ccc(-c3c(F)cccc3F)c(C(F)(F)F)c2)oc2cc(O)cc(O)c12,450.32,5.541,90.9,3,5,2,0.045,4,4,1,True,True,False,0,,True,,,c1ccc(F)c(*)c1F|FC(F)(*)F
Nc1cc(-c2oc3cc(O)cc(O)c3c(=O)c2O)ccc1Nc1ccccn1,377.36,3.298,141.84,5,8,3,0.0,4,4,0,True,False,False,1,aniline,False,,,c1cnc(N*)cc1|N*
Nc1cc(-c2oc3cc(O)cc(O)c3c(=O)c2O)ccc1NCc1ccoc1,380.36,3.364,142.09,5,8,4,0.05,4,4,0,True,False,False,1,aniline,False,,,*NCc1ccoc1|N*
O=c1c(O)c(-c2ccc(-c3cc(F)ccc3F)c(C(F)(F)F)c2)oc2cc(O)cc(O)c12,450.32,5.541,90.9,3,5,2,0.045,4,4,1,True,True,False,0,,True,,,Fc1ccc(F)cc1*|FC(F)(*)F
O=c1c(O)c(-c2ccc(-c3ccc(F)c(F)c3)c(-c3ccoc3)c2)oc2cc(O)cc(O)c12,448.38,5.782,104.04,3,6,3,0.0,5,5,1,True,False,False,0,,True,,,Fc1ccc(*)cc1F|o1ccc(*)c1
O=c1c(O)c(-c2ccc(-c3c(F)cc(F)cc3F)c(-c3cccs3)c2)oc2cc(O)cc(O)c12,482.44,6.39,119.14,3,6,3,0.0,5,5,1,True,False,False,0,,True,,,Fc1c(*)c(F)cc(F)c1|*c1sccc1
O=c1c(O)c(-c2ccc(NCc3cc(F)ccc3F)c(C(F)(F)F)c2)oc2cc(O)cc(O)c12,479.36,5.486,102.93,4,6,4,0.087,4,4,1,True,True,False,0,,True,,,C(N*)c1cc(F)ccc1F|FC(F)(*)F
O=c1c(O)c(-c2ccc(Nc3cc(F)ccc3F)c(C(F)(F)F)c2)oc2cc(O)cc(O)c12,465.33,5.617,102.93,4,6,3,0.045,4,4,1,True,False,False,0,,True,,,c1(F)ccc(F)cc1N*|FC(F)(F)*
O=c1c(O)c(-c2ccc(N3CCOCC3)c(-c3cccc(F)c3F)c2)oc2cc(O)cc(O)c12,467.42,4.359,103.37,3,7,3,0.16,5,4,0,True,True,False,0,,True,,,O1CCN(*)CC1|c1(F)c(*)cccc1F
O=c1c(O)c(-c2ccc(Nc3ccc(F)c(F)c3F)c(C(F)(F)F)c2)oc2cc(O)cc(O)c12,483.32,5.757,102.93,4,6,3,0.045,4,4,1,True,False,False,1,halogenated_ring_2,False,,,Fc1c(F)c(F)ccc1N*|FC(*)(F)F
O=c1c(O)c(-c2ccc(Nc3cc(F)ccc3F)c(-c3ccc(F)s3)c2)oc2cc(O)cc(O)c12,497.45,6.466,131.17,4,7,4,0.0,5,5,1,True,False,False,0,,True,,,*Nc1c(F)ccc(F)c1|s1c(*)ccc1F
Nc1cc(-c2oc3cc(O)cc(O)c3c(=O)c2O)ccc1-c1cc(F)c(F)cc1F,415.32,4.243,116.92,4,6,2,0.0,4,4,0,True,True,False,2,aniline;halogenated_ring_1,False,,,Fc1c(F)cc(F)c(*)c1|N*
O=c1c(O)c(-c2ccc(Nc3c(F)cc(F)cc3F)c(C(F)(F)F)c2)oc2cc(O)cc(O)c12,483.32,5.757,102.93,4,6,3,0.045,4,4,1,True,False,False,0,,True,,,c1c(F)cc(F)c(N*)c1F|FC(F)(*)F
Nc1nc2ccc(Nc3ccc(-c4oc5cc(O)cc(O)c5c(=O)c4O)cc3C(F)(F)F)cc2o1,485.37,5.063,154.98,5,9,3,0.043,5,5,1,True,False,False,0,,True,,,*Nc1ccc2c(c1)oc(N)n2|FC(F)(*)F
O=c1c(O)c(-c2ccc(NCc3c(F)ccc(F)c3F)c(C(F)(F)F)c2)oc2cc(O)cc(O)c12,497.35,5.625,102.93,4,6,4,0.087,4,4,1,True,False,False,1,halogenated_ring_1,False,,,*NCc1c(F)c(F)ccc1F|FC(F)(F)*
O=c1c(O)c(-c2ccc(Nc3cc(F)c(F)cc3F)c(-c3cc(F)c(F)cc3F)c2)oc2cc(O)cc(O)c12,545.39,6.822,102.93,4,6,4,0.0,5,5,2,False,False,False,1,halogenated_ring_1,False,,,c1(F)cc(F)c(N*)cc1F|Fc1cc(*)c(F)cc1F
O=c1c(O)c(-c2ccc(C(F)(F)F)c(Nc3ccc(F)cc3F)c2)oc2cc(O)cc(O)c12,465.33,5.617,102.93,4,6,3,0.045,4,4,1,True,False,False,0,,True,,,FC(F)(*)F|c1(N*)c(F)cc(F)cc1
Nc1cc(-c2oc3cc(O)cc(O)c3c(=O)c2O)ccc1Nc1cc(F)c(F)c(F)c1,430.34,4.32,128.95,5,7,3,0.0,4,4,0,True,False,False,2,aniline;halogenated_ring_2,False,,,c1c(F)c(F)c(F)cc1N*|*N
O=c1c(O)c(-c2ccc(Nc3cccc(F)c3)c(C(F)(F)F)c2)oc2cc(O)cc(O)c12,447.34,5.478,102.93,4,6,3,0.045,4,4,1,True,True,False,0,,True,,,c1c(F)cccc1N*|FC(*)(F)F
O=c1c(O)c(-c2ccc(Nc3cc(F)c(F)cc3F)c(C(F)(F)F)c2)oc2cc(O)cc(O)c12,483.32,5.757,102.93,4,6,3,0.045,4,4,1,True,False,False,1,halogenated_ring_1,False,,,c1(F)cc(F)c(F)cc1N*|FC(F)(*)F
O=c1c(O)c(-c2ccc(C(F)(F)F)c(-c3c(F)c(F)c(F)c(F)c3F)c2)oc2cc(O)cc(O)c12,504.29,5.958,90.9,3,5,2,0.045,4,4,2,False,True,False,2,halogenated_ring_1;halogenated_ring_2,False,,,FC(F)(*)F|c1(F)c(F)c(F)c(F)c(F)c1*
O=c1c(O)c(-c2ccc(Nc3ccc(F)c(F)c3F)c(-c3ccc(F)c(F)c3)c2)oc2cc(O)cc(O)c12,527.4,6.683,102.93,4,6,4,0.0,5,5,2,False,False,False,1,halogenated_ring_2,False,,,*Nc1ccc(F)c(F)c1F|c1(F)cc(*)ccc1F
O=c1c(O)c(-c2ccc(Nc3cccc(F)c3)c(Nc3cc(F)c(F)cc3F)c2)oc2cc(O)cc(O)c12,524.43,6.62,114.96,5,7,5,0.0,5,5,2,False,False,False,1,halogenated_ring_1,False,,,c1c(N*)cccc1F|*Nc1cc(F)c(F)cc1F
O=c1c(O)c(-c2ccc(Nc3cc(F)c(F)c(F)c3)c(C(F)(F)F)c2)oc2cc(O)cc(O)c12,483.32,5.757,102.93,4,6,3,0.045,4,4,1,True,False,False,1,halogenated_ring_2,False,,,*Nc1cc(F)c(F)c(F)c1|FC(*)(F)F
O=c1c(O)c(-c2ccc(NCc3ccc(F)o3)c(C(F)(F)F)c2)oc2cc(O)cc(O)c12,451.33,4.94,116.07,4,7,4,0.095,4,4,0,True,False,False,0,,True,,,*NCc1oc(F)cc1|FC(*)(F)F
O=c1c(O)c(-c2ccc(Nc3c(F)cc(F)c(F)c3F)c(-c3c(F)cccc3F)c2)oc2cc(O)cc(O)c12,545.39,6.822,102.93,4,6,4,0.0,5,5,2,False,False,False,2,halogenated_ring_1;halogenated_ring_2,False,,,*Nc1c(F)cc(F)c(F)c1F|c1(F)cccc(F)c1*
N#CNc1ccc(-c2oc3cc(O)cc(O)c3c(=O)c2O)cc1-c1cc(F)c(F)cc1F,440.33,4.554,126.72,4,7,3,0.0,4,4,0,True,False,False,3,cyanate_/aminonitrile_/thiocyanate;enamine;halogenated_ring_1,False,,,C(#N)N*|c1(F)c(F)cc(*)c(F)c1
O=c1c(O)c(-c2ccc(Nc3c(F)cccc3F)c(-c3ccc(F)cc3)c2)oc2cc(O)cc(O)c12,491.42,6.405,102.93,4,6,4,0.0,5,5,1,True,False,False,0,,True,,,c1ccc(F)c(N*)c1F|Fc1ccc(*)cc1
Nc1ccc(-c2oc3cc(O)cc(O)c3c(=O)c2O)cc1-c1c(F)ccc(F)c1F,415.32,4.243,116.92,4,6,2,0.0,4,4,0,True,True,False,2,aniline;halogenated_ring_1,False,,,N*|Fc1ccc(F)c(F)c1*
O=c1c(O)c(-c2ccc(-c3cc(F)c(F)cc3F)c(C(F)(F)F)c2)oc2cc(O)cc(O)c12,468.31,5.68,90.9,3,5,2,0.045,4,4,1,True,True,False,1,halogenated_ring_1,False,,,Fc1c(F)cc(F)c(*)c1|C(F)(F)(F)*
O=c1c(O)c(-c2ccc(C(F)F)c(-c3cc(F)c(F)cc3F)c2)oc2cc(O)cc(O)c12,450.32,5.599,90.9,3,5,3,0.045,4,4,1,True,True,False,1,halogenated_ring_1,False,,,FC(F)*|c1(F)cc(F)c(*)cc1F
Nc1cc(-c2oc3cc(O)cc(O)c3c(=O)c2O)ccc1Nc1cc(F)c(F)c(F)c1F,448.33,4.459,128.95,5,7,3,0.0,4,4,0,True,False,False,3,aniline;halogenated_ring_1;halogenated_ring_2,False,,,Fc1c(F)c(F)c(F)cc1N*|N*
Nc1cc(-c2oc3cc(O)cc(O)c3c(=O)c2O)ccc1Cc1cc(F)ccc1F,411.36,4.028,116.92,4,6,3,0.045,4,4,0,True,True,False,1,aniline,False,,,c1(F)ccc(F)cc1C*|N*
Nc1ccc(-c2oc3cc(O)cc(O)c3c(=O)c2O)cc1-c1cc(F)cc(F)c1,397.33,4.104,116.92,4,6,2,0.0,4,4,0,True,True,False,1,aniline,False,,,*N|Fc1cc(F)cc(*)c1
Nc1cc(-c2oc3cc(O)cc(O)c3c(=O)c2O)ccc1-c1cc(F)ccc1F,397.33,4.104,116.92,4,6,2,0.0,4,4,0,True,True,False,1,aniline,False,,,Fc1c(*)cc(F)cc1|N*
Cc1ccc(-c2oc3cc(O)cc(O)c3c(=O)c2O)cc1-c1ccccc1F,378.36,4.691,90.9,3,5,2,0.045,4,4,0,True,True,False,0,,True,,,C*|c1cccc(F)c1*
Nc1cc(-c2oc3cc(O)cc(O)c3c(=O)c2O)ccc1-c1cc(F)c(F)c(F)c1F,433.31,4.382,116.92,4,6,2,0.0,4,4,0,True,True,False,3,aniline;halogenated_ring_1;halogenated_ring_2,False,,,Fc1c(F)c(F)c(*)cc1F|N*
Cc1ccc(-c2oc3cc(O)cc(O)c3c(=O)c2O)cc1-c1ccc(F)c(F)c1Oc1c(F)c(F)c(F)c(F)c1F,578.39,7.318,100.13,3,6,4,0.036,5,5,2,False,False,False,2,halogenated_ring_1;halogenated_ring_2,False,,,C*|Fc1c(Oc2c(*)ccc(F)c2F)c(F)c(F)c(F)c1F
Nc1cc(-c2oc3cc(O)cc(O)c3c(=O)c2O)ccc1Nc1c(F)ccc(F)c1F,430.34,4.32,128.95,5,7,3,0.0,4,4,0,True,False,False,2,aniline;halogenated_ring_1,False,,,Fc1c(N*)c(F)ccc1F|N*
Nc1ccc(-c2oc3cc(O)cc(O)c3c(=O)c2O)cc1-c1cc(F)cc(F)c1F,415.32,4.243,116.92,4,6,2,0.0,4,4,0,True,True,False,2,aniline;halogenated_ring_1,False,,,N*|Fc1c(F)cc(F)cc1*
O=c1c(O)c(-c2ccc(C(F)(F)F)c(Nc3ccc(F)cc3)c2)oc2cc(O)cc(O)c12,447.34,5.478,102.93,4,6,3,0.045,4,4,1,True,True,False,0,,True,,,FC(F)(F)*|Fc1ccc(N*)cc1
Nc1ccc(-c2oc3cc(O)cc(O)c3c(=O)c2O)cc1Nc1cc(F)c(F)cc1F,430.34,4.32,128.95,5,7,3,0.0,4,4,0,True,False,False,2,aniline;halogenated_ring_1,False,,,N*|c1(F)c(F)cc(F)c(N*)c1
CC(C)(C)Nc1ccc(-c2oc3cc(O)cc(O)c3c(=O)c2O)cc1N,356.38,3.369,128.95,5,7,2,0.211,3,3,0,True,True,False,1,aniline,False,,,CC(N*)(C)C|*N
O=c1c(O)c(-c2ccc(C(F)(F)F)c(-c3cc(F)ccc3F)c2)oc2cc(O)cc(O)c12,450.32,5.541,90.9,3,5,2,0.045,4,4,1,True,True,False,0,,True,,,FC(F)(*)F|c1(F)c(*)cc(F)cc1
O=c1c(O)c(-c2ccc(C(F)(F)F)c(-c3c(F)ccc(F)c3F)c2)oc2cc(O)cc(O)c12,468.31,5.68,90.9,3,5,2,0.045,4,4,1,True,True,False,1,halogenated_ring_1,False,,,FC(F)(F)*|Fc1c(F)ccc(F)c1*
O=c1c(O)c(-c2ccc(-c3c(F)ccc(F)c3F)c(C(F)(F)F)c2)oc2cc(O)cc(O)c12,468.31,5.68,90.9,3,5,2,0.045,4,4,1,True,True,False,1,halogenated_ring_1,False,,,c1(F)c(F)ccc(F)c1*|FC(F)(*)F
O=c1c(O)c(-c2ccc(-c3cc(F)c(F)cc3F)c(Nc3ccc(F)cc3F)c2)oc2cc(O)cc(O)c12,527.4,6.683,102.93,4,6,4,0.0,5,5,2,False,False,False,1,halogenated_ring_1,False,,,c1c(F)c(F)cc(F)c1*|c1(F)ccc(N*)c(F)c1
O=c1c(O)c(-c2ccc(-c3cc(F)cc(F)c3F)c(C(F)(F)F)c2)oc2cc(O)cc(O)c12,468.31,5.68,90.9,3,5,2,0.045,4,4,1,True,True,False,1,halogenated_ring_1,False,,,Fc1c(F)cc(F)cc1*|FC(*)(F)F
O=c1c(O)c(-c2ccc(-c3cc(F)c(F)cc3F)c(C(F)c3cccc(F)c3F)c2)oc2cc(O)cc(O)c12,544.4,6.998,90.9,3,5,4,0.036,5,5,2,False,False,False,1,halogenated_ring_1,False,,,Fc1cc(F)c(*)cc1F|FC(c1cccc(F)c1F)*
O=c1c(O)c(-c2ccc(-c3ccco3)c(Nc3ccc(F)c(F)c3)c2)oc2cc(O)cc(O)c12,463.39,5.859,116.07,4,7,4,0.0,5,5,1,True,False,False,0,,True,,,o1cccc1*|c1(F)ccc(N*)cc1F
O=c1c(O)c(-c2ccc(Nc3ccc(F)c(F)c3F)c(-c3c(F)cc(F)cc3F)c2)oc2cc(O)cc(O)c12,545.39,6.822,102.93,4,6,4,0.0,5,5,2,False,False,False,1,halogenated_ring_2,False,,,c1(F)c(F)c(F)c(N*)cc1|Fc1cc(F)cc(F)c1*
O=c1c(O)c(-c2ccc(-c3ccoc3)c(C(F)(F)F)c2)oc2cc(O)cc(O)c12,404.3,4.856,104.04,3,6,2,0.05,4,4,0,True,True,False,0,,True,,,c1cocc1*|FC(F)(F)*
Nc1cc(-c2oc3cc(O)cc(O)c3c(=O)c2O)ccc1Nc1c(F)c(F)cc(F)c1F,448.33,4.459,128.95,5,7,3,0.0,4,4,0,True,False,False,2,aniline;halogenated_ring_1,False,,,*Nc1c(F)c(F)cc(F)c1F|*N
O=c1c(O)c(-c2ccc(-c3coc(F)c3)c(-c3cc(F)ccc3F)c2)oc2cc(O)cc(O)c12,466.37,5.921,104.04,3,6,3,0.0,5,5,1,True,False,False,0,,True,,,o1c(F)cc(*)c1|Fc1cc(*)c(F)cc1
O=c1c(O)c(-c2ccc(C(F)(F)F)c(-c3cc(F)c(F)s3)c2)oc2cc(O)cc(O)c12,456.34,5.602,119.14,3,6,2,0.05,4,4,1,True,False,False,0,,True,,,FC(F)(F)*|s1c(F)c(F)cc1*
Nc1cc(-c2oc3cc(O)cc(O)c3c(=O)c2O)ccc1Nc1ccc(F)c(F)c1F,430.34,4.32,128.95,5,7,3,0.0,4,4,0,True,False,False,2,aniline;halogenated_ring_2,False,,,c1cc(F)c(F)c(F)c1N*|*N
Nc1cc(-c2oc3cc(O)cc(O)c3c(=O)c2O)ccc1-c1c(F)ccc(F)c1F,415.32,4.243,116.92,4,6,2,0.0,4,4,0,True,True,False,2,aniline;halogenated_ring_1,False,,,c1(F)c(F)ccc(F)c1*|N*
O=c1c(O)c(-c2ccc(-c3ccc(F)c(F)c3F)c(-c3cc(F)c(F)cc3F)c2)oc2cc(O)cc(O)c12,530.38,6.745,90.9,3,5,3,0.0,5,5,2,False,False,False,2,halogenated_ring_1;halogenated_ring_2,False,,,c1(F)c(F)c(F)ccc1*|Fc1c(F)cc(F)c(*)c1
O=c1c(O)c(-c2ccc(-c3cc(F)c(F)c(F)c3F)c(-c3cc(F)c(F)c(F)c3F)c2)oc2cc(O)cc(O)c12,566.36,7.024,90.9,3,5,3,0.0,5,5,2,False,False,False,2,halogenated_ring_1;halogenated_ring_2,False,,,Fc1c(F)c(F)c(*)cc1F|Fc1c(F)c(F)cc(*)c1F
O=c1c(O)c(-c2ccc(C(F)F)c(Nc3cccc(F)c3)c2)oc2cc(O)cc(O)c12,429.35,5.397,102.93,4,6,4,0.045,4,4,1,True,True,False,0,,True,,,FC(F)*|*Nc1cccc(F)c1
O=c1c(O)c(-c2ccc(-c3c(F)ccc(F)c3F)c(-c3ccc(F)cc3F)c2)oc2cc(O)cc(O)c12,512.39,6.606,90.9,3,5,3,0.0,5,5,2,False,False,False,1,halogenated_ring_1,False,,,Fc1c(F)ccc(F)c1*|Fc1cc(F)c(*)cc1
Nc1ccc(-c2oc3cc(O)cc(O)c3c(=O)c2O)cc1Nc1cc(F)c(F)c(F)c1,430.34,4.32,128.95,5,7,3,0.0,4,4,0,True,False,False,2,aniline;halogenated_ring_2,False,,,*N|Fc1c(F)cc(N*)cc1F
O=c1c(O)c(-c2ccc(Nc3cc(F)cc(F)c3F)c(C(F)(F)F)c2)oc2cc(O)cc(O)c12,483.32,5.757,102.93,4,6,3,0.045,4,4,1,True,False,False,1,halogenated_ring_1,False,,,c1(F)c(F)c(N*)cc(F)c1|FC(F)(*)F
Cc1ccc(-c2cc(-c3oc4cc(O)cc(O)c4c(=O)c3O)ccc2Nc2ccc(F)c(F)c2F)o1,495.41,6.306,116.07,4,7,4,0.038,5,5,1,True,False,False,1,halogenated_ring_2,False,,,*Nc1c(F)c(F)c(F)cc1|*c1oc(C)cc1
O=c1c(O)c(-c2ccc(C(F)(F)F)c(-c3cc(F)c(F)cc3F)c2)oc2cc(O)cc(O)c12,468.31,5.68,90.9,3,5,2,0.045,4,4,1,True,True,False,1,halogenated_ring_1,False,,,c1c(F)c(F)cc(F)c1*|FC(F)(*)F
O=c1c(O)c(-c2ccc(-c3cc(C(F)(F)F)ccc3F)c(C(F)(F)F)c2)oc2cc(O)cc(O)c12,500.32,6.421,90.9,3,5,2,0.087,4,4,2,False,False,False,0,,True,,,FC(F)(*)F|FC(F)(c1cc(*)c(F)cc1)F
O=c1c(O)c(-c2ccc(C(F)(F)F)c(-c3cc(F)cc(F)c3F)c2)oc2cc(O)cc(O)c12,468.31,5.68,90.9,3,5,2,0.045,4,4,1,True,True,False,1,halogenated_ring_1,False,,,Fc1c(F)cc(F)cc1*|FC(*)(F)F
NCCNc1cc(-c2oc3cc(O)cc(O)c3c(=O)c2O)ccc1-c1cc(F)cc(F)c1,440.4,3.893,128.95,5,7,5,0.087,4,4,0,True,False,False,0,,True,,,*NCCN|Fc1cc(F)cc(*)c1
O=c1c(O)c(-c2ccc(Nc3cc(F)c(F)c(F)c3)c(C(F)F)c2)oc2cc(O)cc(O)c12,465.33,5.675,102.93,4,6,4,0.045,4,4,1,True,False,False,1,halogenated_ring_2,False,,,FC(F)*|N(c1cc(F)c(F)c(F)c1)*
Nc1ncc(-c2cc(-c3oc4cc(O)cc(O)c4c(=O)c3O)ccc2C(F)(F)F)o1,420.3,3.833,142.95,4,8,2,0.053,4,4,0,True,False,False,0,,True,,,*c1oc(N)nc1|FC(F)(*)F
Nc1ccc(-c2oc3cc(O)cc(O)c3c(=O)c2O)cc1Nc1c(F)cc(F)c(F)c1F,448.33,4.459,128.95,5,7,3,0.0,4,4,0,True,False,False,3,aniline;halogenated_ring_1;halogenated_ring_2,False,,,N(*)c1c(F)cc(F)c(F)c1F|*N
O=C(Nc1cc(F)cc(F)c1)Nc1cc(-c2oc3cc(O)cc(O)c3c(=O)c2O)ccc1C(F)(F)F,508.36,5.518,132.03,5,6,3,0.043,4,4,2,False,False,False,0,,True,,,N(C(Nc1cc(F)cc(F)c1)=O)*|FC(*)(F)F
O=c1c(O)c(-c2ccc(C(F)(F)F)c(Nc3c(F)cc(F)cc3F)c2)oc2cc(O)cc(O)c12,483.32,5.757,102.93,4,6,3,0.045,4,4,1,True,False,False,0,,True,,,Fc1c(N*)c(F)cc(F)c1|FC(F)(F)*
Nc1cc(-c2oc3cc(O)cc(O)c3c(=O)c2O)ccc1-c1cc(F)cc(F)c1F,415.32,4.243,116.92,4,6,2,0.0,4,4,0,True,True,False,2,aniline;halogenated_ring_1,False,,,*N|c1(F)c(F)cc(F)cc1*
O=c1c(O)c(-c2ccc(Nc3cc(F)c(F)c(F)c3F)c(C(F)(F)F)c2)oc2cc(O)cc(O)c12,501.31,5.896,102.93,4,6,3,0.045,4,4,2,False,False,False,2,halogenated_ring_1;halogenated_ring_2,False,,,FC(F)(*)F|c1(F)c(F)c(F)c(F)cc1N*
Nc1ccc(-c2oc3cc(O)cc(O)c3c(=O)c2O)cc1-c1c(F)cc(F)cc1F,415.32,4.243,116.92,4,6,2,0.0,4,4,0,True,True,False,1,aniline,False,,,Fc1cc(F)cc(F)c1*|N*
O=c1c(O)c(-c2ccc(C(F)(F)F)c(NCc3ccc(F)c(F)c3)c2)oc2cc(O)cc(O)c12,479.36,5.486,102.93,4,6,4,0.087,4,4,1,True,True,False,0,,True,,,*NCc1cc(F)c(F)cc1|FC(*)(F)F
O=c1c(O)c(-c2ccc(C(F)(F)F)c(-c3ccoc3)c2)oc2cc(O)cc(O)c12,404.3,4.856,104.04,3,6,2,0.05,4,4,0,True,True,False,0,,True,,,o1ccc(*)c1|FC(F)(*)F
O=c1c(O)c(-c2ccc(-c3cc(F)cc(F)c3)c(C(F)F)c2)oc2cc(O)cc(O)c12,432.33,5.46,90.9,3,5,3,0.045,4,4,1,True,True,False,0,,True,,,C(F)(F)*|Fc1cc(*)cc(F)c1
O=c1c(O)c(-c2ccc(-c3cc(F)c(F)cc3F)c(-c3ccc(F)c(F)c3F)c2)oc2cc(O)cc(O)c12,530.38,6.745,90.9,3,5,3,0.0,5,5,2,False,False,False,2,halogenated_ring_1;halogenated_ring_2,False,,,c1(F)c(F)c(F)c(*)cc1|Fc1c(F)cc(F)c(*)c1
O=c1c(O)c(-c2ccc(C(F)(F)F)c(-c3cc(F)c(F)c(F)c3F)c2)oc2cc(O)cc(O)c12,486.3,5.819,90.9,3,5,2,0.045,4,4,1,True,True,False,2,halogenated_ring_1;halogenated_ring_2,False,,,Fc1c(F)c(F)c(F)cc1*|FC(F)(F)*
O=c1c(O)c(-c2ccc(-c3ccc(OC(F)(F)F)cc3)c(-c3c(F)cc(F)c(F)c3F)c2)oc2cc(O)cc(O)c12,578.39,7.366,100.13,3,6,4,0.036,5,5,2,False,False,False,2,halogenated_ring_1;halogenated_ring_2,False,,,Fc1c(F)c(F)cc(F)c1*|FC(F)(Oc1ccc(*)cc1)F
Nc1cc(-c2oc3cc(O)cc(O)c3c(=O)c2O)ccc1-c1nc(F)c(F)cc1F,416.31,3.638,129.81,4,7,2,0.0,4,4,0,True,True,False,2,2-halo_pyridine;aniline,False,,,*N|*c1c(F)cc(F)c(F)n1
CNCCNc1ccc(-c2oc3cc(O)cc(O)c3c(=O)c2O)cc1C(F)(F)F,410.35,3.227,114.96,5,7,5,0.211,3,3,0,True,True,False,1,Aliphatic_long_chain,False,,,FC(*)(F)F|C(CN*)NC
O=c1c(O)c(-c2ccc(C(F)(F)F)c(Nc3ccc(F)c(F)c3)c2)oc2cc(O)cc(O)c12,465.33,5.617,102.93,4,6,3,0.045,4,4,1,True,False,False,0,,True,,,*Nc1cc(F)c(F)cc1|FC(*)(F)F
Nc1ccc(-c2oc3cc(O)cc(O)c3c(=O)c2O)cc1Nc1c(F)c(F)c(F)c(F)c1F,466.32,4.598,128.95,5,7,3,0.0,4,4,0,True,False,False,3,aniline;halogenated_ring_1;halogenated_ring_2,False,,,N(c1c(F)c(F)c(F)c(F)c1F)*|N*
O=c1c(O)c(-c2ccc(C(F)(F)F)c(-c3cc(F)co3)c2)oc2cc(O)cc(O)c12,422.29,4.995,104.04,3,6,2,0.05,4,4,0,True,True,False,0,,True,,,o1c(*)cc(F)c1|FC(*)(F)F
O=c1c(O)c(-c2ccc(Nc3c(F)c(F)c(F)c(F)c3F)c(C(F)(F)F)c2)oc2cc(O)cc(O)c12,519.3,6.035,102.93,4,6,3,0.045,4,4,2,False,False,False,2,halogenated_ring_1;halogenated_ring_2,False,,,*Nc1c(F)c(F)c(F)c(F)c1F|FC(*)(F)F
Nc1cc(-c2oc3cc(O)cc(O)c3c(=O)c2O)ccc1-c1c(F)cc(F)cc1F,415.32,4.243,116.92,4,6,2,0.0,4,4,0,True,True,False,1,aniline,False,,,c1(F)c(*)c(F)cc(F)c1|N*
Nc1cc(-c2oc3cc(O)cc(O)c3c(=O)c2O)ccc1Nc1cc(F)c(F)o1,402.31,3.774,142.09,5,8,3,0.0,4,4,0,True,False,False,1,aniline,False,,,*Nc1oc(F)c(F)c1|*N
O=c1c(O)c(-c2ccc(-c3cc(F)c(F)c(F)c3F)c(C(F)(F)F)c2)oc2cc(O)cc(O)c12,486.3,5.819,90.9,3,5,2,0.045,4,4,1,True,True,False,2,halogenated_ring_1;halogenated_ring_2,False,,,Fc1c(F)c(F)c(*)cc1F|FC(*)(F)F
Nc1cc(-c2oc3cc(O)cc(O)c3c(=O)c2O)ccc1-c1c(F)c(F)c(F)c(F)c1F,451.3,4.522,116.92,4,6,2,0.0,4,4,0,True,True,False,3,aniline;halogenated_ring_1;halogenated_ring_2,False,,,Fc1c(F)c(F)c(F)c(*)c1F|*N
O=c1c(O)c(-c2ccc(C(F)(F)F)c(Nc3ccon3)c2)oc2cc(O)cc(O)c12,420.3,4.327,128.96,4,8,3,0.053,4,4,0,True,False,False,0,,True,,,FC(*)(F)F|o1ccc(N*)n1
Nc1cc(-c2oc3cc(O)cc(O)c3c(=O)c2O)ccc1Nc1c(F)c(F)c(F)c(F)c1F,466.32,4.598,128.95,5,7,3,0.0,4,4,0,True,False,False,3,aniline;halogenated_ring_1;halogenated_ring_2,False,,,c1(F)c(F)c(F)c(F)c(F)c1N*|*N
Nc1cc(-c2oc3cc(O)cc(O)c3c(=O)c2O)ccc1-c1occ(F)c1F,387.29,3.697,130.06,4,7,2,0.0,4,4,0,True,False,False,1,aniline,False,,,c1oc(*)c(F)c1F|*N
O=c1c(O)c(-c2ccc(NCc3ccc(F)c(F)c3F)c(C(F)(F)F)c2)oc2cc(O)cc(O)c12,497.35,5.625,102.93,4,6,4,0.087,4,4,1,True,False,False,1,halogenated_ring_2,False,,,C(N*)c1c(F)c(F)c(F)cc1|FC(F)(*)F
O=c1c(O)c(-c2ccc(-c3c(F)c(F)c(F)c(F)c3F)c(C(F)(F)F)c2)oc2cc(O)cc(O)c12,504.29,5.958,90.9,3,5,2,0.045,4,4,2,False,True,False,2,halogenated_ring_1;halogenated_ring_2,False,,,Fc1c(F)c(F)c(F)c(*)c1F|FC(F)(*)F
Nc1c(-c2ccc(-c3oc4cc(O)cc(O)c4c(=O)c3O)cc2C(F)(F)F)ccc(F)c1F,465.33,5.123,116.92,4,6,2,0.045,4,4,1,True,False,False,1,aniline,False,,,Nc1c(F)c(F)ccc1*|FC(*)(F)F
Nc1cc(-c2oc3cc(O)cc(O)c3c(=O)c2O)ccc1Nc1c(F)cc(F)c(F)c1F,448.33,4.459,128.95,5,7,3,0.0,4,4,0,True,False,False,3,aniline;halogenated_ring_1;halogenated_ring_2,False,,,Fc1c(F)c(N*)c(F)cc1F|N*
O=c1c(O)c(-c2ccc(C(F)(F)F)c(-c3csc(F)c3F)c2)oc2cc(O)cc(O)c12,456.34,5.602,119.14,3,6,2,0.05,4,4,1,True,False,False,0,,True,,,FC(F)(F)*|s1cc(*)c(F)c1F
O=c1c(O)c(-c2ccc(-c3c(F)c(F)c(F)c(F)c3F)c(Nc3c(F)cc(F)cc3F)c2)oc2cc(O)cc(O)c12,581.37,7.1,102.93,4,6,4,0.0,5,5,2,False,False,False,2,halogenated_ring_1;halogenated_ring_2,False,,,Fc1c(F)c(F)c(F)c(*)c1F|Fc1cc(F)c(N*)c(F)c1
Nc1cc(-c2oc3cc(O)cc(O)c3c(=O)c2O)ccc1-c1occc1F,369.3,3.558,130.06,4,7,2,0.0,4,4,0,True,True,False,1,aniline,False,,,c1oc(*)c(F)c1|N*
CNc1nnc(-c2ccc(-c3oc4cc(O)cc(O)c4c(=O)c3O)cc2N(C)c2cc(F)c(F)c(F)c2)o1,526.43,4.854,145.09,4,10,5,0.08,5,5,1,True,False,False,1,halogenated_ring_2,False,,,N(c1oc(*)nn1)C|*N(c1cc(F)c(F)c(F)c1)C
Nc1cc(-c2oc3cc(O)cc(O)c3c(=O)c2O)ccc1Nc1ccc(F)c(F)c1CF,444.37,4.65,128.95,5,7,4,0.045,4,4,0,True,False,False,1,aniline,False,,,N(*)c1c(CF)c(F)c(F)cc1|*N
O=c1c(O)c(-c2ccc(Nc3oc(F)cc3F)c(-c3c(F)cccc3F)c2)oc2cc(O)cc(O)c12,499.37,6.137,116.07,4,7,4,0.0,5,5,1,True,False,False,0,,True,,,*Nc1oc(F)cc1F|c1(F)c(*)c(F)ccc1
O=c1c(O)c(-c2ccc(C(F)(F)F)c(Nc3cc(F)c(F)o3)c2)oc2cc(O)cc(O)c12,455.29,5.21,116.07,4,7,3,0.05,4,4,1,True,False,False,0,,True,,,FC(F)(F)*|o1c(N*)cc(F)c1F
Cc1cc(=O)c(F)c(Nc2ccc(-c3oc4cc(O)cc(O)c4c(=O)c3O)cc2C(F)(F)F)o1,479.34,4.74,133.14,4,8,3,0.091,4,4,0,True,False,False,0,,True,,,*Nc1oc(C)cc(=O)c1F|FC(*)(F)F
O=c1c(O)c(-c2ccc(Nc3c(F)ccc(F)c3F)c(C(F)F)c2)oc2cc(O)cc(O)c12,465.33,5.675,102.93,4,6,4,0.045,4,4,1,True,False,False,1,halogenated_ring_1,False,,,c1(F)c(N*)c(F)c(F)cc1|FC(*)F
Cc1coc(Nc2ccc(-c3oc4cc(O)cc(O)c4c(=O)c3O)cc2-c2cc(F)c(F)c(F)c2F)c1,513.4,6.445,116.07,4,7,4,0.038,5,5,2,False,False,False,2,halogenated_ring_1;halogenated_ring_2,False,,,o1c(N*)cc(C)c1|Fc1c(F)c(F)c(F)cc1*
Nc1ccc(-c2oc3cc(O)cc(O)c3c(=O)c2O)cc1Nc1ccc(F)c(F)c1F,430.34,4.32,128.95,5,7,3,0.0,4,4,0,True,False,False,2,aniline;halogenated_ring_2,False,,,*Nc1c(F)c(F)c(F)cc1|N*
Nc1ccc(-c2oc3cc(O)cc(O)c3c(=O)c2O)cc1Nc1c(F)ccc(F)c1F,430.34,4.32,128.95,5,7,3,0.0,4,4,0,True,False,False,2,aniline;halogenated_ring_1,False,,,N(*)c1c(F)c(F)ccc1F|N*
Nc1ccc(-c2oc3cc(O)cc(O)c3c(=O)c2O)cc1-c1sc(F)c(F)c1F,421.35,4.305,145.16,4,7,2,0.0,4,4,0,True,False,False,1,aniline,False,,,s1c(F)c(F)c(F)c1*|N*
CN(c1ccc(F)c(F)c1)c1ccc(-c2oc3cc(O)cc(O)c3c(=O)c2O)cc1Nc1ccc(F)c(F)c1F,556.44,6.784,106.17,4,7,5,0.036,5,5,2,False,False,False,1,halogenated_ring_2,False,,,*Nc1c(F)c(F)c(F)cc1|N(*)(c1cc(F)c(F)cc1)C
Nc1ccc(-c2oc3cc(O)cc(O)c3c(=O)c2O)cc1-c1c(F)sc(F)c1F,421.35,4.305,145.16,4,7,2,0.0,4,4,0,True,False,False,1,aniline,False,,,s1c(F)c(F)c(*)c1F|N*
Nc1ccc(-c2oc3cc(O)cc(O)c3c(=O)c2O)cc1-c1c(F)c(F)cc(F)c1F,433.31,4.382,116.92,4,6,2,0.0,4,4,0,True,True,False,2,aniline;halogenated_ring_1,False,,,c1(F)c(F)cc(F)c(F)c1*|N*
CNc1c(F)c(F)c(F)c(Nc2cc(-c3oc4cc(O)cc(O)c4c(=O)c3O)ccc2N)c1F,477.37,4.501,140.98,6,8,4,0.045,4,4,1,True,False,False,3,aniline;halogenated_ring_1;halogenated_ring_2,False,,,N(*)c1c(F)c(F)c(F)c(NC)c1F|N*
O=c1c(O)c(-c2ccc(C(F)(F)F)c(Nc3occc3F)c2)oc2cc(O)cc(O)c12,437.3,5.071,116.07,4,7,3,0.05,4,4,1,True,False,False,0,,True,,,o1c(N*)c(F)cc1|FC(*)(F)F
Nc1oc(F)c(-c2cc(-c3oc4cc(O)cc(O)c4c(=O)c3O)ccc2C(F)(F)F)c1F,455.29,4.716,130.06,4,7,2,0.05,4,4,0,True,False,False,0,,True,,,o1c(F)c(*)c(F)c1N|FC(*)(F)F
O=c1c(O)c(-c2ccc(Nc3c(F)c(F)c(F)c(F)c3F)c(-c3cc(F)c(F)c(F)c3F)c2)oc2cc(O)cc(O)c12,599.36,7.239,102.93,4,6,4,0.0,5,5,2,False,False,False,2,halogenated_ring_1;halogenated_ring_2,False,,,c1(F)c(F)c(F)c(F)cc1*|*Nc1c(F)c(F)c(F)c(F)c1F
O=c1c(O)c(-c2ccc(C(F)(F)F)c(-c3c(F)cc(F)cc3F)c2)oc2cc(O)cc(O)c12,468.31,5.68,90.9,3,5,2,0.045,4,4,1,True,True,False,0,,True,,,Fc1cc(F)c(*)c(F)c1|FC(*)(F)F
Nc1cc(-c2oc3cc(O)cc(O)c3c(=O)c2O)ccc1-c1coc(F)c1F,387.29,3.697,130.06,4,7,2,0.0,4,4,0,True,False,False,1,aniline,False,,,*N|o1c(F)c(F)c(*)c1
O=c1c(O)c(-c2ccc(Nc3csc(F)c3F)c(C(F)(F)F)c2)oc2cc(O)cc(O)c12,471.36,5.679,131.17,4,7,3,0.05,4,4,1,True,False,False,0,,True,,,C(F)(*)(F)F|s1c(F)c(F)c(N*)c1
O=c1c(O)c(-c2ccc(-c3cc(F)cc(F)c3)c(-c3cc(F)co3)c2)oc2cc(O)cc(O)c12,466.37,5.921,104.04,3,6,3,0.0,5,5,1,True,False,False,0,,True,,,*c1occ(F)c1|Fc1cc(F)cc(*)c1
Nc1ccc(-c2oc3cc(O)cc(O)c3c(=O)c2O)cc1-c1ccc(F)c(F)c1F,415.32,4.243,116.92,4,6,2,0.0,4,4,0,True,True,False,2,aniline;halogenated_ring_2,False,,,c1cc(F)c(F)c(F)c1*|N*
Nc1ccc(-c2oc3cc(O)cc(O)c3c(=O)c2O)cc1-c1c(F)cc(F)c(F)c1F,433.31,4.382,116.92,4,6,2,0.0,4,4,0,True,True,False,3,aniline;halogenated_ring_1;halogenated_ring_2,False,,,Fc1c(*)c(F)c(F)c(F)c1|N*
Nc1cc(-c2cc(-c3oc4cc(O)cc(O)c4c(=O)c3O)ccc2C(F)(F)F)c(F)c(F)c1F,483.32,5.262,116.92,4,6,2,0.045,4,4,1,True,False,False,2,aniline;halogenated_ring_2,False,,,c1(*)c(F)c(F)c(F)c(N)c1|FC(F)(F)*
Nc1ccc(-c2oc3cc(O)cc(O)c3c(=O)c2O)cc1Nc1c(F)cc(F)cc1F,430.34,4.32,128.95,5,7,3,0.0,4,4,0,True,False,False,1,aniline,False,,,Fc1c(N*)c(F)cc(F)c1|N*
O=c1c(O)c(-c2ccc(NC3C=Nc4cc(F)c(F)c(F)c43)c(-c3c(F)c(F)cc(F)c3F)c2)oc2cc(O)cc(O)c12,602.42,7.087,115.29,4,7,4,0.034,6,5,2,False,False,False,2,halogenated_ring_1;halogenated_ring_2,False,,,c1(F)c(F)c(*)c(F)c(F)c1|C1(N*)c2c(F)c(F)c(F)cc2N=C1
Nc1ccc(-c2oc3cc(O)cc(O)c3c(=O)c2O)cc1-c1c(F)c(N)c(F)c(F)c1F,448.33,3.965,142.94,5,7,2,0.0,4,4,0,True,False,False,3,aniline;halogenated_ring_1;halogenated_ring_2,False,,,c1(F)c(F)c(F)c(*)c(F)c1N|N*
Nc1cc(-c2oc3cc(O)cc(O)c3c(=O)c2O)ccc1Nc1c(F)sc(F)c1F,436.37,4.381,157.19,5,8,3,0.0,4,4,0,True,False,False,1,aniline,False,,,s1c(F)c(F)c(N*)c1F|*N
Nc1cc(-c2oc3cc(O)cc(O)c3c(=O)c2O)ccc1-c1c(F)oc(N)c1N,399.33,2.722,182.1,6,9,2,0.0,4,4,1,True,False,False,1,aniline,False,,,o1c(F)c(*)c(N)c1N|N*
Nc1cc(-c2oc3cc(O)cc(O)c3c(=O)c2O)ccc1-c1c(F)csc1F,403.36,4.166,145.16,4,7,2,0.0,4,4,0,True,False,False,1,aniline,False,,,s1c(F)c(*)c(F)c1|N*
Nc1cc(-c2oc3cc(O)cc(O)c3c(=O)c2O)ccc1Nc1cc(Cl)c(F)cc1F,446.79,4.834,128.95,5,7,3,0.0,4,4,0,True,False,False,2,aniline;halogenated_ring_1,False,,,c1(F)c(Cl)cc(N*)c(F)c1|N*
Nc1ccc(-c2oc3cc(O)cc(O)c3c(=O)c2O)cc1Nc1cc(F)c(F)o1,402.31,3.774,142.09,5,8,3,0.0,4,4,0,True,False,False,1,aniline,False,,,N*|o1c(N*)cc(F)c1F
Nc1cc(-c2oc3cc(O)cc(O)c3c(=O)c2O)ccc1Nc1occc1F,384.32,3.635,142.09,5,8,3,0.0,4,4,0,True,False,False,1,aniline,False,,,*Nc1occc1F|N*
CN(c1ccc(-c2oc3cc(O)cc(O)c3c(=O)c2O)cc1N)c1ccc(F)c(F)c1F,444.37,4.344,120.16,4,7,3,0.045,4,4,0,True,True,False,2,aniline;halogenated_ring_2,False,,,*N(c1c(F)c(F)c(F)cc1)C|N*
Nc1cc(-c2oc3cc(O)cc(O)c3c(=O)c2O)ccc1Nc1c(F)cc(F)c(Cl)c1F,464.78,4.973,128.95,5,7,3,0.0,4,4,0,True,False,False,3,aniline;halogenated_ring_1;halogenated_ring_2,False,,,N(*)c1c(F)c(Cl)c(F)cc1F|N*
Nc1cc(-c2oc3cc(O)cc(O)c3c(=O)c2O)ccc1Nc1ccc(NF)c(F)c1F,445.35,4.477,140.98,6,8,4,0.0,4,4,1,True,False,False,2,N-halo;aniline,False,,,N(c1c(F)c(F)c(N*)cc1)F|N*
Nc1cc(-c2ccc(-c3oc4cc(O)cc(O)c4c(=O)c3O)cc2C(F)(F)F)oc1F,437.3,4.577,130.06,4,7,2,0.05,4,4,0,True,False,False,0,,True,,,o1c(*)cc(N)c1F|FC(*)(F)F
Nc1cc(-c2oc3cc(O)cc(O)c3c(=O)c2O)ccc1-c1c(F)coc1F,387.29,3.697,130.06,4,7,2,0.0,4,4,0,True,False,False,1,aniline,False,,,o1cc(F)c(*)c1F|N*
Cc1cc(Nc2cc(-c3oc4cc(O)cc(O)c4c(=O)c3O)ccc2N)on1,381.34,3.199,154.98,5,9,3,0.053,4,4,0,True,False,False,1,aniline,False,,,N*|o1c(N*)cc(C)n1
Nc1cc(-c2oc3cc(O)cc(O)c3c(=O)c2O)ccc1Nc1c(F)ccc(Cl)c1F,446.79,4.834,128.95,5,7,3,0.0,4,4,0,True,False,False,2,aniline;halogenated_ring_1,False,,,Fc1c(N*)c(F)c(Cl)cc1|N*
Nc1cc(-c2oc3cc(O)cc(O)c3c(=O)c2O)ccc1NNC(=O)Nc1c(F)ccc(F)c1F,488.38,3.725,170.08,7,8,4,0.0,4,4,1,True,False,False,3,Oxygen-nitrogen_single_bond;aniline;halogenated_ring_1,False,,,N(NC(Nc1c(F)c(F)ccc1F)=O)*|*N
Nc1cc(-c2oc3cc(O)cc(O)c3c(=O)c2O)ccc1-c1c(F)cc(F)c(F)c1F,433.31,4.382,116.92,4,6,2,0.0,4,4,0,True,True,False,3,aniline;halogenated_ring_1;halogenated_ring_2,False,,,*c1c(F)c(F)c(F)cc1F|N*
Nc1cc(-c2oc3cc(O)cc(O)c3c(=O)c2O)ccc1Nc1occ(F)c1F,402.31,3.774,142.09,5,8,3,0.0,4,4,0,True,False,False,1,aniline,False,,,c1oc(N*)c(F)c1F|*N
Nc1cc(-c2oc3cc(O)cc(O)c3c(=O)c2O)ccc1Nc1csc(F)c1F,418.38,4.242,157.19,5,8,3,0.0,4,4,0,True,False,False,1,aniline,False,,,s1cc(N*)c(F)c1F|N*
Nc1cc(-c2oc3cc(O)cc(O)c3c(=O)c2O)ccc1Nc1cc(F)c(F)c(Cl)c1F,464.78,4.973,128.95,5,7,3,0.0,4,4,0,True,False,False,3,aniline;halogenated_ring_1;halogenated_ring_2,False,,,Fc1c(Cl)c(F)c(F)cc1N*|N*
Nc1ccc(-c2oc3cc(O)cc(O)c3c(=O)c2O)cc1Nc1ccco1,366.33,3.496,142.09,5,8,3,0.0,4,4,0,True,False,False,1,aniline,False,,,*N|o1c(N*)ccc1
NC(=O)Nc1ccoc1Nc1ccc(-c2oc3cc(O)cc(O)c3c(=O)c2O)cc1N,424.37,2.986,197.21,7,9,4,0.0,4,4,1,True,False,False,1,aniline,False,,,c1oc(N*)c(NC(N)=O)c1|*N
Nc1cc(-c2oc3cc(O)cc(O)c3c(=O)c2O)ccc1C(F)F,335.26,3.097,116.92,4,6,2,0.062,3,3,0,True,True,False,1,aniline,False,,,FC(F)*|N*
Nc1ccc(-c2oc3cc(O)cc(O)c3c(=O)c2O)cc1Nc1ccoc1F,384.32,3.635,142.09,5,8,3,0.0,4,4,0,True,False,False,1,aniline,False,,,N*|o1ccc(N*)c1F
Nc1cc(-c2oc3cc(O)cc(O)c3c(=O)c2O)ccc1Nc1c(F)cc(F)c(N)c1F,445.35,3.902,154.97,6,8,3,0.0,4,4,1,True,False,False,1,aniline,False,,,c1(F)c(N*)c(F)c(N)c(F)c1|N*
O=c1c(O)c(-c2ccc(Nc3c(F)coc3F)c(C(F)(F)F)c2)oc2cc(O)cc(O)c12,455.29,5.21,116.07,4,7,3,0.05,4,4,1,True,False,False,0,,True,,,o1cc(F)c(N*)c1F|FC(*)(F)F
Nc1ccc(-c2oc3cc(O)cc(O)c3c(=O)c2O)cc1-c1ccc(N)c(F)c1F,412.35,3.686,142.94,5,7,2,0.0,4,4,0,True,False,False,1,aniline,False,,,N*|Nc1c(F)c(F)c(*)cc1
Nc1cc(-c2oc3cc(O)cc(O)c3c(=O)c2O)ccc1-c1c(F)oc(F)c1F,405.28,3.836,130.06,4,7,2,0.0,4,4,0,True,False,False,1,aniline,False,,,o1c(F)c(*)c(F)c1F|N*
Nc1cc(-c2oc3cc(O)cc(O)c3c(=O)c2O)ccc1Nc1cc(F)c(F)cc1F,430.34,4.32,128.95,5,7,3,0.0,4,4,0,True,False,False,2,aniline;halogenated_ring_1,False,,,*Nc1c(F)cc(F)c(F)c1|N*
Cc1cc(Nc2ccc(-c3oc4cc(O)cc(O)c4c(=O)c3O)cc2N)oc1F,398.35,3.943,142.09,5,8,3,0.05,4,4,0,True,False,False,1,aniline,False,,,o1c(N*)cc(C)c1F|N*
Nc1cc(-c2oc3cc(O)cc(O)c3c(=O)c2O)ccc1Nc1ccon1,367.32,2.891,154.98,5,9,3,0.0,4,4,0,True,False,False,1,aniline,False,,,o1ccc(N*)n1|N*
CNc1oc(-c2ccc(-c3oc4cc(O)cc(O)c4c(=O)c3O)cc2N)cc1Nc1cccc(F)c1F,507.45,5.483,154.12,6,9,5,0.038,5,5,3,False,False,False,1,aniline,False,,,N(c1oc(*)cc1Nc1c(F)c(F)ccc1)C|N*
Nc1cc(-c2oc3cc(O)cc(O)c3c(=O)c2O)ccc1Nc1cc(F)cc(Cl)c1F,446.79,4.834,128.95,5,7,3,0.0,4,4,0,True,False,False,2,aniline;halogenated_ring_1,False,,,*Nc1c(F)c(Cl)cc(F)c1|N*
Nc1cc(-c2oc3cc(O)cc(O)c3c(=O)c2O)ccc1-c1cnoc1N,367.32,2.396,168.97,5,9,2,0.0,4,4,0,True,False,False,1,aniline,False,,,n1oc(N)c(*)c1|N*
N=C(N)c1cc(F)c(F)c(-c2ccc(-c3oc4cc(O)cc(O)c4c(=O)c3O)cc2N)c1F,457.36,3.527,166.79,6,7,3,0.0,4,4,1,True,False,False,4,aniline;halogenated_ring_1;imine_1;imine_2,False,,,NC(=N)c1cc(F)c(F)c(*)c1F|N*
Nc1cc(-c2oc3cc(O)cc(O)c3c(=O)c2O)ccc1NCc1cccc(F)c1F,426.38,4.049,128.95,5,7,4,0.045,4,4,0,True,False,False,1,aniline,False,,,*NCc1c(F)c(F)ccc1|N*
Nc1cc(-c2oc3cc(O)cc(O)c3c(=O)c2O)ccc1Nc1ccc(F)o1,384.32,3.635,142.09,5,8,3,0.0,4,4,0,True,False,False,1,aniline,False,,,o1c(N*)ccc1F|*N
CNc1cc(Nc2ccc(-c3oc4cc(O)cc(O)c4c(=O)c3O)cc2N)oc1F,413.36,3.676,154.12,6,9,4,0.05,4,4,1,True,False,False,1,aniline,False,,,o1c(N*)cc(NC)c1F|N*
Nc1cc(-c2oc3cc(O)cc(O)c3c(=O)c2O)ccc1Nc1oc(F)c(F)c1F,420.3,3.913,142.09,5,8,3,0.0,4,4,0,True,False,False,1,aniline,False,,,c1(F)c(N*)oc(F)c1F|N*
Nc1cc(-c2oc3cc(O)cc(O)c3c(=O)c2O)ccc1-c1c(F)c(F)cc(F)c1F,433.31,4.382,116.92,4,6,2,0.0,4,4,0,True,True,False,2,aniline;halogenated_ring_1,False,,,Fc1c(*)c(F)c(F)cc1F|N*
Nc1ccc(-c2ccc(-c3oc4cc(O)cc(O)c4c(=O)c3O)cc2N)o1,366.33,3.001,156.08,5,8,2,0.0,4,4,0,True,False,False,1,aniline,False,,,*c1oc(N)cc1|N*
CC(=O)Nc1oc(Nc2ccc(-c3oc4cc(O)cc(O)c4c(=O)c3O)cc2N)cc1NF,456.39,3.75,183.22,7,10,5,0.048,4,4,1,True,False,False,2,N-halo;aniline,False,,,C(Nc1oc(N*)cc1NF)(C)=O|N*
Nc1cc(-c2oc3cc(O)cc(O)c3c(=O)c2O)ccc1-c1cc(F)oc1N,384.32,3.14,156.08,5,8,2,0.0,4,4,0,True,False,False,1,aniline,False,,,o1c(N)c(*)cc1F|*N
Nc1cc(-c2oc3cc(O)cc(O)c3c(=O)c2O)ccc1Nc1ccc(F)c(F)n1,413.34,3.576,141.84,5,8,3,0.0,4,4,0,True,False,False,2,2-halo_pyridine;aniline,False,,,*Nc1nc(F)c(F)cc1|N*
Nc1ccc(-c2oc3cc(O)cc(O)c3c(=O)c2O)cc1-c1oc(F)c(F)c1F,405.28,3.836,130.06,4,7,2,0.0,4,4,0,True,False,False,1,aniline,False,,,N*|o1c(*)c(F)c(F)c1F
Nc1cc(-c2oc3cc(O)cc(O)c3c(=O)c2O)ccc1Nc1cc(Cl)cc(F)c1F,446.79,4.834,128.95,5,7,3,0.0,4,4,0,True,False,False,2,aniline;halogenated_ring_1,False,,,N(c1c(F)c(F)cc(Cl)c1)*|N*
Nc1cc(-c2oc3cc(O)cc(O)c3c(=O)c2O)ccc1-c1cc(F)c(N)c(F)c1,412.35,3.686,142.94,5,7,2,0.0,4,4,0,True,False,False,1,aniline,False,,,c1(F)c(N)c(F)cc(*)c1|N*
NNc1ccc(Nc2ccc(-c3oc4cc(O)cc(O)c4c(=O)c3O)cc2N)c(F)c1F,442.38,3.466,167.0,7,9,4,0.0,4,4,1,True,False,False,3,Oxygen-nitrogen_single_bond;aniline;hydrazine,False,,,N(c1c(F)c(F)c(N*)cc1)N|*N
Nc1cc(-c2oc3cc(O)cc(O)c3c(=O)c2O)ccc1Nc1nc(N)c(F)s1,416.39,3.08,196.1,6,10,3,0.0,4,4,1,True,False,False,1,aniline,False,,,Nc1nc(N*)sc1F|*N
NN=c1oc(Nc2ccc(-c3oc4cc(O)cc(O)c4c(=O)c3O)cc2N)cc(F)c1F,444.35,2.548,180.47,6,10,3,0.0,4,4,1,True,False,False,3,Oxygen-nitrogen_single_bond;aniline;hydrazine,False,,,o1c(N*)cc(F)c(F)c1=NN|N*
Nc1cc(-c2oc3cc(O)cc(O)c3c(=O)c2O)ccc1-c1cc(F)c(N)o1,384.32,3.14,156.08,5,8,2,0.0,4,4,0,True,False,False,1,aniline,False,,,c1c(F)c(N)oc1*|N*
Nc1cc(-c2oc3cc(O)cc(O)c3c(=O)c2O)ccc1Nc1c(F)coc1F,402.31,3.774,142.09,5,8,3,0.0,4,4,0,True,False,False,1,aniline,False,,,o1c(F)c(N*)c(F)c1|N*
O=c1c(O)c(-c2ccc(Nc3c(F)cc(F)cc3F)c(-c3ccc(F)c(F)c3F)c2)oc2cc(O)cc(O)c12,545.39,6.822,102.93,4,6,4,0.0,5,5,2,False,False,False,1,halogenated_ring_2,False,,,Fc1c(N*)c(F)cc(F)c1|c1(F)c(F)c(*)ccc1F
Nc1cc(-c2oc3cc(O)cc(O)c3c(=O)c2O)ccc1Nc1c(N)ccc(F)c1F,427.36,3.763,154.97,6,8,3,0.0,4,4,1,True,False,False,1,aniline,False,,,*Nc1c(F)c(F)ccc1N|N*
Cc1cc(F)c(Nc2ccc(-c3oc4cc(O)cc(O)c4c(=O)c3O)cc2N)o1,398.35,3.943,142.09,5,8,3,0.05,4,4,0,True,False,False,1,aniline,False,,,*Nc1oc(C)cc1F|*N
Nc1cc(-c2oc3cc(O)cc(O)c3c(=O)c2O)ccc1-c1cc(F)c(F)o1,387.29,3.697,130.06,4,7,2,0.0,4,4,0,True,False,False,1,aniline,False,,,o1c(F)c(F)cc1*|*N
Nc1cc(-c2oc3cc(O)cc(O)c3c(=O)c2O)ccc1NCc1ccc(F)o1,398.35,3.503,142.09,5,8,4,0.05,4,4,0,True,False,False,1,aniline,False,,,o1c(CN*)ccc1F|*N
Nc1cc(-c2oc3cc(O)cc(O)c3c(=O)c2O)ccc1Nc1cc(F)cc(F)c1F,430.34,4.32,128.95,5,7,3,0.0,4,4,0,True,False,False,2,aniline;halogenated_ring_1,False,,,N(c1c(F)c(F)cc(F)c1)*|N*
Nc1cc(-c2oc3cc(O)cc(O)c3c(=O)c2O)ccc1-c1c(N)c(F)c(O)c(F)c1F,446.34,3.531,163.17,6,8,2,0.0,4,4,1,True,False,False,2,aniline;halogenated_ring_1,False,,,Fc1c(O)c(F)c(F)c(*)c1N|N*
Nc1cc(-c2oc3cc(O)cc(O)c3c(=O)c2O)ccc1Nc1c(F)cc(N)c(F)c1F,445.35,3.902,154.97,6,8,3,0.0,4,4,1,True,False,False,2,aniline;halogenated_ring_1,False,,,Fc1c(F)c(N*)c(F)cc1N|N*
Nc1cc(-c2oc3cc(O)cc(O)c3c(=O)c2O)ccc1Nc1coc(N)c1F,399.33,3.217,168.11,6,9,3,0.0,4,4,1,True,False,False,1,aniline,False,,,o1cc(N*)c(F)c1N|N*
Cn1cc(F)c(Nc2ccc(-c3oc4cc(O)cc(O)c4c(=O)c3O)cc2N)n1,398.35,2.775,146.77,5,8,3,0.053,4,4,0,True,False,False,1,aniline,False,,,N(*)c1nn(C)cc1F|N*
Nc1ccc(-c2oc3cc(O)cc(O)c3c(=O)c2O)cc1Nc1c(F)cc(N)c(F)c1F,445.35,3.902,154.97,6,8,3,0.0,4,4,1,True,False,False,2,aniline;halogenated_ring_1,False,,,N*|*Nc1c(F)c(F)c(N)cc1F
Nc1cc(-c2oc3cc(O)cc(O)c3c(=O)c2O)ccc1Nc1ccc(F)[nH]1,383.34,3.37,144.74,6,7,3,0.0,4,4,1,True,False,False,1,aniline,False,,,[nH]1c(N*)ccc1F|N*
Nc1cc(-c2oc3cc(O)cc(O)c3c(=O)c2O)ccc1Nc1cc(F)c(Cl)o1,418.76,4.288,142.09,5,8,3,0.0,4,4,0,True,False,False,1,aniline,False,,,o1c(N*)cc(F)c1Cl|N*
CNc1ccc(F)c(Nc2ccc(-c3oc4cc(O)cc(O)c4c(=O)c3O)cc2N)c1F,441.39,4.223,140.98,6,8,4,0.045,4,4,1,True,False,False,1,aniline,False,,,c1(F)c(N*)c(F)c(NC)cc1|N*
Nc1cc(-c2oc3cc(O)cc(O)c3c(=O)c2O)ccc1Nc1ccc(C(F)F)o1,416.34,4.433,142.09,5,8,4,0.05,4,4,0,True,False,False,1,aniline,False,,,o1c(N*)ccc1C(F)F|N*
Nc1cc(-c2oc3cc(O)cc(O)c3c(=O)c2O)ccc1Nc1ccc(F)c(N)c1F,427.36,3.763,154.97,6,8,3,0.0,4,4,1,True,False,False,1,aniline,False,,,Nc1c(F)ccc(N*)c1F|N*
Nc1cc(-c2oc3cc(O)cc(O)c3c(=O)c2O)ccc1Nc1ccc(N)c(F)c1F,427.36,3.763,154.97,6,8,3,0.0,4,4,1,True,False,False,1,aniline,False,,,c1(N*)c(F)c(F)c(N)cc1|N*
